Year,Field Number,Cell,Observation Type,Observation Location,Observation Depth (m),Rake Fullness (veg),Rake Fullness (fil algae),Photo Voucher?,Sample Kept,tbl6 Aquat Veg Observations.Notes,Species,Common_Name,Leaf Description (if ID unkn),Dominant Species,Present at Site,Present in Observation,Kept,Weight_g,Volume_mL,Processed By,Processed Date,tbl6-1 Aquat Veg Species.Notes
2023,2023-LCS-NWA-080823-001A,East cell,Rake,Adjacent,1.2,3,0,Yes,Yes,,Ceratophyllum demersum,Coontail,,1,1,1,1,514.8,520,J. Parker,1/3/2024,
2023,2023-LCS-NWA-080823-001A,East cell,Rake,Adjacent,1.2,3,0,Yes,Yes,,Elodea canadensis,Canada waterweed,,0,1,1,1,13.7,14,J. Parker,1/3/2024,
2023,2023-LCS-NWA-080823-001A,East cell,Rake,Adjacent,1.2,3,0,Yes,Yes,,Nymphaea odorata,White water lily,,0,1,1,1,13.9,16,J. Parker,1/3/2024,
2023,2023-LCS-NWA-080823-001A,East cell,Rake,Adjacent,1.2,3,0,Yes,Yes,,Pontederia cordata,Pickerelweed,,0,1,0,0,,,,,
2023,2023-LCS-NWA-080823-001A,East cell,Rake,Adjacent,1.2,3,0,Yes,Yes,,Potamogeton pusillus,Slender pondweed,,0,1,1,1,0.1,0,J. Parker,1/3/2024,
2023,2023-LCS-NWA-080823-001A,East cell,Rake,Adjacent,1.2,3,0,Yes,Yes,,Typha sp.,Cattail sp.,,0,1,0,0,,,,,
2023,2023-LCS-NWA-080823-002A,East cell,Rake,Adjacent,1.26,3,0,Yes,Yes,,Ceratophyllum demersum,Coontail,,1,1,1,1,391.2,380,J. Parker,12/13/2023,
2023,2023-LCS-NWA-080823-002A,East cell,Rake,Adjacent,1.26,3,0,Yes,Yes,,Elodea canadensis,Canada waterweed,,0,1,1,1,0.8,0,J. Parker,12/13/2023,
2023,2023-LCS-NWA-080823-002A,East cell,Rake,Adjacent,1.26,3,0,Yes,Yes,,Hydrocharis morsus-ranae,European frog-bit,,0,1,0,0,,,,,
2023,2023-LCS-NWA-080823-002A,East cell,Rake,Adjacent,1.26,3,0,Yes,Yes,,Nymphaea odorata,White water lily,,0,1,0,0,,,,,
2023,2023-LCS-NWA-080823-002A,East cell,Rake,Adjacent,1.26,3,0,Yes,Yes,,Phragmites australis,Common reed,,0,1,0,0,,,,,
2023,2023-LCS-NWA-080823-002A,East cell,Rake,Adjacent,1.26,3,0,Yes,Yes,,Stuckenia pectinatus,Sago pondweed,,0,1,0,0,,,,,
2023,2023-LCS-NWA-080823-002A,East cell,Rake,Adjacent,1.26,3,0,Yes,Yes,,Typha sp.,Cattail sp.,,0,1,0,0,,,,,
2023,2023-LCS-NWA-080823-003A,East cell,Rake,Adjacent,0.94,3,0,Yes,Yes,,Ceratophyllum demersum,Coontail,,0,1,1,1,10.3,12,J. Parker,1/2/2024,
2023,2023-LCS-NWA-080823-003A,East cell,Rake,Adjacent,0.94,3,0,Yes,Yes,,Elodea canadensis,Canada waterweed,,0,1,0,0,,,,,
2023,2023-LCS-NWA-080823-003A,East cell,Rake,Adjacent,0.94,3,0,Yes,Yes,,Hydrocharis morsus-ranae,European frog-bit,,0,1,1,1,2.7,4,J. Parker,1/2/2024,
2023,2023-LCS-NWA-080823-003A,East cell,Rake,Adjacent,0.94,3,0,Yes,Yes,,Myriophyllum spicatum,Eurasian water milfoil,,0,1,1,1,64.6,70,J. Parker,1/2/2024,
2023,2023-LCS-NWA-080823-003A,East cell,Rake,Adjacent,0.94,3,0,Yes,Yes,,Nymphaea odorata,White water lily,,1,1,1,1,165.3,180,J. Parker,1/2/2024,
2023,2023-LCS-NWA-080823-003A,East cell,Rake,Adjacent,0.94,3,0,Yes,Yes,,Potamogeton pusillus,Slender pondweed,,0,1,1,1,8.3,10,J. Parker,1/2/2024,
2023,2023-LCS-NWA-080823-003A,East cell,Rake,Adjacent,0.94,3,0,Yes,Yes,,Stuckenia pectinatus,Sago pondweed,,0,1,0,0,,,,,
2023,2023-LCS-NWA-080823-003A,East cell,Rake,Adjacent,0.94,3,0,Yes,Yes,,Typha sp.,Cattail sp.,,0,1,0,0,,,,,
2023,2023-LCS-NWA-080823-003A,East cell,Rake,Adjacent,0.94,3,0,Yes,Yes,,Utricularia sp.,Bladderwort sp.,,0,1,1,1,28.5,30,J. Parker,1/2/2024,
2023,2023-LCS-NWA-080823-004A,East cell,Rake,Adjacent,1.25,1,0,Yes,Yes,,Ceratophyllum demersum,Coontail,,0,1,1,1,17.2,18,J. Parker,12/22/2023,
2023,2023-LCS-NWA-080823-004A,East cell,Rake,Adjacent,1.25,1,0,Yes,Yes,,Elodea canadensis,Canada waterweed,,0,1,1,1,3.9,4,J. Parker,12/22/2023,
2023,2023-LCS-NWA-080823-004A,East cell,Rake,Adjacent,1.25,1,0,Yes,Yes,,Hydrocharis morsus-ranae,European frog-bit,,0,1,1,1,21.1,24,J. Parker,12/22/2023,
2023,2023-LCS-NWA-080823-004A,East cell,Rake,Adjacent,1.25,1,0,Yes,Yes,,Lemna sp.,Duckweed sp.,,0,1,0,0,,,,,
2023,2023-LCS-NWA-080823-004A,East cell,Rake,Adjacent,1.25,1,0,Yes,Yes,,Myriophyllum spicatum,Eurasian water milfoil,,1,1,1,1,31.4,40,J. Parker,12/22/2023,
2023,2023-LCS-NWA-080823-004A,East cell,Rake,Adjacent,1.25,1,0,Yes,Yes,,Nymphaea odorata,White water lily,,0,1,0,0,,,,,
2023,2023-LCS-NWA-080823-004A,East cell,Rake,Adjacent,1.25,1,0,Yes,Yes,,Potamogeton pusillus,Slender pondweed,,0,1,0,0,,,,,
2023,2023-LCS-NWA-080823-004A,East cell,Rake,Adjacent,1.25,1,0,Yes,Yes,,Stuckenia pectinatus,Sago pondweed,,0,1,1,1,0.8,0,J. Parker,12/22/2023,
2023,2023-LCS-NWA-080823-004A,East cell,Rake,Adjacent,1.25,1,0,Yes,Yes,,Typha sp.,Cattail sp.,,0,1,0,0,,,,,
2023,2023-LCS-NWA-080823-004A,East cell,Rake,Adjacent,1.25,1,0,Yes,Yes,,Utricularia sp.,Bladderwort sp.,,0,1,0,0,,,,,
2023,2023-LCS-NWA-080823-005A,East cell,Rake,Adjacent,1.23,1,0,Yes,Yes,,Ceratophyllum demersum,Coontail,,0,1,1,1,27,25,J. Parker,12/22/2023,
2023,2023-LCS-NWA-080823-005A,East cell,Rake,Adjacent,1.23,1,0,Yes,Yes,,Hydrocharis morsus-ranae,European frog-bit,,0,1,0,0,,,,,
2023,2023-LCS-NWA-080823-005A,East cell,Rake,Adjacent,1.23,1,0,Yes,Yes,,Lemna sp.,Duckweed sp.,,0,1,0,0,,,,,
2023,2023-LCS-NWA-080823-005A,East cell,Rake,Adjacent,1.23,1,0,Yes,Yes,,Myriophyllum sp.,Milfoil sp.,,0,1,0,0,,,,,
2023,2023-LCS-NWA-080823-005A,East cell,Rake,Adjacent,1.23,1,0,Yes,Yes,,Nymphaea odorata,White water lily,,1,1,0,0,,,,,
2023,2023-LCS-NWA-080823-005A,East cell,Rake,Adjacent,1.23,1,0,Yes,Yes,,Stuckenia pectinatus,Sago pondweed,,0,1,0,0,,,,,
2023,2023-LCS-NWA-080823-005A,East cell,Rake,Adjacent,1.23,1,0,Yes,Yes,,Typha sp.,Cattail sp.,,0,1,0,0,,,,,
2023,2023-LCS-NWA-080823-005A,East cell,Rake,Adjacent,1.23,1,0,Yes,Yes,,Utricularia sp.,Bladderwort sp.,,0,1,1,1,0.1,0,J. Parker,12/22/2023,
2023,2023-LCS-NWA-090823-001A,East cell,Rake,Adjacent,1.23,1,0,Yes,Yes,,Ceratophyllum demersum,Coontail,,1,1,1,1,132.1,130,J. Parker,12/21/2023,
2023,2023-LCS-NWA-090823-001A,East cell,Rake,Adjacent,1.23,1,0,Yes,Yes,,Hydrocharis morsus-ranae,European frog-bit,,0,1,0,0,,,,,
2023,2023-LCS-NWA-090823-001A,East cell,Rake,Adjacent,1.23,1,0,Yes,Yes,,Nymphaea odorata,White water lily,,0,1,0,0,,,,,
2023,2023-LCS-NWA-090823-001A,East cell,Rake,Adjacent,1.23,1,0,Yes,Yes,,Pontederia cordata,Pickerelweed,,0,1,0,0,,,,,
2023,2023-LCS-NWA-090823-001A,East cell,Rake,Adjacent,1.23,1,0,Yes,Yes,,Potamogeton pusillus,Slender pondweed,,0,1,0,0,,,,,
2023,2023-LCS-NWA-090823-001A,East cell,Rake,Adjacent,1.23,1,0,Yes,Yes,,Stuckenia pectinatus,Sago pondweed,,0,1,0,0,,,,,
2023,2023-LCS-NWA-090823-001A,East cell,Rake,Adjacent,1.23,1,0,Yes,Yes,,Typha sp.,Cattail sp.,,0,1,0,0,,,,,
2023,2023-LCS-NWA-090823-002A,East cell,Rake,Adjacent,0.698,3,0,Yes,Yes,,Ceratophyllum demersum,Coontail,,0,1,1,1,23.9,25,J. Parker,12/21/2023,
2023,2023-LCS-NWA-090823-002A,East cell,Rake,Adjacent,0.698,3,0,Yes,Yes,,Elodea canadensis,Canada waterweed,,0,1,0,0,,,,,
2023,2023-LCS-NWA-090823-002A,East cell,Rake,Adjacent,0.698,3,0,Yes,Yes,,Lemna sp.,Duckweed sp.,,0,1,0,0,,,,,
2023,2023-LCS-NWA-090823-002A,East cell,Rake,Adjacent,0.698,3,0,Yes,Yes,,Lemna trisulca,Star duckweed,,0,1,1,1,0.2,0,J. Parker,12/21/2023,
2023,2023-LCS-NWA-090823-002A,East cell,Rake,Adjacent,0.698,3,0,Yes,Yes,,myriophyllum spicatum,Eurasian water milfoil,,0,1,1,1,113.3,120,J. Parker,12/21/2023,
2023,2023-LCS-NWA-090823-002A,East cell,Rake,Adjacent,0.698,3,0,Yes,Yes,,Najas sp.,Naiad sp.,,0,1,1,1,27.2,28,J. Parker,12/21/2023,
2023,2023-LCS-NWA-090823-002A,East cell,Rake,Adjacent,0.698,3,0,Yes,Yes,,Nymphaea odorata,White water lily,,1,1,0,0,,,,,
2023,2023-LCS-NWA-090823-002A,East cell,Rake,Adjacent,0.698,3,0,Yes,Yes,,Potamogeton pusillus,Slender pondweed,,0,1,1,1,1.1,0,J. Parker,12/21/2023,
2023,2023-LCS-NWA-090823-002A,East cell,Rake,Adjacent,0.698,3,0,Yes,Yes,,Stuckenia pectinatus,Sago pondweed,,0,1,1,1,172.7,180,J. Parker,12/21/2023,
2023,2023-LCS-NWA-090823-002A,East cell,Rake,Adjacent,0.698,3,0,Yes,Yes,,Typha sp.,Cattail sp.,,0,1,0,0,,,,,
2023,2023-LCS-NWA-090823-002A,East cell,Rake,Adjacent,0.698,3,0,Yes,Yes,,Utricularia sp.,Bladderwort sp.,,0,1,1,1,13.5,14,J. Parker,12/21/2023,
2023,2023-LCS-NWA-090823-003A,East cell,Rake,Adjacent,0.455,1,0,Yes,Yes,,Hydrocharis morsus-ranae,European frog-bit,,1,1,0,0,,,,,
2023,2023-LCS-NWA-090823-003A,East cell,Rake,Adjacent,0.455,1,0,Yes,Yes,,Lemna sp.,Duckweed sp.,,0,1,1,1,0,0,J. Parker,12/19/2023,
2023,2023-LCS-NWA-090823-003A,East cell,Rake,Adjacent,0.455,1,0,Yes,Yes,,Lemna trisulca,Star duckweed,,0,1,1,1,0.2,0,J. Parker,12/19/2023,
2023,2023-LCS-NWA-090823-003A,East cell,Rake,Adjacent,0.455,1,0,Yes,Yes,,Myriophyllum sp.,Milfoil sp.,,0,1,0,0,,,,,
2023,2023-LCS-NWA-090823-003A,East cell,Rake,Adjacent,0.455,1,0,Yes,Yes,,Nymphaea odorata,White water lily,,0,1,1,1,143,160,J. Parker,12/19/2023,
2023,2023-LCS-NWA-090823-003A,East cell,Rake,Adjacent,0.455,1,0,Yes,Yes,,Phragmites australis,Common reed,,0,1,0,0,,,,,
2023,2023-LCS-NWA-090823-003A,East cell,Rake,Adjacent,0.455,1,0,Yes,Yes,,Potamogeton pusillus,Slender pondweed,,0,1,1,1,8.5,8,J. Parker,12/19/2023,
2023,2023-LCS-NWA-090823-003A,East cell,Rake,Adjacent,0.455,1,0,Yes,Yes,,Stuckenia pectinatus,Sago pondweed,,0,1,0,0,,,,,
2023,2023-LCS-NWA-090823-003A,East cell,Rake,Adjacent,0.455,1,0,Yes,Yes,,Typha sp.,Cattail sp.,,0,1,0,0,,,,,
2023,2023-LCS-NWA-090823-003A,East cell,Rake,Adjacent,0.455,1,0,Yes,Yes,,Utricularia sp.,Bladderwort sp.,,0,1,1,1,12,12,J. Parker,12/19/2023,
2023,2023-LCS-NWA-090823-004A,East cell,Rake,Adjacent,1.03,3,0,Yes,Yes,,Ceratophyllum demersum,Coontail,,0,1,1,1,188.5,190,J. Parker,12/14/2023,
2023,2023-LCS-NWA-090823-004A,East cell,Rake,Adjacent,1.03,3,0,Yes,Yes,,Elodea canadensis,Canada waterweed,,0,1,0,0,,,,,
2023,2023-LCS-NWA-090823-004A,East cell,Rake,Adjacent,1.03,3,0,Yes,Yes,,Hydrocharis morsus-ranae,European frog-bit,,0,1,0,0,,,,,
2023,2023-LCS-NWA-090823-004A,East cell,Rake,Adjacent,1.03,3,0,Yes,Yes,,Myriophyllum sp.,Milfoil sp.,,0,1,0,0,,,,,
2023,2023-LCS-NWA-090823-004A,East cell,Rake,Adjacent,1.03,3,0,Yes,Yes,,Nymphaea odorata,White water lily,,1,1,1,1,1201.7,1250,J. Parker,12/14/2023,
2023,2023-LCS-NWA-090823-004A,East cell,Rake,Adjacent,1.03,3,0,Yes,Yes,,Potamogeton pusillus,Slender pondweed,,0,1,0,0,,,,,
2023,2023-LCS-NWA-090823-004A,East cell,Rake,Adjacent,1.03,3,0,Yes,Yes,,Typha sp.,Cattail sp.,,0,1,0,0,,,,,
2023,2023-LCS-NWA-090823-004A,East cell,Rake,Adjacent,1.03,3,0,Yes,Yes,,Utricularia sp.,Bladderwort sp.,,0,1,0,0,,,,,
2023,2023-LCS-NWA-090823-005A,East cell,Rake,Adjacent,0.71,1,0,Yes,Yes,,Ceratophyllum demersum,Coontail,,0,1,1,1,0.1,0,J. Parker,12/18/2023,
2023,2023-LCS-NWA-090823-005A,East cell,Rake,Adjacent,0.71,1,0,Yes,Yes,,Hydrocharis morsus-ranae,European frog-bit,,0,1,1,1,7.1,12,J. Parker,12/18/2023,
2023,2023-LCS-NWA-090823-005A,East cell,Rake,Adjacent,0.71,1,0,Yes,Yes,,Nymphaea odorata,White water lily,,1,1,1,1,117.8,140,J. Parker,12/18/2023,
2023,2023-LCS-NWA-090823-005A,East cell,Rake,Adjacent,0.71,1,0,Yes,Yes,,Typha sp.,Cattail sp.,,0,1,0,0,,,,,
2023,2023-LCS-NWA-090823-005A,East cell,Rake,Adjacent,0.71,1,0,Yes,Yes,,Utricularia sp.,Bladderwort sp.,,0,1,0,0,,,,,
2023,2023-LCS-NWA-090823-006A,East cell,Rake,Adjacent,1,2,0,Yes,Yes,,Algae,Algae,,0,1,0,0,,,,,
2023,2023-LCS-NWA-090823-006A,East cell,Rake,Adjacent,1,2,0,Yes,Yes,,Ceratophyllum demersum,Coontail,,1,1,1,1,139.7,140,J. Parker,1/2/2024,
2023,2023-LCS-NWA-090823-006A,East cell,Rake,Adjacent,1,2,0,Yes,Yes,,Elodea canadensis,Canada waterweed,,0,1,1,1,61,65,J. Parker,1/2/2024,
2023,2023-LCS-NWA-090823-006A,East cell,Rake,Adjacent,1,2,0,Yes,Yes,,Hydrocharis morsus-ranae,European frog-bit,,0,1,0,0,,,,,
2023,2023-LCS-NWA-090823-006A,East cell,Rake,Adjacent,1,2,0,Yes,Yes,,Myriophyllum sp.,Milfoil sp.,,0,1,0,0,,,,,
2023,2023-LCS-NWA-090823-006A,East cell,Rake,Adjacent,1,2,0,Yes,Yes,,Nymphaea odorata,White water lily,,0,1,0,0,,,,,
2023,2023-LCS-NWA-090823-006A,East cell,Rake,Adjacent,1,2,0,Yes,Yes,,Phragmites australis,Common reed,,0,1,0,0,,,,,
2023,2023-LCS-NWA-090823-006A,East cell,Rake,Adjacent,1,2,0,Yes,Yes,,Potamogeton pusillus,Slender pondweed,,0,1,1,1,10.4,12,J. Parker,1/2/2024,
2023,2023-LCS-NWA-090823-006A,East cell,Rake,Adjacent,1,2,0,Yes,Yes,,Typha sp.,Cattail sp.,,0,1,0,0,,,,,
2023,2023-LCS-NWA-100823-001A,East cell,Rake,Adjacent,1.6,3,0,Yes,Yes,,Ceratophyllum demersum,Coontail,,1,1,1,1,800,833,J. Parker,12/22/2023,
2023,2023-LCS-NWA-100823-001A,East cell,Rake,Adjacent,1.6,3,0,Yes,Yes,,Elodea canadensis,Canada waterweed,,0,1,0,0,,,,,
2023,2023-LCS-NWA-100823-001A,East cell,Rake,Adjacent,1.6,3,0,Yes,Yes,,Hydrocharis morsus-ranae,European frog-bit,,0,1,1,1,26.7,28,J. Parker,12/22/2023,
2023,2023-LCS-NWA-100823-001A,East cell,Rake,Adjacent,1.6,3,0,Yes,Yes,,Lemna trisulca,Star duckweed,,0,1,1,1,0.1,0,J. Parker,12/22/2023,
2023,2023-LCS-NWA-100823-001A,East cell,Rake,Adjacent,1.6,3,0,Yes,Yes,,Nymphaea odorata,White water lily,,0,1,1,1,60.8,65,J. Parker,12/22/2023,
2023,2023-LCS-NWA-100823-001A,East cell,Rake,Adjacent,1.6,3,0,Yes,Yes,,Potamogeton pusillus,Slender pondweed,,0,1,1,1,11.3,12,J. Parker,12/22/2023,
2023,2023-LCS-NWA-100823-001A,East cell,Rake,Adjacent,1.6,3,0,Yes,Yes,,Typha sp.,Cattail sp.,,0,1,0,0,,,,,
2023,2023-LCS-NWA-100823-001A,East cell,Rake,Adjacent,1.6,3,0,Yes,Yes,,Utricularia sp.,Bladderwort sp.,,0,1,0,0,,,,,
2023,2023-LCS-NWA-100823-002A,East cell,Rake,Adjacent,1.31,1,0,Yes,Yes,,Ceratophyllum demersum,Coontail,,1,1,1,1,40.2,45,J. Parker,12/22/2023,
2023,2023-LCS-NWA-100823-002A,East cell,Rake,Adjacent,1.31,1,0,Yes,Yes,,Hydrocharis morsus-ranae,European frog-bit,,0,1,0,0,,,,,
2023,2023-LCS-NWA-100823-002A,East cell,Rake,Adjacent,1.31,1,0,Yes,Yes,,Nymphaea odorata,White water lily,,0,1,1,1,227.2,255,J. Parker,12/22/2023,
2023,2023-LCS-NWA-100823-002A,East cell,Rake,Adjacent,1.31,1,0,Yes,Yes,,Stuckenia pectinatus,Sago pondweed,,0,1,0,0,,,,,
2023,2023-LCS-NWA-100823-002A,East cell,Rake,Adjacent,1.31,1,0,Yes,Yes,,Typha sp.,Cattail sp.,,0,1,0,0,,,,,
2023,2023-LCS-NWA-100823-003A,East cell,Rake,Adjacent,0.775,1,0,Yes,Yes,,Ceratophyllum demersum,Coontail,,1,1,1,1,29.2,32,J. Parker,12/18/2023,
2023,2023-LCS-NWA-100823-003A,East cell,Rake,Adjacent,0.775,1,0,Yes,Yes,,Hydrocharis morsus-ranae,European frog-bit,,0,1,0,0,,,,,
2023,2023-LCS-NWA-100823-003A,East cell,Rake,Adjacent,0.775,1,0,Yes,Yes,,Nymphaea odorata,White water lily,,0,1,1,1,93.1,110,J. Parker,12/18/2023,
2023,2023-LCS-NWA-100823-003A,East cell,Rake,Adjacent,0.775,1,0,Yes,Yes,,Typha sp.,Cattail sp.,,0,1,0,0,,,,,
2023,2023-LCS-NWA-100823-003A,East cell,Rake,Adjacent,0.775,1,0,Yes,Yes,,Utricularia sp.,Bladderwort sp.,,0,1,0,0,,,,,
2023,2023-LCS-NWA-100823-004A,East cell,Rake,Adjacent,0.758,2,1,Yes,Yes,,Algae,Algae,,0,1,1,1,2.8,2,J. Parker,12/19/2023,
2023,2023-LCS-NWA-100823-004A,East cell,Rake,Adjacent,0.758,2,1,Yes,Yes,,Ceratophyllum demersum,Coontail,,1,1,1,1,0.5,0,J. Parker,12/19/2023,
2023,2023-LCS-NWA-100823-004A,East cell,Rake,Adjacent,0.758,2,1,Yes,Yes,,Elodea canadensis,Canada waterweed,,0,1,1,1,0.4,0,J. Parker,12/19/2023,
2023,2023-LCS-NWA-100823-004A,East cell,Rake,Adjacent,0.758,2,1,Yes,Yes,,Hydrocharis morsus-ranae,European frog-bit,,0,1,0,0,,,,,
2023,2023-LCS-NWA-100823-004A,East cell,Rake,Adjacent,0.758,2,1,Yes,Yes,,myriophyllum spicatum,Eurasian water milfoil,,0,1,1,1,63.2,70,J. Parker,12/19/2023,
2023,2023-LCS-NWA-100823-004A,East cell,Rake,Adjacent,0.758,2,1,Yes,Yes,,Nymphaea odorata,White water lily,,0,1,0,0,,,,,
2023,2023-LCS-NWA-100823-004A,East cell,Rake,Adjacent,0.758,2,1,Yes,Yes,,Potamogeton pusillus,Slender pondweed,,0,1,0,0,,,,,
2023,2023-LCS-NWA-100823-004A,East cell,Rake,Adjacent,0.758,2,1,Yes,Yes,,Typha sp.,Cattail sp.,,0,1,0,0,,,,,
2023,2023-LCS-NWA-100823-004A,East cell,Rake,Adjacent,0.758,2,1,Yes,Yes,,Utricularia sp.,Bladderwort sp.,,0,1,1,1,24.5,30,J. Parker,12/19/2023,
2023,2023-LCS-NWA-100823-005A,East cell,Rake,Adjacent,0.834,1,0,Yes,Yes,,Algae,Algae,,0,1,0,0,,,,,
2023,2023-LCS-NWA-100823-005A,East cell,Rake,Adjacent,0.834,1,0,Yes,Yes,,Ceratophyllum demersum,Coontail,,0,1,0,0,,,,,
2023,2023-LCS-NWA-100823-005A,East cell,Rake,Adjacent,0.834,1,0,Yes,Yes,,Elodea canadensis,Canada waterweed,,0,1,1,1,1.1,2,J. Parker,12/19/2023,
2023,2023-LCS-NWA-100823-005A,East cell,Rake,Adjacent,0.834,1,0,Yes,Yes,,Hydrocharis morsus-ranae,European frog-bit,,0,1,1,1,0.3,0,J. Parker,12/19/2023,
2023,2023-LCS-NWA-100823-005A,East cell,Rake,Adjacent,0.834,1,0,Yes,Yes,,Lemna sp.,Duckweed sp.,,0,1,1,1,0,0,J. Parker,12/19/2023,
2023,2023-LCS-NWA-100823-005A,East cell,Rake,Adjacent,0.834,1,0,Yes,Yes,,Lemna trisulca,Star duckweed,,0,1,1,1,0,0,J. Parker,12/19/2023,
2023,2023-LCS-NWA-100823-005A,East cell,Rake,Adjacent,0.834,1,0,Yes,Yes,,Myriophyllum spicatum,Eurasian water milfoil,,0,1,1,1,97.3,110,J. Parker,12/19/2023,
2023,2023-LCS-NWA-100823-005A,East cell,Rake,Adjacent,0.834,1,0,Yes,Yes,,Nymphaea odorata,White water lily,,1,1,0,0,,,,,
2023,2023-LCS-NWA-100823-005A,East cell,Rake,Adjacent,0.834,1,0,Yes,Yes,,Typha sp.,Cattail sp.,,0,1,0,0,,,,,
2023,2023-LCS-NWA-100823-005A,East cell,Rake,Adjacent,0.834,1,0,Yes,Yes,,Utricularia sp.,Bladderwort sp.,,0,1,0,0,,,,,
2023,2023-LCS-NWA-100823-006A,East cell,Rake,Adjacent,0.605,3,1,Yes,Yes,,Algae,Algae,,0,1,0,0,,,,,
2023,2023-LCS-NWA-100823-006A,East cell,Rake,Adjacent,0.605,3,1,Yes,Yes,,Ceratophyllum demersum,Coontail,,0,1,1,1,10.9,12,J. Parker,1/2/2024,
2023,2023-LCS-NWA-100823-006A,East cell,Rake,Adjacent,0.605,3,1,Yes,Yes,,Chara sp.,Stonewort (Starry),,0,1,1,1,287.1,290,J. Parker,1/2/2024,
2023,2023-LCS-NWA-100823-006A,East cell,Rake,Adjacent,0.605,3,1,Yes,Yes,,Elodea canadensis,Canada waterweed,,0,1,0,0,,,,,
2023,2023-LCS-NWA-100823-006A,East cell,Rake,Adjacent,0.605,3,1,Yes,Yes,,Hydrocharis morsus-ranae,European frog-bit,,0,1,0,0,,,,,
2023,2023-LCS-NWA-100823-006A,East cell,Rake,Adjacent,0.605,3,1,Yes,Yes,,Lemna sp.,Duckweed sp.,,0,1,0,0,,,,,
2023,2023-LCS-NWA-100823-006A,East cell,Rake,Adjacent,0.605,3,1,Yes,Yes,,Myriophyllum sp.,Milfoil sp.,,0,1,0,0,,,,,
2023,2023-LCS-NWA-100823-006A,East cell,Rake,Adjacent,0.605,3,1,Yes,Yes,,Nymphaea odorata,White water lily,,1,1,1,1,24.3,26,J. Parker,1/2/2024,
2023,2023-LCS-NWA-100823-006A,East cell,Rake,Adjacent,0.605,3,1,Yes,Yes,,Typha sp.,Cattail sp.,,0,1,0,0,,,,,
2023,2023-LCS-NWA-100823-006A,East cell,Rake,Adjacent,0.605,3,1,Yes,Yes,,Utricularia sp.,Bladderwort sp.,,0,1,0,0,,,,,
2023,2023-LCS-NWA-140823-001A,East cell,Rake,Adjacent,1.284,3,0,Yes,Yes,,Ceratophyllum demersum,Coontail,,1,1,1,1,522.8,520,J. Parker,12/15/2023,
2023,2023-LCS-NWA-140823-001A,East cell,Rake,Adjacent,1.284,3,0,Yes,Yes,,Elodea canadensis,Canada waterweed,,0,1,1,1,816.8,800,J. Parker,12/15/2023,
2023,2023-LCS-NWA-140823-001A,East cell,Rake,Adjacent,1.284,3,0,Yes,Yes,,Hydrocharis morsus-ranae,European frog-bit,,0,1,1,1,14.3,18,J. Parker,12/15/2023,
2023,2023-LCS-NWA-140823-001A,East cell,Rake,Adjacent,1.284,3,0,Yes,Yes,,Nymphaea odorata,White water lily,,0,1,1,1,461.8,480,J. Parker,12/15/2023,
2023,2023-LCS-NWA-140823-001A,East cell,Rake,Adjacent,1.284,3,0,Yes,Yes,,Potamogeton pusillus,Slender pondweed,,0,1,1,1,30.5,30,J. Parker,12/15/2023,
2023,2023-LCS-NWA-140823-001A,East cell,Rake,Adjacent,1.284,3,0,Yes,Yes,,Utricularia sp.,Bladderwort sp.,,0,1,0,0,,,,,
2023,2023-LCS-NWA-140823-002A,East cell,Rake,Adjacent,0.49,2,0,Yes,Yes,,Ceratophyllum demersum,Coontail,,0,1,1,1,0.4,0,J. Parker,,
2023,2023-LCS-NWA-140823-002A,East cell,Rake,Adjacent,0.49,2,0,Yes,Yes,,Elodea canadensis,Canada waterweed,,0,1,1,1,0.1,0,J. Parker,,
2023,2023-LCS-NWA-140823-002A,East cell,Rake,Adjacent,0.49,2,0,Yes,Yes,,Hydrocharis morsus-ranae,European frog-bit,,0,1,1,1,30.8,40,J. Parker,,
2023,2023-LCS-NWA-140823-002A,East cell,Rake,Adjacent,0.49,2,0,Yes,Yes,,Lemna trisulca,Star duckweed,,0,1,1,1,0.2,0,J. Parker,,
2023,2023-LCS-NWA-140823-002A,East cell,Rake,Adjacent,0.49,2,0,Yes,Yes,,Myriophyllum spicatum,Eurasian water milfoil,,0,1,1,1,0.9,2,J. Parker,,
2023,2023-LCS-NWA-140823-002A,East cell,Rake,Adjacent,0.49,2,0,Yes,Yes,,Nymphaea odorata,White water lily,,1,1,1,1,260.3,290,J. Parker,,
2023,2023-LCS-NWA-140823-002A,East cell,Rake,Adjacent,0.49,2,0,Yes,Yes,,Potamogeton pusillus,Slender pondweed,,0,1,1,1,0.1,0,J. Parker,,
2023,2023-LCS-NWA-140823-002A,East cell,Rake,Adjacent,0.49,2,0,Yes,Yes,,Utricularia sp.,Bladderwort sp.,,0,1,1,1,3.7,4,J. Parker,,
2023,2023-LCS-NWA-140823-003A,East cell,Rake,Adjacent,1.292,2,0,Yes,Yes,,Ceratophyllum demersum,Coontail,,0,1,1,1,62.3,60,J. Parker,12/19/2023,
2023,2023-LCS-NWA-140823-003A,East cell,Rake,Adjacent,1.292,2,0,Yes,Yes,,Elodea canadensis,Canada waterweed,,0,1,1,1,26.2,30,J. Parker,12/19/2023,
2023,2023-LCS-NWA-140823-003A,East cell,Rake,Adjacent,1.292,2,0,Yes,Yes,,Nymphaea odorata,White water lily,,0,1,0,0,,,,,
2023,2023-LCS-NWA-140823-003A,East cell,Rake,Adjacent,1.292,2,0,Yes,Yes,,Potamogeton pusillus,Slender pondweed,,1,1,1,1,3.7,4,J. Parker,12/19/2023,
2023,2023-LCS-NWA-140823-003A,East cell,Rake,Adjacent,1.292,2,0,Yes,Yes,,Utricularia sp.,Bladderwort sp.,,0,1,0,0,,,,,
2023,2023-LCS-NWA-140823-004A,East cell,Rake,Adjacent,0.672,3,0,Yes,Yes,,Ceratophyllum demersum,Coontail,,0,1,1,1,0.1,0,J. Parker,1/3/2024,
2023,2023-LCS-NWA-140823-004A,East cell,Rake,Adjacent,0.672,3,0,Yes,Yes,,Chara sp.,Stonewort (Starry),,0,1,1,1,62.1,65,J. Parker,1/3/2024,
2023,2023-LCS-NWA-140823-004A,East cell,Rake,Adjacent,0.672,3,0,Yes,Yes,,Nymphaea odorata,White water lily,,1,1,0,0,,,,,
2023,2023-LCS-NWA-140823-005A,East cell,Rake,Adjacent,1.03,0,0,Yes,No,,Lemna sp.,Duckweed sp.,,1,1,0,0,,,,,
2023,2023-LCS-NWA-140823-005A,East cell,Rake,Adjacent,1.03,0,0,Yes,No,,Nymphaea odorata,White water lily,,0,1,0,0,,,,,
2023,2023-LCS-NWA-140823-006A,East cell,Rake,Adjacent,0.573,1,0,Yes,Yes,,Nymphaea odorata,White water lily,,1,1,1,1,15.1,18,J. Parker,12/18/2023,
2023,2023-LCS-NWA-150823-001A,East cell,Rake,Adjacent,0.539,1,0,Yes,Yes,,Nymphaea odorata,White water lily,,1,1,1,1,78.5,100,J. Parker,12/21/2023,
2023,2023-LCS-NWA-150823-002A,East cell,Rake,Adjacent,0.43,2,0,Yes,Yes,,Ceratophyllum demersum,Coontail,,0,1,1,1,0.3,0,J. Parker,12/22/2023,
2023,2023-LCS-NWA-150823-002A,East cell,Rake,Adjacent,0.43,2,0,Yes,Yes,,Nymphaea odorata,White water lily,,1,1,1,1,10.5,12,J. Parker,12/22/2023,
2023,2023-LCS-NWA-150823-002A,East cell,Rake,Adjacent,0.43,2,0,Yes,Yes,,Stuckenia pectinatus,Sago pondweed,,0,1,0,0,,,,,
2023,2023-LCS-NWA-150823-002A,East cell,Rake,Adjacent,0.43,2,0,Yes,Yes,,Utricularia sp.,Bladderwort sp.,,0,1,1,1,30.6,36,J. Parker,12/22/2023,
2023,2023-LCS-NWA-150823-003A,East cell,Rake,Adjacent,0.491,1,0,Yes,Yes,,Ceratophyllum demersum,Coontail,,0,1,1,1,4.6,6,J. Parker,12/19/2023,
2023,2023-LCS-NWA-150823-003A,East cell,Rake,Adjacent,0.491,1,0,Yes,Yes,,Nymphaea odorata,White water lily,,1,1,0,0,,,,,
2023,2023-LCS-NWA-150823-003A,East cell,Rake,Adjacent,0.491,1,0,Yes,Yes,,Utricularia sp.,Bladderwort sp.,,0,1,0,0,,,,,
2023,2023-LCS-NWA-150823-004A,East cell,Rake,Adjacent,0.785,3,0,Yes,Yes,,Ceratophyllum demersum,Coontail,,0,1,1,1,5.3,6,J. Parker,12/19/2023,
2023,2023-LCS-NWA-150823-004A,East cell,Rake,Adjacent,0.785,3,0,Yes,Yes,,Nymphaea odorata,White water lily,,1,1,1,1,179.6,230,J. Parker,12/19/2023,
2023,2023-LCS-NWA-150823-004A,East cell,Rake,Adjacent,0.785,3,0,Yes,Yes,,Stuckenia pectinatus,Sago pondweed,,0,1,0,0,,,,,
2023,2023-LCS-NWA-150823-004A,East cell,Rake,Adjacent,0.785,3,0,Yes,Yes,,Utricularia sp.,Bladderwort sp.,,0,1,1,1,67.8,65,J. Parker,12/19/2023,
2023,2023-LCS-NWA-150823-005A,East cell,Rake,Adjacent,0.42,1,0,Yes,Yes,,Ceratophyllum demersum,Coontail,,0,1,0,0,,,,,
2023,2023-LCS-NWA-150823-005A,East cell,Rake,Adjacent,0.42,1,0,Yes,Yes,,Nymphaea odorata,White water lily,,1,1,1,1,0.9,2,J. Parker,12/21/2023,
2023,2023-LCS-NWA-150823-005A,East cell,Rake,Adjacent,0.42,1,0,Yes,Yes,,Utricularia sp.,Bladderwort sp.,,0,1,1,1,12.9,15,J. Parker,12/21/2023,
2023,2023-LCS-NWA-150823-006A,East cell,Rake,Adjacent,0.421,1,0,Yes,Yes,,Ceratophyllum demersum,Coontail,,0,1,1,1,5.9,6,J. Parker,12/18/2023,
2023,2023-LCS-NWA-150823-006A,East cell,Rake,Adjacent,0.421,1,0,Yes,Yes,,Nymphaea odorata,White water lily,,1,1,1,1,0.8,0,J. Parker,12/18/2023,
2023,2023-LCS-NWA-160823-001A,East cell,Rake,Adjacent,0.838,2,0,Yes,Yes,,Ceratophyllum demersum,Coontail,,0,1,1,1,52.8,55,J. Parker,12/18/2023,
2023,2023-LCS-NWA-160823-001A,East cell,Rake,Adjacent,0.838,2,0,Yes,Yes,,Lemna sp.,Duckweed sp.,,0,1,0,0,,,,,
2023,2023-LCS-NWA-160823-001A,East cell,Rake,Adjacent,0.838,2,0,Yes,Yes,,Nymphaea odorata,White water lily,,1,1,1,1,191.7,230,J. Parker,12/18/2023,
2023,2023-LCS-NWA-160823-001A,East cell,Rake,Adjacent,0.838,2,0,Yes,Yes,,Utricularia sp.,Bladderwort sp.,,0,1,0,0,,,,,
2023,2023-LCS-NWA-160823-002A,East cell,Rake,Adjacent,0.85,2,0,Yes,Yes,,Ceratophyllum demersum,Coontail,,0,1,1,1,29.6,30,J. Parker,12/21/2023,
2023,2023-LCS-NWA-160823-002A,East cell,Rake,Adjacent,0.85,2,0,Yes,Yes,,Lemna sp.,Duckweed sp.,,0,1,0,0,,,,,
2023,2023-LCS-NWA-160823-002A,East cell,Rake,Adjacent,0.85,2,0,Yes,Yes,,Nymphaea odorata,White water lily,,1,1,0,0,,,,,
2023,2023-LCS-NWA-160823-002A,East cell,Rake,Adjacent,0.85,2,0,Yes,Yes,,Stuckenia pectinatus,Sago pondweed,,0,1,1,1,10.9,12,J. Parker,12/21/2023,
2023,2023-LCS-NWA-160823-002A,East cell,Rake,Adjacent,0.85,2,0,Yes,Yes,,Utricularia sp.,Bladderwort sp.,,0,1,1,1,46.7,48,J. Parker,12/21/2023,
2023,2023-LCS-NWA-160823-003A,East cell,Rake,Adjacent,0.87,1,0,Yes,Yes,,Ceratophyllum demersum,Coontail,,0,1,1,1,0.8,2,J. Parker,12/18/2023,
2023,2023-LCS-NWA-160823-003A,East cell,Rake,Adjacent,0.87,1,0,Yes,Yes,,Lemna sp.,Duckweed sp.,,0,1,0,0,,,,,
2023,2023-LCS-NWA-160823-003A,East cell,Rake,Adjacent,0.87,1,0,Yes,Yes,,Nymphaea odorata,White water lily,,1,1,1,1,60.5,80,J. Parker,12/18/2023,
2023,2023-LCS-NWA-160823-004A,East cell,Rake,Adjacent,1.75,2,0,Yes,Yes,,Ceratophyllum demersum,Coontail,,0,1,1,1,196.8,200,J. Parker,12/19/2023,
2023,2023-LCS-NWA-160823-004A,East cell,Rake,Adjacent,1.75,2,0,Yes,Yes,,Elodea canadensis,Canada waterweed,,0,1,1,1,9.2,8,J. Parker,12/19/2023,
2023,2023-LCS-NWA-160823-004A,East cell,Rake,Adjacent,1.75,2,0,Yes,Yes,,Lemna sp.,Duckweed sp.,,0,1,0,0,,,,,
2023,2023-LCS-NWA-160823-004A,East cell,Rake,Adjacent,1.75,2,0,Yes,Yes,,Nymphaea odorata,White water lily,,1,1,0,0,,,,,
2023,2023-LCS-NWA-160823-004A,East cell,Rake,Adjacent,1.75,2,0,Yes,Yes,,Utricularia sp.,Bladderwort sp.,,0,1,0,0,,,,,
2023,2023-LCS-NWA-160823-005A,East cell,Rake,Adjacent,1.01,3,0,Yes,Yes,,Ceratophyllum demersum,Coontail,,0,1,1,1,301.1,300,J. Parker,1/3/2024,
2023,2023-LCS-NWA-160823-005A,East cell,Rake,Adjacent,1.01,3,0,Yes,Yes,,Elodea canadensis,Canada waterweed,,0,1,1,1,34.8,40,J. Parker,1/3/2024,
2023,2023-LCS-NWA-160823-005A,East cell,Rake,Adjacent,1.01,3,0,Yes,Yes,,Hydrocharis morsus-ranae,European frog-bit,,0,1,1,1,11.2,12,J. Parker,1/3/2024,
2023,2023-LCS-NWA-160823-005A,East cell,Rake,Adjacent,1.01,3,0,Yes,Yes,,Lemna sp.,Duckweed sp.,,0,1,1,1,0,0,J. Parker,1/3/2024,
2023,2023-LCS-NWA-160823-005A,East cell,Rake,Adjacent,1.01,3,0,Yes,Yes,,Lemna trisulca,Star duckweed,,0,1,1,1,0,0,J. Parker,1/3/2024,
2023,2023-LCS-NWA-160823-005A,East cell,Rake,Adjacent,1.01,3,0,Yes,Yes,,Nymphaea odorata,White water lily,,1,1,0,0,,,,,
2023,2023-LCS-NWA-160823-005A,East cell,Rake,Adjacent,1.01,3,0,Yes,Yes,,Potamogeton pusillus,Slender pondweed,,0,1,1,1,8.4,10,J. Parker,1/3/2024,
2023,2023-LCS-NWA-160823-005A,East cell,Rake,Adjacent,1.01,3,0,Yes,Yes,,Stuckenia pectinatus,Sago pondweed,,0,1,0,0,,,,,
2023,2023-LCS-NWA-160823-005A,East cell,Rake,Adjacent,1.01,3,0,Yes,Yes,,Utricularia sp.,Bladderwort sp.,,0,1,0,0,,,,,
2023,2023-LCS-NWA-160823-006A,East cell,Rake,Adjacent,1.22,1,2,Yes,No,,Algae,Algae,,0,1,1,1,38.3,38,J. Parker,,
2023,2023-LCS-NWA-160823-006A,East cell,Rake,Adjacent,1.22,1,2,Yes,No,,Hydrocharis morsus-ranae,European frog-bit,,0,1,1,1,0.2,0,J. Parker,,
2023,2023-LCS-NWA-160823-006A,East cell,Rake,Adjacent,1.22,1,2,Yes,No,,Nymphaea odorata,White water lily,,1,1,0,0,,,,,
2023,2023-LCS-NWA-210823-001A,West cell,Rake,Adjacent,0.873,2,0,Yes,Yes,,Ceratophyllum demersum,Coontail,,1,1,1,1,63.5,70,J. Parker,12/19/2023,
2023,2023-LCS-NWA-210823-001A,West cell,Rake,Adjacent,0.873,2,0,Yes,Yes,,Hydrocharis morsus-ranae,European frog-bit,,0,1,1,1,7.3,8,J. Parker,12/19/2023,
2023,2023-LCS-NWA-210823-001A,West cell,Rake,Adjacent,0.873,2,0,Yes,Yes,,Lemna sp.,Duckweed sp.,,0,1,1,1,0,0,J. Parker,12/19/2023,
2023,2023-LCS-NWA-210823-001A,West cell,Rake,Adjacent,0.873,2,0,Yes,Yes,,Lemna trisulca,Star duckweed,,0,1,1,1,0.4,2,J. Parker,12/19/2023,
2023,2023-LCS-NWA-210823-001A,West cell,Rake,Adjacent,0.873,2,0,Yes,Yes,,Nymphaea odorata,White water lily,,0,1,1,1,109.5,120,J. Parker,12/19/2023,
2023,2023-LCS-NWA-210823-001A,West cell,Rake,Adjacent,0.873,2,0,Yes,Yes,,Potamogeton pusillus,Slender pondweed,,0,1,1,1,0.2,0,J. Parker,12/19/2023,
2023,2023-LCS-NWA-210823-001A,West cell,Rake,Adjacent,0.873,2,0,Yes,Yes,,Utricularia sp.,Bladderwort sp.,,0,1,1,1,35.6,55,J. Parker,12/19/2023,
2023,2023-LCS-NWA-210823-002A,West cell,Rake,Adjacent,1.174,3,0,Yes,Yes,,Ceratophyllum demersum,Coontail,,0,1,1,1,131.3,130,J. Parker,1/24/2024,
2023,2023-LCS-NWA-210823-002A,West cell,Rake,Adjacent,1.174,3,0,Yes,Yes,,Elodea canadensis,Canada waterweed,,1,1,1,1,208.4,210,J. Parker,1/24/2024,
2023,2023-LCS-NWA-210823-002A,West cell,Rake,Adjacent,1.174,3,0,Yes,Yes,,Hydrocharis morsus-ranae,European frog-bit,,0,1,1,1,175.8,200,J. Parker,1/24/2024,
2023,2023-LCS-NWA-210823-002A,West cell,Rake,Adjacent,1.174,3,0,Yes,Yes,,Lemna sp.,Duckweed sp.,,0,1,0,0,,,,,
2023,2023-LCS-NWA-210823-002A,West cell,Rake,Adjacent,1.174,3,0,Yes,Yes,,Nymphaea odorata,White water lily,,0,1,0,0,,,,,
2023,2023-LCS-NWA-210823-003A,West cell,Rake,Adjacent,1.26,3,0,Yes,Yes,,Ceratophyllum demersum,Coontail,,0,1,1,1,0.8,0,J. Parker,12/19/2023,
2023,2023-LCS-NWA-210823-003A,West cell,Rake,Adjacent,1.26,3,0,Yes,Yes,,Elodea canadensis,Canada waterweed,,0,1,1,1,2.1,4,J. Parker,12/19/2023,
2023,2023-LCS-NWA-210823-003A,West cell,Rake,Adjacent,1.26,3,0,Yes,Yes,,Hydrocharis morsus-ranae,European frog-bit,,0,1,1,1,1.8,2,J. Parker,12/19/2023,
2023,2023-LCS-NWA-210823-003A,West cell,Rake,Adjacent,1.26,3,0,Yes,Yes,,Nymphaea odorata,White water lily,,1,1,1,1,288.3,330,J. Parker,12/19/2023,
2023,2023-LCS-NWA-210823-003A,West cell,Rake,Adjacent,1.26,3,0,Yes,Yes,,Utricularia sp.,Bladderwort sp.,,0,1,1,1,22,25,J. Parker,12/19/2023,
2023,2023-LCS-NWA-210823-004A,West cell,Rake,Adjacent,0.756,1,0,Yes,Yes,,Lemna sp.,Duckweed sp.,,0,1,0,0,,,,,
2023,2023-LCS-NWA-210823-004A,West cell,Rake,Adjacent,0.756,1,0,Yes,Yes,,Lemna trisulca,Star duckweed,,0,1,1,1,0,0,J. Parker,12/18/2023,
2023,2023-LCS-NWA-210823-004A,West cell,Rake,Adjacent,0.756,1,0,Yes,Yes,,Nymphaea odorata,White water lily,,1,1,1,1,52,60,J. Parker,12/18/2023,
2023,2023-LCS-NWA-210823-005A,West cell,Rake,Adjacent,0.985,2,0,Yes,Yes,,Ceratophyllum demersum,Coontail,,1,1,1,1,78.7,80,J. Parker,12/21/2023,
2023,2023-LCS-NWA-210823-005A,West cell,Rake,Adjacent,0.985,2,0,Yes,Yes,,Elodea canadensis,Canada waterweed,,0,1,1,1,55.9,60,J. Parker,12/21/2023,
2023,2023-LCS-NWA-210823-005A,West cell,Rake,Adjacent,0.985,2,0,Yes,Yes,,Hydrocharis morsus-ranae,European frog-bit,,0,1,1,1,23.9,30,J. Parker,12/21/2023,
2023,2023-LCS-NWA-210823-005A,West cell,Rake,Adjacent,0.985,2,0,Yes,Yes,,Lemna trisulca,Star duckweed,,0,1,1,1,0.7,0,J. Parker,12/21/2023,
2023,2023-LCS-NWA-210823-005A,West cell,Rake,Adjacent,0.985,2,0,Yes,Yes,,Nymphaea odorata,White water lily,,0,1,1,1,33.3,36,J. Parker,12/21/2023,
2023,2023-LCS-NWA-210823-005A,West cell,Rake,Adjacent,0.985,2,0,Yes,Yes,,Utricularia sp.,Bladderwort sp.,,0,1,1,1,9.1,10,J. Parker,12/21/2023,
2023,2023-LCS-NWA-210823-006A,West cell,Rake,Adjacent,0.94,3,0,Yes,Yes,,Ceratophyllum demersum,Coontail,,1,1,1,1,1.5,2,J. Parker,1/3/2024,
2023,2023-LCS-NWA-210823-006A,West cell,Rake,Adjacent,0.94,3,0,Yes,Yes,,Hydrocharis morsus-ranae,European frog-bit,,0,1,1,1,22,26,J. Parker,1/3/2024,
2023,2023-LCS-NWA-210823-006A,West cell,Rake,Adjacent,0.94,3,0,Yes,Yes,,Lemna sp.,Duckweed sp.,,0,1,1,1,0,0,J. Parker,1/3/2024,
2023,2023-LCS-NWA-210823-006A,West cell,Rake,Adjacent,0.94,3,0,Yes,Yes,,Lemna trisulca,Star duckweed,,0,1,1,1,1.1,0,J. Parker,1/3/2024,
2023,2023-LCS-NWA-210823-006A,West cell,Rake,Adjacent,0.94,3,0,Yes,Yes,,Nymphaea odorata,White water lily,,0,1,1,1,317.6,360,J. Parker,1/3/2024,
2023,2023-LCS-NWA-210823-006A,West cell,Rake,Adjacent,0.94,3,0,Yes,Yes,,Potamogeton pusillus,Slender pondweed,,0,1,1,1,1.2,0,J. Parker,1/3/2024,
2023,2023-LCS-NWA-210823-006A,West cell,Rake,Adjacent,0.94,3,0,Yes,Yes,,Utricularia sp.,Bladderwort sp.,,0,1,1,1,95.4,100,J. Parker,1/3/2024,
2023,2023-LCS-NWA-220823-001A,West cell,Rake,Adjacent,0.87,3,0,Yes,Yes,,Ceratophyllum demersum,Coontail,,0,1,1,1,7,8,J. Parker,12/22/2023,
2023,2023-LCS-NWA-220823-001A,West cell,Rake,Adjacent,0.87,3,0,Yes,Yes,,Elodea canadensis,Canada waterweed,,0,1,0,0,,,,,
2023,2023-LCS-NWA-220823-001A,West cell,Rake,Adjacent,0.87,3,0,Yes,Yes,,Hydrocharis morsus-ranae,European frog-bit,,0,1,1,1,8.8,10,J. Parker,12/22/2023,
2023,2023-LCS-NWA-220823-001A,West cell,Rake,Adjacent,0.87,3,0,Yes,Yes,,Lemna sp.,Duckweed sp.,,0,1,1,1,0,0,J. Parker,12/22/2023,
2023,2023-LCS-NWA-220823-001A,West cell,Rake,Adjacent,0.87,3,0,Yes,Yes,,Lemna trisulca,Star duckweed,,0,1,1,1,20.9,22,J. Parker,12/22/2023,
2023,2023-LCS-NWA-220823-001A,West cell,Rake,Adjacent,0.87,3,0,Yes,Yes,,Nelumbo lutea,American lotus,,0,1,0,0,,,,,
2023,2023-LCS-NWA-220823-001A,West cell,Rake,Adjacent,0.87,3,0,Yes,Yes,,Nymphaea odorata,White water lily,,1,1,1,1,162.9,200,J. Parker,12/22/2023,
2023,2023-LCS-NWA-220823-001A,West cell,Rake,Adjacent,0.87,3,0,Yes,Yes,,Potamogeton crispus,Curly-leaved pondweed,,0,1,0,0,,,,,
2023,2023-LCS-NWA-220823-001A,West cell,Rake,Adjacent,0.87,3,0,Yes,Yes,,Utricularia sp.,Bladderwort sp.,,0,1,1,1,39.9,45,J. Parker,12/22/2023,
2023,2023-LCS-NWA-220823-002A,West cell,Rake,Adjacent,1.23,1,0,Yes,Yes,,Ceratophyllum demersum,Coontail,,0,1,1,1,4.7,4,J. Parker,12/19/2023,
2023,2023-LCS-NWA-220823-002A,West cell,Rake,Adjacent,1.23,1,0,Yes,Yes,,Hydrocharis morsus-ranae,European frog-bit,,0,1,0,0,,,,,
2023,2023-LCS-NWA-220823-002A,West cell,Rake,Adjacent,1.23,1,0,Yes,Yes,,Lemna sp.,Duckweed sp.,,0,1,0,0,,,,,
2023,2023-LCS-NWA-220823-002A,West cell,Rake,Adjacent,1.23,1,0,Yes,Yes,,Nymphaea odorata,White water lily,,1,1,1,1,36,40,J. Parker,12/19/2023,
2023,2023-LCS-NWA-220823-002A,West cell,Rake,Adjacent,1.23,1,0,Yes,Yes,,Utricularia sp.,Bladderwort sp.,,0,1,1,1,6.8,10,J. Parker,12/19/2023,
2023,2023-LCS-NWA-220823-003A,West cell,Rake,Adjacent,0.843,2,0,Yes,Yes,,Ceratophyllum demersum,Coontail,,0,1,1,1,3.9,6,J. Parker,12/22/2023,
2023,2023-LCS-NWA-220823-003A,West cell,Rake,Adjacent,0.843,2,0,Yes,Yes,,Hydrocharis morsus-ranae,European frog-bit,,0,1,0,0,,,,,
2023,2023-LCS-NWA-220823-003A,West cell,Rake,Adjacent,0.843,2,0,Yes,Yes,,Lemna sp.,Duckweed sp.,,0,1,1,1,0,0,J. Parker,12/22/2023,
2023,2023-LCS-NWA-220823-003A,West cell,Rake,Adjacent,0.843,2,0,Yes,Yes,,Nelumbo lutea,American lotus,,1,1,1,1,79.3,100,J. Parker,12/22/2023,
2023,2023-LCS-NWA-220823-003A,West cell,Rake,Adjacent,0.843,2,0,Yes,Yes,,Nymphaea odorata,White water lily,,0,1,0,0,,,,,
2023,2023-LCS-NWA-220823-003A,West cell,Rake,Adjacent,0.843,2,0,Yes,Yes,,Stuckenia pectinatus,Sago pondweed,,0,1,0,0,,,,,
2023,2023-LCS-NWA-220823-003A,West cell,Rake,Adjacent,0.843,2,0,Yes,Yes,,Utricularia sp.,Bladderwort sp.,,0,1,0,0,,,,,
2023,2023-LCS-NWA-220823-004A,West cell,Rake,Adjacent,0.63,0,0,Yes,No,,Hydrocharis morsus-ranae,European frog-bit,,0,1,0,0,,,,,
2023,2023-LCS-NWA-220823-004A,West cell,Rake,Adjacent,0.63,0,0,Yes,No,,Lemna sp.,Duckweed sp.,,0,1,0,0,,,,,
2023,2023-LCS-NWA-220823-004A,West cell,Rake,Adjacent,0.63,0,0,Yes,No,,Nymphaea odorata,White water lily,,1,1,0,0,,,,,
2023,2023-LCS-NWA-220823-004A,West cell,Rake,Adjacent,0.63,0,0,Yes,No,,Utricularia sp.,Bladderwort sp.,,0,1,0,0,,,,,
2023,2023-LCS-NWA-220823-005A,West cell,Rake,Adjacent,1.22,1,0,Yes,Yes,,Ceratophyllum demersum,Coontail,,0,1,1,1,19.9,20,J. Parker,12/21/2023,
2023,2023-LCS-NWA-220823-005A,West cell,Rake,Adjacent,1.22,1,0,Yes,Yes,,Hydrocharis morsus-ranae,European frog-bit,,0,1,1,1,57.1,70,J. Parker,12/21/2023,
2023,2023-LCS-NWA-220823-005A,West cell,Rake,Adjacent,1.22,1,0,Yes,Yes,,Lemna sp.,Duckweed sp.,,0,1,1,1,0,0,J. Parker,12/21/2023,
2023,2023-LCS-NWA-220823-005A,West cell,Rake,Adjacent,1.22,1,0,Yes,Yes,,Nymphaea odorata,White water lily,,1,1,1,1,35.9,35,J. Parker,12/21/2023,
2023,2023-LCS-NWA-220823-005A,West cell,Rake,Adjacent,1.22,1,0,Yes,Yes,,Utricularia sp.,Bladderwort sp.,,0,1,1,1,7,8,J. Parker,12/21/2023,
2023,2023-LCS-NWA-220823-006A,West cell,Rake,Adjacent,0.678,1,0,Yes,Yes,,Ceratophyllum demersum,Coontail,,0,1,1,1,13.7,24,J. Parker,12/18/2023,
2023,2023-LCS-NWA-220823-006A,West cell,Rake,Adjacent,0.678,1,0,Yes,Yes,,Hydrocharis morsus-ranae,European frog-bit,,0,1,1,1,21.7,25,J. Parker,12/18/2023,
2023,2023-LCS-NWA-220823-006A,West cell,Rake,Adjacent,0.678,1,0,Yes,Yes,,Lemna sp.,Duckweed sp.,,0,1,1,1,0,0,J. Parker,12/18/2023,
2023,2023-LCS-NWA-220823-006A,West cell,Rake,Adjacent,0.678,1,0,Yes,Yes,,Nymphaea odorata,White water lily,,1,1,0,0,,,,,
2023,2023-LCS-NWA-220823-006A,West cell,Rake,Adjacent,0.678,1,0,Yes,Yes,,Stuckenia pectinatus,Sago pondweed,,0,1,0,0,,,,,
2023,2023-LCS-NWA-220823-006A,West cell,Rake,Adjacent,0.678,1,0,Yes,Yes,,Utricularia sp.,Bladderwort sp.,,0,1,0,0,,,,,
2023,2023-LCS-NWA-240823-001A,West cell,Rake,Adjacent,0.657,1,0,Yes,Yes,,Ceratophyllum demersum,Coontail,,0,1,1,1,0.5,2,J. Parker,12/19/2023,
2023,2023-LCS-NWA-240823-001A,West cell,Rake,Adjacent,0.657,1,0,Yes,Yes,,Hydrocharis morsus-ranae,European frog-bit,,0,1,0,0,,,,,
2023,2023-LCS-NWA-240823-001A,West cell,Rake,Adjacent,0.657,1,0,Yes,Yes,,Lemna sp.,Duckweed sp.,,1,1,1,1,0,0,J. Parker,12/19/2023,
2023,2023-LCS-NWA-240823-001A,West cell,Rake,Adjacent,0.657,1,0,Yes,Yes,,Lemna trisulca,Star duckweed,,0,1,1,1,0.1,0,J. Parker,12/19/2023,
2023,2023-LCS-NWA-240823-001A,West cell,Rake,Adjacent,0.657,1,0,Yes,Yes,,Nymphaea odorata,White water lily,,0,1,1,1,14.8,20,J. Parker,12/19/2023,
2023,2023-LCS-NWA-240823-001A,West cell,Rake,Adjacent,0.657,1,0,Yes,Yes,,Utricularia sp.,Bladderwort sp.,,0,1,0,0,,,,,
2023,2023-LCS-NWA-240823-002A,West cell,Rake,Adjacent,1.18,1,0,Yes,No,,Ceratophyllum demersum,Coontail,,0,1,1,1,1,2,J. Parker,12/13/2023,
2023,2023-LCS-NWA-240823-002A,West cell,Rake,Adjacent,1.18,1,0,Yes,No,,Lemna sp.,Duckweed sp.,,1,1,0,0,,,,,
2023,2023-LCS-NWA-240823-002A,West cell,Rake,Adjacent,1.18,1,0,Yes,No,,Nymphaea odorata,White water lily,,0,1,0,0,,,,,
2023,2023-LCS-NWA-240823-002A,West cell,Rake,Adjacent,1.18,1,0,Yes,No,,Pontederia cordata,Pickerelweed,,0,1,0,0,,,,,
2023,2023-LCS-NWA-240823-002A,West cell,Rake,Adjacent,1.18,1,0,Yes,No,,Utricularia sp.,Bladderwort sp.,,0,1,0,0,,,,,
2023,2023-LCS-NWA-240823-003A,West cell,Rake,Adjacent,1.06,2,0,Yes,Yes,,Ceratophyllum demersum,Coontail,,0,1,1,1,11.4,14,J. Parker,12/13/2023,
2023,2023-LCS-NWA-240823-003A,West cell,Rake,Adjacent,1.06,2,0,Yes,Yes,,Hydrocharis morsus-ranae,European frog-bit,,0,1,1,1,28.6,35,J. Parker,12/13/2023,
2023,2023-LCS-NWA-240823-003A,West cell,Rake,Adjacent,1.06,2,0,Yes,Yes,,Lemna sp.,Duckweed sp.,,0,1,1,1,0,0,J. Parker,12/13/2023,
2023,2023-LCS-NWA-240823-003A,West cell,Rake,Adjacent,1.06,2,0,Yes,Yes,,Nymphaea odorata,White water lily,,1,1,1,1,178.3,200,J. Parker,12/13/2023,
2023,2023-LCS-NWA-240823-003A,West cell,Rake,Adjacent,1.06,2,0,Yes,Yes,,Utricularia sp.,Bladderwort sp.,,0,1,0,0,,,,,
2023,2023-LCS-NWA-240823-004A,West cell,Rake,Adjacent,0.95,3,0,Yes,Yes,,Ceratophyllum demersum,Coontail,,0,1,1,1,,,J. Parker,12/13/2023,
2023,2023-LCS-NWA-240823-004A,West cell,Rake,Adjacent,0.95,3,0,Yes,Yes,,Elodea canadensis,Canada waterweed,,0,1,1,1,,,J. Parker,12/13/2023,
2023,2023-LCS-NWA-240823-004A,West cell,Rake,Adjacent,0.95,3,0,Yes,Yes,,Lemna sp.,Duckweed sp.,,0,1,0,0,,,,,
2023,2023-LCS-NWA-240823-004A,West cell,Rake,Adjacent,0.95,3,0,Yes,Yes,,Nymphaea odorata,White water lily,,1,1,1,1,,,J. Parker,12/13/2023,
2023,2023-LCS-NWA-240823-004A,West cell,Rake,Adjacent,0.95,3,0,Yes,Yes,,Utricularia sp.,Bladderwort sp.,,0,1,0,0,,,,,
2023,2023-LCS-NWA-240823-005A,West cell,Rake,Adjacent,1.315,1,0,Yes,Yes,,Ceratophyllum demersum,Coontail,,0,1,1,1,14.7,18,J. Parker,12/19/2023,
2023,2023-LCS-NWA-240823-005A,West cell,Rake,Adjacent,1.315,1,0,Yes,Yes,,Hydrocharis morsus-ranae,European frog-bit,,0,1,0,0,,,,,
2023,2023-LCS-NWA-240823-005A,West cell,Rake,Adjacent,1.315,1,0,Yes,Yes,,Lemna sp.,Duckweed sp.,,0,1,1,1,0,0,J. Parker,12/19/2023,
2023,2023-LCS-NWA-240823-005A,West cell,Rake,Adjacent,1.315,1,0,Yes,Yes,,Nymphaea odorata,White water lily,,1,1,0,0,,,,,
2023,2023-LCS-NWA-240823-005A,West cell,Rake,Adjacent,1.315,1,0,Yes,Yes,,Utricularia sp.,Bladderwort sp.,,0,1,0,0,,,,,
2023,2023-LCS-NWA-240823-006A,West cell,Rake,Adjacent,0.71,1,0,Yes,No,,Ceratophyllum demersum,Coontail,,0,1,0,0,,,,,
2023,2023-LCS-NWA-240823-006A,West cell,Rake,Adjacent,0.71,1,0,Yes,No,,Lemna sp.,Duckweed sp.,,0,1,0,0,,,,,
2023,2023-LCS-NWA-240823-006A,West cell,Rake,Adjacent,0.71,1,0,Yes,No,,Nymphaea odorata,White water lily,,1,1,1,0,,,,,
2023,2023-LCS-NWA-240823-006A,West cell,Rake,Adjacent,0.71,1,0,Yes,No,,Pontederia cordata,Pickerelweed,,0,1,0,0,,,,,
2023,2023-LCS-NWA-240823-006A,West cell,Rake,Adjacent,0.71,1,0,Yes,No,,Sagittaria sp.,Arrowhead sp.,,0,1,0,0,,,,,
2023,2023-LCS-NWA-280823-001A,West cell,Rake,Adjacent,1.01,1,0,Yes,Yes,,Ceratophyllum demersum,Coontail,,0,1,0,0,,,,,
2023,2023-LCS-NWA-280823-001A,West cell,Rake,Adjacent,1.01,1,0,Yes,Yes,,Hydrocharis morsus-ranae,European frog-bit,,0,1,0,0,,,,,
2023,2023-LCS-NWA-280823-001A,West cell,Rake,Adjacent,1.01,1,0,Yes,Yes,,Lemna sp.,Duckweed sp.,,1,1,0,0,,,,,
2023,2023-LCS-NWA-280823-001A,West cell,Rake,Adjacent,1.01,1,0,Yes,Yes,,Nymphaea odorata,White water lily,,0,1,1,1,32.8,36,J. Parker,12/18/2023,
2023,2023-LCS-NWA-280823-001A,West cell,Rake,Adjacent,1.01,1,0,Yes,Yes,,Typha sp.,Cattail sp.,,0,1,0,0,,,,,
2023,2023-LCS-NWA-280823-002A,West cell,Rake,Adjacent,0.98,1,0,Yes,Yes,,Ceratophyllum demersum,Coontail,,0,1,1,1,3.5,4,J. Parker,12/19/2023,
2023,2023-LCS-NWA-280823-002A,West cell,Rake,Adjacent,0.98,1,0,Yes,Yes,,Lemna sp.,Duckweed sp.,,0,1,0,0,,,,,
2023,2023-LCS-NWA-280823-002A,West cell,Rake,Adjacent,0.98,1,0,Yes,Yes,,Nymphaea odorata,White water lily,,1,1,0,0,,,,,
2023,2023-LCS-NWA-280823-002A,West cell,Rake,Adjacent,0.98,1,0,Yes,Yes,,Utricularia sp.,Bladderwort sp.,,0,1,0,0,,,,,
2023,2023-LCS-NWA-280823-003A,West cell,Rake,Adjacent,1.01,1,1,Yes,Yes,,Ceratophyllum demersum,Coontail,,0,1,1,1,0.2,0,J. Parker,12/18/2023,
2023,2023-LCS-NWA-280823-003A,West cell,Rake,Adjacent,1.01,1,1,Yes,Yes,,Hydrocharis morsus-ranae,European frog-bit,,0,1,0,0,,,,,
2023,2023-LCS-NWA-280823-003A,West cell,Rake,Adjacent,1.01,1,1,Yes,Yes,,Lemna sp.,Duckweed sp.,,0,1,0,0,,,,,
2023,2023-LCS-NWA-280823-003A,West cell,Rake,Adjacent,1.01,1,1,Yes,Yes,,Nymphaea odorata,White water lily,,1,1,0,0,,,,,
2023,2023-LCS-NWA-280823-003A,West cell,Rake,Adjacent,1.01,1,1,Yes,Yes,,Typha sp.,Cattail sp.,,0,1,0,0,,,,,
2023,2023-LCS-NWA-280823-003A,West cell,Rake,Adjacent,1.01,1,1,Yes,Yes,,Utricularia sp.,Bladderwort sp.,,0,1,0,0,,,,,
2023,2023-LCS-NWA-280823-004A,West cell,Rake,Adjacent,1.14,2,0,Yes,Yes,,Ceratophyllum demersum,Coontail,,0,1,1,1,8.9,16,J. Parker,1/2/2024,
2023,2023-LCS-NWA-280823-004A,West cell,Rake,Adjacent,1.14,2,0,Yes,Yes,,Hydrocharis morsus-ranae,European frog-bit,,0,1,1,1,0.7,0,J. Parker,1/2/2024,
2023,2023-LCS-NWA-280823-004A,West cell,Rake,Adjacent,1.14,2,0,Yes,Yes,,Lemna trisulca,Star duckweed,,0,1,1,1,0.3,0,J. Parker,1/2/2024,
2023,2023-LCS-NWA-280823-004A,West cell,Rake,Adjacent,1.14,2,0,Yes,Yes,,Nymphaea odorata,White water lily,,1,1,1,1,88.4,100,J. Parker,1/2/2024,
2023,2023-LCS-NWA-280823-004A,West cell,Rake,Adjacent,1.14,2,0,Yes,Yes,,Utricularia sp.,Bladderwort sp.,,0,1,1,1,8.1,8,J. Parker,1/2/2024,
2023,2023-LCS-NWA-280823-005A,West cell,Rake,Adjacent,1.01,1,0,Yes,Yes,,Elodea canadensis,Canada waterweed,,0,1,0,0,,,,,
2023,2023-LCS-NWA-280823-005A,West cell,Rake,Adjacent,1.01,1,0,Yes,Yes,,Hydrocharis morsus-ranae,European frog-bit,,0,1,0,0,,,,,
2023,2023-LCS-NWA-280823-005A,West cell,Rake,Adjacent,1.01,1,0,Yes,Yes,,Lemna sp.,Duckweed sp.,,0,1,0,0,,,,,
2023,2023-LCS-NWA-280823-005A,West cell,Rake,Adjacent,1.01,1,0,Yes,Yes,,Nymphaea odorata,White water lily,,1,1,1,1,170.4,230,J. Parker,12/19/2023,
2023,2023-LCS-NWA-280823-006A,West cell,Rake,Adjacent,1.05,0,0,Yes,No,,Ceratophyllum demersum,Coontail,,0,1,0,0,,,,,
2023,2023-LCS-NWA-280823-006A,West cell,Rake,Adjacent,1.05,0,0,Yes,No,,Hydrocharis morsus-ranae,European frog-bit,,0,1,0,0,,,,,
2023,2023-LCS-NWA-280823-006A,West cell,Rake,Adjacent,1.05,0,0,Yes,No,,Lemna sp.,Duckweed sp.,,1,1,0,0,,,,,
2023,2023-LCS-NWA-280823-006A,West cell,Rake,Adjacent,1.05,0,0,Yes,No,,Nymphaea odorata,White water lily,,0,1,0,0,,,,,
2023,2023-LCS-NWA-280823-006A,West cell,Rake,Adjacent,1.05,0,0,Yes,No,,Utricularia sp.,Bladderwort sp.,,0,1,0,0,,,,,
2023,2023-LCS-NWA-290823-001A,West cell,Rake,Adjacent,1.03,0,0,Yes,No,,Ceratophyllum demersum,Coontail,,0,1,0,0,,,,,
2023,2023-LCS-NWA-290823-001A,West cell,Rake,Adjacent,1.03,0,0,Yes,No,,Lemna sp.,Duckweed sp.,,0,1,0,0,,,,,
2023,2023-LCS-NWA-290823-001A,West cell,Rake,Adjacent,1.03,0,0,Yes,No,,Nelumbo lutea,American lotus,,0,1,0,0,,,,,
2023,2023-LCS-NWA-290823-001A,West cell,Rake,Adjacent,1.03,0,0,Yes,No,,Nymphaea odorata,White water lily,,1,1,0,0,,,,,
2023,2023-LCS-NWA-290823-001A,West cell,Rake,Adjacent,1.03,0,0,Yes,No,,Pontederia cordata,Pickerelweed,,0,1,0,0,,,,,
2023,2023-LCS-NWA-290823-001A,West cell,Rake,Adjacent,1.03,0,0,Yes,No,,Stuckenia pectinatus,Sago pondweed,,0,1,0,0,,,,,
2023,2023-LCS-NWA-290823-002A,West cell,Rake,Adjacent,0.84,2,0,Yes,Yes,,Ceratophyllum demersum,Coontail,,0,1,1,1,3.9,6,J. Parker,12/18/2023,
2023,2023-LCS-NWA-290823-002A,West cell,Rake,Adjacent,0.84,2,0,Yes,Yes,,Lemna sp.,Duckweed sp.,,0,1,1,1,0,0,J. Parker,12/18/2023,
2023,2023-LCS-NWA-290823-002A,West cell,Rake,Adjacent,0.84,2,0,Yes,Yes,,Nymphaea odorata,White water lily,,1,1,1,1,43.4,50,J. Parker,12/18/2023,
2023,2023-LCS-NWA-290823-002A,West cell,Rake,Adjacent,0.84,2,0,Yes,Yes,,Typha sp.,Cattail sp.,,0,1,0,0,,,,,
2023,2023-LCS-NWA-290823-002A,West cell,Rake,Adjacent,0.84,2,0,Yes,Yes,,Utricularia sp.,Bladderwort sp.,,0,1,0,0,,,,,
2023,2023-LCS-NWA-290823-003A,West cell,Rake,Adjacent,1.04,0,1,Yes,No,,Ceratophyllum demersum,Coontail,,0,1,0,0,,,,,
2023,2023-LCS-NWA-290823-003A,West cell,Rake,Adjacent,1.04,0,1,Yes,No,,Hydrocharis morsus-ranae,European frog-bit,,0,1,0,0,,,,,
2023,2023-LCS-NWA-290823-003A,West cell,Rake,Adjacent,1.04,0,1,Yes,No,,Nymphaea odorata,White water lily,,1,1,0,0,,,,,
2023,2023-LCS-NWA-290823-003A,West cell,Rake,Adjacent,1.04,0,1,Yes,No,,Stuckenia pectinatus,Sago pondweed,,0,1,0,0,,,,,
2023,2023-LCS-NWA-290823-004A,West cell,Rake,Adjacent,0.98,1,0,Yes,Yes,,Ceratophyllum demersum,Coontail,,0,1,1,1,16.5,16,J. Parker,12/18/2023,
2023,2023-LCS-NWA-290823-004A,West cell,Rake,Adjacent,0.98,1,0,Yes,Yes,,Hydrocharis morsus-ranae,European frog-bit,,1,1,0,0,,,,,
2023,2023-LCS-NWA-290823-004A,West cell,Rake,Adjacent,0.98,1,0,Yes,Yes,,Lemna sp.,Duckweed sp.,,0,1,0,0,,,,,
2023,2023-LCS-NWA-290823-004A,West cell,Rake,Adjacent,0.98,1,0,Yes,Yes,,Nymphaea odorata,White water lily,,0,1,0,0,,,,,
2023,2023-LCS-NWA-290823-004A,West cell,Rake,Adjacent,0.98,1,0,Yes,Yes,,Stuckenia pectinatus,Sago pondweed,,0,1,0,0,,,,,
2023,2023-LCS-NWA-290823-004A,West cell,Rake,Adjacent,0.98,1,0,Yes,Yes,,Utricularia sp.,Bladderwort sp.,,0,1,0,0,,,,,
2023,2023-LCS-NWA-290823-005A,West cell,Rake,Adjacent,0.94,1,0,Yes,Yes,,Ceratophyllum demersum,Coontail,,0,1,0,0,,,,,
2023,2023-LCS-NWA-290823-005A,West cell,Rake,Adjacent,0.94,1,0,Yes,Yes,,Elodea canadensis,Canada waterweed,,0,1,0,0,,,,,
2023,2023-LCS-NWA-290823-005A,West cell,Rake,Adjacent,0.94,1,0,Yes,Yes,,Hydrocharis morsus-ranae,European frog-bit,,0,1,0,0,,,,,
2023,2023-LCS-NWA-290823-005A,West cell,Rake,Adjacent,0.94,1,0,Yes,Yes,,Lemna sp.,Duckweed sp.,,0,1,0,0,,,,,
2023,2023-LCS-NWA-290823-005A,West cell,Rake,Adjacent,0.94,1,0,Yes,Yes,,Nymphaea odorata,White water lily,,1,1,1,1,204.4,250,J. Parker,12/19/2023,
2023,2023-LCS-NWA-290823-005A,West cell,Rake,Adjacent,0.94,1,0,Yes,Yes,,Stuckenia pectinatus,Sago pondweed,,0,1,0,0,,,,,
2023,2023-LCS-NWA-290823-005A,West cell,Rake,Adjacent,0.94,1,0,Yes,Yes,,Utricularia sp.,Bladderwort sp.,,0,1,0,0,,,,,
2023,2023-LCS-NWA-290823-006A,West cell,Rake,Adjacent,0.85,3,0,Yes,Yes,,Ceratophyllum demersum,Coontail,,1,1,1,1,80.2,80,J. Parker,12/21/2023,
2023,2023-LCS-NWA-290823-006A,West cell,Rake,Adjacent,0.85,3,0,Yes,Yes,,Hydrocharis morsus-ranae,European frog-bit,,0,1,1,1,1,0,J. Parker,12/21/2023,
2023,2023-LCS-NWA-290823-006A,West cell,Rake,Adjacent,0.85,3,0,Yes,Yes,,Lemna sp.,Duckweed sp.,,0,1,0,0,,,,,
2023,2023-LCS-NWA-290823-006A,West cell,Rake,Adjacent,0.85,3,0,Yes,Yes,,Nelumbo lutea,American lotus,,0,1,0,0,,,,,
2023,2023-LCS-NWA-290823-006A,West cell,Rake,Adjacent,0.85,3,0,Yes,Yes,,Nymphaea odorata,White water lily,,0,1,1,1,74.2,75,J. Parker,12/21/2023,
2023,2023-LCS-NWA-290823-006A,West cell,Rake,Adjacent,0.85,3,0,Yes,Yes,,Potamogeton pusillus,Slender pondweed,,0,1,1,1,0.7,0,J. Parker,12/21/2023,
2023,2023-LCS-NWA-290823-006A,West cell,Rake,Adjacent,0.85,3,0,Yes,Yes,,Stuckenia pectinatus,Sago pondweed,,0,1,0,0,,,,,
2023,2023-LCS-NWA-290823-006A,West cell,Rake,Adjacent,0.85,3,0,Yes,Yes,,Utricularia sp.,Bladderwort sp.,,0,1,1,1,135,130,J. Parker,12/21/2023,
2023,2023-LCS-NWA-300823-001A,West cell,Rake,Adjacent,0.92,3,0,Yes,Yes,,Ceratophyllum demersum,Coontail,,0,1,1,1,26.2,30,J. Parker,1/2/2024,
2023,2023-LCS-NWA-300823-001A,West cell,Rake,Adjacent,0.92,3,0,Yes,Yes,,Hydrocharis morsus-ranae,European frog-bit,,0,1,1,1,49.9,60,J. Parker,1/2/2024,
2023,2023-LCS-NWA-300823-001A,West cell,Rake,Adjacent,0.92,3,0,Yes,Yes,,Lemna trisulca,Star duckweed,,0,1,1,1,7.3,6,J. Parker,1/2/2024,
2023,2023-LCS-NWA-300823-001A,West cell,Rake,Adjacent,0.92,3,0,Yes,Yes,,Nymphaea odorata,White water lily,,1,1,1,1,270.6,330,J. Parker,1/2/2024,
2023,2023-LCS-NWA-300823-002A,West cell,Rake,Adjacent,1.05,2,0,Yes,Yes,,Ceratophyllum demersum,Coontail,,0,1,1,1,2,2,J. Parker,1/2/2024,
2023,2023-LCS-NWA-300823-002A,West cell,Rake,Adjacent,1.05,2,0,Yes,Yes,,Hydrocharis morsus-ranae,European frog-bit,,0,1,1,1,321.7,400,J. Parker,1/2/2024,
2023,2023-LCS-NWA-300823-002A,West cell,Rake,Adjacent,1.05,2,0,Yes,Yes,,Lemna sp.,Duckweed sp.,,0,1,0,0,,,,,
2023,2023-LCS-NWA-300823-002A,West cell,Rake,Adjacent,1.05,2,0,Yes,Yes,,Nymphaea odorata,White water lily,,1,1,1,1,98.5,110,J. Parker,1/2/2024,
2023,2023-LCS-NWA-300823-003A,West cell,Rake,Adjacent,0.93,3,0,Yes,Yes,,Ceratophyllum demersum,Coontail,,1,1,1,1,18.4,20,J. Parker,1/2/2024,
2023,2023-LCS-NWA-300823-003A,West cell,Rake,Adjacent,0.93,3,0,Yes,Yes,,Hydrocharis morsus-ranae,European frog-bit,,0,1,0,0,,,,,
2023,2023-LCS-NWA-300823-003A,West cell,Rake,Adjacent,0.93,3,0,Yes,Yes,,Lemna trisulca,Star duckweed,,0,1,1,1,10.1,12,J. Parker,1/2/2024,
2023,2023-LCS-NWA-300823-003A,West cell,Rake,Adjacent,0.93,3,0,Yes,Yes,,Nymphaea odorata,White water lily,,0,1,0,0,,,,,
2023,2023-LCS-NWA-300823-003A,West cell,Rake,Adjacent,0.93,3,0,Yes,Yes,,Stuckenia pectinatus,Sago pondweed,,0,1,1,1,33.5,35,J. Parker,1/2/2024,
2023,2023-LCS-NWA-300823-003A,West cell,Rake,Adjacent,0.93,3,0,Yes,Yes,,Typha sp.,Cattail sp.,,0,1,0,0,,,,,
2023,2023-LCS-NWA-300823-003A,West cell,Rake,Adjacent,0.93,3,0,Yes,Yes,,Utricularia sp.,Bladderwort sp.,,0,1,1,1,107,105,J. Parker,1/2/2024,
2023,2023-LCS-NWA-300823-004A,West cell,Rake,Adjacent,0.96,3,0,Yes,Yes,,Ceratophyllum demersum,Coontail,,0,1,1,1,22.6,26,J. Parker,1/2/2024,
2023,2023-LCS-NWA-300823-004A,West cell,Rake,Adjacent,0.96,3,0,Yes,Yes,,Hydrocharis morsus-ranae,European frog-bit,,0,1,0,0,,,,,
2023,2023-LCS-NWA-300823-004A,West cell,Rake,Adjacent,0.96,3,0,Yes,Yes,,Lemna trisulca,Star duckweed,,0,1,1,1,1.1,0,J. Parker,1/2/2024,
2023,2023-LCS-NWA-300823-004A,West cell,Rake,Adjacent,0.96,3,0,Yes,Yes,,Nelumbo lutea,American lotus,,1,1,1,1,329.8,380,J. Parker,1/2/2024,
2023,2023-LCS-NWA-300823-004A,West cell,Rake,Adjacent,0.96,3,0,Yes,Yes,,Nymphaea odorata,White water lily,,0,1,1,1,3.2,4,J. Parker,1/2/2024,
2023,2023-LCS-NWA-300823-004A,West cell,Rake,Adjacent,0.96,3,0,Yes,Yes,,Potamogeton pusillus,Slender pondweed,,0,1,1,1,10.6,12,J. Parker,1/2/2024,
2023,2023-LCS-NWA-300823-004A,West cell,Rake,Adjacent,0.96,3,0,Yes,Yes,,Stuckenia pectinatus,Sago pondweed,,0,1,0,0,,,,,
2023,2023-LCS-NWA-300823-005A,West cell,Rake,Adjacent,1.08,2,0,Yes,Yes,,Ceratophyllum demersum,Coontail,,0,1,1,1,225,230,J. Parker,1/2/2024,
2023,2023-LCS-NWA-300823-005A,West cell,Rake,Adjacent,1.08,2,0,Yes,Yes,,Lemna sp.,Duckweed sp.,,0,1,1,1,0,0,J. Parker,1/2/2024,
2023,2023-LCS-NWA-300823-005A,West cell,Rake,Adjacent,1.08,2,0,Yes,Yes,,Lemna trisulca,Star duckweed,,0,1,1,1,0,0,J. Parker,1/2/2024,
2023,2023-LCS-NWA-300823-005A,West cell,Rake,Adjacent,1.08,2,0,Yes,Yes,,Nelumbo lutea,American lotus,,1,1,1,1,16.7,26,J. Parker,1/2/2024,
2023,2023-LCS-NWA-300823-005A,West cell,Rake,Adjacent,1.08,2,0,Yes,Yes,,Nymphaea odorata,White water lily,,0,1,1,1,52.5,55,J. Parker,1/2/2024,
2023,2023-LCS-NWA-300823-005A,West cell,Rake,Adjacent,1.08,2,0,Yes,Yes,,Typha sp.,Cattail sp.,,0,1,0,0,,,,,
2023,2023-LCS-NWA-300823-006A,West cell,Rake,Adjacent,0.88,1,0,Yes,Yes,,Ceratophyllum demersum,Coontail,,0,1,1,1,2.4,0,J. Parker,12/18/2023,
2023,2023-LCS-NWA-300823-006A,West cell,Rake,Adjacent,0.88,1,0,Yes,Yes,,Hydrocharis morsus-ranae,European frog-bit,,0,1,0,0,,,,,
2023,2023-LCS-NWA-300823-006A,West cell,Rake,Adjacent,0.88,1,0,Yes,Yes,,Lemna sp.,Duckweed sp.,,0,1,0,0,,,,,
2023,2023-LCS-NWA-300823-006A,West cell,Rake,Adjacent,0.88,1,0,Yes,Yes,,Nelumbo lutea,American lotus,,1,1,1,1,28.1,40,J. Parker,12/18/2023,
2023,2023-LCS-NWA-300823-006A,West cell,Rake,Adjacent,0.88,1,0,Yes,Yes,,Nymphaea odorata,White water lily,,0,1,0,0,,,,,
2023,2023-LCS-NWA-300823-006A,West cell,Rake,Adjacent,0.88,1,0,Yes,Yes,,Typha sp.,Cattail sp.,,0,1,0,0,,,,,
2024,2024-LCS-NWA-070824-001A,East cell,Rake,Adjacent,0.76,3,0,Yes,Yes,,Ceratophyllum demersum,Coontail,,0,1,1,1,2.5,2,M. Cowperthwaite,12/17/2024,
2024,2024-LCS-NWA-070824-001A,East cell,Rake,Adjacent,0.76,3,0,Yes,Yes,,Elodea canadensis,Canada waterweed,,0,1,0,0,0,0,,,
2024,2024-LCS-NWA-070824-001A,East cell,Rake,Adjacent,0.76,3,0,Yes,Yes,,Hydrocharis morsus-ranae,European frog-bit,,0,1,0,0,0,0,,,
2024,2024-LCS-NWA-070824-001A,East cell,Rake,Adjacent,0.76,3,0,Yes,Yes,,Juncus sp.,Rush sp.,,0,1,0,0,0,0,,,
2024,2024-LCS-NWA-070824-001A,East cell,Rake,Adjacent,0.76,3,0,Yes,Yes,,Lemna sp.,Duckweed sp.,round leaves,0,1,0,1,0,0,M. Cowperthwaite,12/17/2024,
2024,2024-LCS-NWA-070824-001A,East cell,Rake,Adjacent,0.76,3,0,Yes,Yes,,Nitellopsis obtusa,Starry stonewort,,1,1,1,1,166,175,M. Cowperthwaite,12/17/2024,
2024,2024-LCS-NWA-070824-001A,East cell,Rake,Adjacent,0.76,3,0,Yes,Yes,,Nymphaea sp.,White water lily,,0,1,0,0,0,0,,,
2024,2024-LCS-NWA-070824-001A,East cell,Rake,Adjacent,0.76,3,0,Yes,Yes,,Pontederia cordata,Pickerelweed,,0,1,0,0,0,0,,,
2024,2024-LCS-NWA-070824-001A,East cell,Rake,Adjacent,0.76,3,0,Yes,Yes,,Potamogeton pusillus,Slender pondweed,,0,1,0,1,0.1,0,M. Cowperthwaite,12/17/2024,
2024,2024-LCS-NWA-070824-001A,East cell,Rake,Adjacent,0.76,3,0,Yes,Yes,,Utricularia sp.,Bladderwort sp.,,0,1,1,1,0.6,1,M. Cowperthwaite,12/17/2024,
2024,2024-LCS-NWA-070824-001A,East cell,Rake,Adjacent,0.76,3,0,Yes,Yes,,Utricularia vulgaris,Common bladderwort,,0,1,0,1,32.7,34,M. Cowperthwaite,12/17/2024,
2024,2024-LCS-NWA-070824-002A,East cell,Rake,Adjacent,0.95,1,0,Yes,Yes,,Ceratophyllum demersum,Coontail,,0,1,1,1,11.5,12,M. Cowperthwaite,11/27/2024,
2024,2024-LCS-NWA-070824-002A,East cell,Rake,Adjacent,0.95,1,0,Yes,Yes,,Hydrocharis morsus-ranae,European frog-bit,,0,1,0,0,0,0,,,
2024,2024-LCS-NWA-070824-002A,East cell,Rake,Adjacent,0.95,1,0,Yes,Yes,,Lemna minor,Lesser duckweed,,0,1,0,1,0,0,M. Cowperthwaite,11/27/2024,
2024,2024-LCS-NWA-070824-002A,East cell,Rake,Adjacent,0.95,1,0,Yes,Yes,,Nymphaea sp.,White water lily,,1,1,1,1,55.9,70,M. Cowperthwaite,11/27/2024,"Leaves: 45mL, Stems: 25mL"
2024,2024-LCS-NWA-070824-002A,East cell,Rake,Adjacent,0.95,1,0,Yes,Yes,,Spirodela polyrhiza,Greater duckweed,,0,1,0,1,0,0,M. Cowperthwaite,11/27/2024,
2024,2024-LCS-NWA-070824-003A,East cell,Rake,Adjacent,0.9,2,0,Yes,Yes,,Ceratophyllum demersum,Coontail,,0,1,1,1,9.9,9,M. Cowperthwaite,11/27/2024,
2024,2024-LCS-NWA-070824-003A,East cell,Rake,Adjacent,0.9,2,0,Yes,Yes,,Lemna minor,Lesser duckweed,,0,1,0,0,0,0,,,
2024,2024-LCS-NWA-070824-003A,East cell,Rake,Adjacent,0.9,2,0,Yes,Yes,,Nitellopsis obtusa,Starry stonewort,,1,1,1,1,136,140,M. Cowperthwaite,11/27/2024,
2024,2024-LCS-NWA-070824-003A,East cell,Rake,Adjacent,0.9,2,0,Yes,Yes,,Nymphaea sp.,White water lily,,0,1,0,0,0,0,,,
2024,2024-LCS-NWA-070824-003A,East cell,Rake,Adjacent,0.9,2,0,Yes,Yes,,Spirodela polyrhiza,Greater duckweed,,0,1,0,1,0,0,M. Cowperthwaite,11/27/2024,
2024,2024-LCS-NWA-070824-003A,East cell,Rake,Adjacent,0.9,2,0,Yes,Yes,,Stuckenia pectinatus,Sago pondweed,,0,1,0,1,10.5,10,M. Cowperthwaite,11/27/2024,
2024,2024-LCS-NWA-070824-003A,East cell,Rake,Adjacent,0.9,2,0,Yes,Yes,,Utricularia sp.,Bladderwort sp.,,0,1,0,0,0,0,,,
2024,2024-LCS-NWA-070824-004A,East cell,Rake,Adjacent,0.64,2,0,Yes,Yes,,Ceratophyllum demersum,Coontail,,0,1,1,1,8.8,10,M. Cowperthwaite,11/26/2024,
2024,2024-LCS-NWA-070824-004A,East cell,Rake,Adjacent,0.64,2,0,Yes,Yes,,Hydrocharis morsus-ranae,European frog-bit,,1,1,1,1,54,76,M. Cowperthwaite,11/26/2024,
2024,2024-LCS-NWA-070824-004A,East cell,Rake,Adjacent,0.64,2,0,Yes,Yes,,Lemna minor,Lesser duckweed,,0,1,0,1,0,0,,,
2024,2024-LCS-NWA-070824-004A,East cell,Rake,Adjacent,0.64,2,0,Yes,Yes,,Nymphaea sp.,White water lily,,0,1,1,1,100.8,125,M. Cowperthwaite,11/26/2024,"Leaves: 50mL, Stems: 75mL"
2024,2024-LCS-NWA-070824-004A,East cell,Rake,Adjacent,0.64,2,0,Yes,Yes,,Riccia fluitans,Floating slender liverwort/Floating crystalwort,,0,1,0,1,0,0,,,
2024,2024-LCS-NWA-070824-004A,East cell,Rake,Adjacent,0.64,2,0,Yes,Yes,,Spirodela polyrhiza,Greater duckweed,,0,1,0,1,0,0,,,
2024,2024-LCS-NWA-070824-004A,East cell,Rake,Adjacent,0.64,2,0,Yes,Yes,,Typha sp.,Cattail sp.,,0,1,0,0,0,0,,,
2024,2024-LCS-NWA-070824-005A,East cell,Rake,Adjacent,0.81,1,0,Yes,Yes,,Ceratophyllum demersum,Coontail,,0,1,1,1,3.6,4,M. Cowperthwaite,11/22/2024,
2024,2024-LCS-NWA-070824-005A,East cell,Rake,Adjacent,0.81,1,0,Yes,Yes,,Decodon verticillatus,Swamp loosestrife,,0,1,0,0,0,0,,,"swamp loosestrife into site classed as ""emergent"" veg but is technically riparian and not in the list of aqua veg!"
2024,2024-LCS-NWA-070824-005A,East cell,Rake,Adjacent,0.81,1,0,Yes,Yes,,Hydrocharis morsus-ranae,European frog-bit,,0,1,0,0,0,0,,,
2024,2024-LCS-NWA-070824-005A,East cell,Rake,Adjacent,0.81,1,0,Yes,Yes,,Lemna minor,Lesser duckweed,,0,1,0,0,0,0,,,
2024,2024-LCS-NWA-070824-005A,East cell,Rake,Adjacent,0.81,1,0,Yes,Yes,,Lemna sp.,Duckweed sp.,round leaves,0,1,0,1,0,0,M. Cowperthwaite,11/22/2024,
2024,2024-LCS-NWA-070824-005A,East cell,Rake,Adjacent,0.81,1,0,Yes,Yes,,Nymphaea sp.,White water lily,,1,1,1,1,56.7,65,M. Cowperthwaite,11/22/2024,"Leaf: 55mL, Stem: 10mL"
2024,2024-LCS-NWA-070824-005A,East cell,Rake,Adjacent,0.81,1,0,Yes,Yes,,Spirodela polyrhiza,Greater duckweed,,0,1,0,0,0,0,,,
2024,2024-LCS-NWA-070824-005A,East cell,Rake,Adjacent,0.81,1,0,Yes,Yes,,Utricularia vulgaris,Common bladderwort,,0,1,0,1,0,0,M. Cowperthwaite,11/22/2024,
2024,2024-LCS-NWA-080824-001A,East cell,Rake,Adjacent,1,1,0,Yes,Yes,,Ceratophyllum demersum,Coontail,,0,1,1,1,20.3,21,M. Cowperthwaite,11/27/2024,
2024,2024-LCS-NWA-080824-001A,East cell,Rake,Adjacent,1,1,0,Yes,Yes,,Elodea canadensis,Canada waterweed,,0,1,1,1,1.8,2,M. Cowperthwaite,11/27/2024,
2024,2024-LCS-NWA-080824-001A,East cell,Rake,Adjacent,1,1,0,Yes,Yes,,Hydrocharis morsus-ranae,European frog-bit,,0,1,0,0,0,0,,,
2024,2024-LCS-NWA-080824-001A,East cell,Rake,Adjacent,1,1,0,Yes,Yes,,Lemna minor,Lesser duckweed,,0,1,0,0,0,0,,,
2024,2024-LCS-NWA-080824-001A,East cell,Rake,Adjacent,1,1,0,Yes,Yes,,Lemna trisulca,Star duckweed,,0,1,0,1,0,0,M. Cowperthwaite,11/27/2024,
2024,2024-LCS-NWA-080824-001A,East cell,Rake,Adjacent,1,1,0,Yes,Yes,,Nymphaea sp.,White water lily,,1,1,1,1,354.9,420,M. Cowperthwaite,11/27/2024,"Leaves: 200 mL, Stems: 220 mL"
2024,2024-LCS-NWA-080824-001A,East cell,Rake,Adjacent,1,1,0,Yes,Yes,,Potamogeton zosteriformis,Flat-stemmed pondweed,,0,1,0,1,0.9,1,M. Cowperthwaite,11/27/2024,
2024,2024-LCS-NWA-080824-001A,East cell,Rake,Adjacent,1,1,0,Yes,Yes,,Spirodela polyrhiza,Greater duckweed,,0,1,0,1,0,0,M. Cowperthwaite,11/27/2024,
2024,2024-LCS-NWA-080824-002A,East cell,Rake,Adjacent,1.7,3,0,Yes,Yes,,Ceratophyllum demersum,Coontail,,0,1,1,1,207.2,215,M. Cowperthwaite,12/18/2024,
2024,2024-LCS-NWA-080824-002A,East cell,Rake,Adjacent,1.7,3,0,Yes,Yes,,Decodon verticillatus,Swamp loosestrife,,0,1,0,0,0,0,,,
2024,2024-LCS-NWA-080824-002A,East cell,Rake,Adjacent,1.7,3,0,Yes,Yes,,Elodea canadensis,Canada waterweed,,1,1,1,1,452.1,450,M. Cowperthwaite,12/18/2024,
2024,2024-LCS-NWA-080824-002A,East cell,Rake,Adjacent,1.7,3,0,Yes,Yes,,Hydrocharis morsus-ranae,European frog-bit,,0,1,0,0,0,0,,,
2024,2024-LCS-NWA-080824-002A,East cell,Rake,Adjacent,1.7,3,0,Yes,Yes,,Lemna trisulca,Star duckweed,,0,1,0,1,0.1,0,M. Cowperthwaite,12/18/2024,
2024,2024-LCS-NWA-080824-002A,East cell,Rake,Adjacent,1.7,3,0,Yes,Yes,,Nitella sp.,Stonewort sp.,,0,1,1,0,0,0,,,
2024,2024-LCS-NWA-080824-002A,East cell,Rake,Adjacent,1.7,3,0,Yes,Yes,,Nymphaea sp.,White water lily,,0,1,0,1,1.1,1,M. Cowperthwaite,12/18/2024,
2024,2024-LCS-NWA-080824-002A,East cell,Rake,Adjacent,1.7,3,0,Yes,Yes,,Potamogeton pusillus,Slender pondweed,,0,1,1,1,6.2,6,M. Cowperthwaite,12/18/2024,
2024,2024-LCS-NWA-080824-002A,East cell,Rake,Adjacent,1.7,3,0,Yes,Yes,,Potamogeton zosteriformis,Flat-stemmed pondweed,,0,1,0,1,66.2,70,M. Cowperthwaite,12/18/2024,
2024,2024-LCS-NWA-080824-002A,East cell,Rake,Adjacent,1.7,3,0,Yes,Yes,,Typha sp.,Cattail sp.,,0,1,0,0,0,0,,,
2024,2024-LCS-NWA-080824-003A,East cell,Rake,Adjacent,1.5,3,0,Yes,Yes,,Ceratophyllum demersum,Coontail,,1,1,1,1,269.1,275,M. Cowperthwaite,12/13/2024,
2024,2024-LCS-NWA-080824-003A,East cell,Rake,Adjacent,1.5,3,0,Yes,Yes,,Elodea canadensis,Canada waterweed,,0,1,1,1,43.5,45,M. Cowperthwaite,12/13/2024,
2024,2024-LCS-NWA-080824-003A,East cell,Rake,Adjacent,1.5,3,0,Yes,Yes,,Hydrocharis morsus-ranae,European frog-bit,,0,1,0,1,0.6,1,M. Cowperthwaite,12/13/2024,
2024,2024-LCS-NWA-080824-003A,East cell,Rake,Adjacent,1.5,3,0,Yes,Yes,,Lemna minor,Lesser duckweed,,0,1,0,0,0,0,,,
2024,2024-LCS-NWA-080824-003A,East cell,Rake,Adjacent,1.5,3,0,Yes,Yes,,Lemna sp.,Duckweed sp.,round leaves,0,1,0,1,0,0,M. Cowperthwaite,12/13/2024,
2024,2024-LCS-NWA-080824-003A,East cell,Rake,Adjacent,1.5,3,0,Yes,Yes,,Lemna trisulca,Star duckweed,,0,1,0,1,2.9,2,M. Cowperthwaite,12/13/2024,
2024,2024-LCS-NWA-080824-003A,East cell,Rake,Adjacent,1.5,3,0,Yes,Yes,,Nitella sp.,Stonewort sp.,,0,1,1,0,0,0,,,
2024,2024-LCS-NWA-080824-003A,East cell,Rake,Adjacent,1.5,3,0,Yes,Yes,,Nymphaea sp.,White water lily,,0,1,0,0,0,0,,,
2024,2024-LCS-NWA-080824-003A,East cell,Rake,Adjacent,1.5,3,0,Yes,Yes,,Potamogeton pusillus,Slender pondweed,,0,1,1,1,0.9,0,M. Cowperthwaite,12/13/2024,
2024,2024-LCS-NWA-080824-003A,East cell,Rake,Adjacent,1.5,3,0,Yes,Yes,,Potamogeton zosteriformis,Flat-stemmed pondweed,,0,1,0,1,13.2,14,M. Cowperthwaite,12/13/2024,
2024,2024-LCS-NWA-080824-003A,East cell,Rake,Adjacent,1.5,3,0,Yes,Yes,,Ranunculus sp.,Crowfoot sp.,,0,1,0,1,1.3,1,M. Cowperthwaite,12/13/2024,
2024,2024-LCS-NWA-080824-003A,East cell,Rake,Adjacent,1.5,3,0,Yes,Yes,,Spirodela polyrhiza,Greater duckweed,,0,1,0,0,0,0,,,
2024,2024-LCS-NWA-080824-003A,East cell,Rake,Adjacent,1.5,3,0,Yes,Yes,,Stuckenia pectinatus,Sago pondweed,,0,1,0,0,0,0,,,
2024,2024-LCS-NWA-080824-003A,East cell,Rake,Adjacent,1.5,3,0,Yes,Yes,,Typha sp.,Cattail sp.,,0,1,0,0,0,0,,,
2024,2024-LCS-NWA-080824-003A,East cell,Rake,Adjacent,1.5,3,0,Yes,Yes,,Utricularia sp.,Bladderwort sp.,,0,1,0,0,0,0,,,
2024,2024-LCS-NWA-080824-004A,East cell,Rake,Adjacent,0.66,1,0,Yes,Yes,,Ceratophyllum demersum,Coontail,,0,1,1,1,25.6,26,M. Cowperthwaite,12/2/2024,
2024,2024-LCS-NWA-080824-004A,East cell,Rake,Adjacent,0.66,1,0,Yes,Yes,,Elodea canadensis,Canada waterweed,,1,1,0,0,0,0,,,
2024,2024-LCS-NWA-080824-004A,East cell,Rake,Adjacent,0.66,1,0,Yes,Yes,,Hydrocharis morsus-ranae,European frog-bit,,0,1,0,1,0.3,0,M. Cowperthwaite,12/2/2024,
2024,2024-LCS-NWA-080824-004A,East cell,Rake,Adjacent,0.66,1,0,Yes,Yes,,Lemna minor,Lesser duckweed,,0,1,0,0,0,0,,,
2024,2024-LCS-NWA-080824-004A,East cell,Rake,Adjacent,0.66,1,0,Yes,Yes,,Lemna sp.,Duckweed sp.,round leaves,0,1,0,1,0,0,M. Cowperthwaite,12/2/2024,
2024,2024-LCS-NWA-080824-004A,East cell,Rake,Adjacent,0.66,1,0,Yes,Yes,,Lemna trisulca,Star duckweed,,0,1,1,1,5.8,6,M. Cowperthwaite,12/2/2024,
2024,2024-LCS-NWA-080824-004A,East cell,Rake,Adjacent,0.66,1,0,Yes,Yes,,Myriophyllum sibiricum,Northern water milfoil,,0,1,0,1,8.1,8,M. Cowperthwaite,12/2/2024,
2024,2024-LCS-NWA-080824-004A,East cell,Rake,Adjacent,0.66,1,0,Yes,Yes,,Myriophyllum spicatum,Eurasian water milfoil,,0,1,0,0,0,0,,,
2024,2024-LCS-NWA-080824-004A,East cell,Rake,Adjacent,0.66,1,0,Yes,Yes,,Nymphaea sp.,White water lily,,0,1,1,1,43.7,55,M. Cowperthwaite,12/2/2024,
2024,2024-LCS-NWA-080824-004A,East cell,Rake,Adjacent,0.66,1,0,Yes,Yes,,Potamogeton zosteriformis,Flat-stemmed pondweed,,0,1,1,1,0.5,0,M. Cowperthwaite,12/2/2024,
2024,2024-LCS-NWA-080824-004A,East cell,Rake,Adjacent,0.66,1,0,Yes,Yes,,Riccia fluitans,Floating slender liverwort/Floating crystalwort,,0,1,0,1,0,0,M. Cowperthwaite,12/2/2024,
2024,2024-LCS-NWA-080824-004A,East cell,Rake,Adjacent,0.66,1,0,Yes,Yes,,Spirodela polyrhiza,Greater duckweed,,0,1,0,0,0,0,,,
2024,2024-LCS-NWA-080824-004A,East cell,Rake,Adjacent,0.66,1,0,Yes,Yes,,Utricularia gibba,Humped bladderwort,,0,1,0,1,0.2,0,M. Cowperthwaite,12/2/2024,
2024,2024-LCS-NWA-080824-004A,East cell,Rake,Adjacent,0.66,1,0,Yes,Yes,,Utricularia vulgaris,Common bladderwort,,0,1,1,1,30,30,M. Cowperthwaite,12/2/2024,
2024,2024-LCS-NWA-080824-005A,East cell,Rake,Adjacent,0.78,2,0,Yes,Yes,,Ceratophyllum demersum,Coontail,,0,1,1,1,64.3,70,M. Cowperthwaite,12/11/2024,
2024,2024-LCS-NWA-080824-005A,East cell,Rake,Adjacent,0.78,2,0,Yes,Yes,,Decodon verticillatus,Swamp loosestrife,,0,1,0,0,0,0,,,
2024,2024-LCS-NWA-080824-005A,East cell,Rake,Adjacent,0.78,2,0,Yes,Yes,,Elodea canadensis,Canada waterweed,,0,1,1,1,68.7,70,M. Cowperthwaite,12/11/2024,
2024,2024-LCS-NWA-080824-005A,East cell,Rake,Adjacent,0.78,2,0,Yes,Yes,,Hydrocharis morsus-ranae,European frog-bit,,0,1,1,1,2.8,4,M. Cowperthwaite,12/11/2024,
2024,2024-LCS-NWA-080824-005A,East cell,Rake,Adjacent,0.78,2,0,Yes,Yes,,Lemna trisulca,Star duckweed,,0,1,1,1,0.8,1,M. Cowperthwaite,12/11/2024,
2024,2024-LCS-NWA-080824-005A,East cell,Rake,Adjacent,0.78,2,0,Yes,Yes,,Myriophyllum sibiricum,Northern water milfoil,,0,1,0,1,12.6,15,M. Cowperthwaite,12/11/2024,
2024,2024-LCS-NWA-080824-005A,East cell,Rake,Adjacent,0.78,2,0,Yes,Yes,,Nitella sp.,Stonewort sp.,,0,1,1,1,7.5,8,M. Cowperthwaite,12/11/2024,
2024,2024-LCS-NWA-080824-005A,East cell,Rake,Adjacent,0.78,2,0,Yes,Yes,,Nymphaea sp.,White water lily,,1,1,1,1,33.3,40,M. Cowperthwaite,12/11/2024,
2024,2024-LCS-NWA-080824-005A,East cell,Rake,Adjacent,0.78,2,0,Yes,Yes,,Potamogeton pusillus,Slender pondweed,,0,1,0,1,0,0,M. Cowperthwaite,12/11/2024,measured with flat-stemmed pondweed
2024,2024-LCS-NWA-080824-005A,East cell,Rake,Adjacent,0.78,2,0,Yes,Yes,,Potamogeton zosteriformis,Flat-stemmed pondweed,,0,1,0,1,17.8,17,M. Cowperthwaite,12/11/2024,measures include slender pondweed
2024,2024-LCS-NWA-080824-005A,East cell,Rake,Adjacent,0.78,2,0,Yes,Yes,,Ranunculus sp.,Crowfoot sp.,,0,1,0,1,3.3,4,M. Cowperthwaite,12/11/2024,
2024,2024-LCS-NWA-080824-005A,East cell,Rake,Adjacent,0.78,2,0,Yes,Yes,,Spirodela polyrhiza,Greater duckweed,,0,1,0,1,0,0,M. Cowperthwaite,12/11/2024,
2024,2024-LCS-NWA-080824-005A,East cell,Rake,Adjacent,0.78,2,0,Yes,Yes,,Typha sp.,Cattail sp.,,0,1,0,0,0,0,,,
2024,2024-LCS-NWA-080824-005A,East cell,Rake,Adjacent,0.78,2,0,Yes,Yes,,Utricularia gibba,Humped bladderwort,,0,1,0,1,0,0,M. Cowperthwaite,12/11/2024,
2024,2024-LCS-NWA-080824-005A,East cell,Rake,Adjacent,0.78,2,0,Yes,Yes,,Utricularia vulgaris,Common bladderwort,,0,1,0,1,6.8,7,M. Cowperthwaite,12/11/2024,
2024,2024-LCS-NWA-120824-001A,East cell,Rake,Adjacent,0.76,1,0,Yes,Yes,,Algae,Algae,Filamentous,0,1,0,0,0,0,,,
2024,2024-LCS-NWA-120824-001A,East cell,Rake,Adjacent,0.76,1,0,Yes,Yes,,Ceratophyllum demersum,Coontail,,0,1,1,1,13.5,14,M. Cowperthwaite,12/16/2024,
2024,2024-LCS-NWA-120824-001A,East cell,Rake,Adjacent,0.76,1,0,Yes,Yes,,Elodea canadensis,Canada waterweed,,0,1,0,1,0.3,0,M. Cowperthwaite,12/16/2024,
2024,2024-LCS-NWA-120824-001A,East cell,Rake,Adjacent,0.76,1,0,Yes,Yes,,Hydrocharis morsus-ranae,European frog-bit,,0,1,0,0,0,0,,,
2024,2024-LCS-NWA-120824-001A,East cell,Rake,Adjacent,0.76,1,0,Yes,Yes,,Lemna minor,Lesser duckweed,,0,1,0,1,0,0,M. Cowperthwaite,12/16/2024,
2024,2024-LCS-NWA-120824-001A,East cell,Rake,Adjacent,0.76,1,0,Yes,Yes,,Najas sp.,Naiad sp.,,0,1,0,0,0,0,,,
2024,2024-LCS-NWA-120824-001A,East cell,Rake,Adjacent,0.76,1,0,Yes,Yes,,Nitella sp.,Stonewort sp.,,0,1,0,1,0.5,0,M. Cowperthwaite,12/16/2024,
2024,2024-LCS-NWA-120824-001A,East cell,Rake,Adjacent,0.76,1,0,Yes,Yes,,Nymphaea sp.,White water lily,,0,1,1,1,120.1,145,M. Cowperthwaite,12/16/2024,"Leaves: 85mL, Stems: 60mL"
2024,2024-LCS-NWA-120824-001A,East cell,Rake,Adjacent,0.76,1,0,Yes,Yes,,Potamogeton zosteriformis,Flat-stemmed pondweed,,0,1,0,1,0,0,M. Cowperthwaite,12/16/2024,
2024,2024-LCS-NWA-120824-001A,East cell,Rake,Adjacent,0.76,1,0,Yes,Yes,,Spirodela polyrhiza,Greater duckweed,,0,1,0,1,0,0,M. Cowperthwaite,12/16/2024,
2024,2024-LCS-NWA-120824-001A,East cell,Rake,Adjacent,0.76,1,0,Yes,Yes,,Utricularia sp.,Bladderwort sp.,,1,1,0,0,0,0,,,
2024,2024-LCS-NWA-120824-002A,East cell,Rake,Adjacent,0.62,2,0,Yes,Yes,lots of detritus with rake,Ceratophyllum demersum,Coontail,,0,1,1,1,36.8,39,M. Cowperthwaite,12/16/2024,
2024,2024-LCS-NWA-120824-002A,East cell,Rake,Adjacent,0.62,2,0,Yes,Yes,lots of detritus with rake,Elodea canadensis,Canada waterweed,,0,1,0,1,0.8,1,M. Cowperthwaite,12/16/2024,
2024,2024-LCS-NWA-120824-002A,East cell,Rake,Adjacent,0.62,2,0,Yes,Yes,lots of detritus with rake,Hydrocharis morsus-ranae,European frog-bit,,0,1,1,0,0,0,,,
2024,2024-LCS-NWA-120824-002A,East cell,Rake,Adjacent,0.62,2,0,Yes,Yes,lots of detritus with rake,Lemna minor,Lesser duckweed,,0,1,0,1,0,0,M. Cowperthwaite,12/16/2024,
2024,2024-LCS-NWA-120824-002A,East cell,Rake,Adjacent,0.62,2,0,Yes,Yes,lots of detritus with rake,Lemna trisulca,Star duckweed,,0,1,0,1,0,0,M. Cowperthwaite,12/16/2024,
2024,2024-LCS-NWA-120824-002A,East cell,Rake,Adjacent,0.62,2,0,Yes,Yes,lots of detritus with rake,Myriophyllum sibiricum,Northern water milfoil,,0,1,0,1,3.2,3,M. Cowperthwaite,12/16/2024,
2024,2024-LCS-NWA-120824-002A,East cell,Rake,Adjacent,0.62,2,0,Yes,Yes,lots of detritus with rake,Najas flexilis,Slender naiad/ water nymph,,0,1,0,1,0.2,0,M. Cowperthwaite,12/16/2024,
2024,2024-LCS-NWA-120824-002A,East cell,Rake,Adjacent,0.62,2,0,Yes,Yes,lots of detritus with rake,Nitella sp.,Stonewort sp.,,0,1,0,1,1.6,2,M. Cowperthwaite,12/16/2024,
2024,2024-LCS-NWA-120824-002A,East cell,Rake,Adjacent,0.62,2,0,Yes,Yes,lots of detritus with rake,Nitellopsis obtusa,Starry stonewort,,0,1,0,1,15.3,16,M. Cowperthwaite,12/16/2024,
2024,2024-LCS-NWA-120824-002A,East cell,Rake,Adjacent,0.62,2,0,Yes,Yes,lots of detritus with rake,Nymphaea sp.,White water lily,,1,1,1,1,44.3,50,M. Cowperthwaite,12/16/2024,
2024,2024-LCS-NWA-120824-002A,East cell,Rake,Adjacent,0.62,2,0,Yes,Yes,lots of detritus with rake,Potamogeton zosteriformis,Flat-stemmed pondweed,,0,1,0,1,0.6,0,M. Cowperthwaite,12/16/2024,
2024,2024-LCS-NWA-120824-002A,East cell,Rake,Adjacent,0.62,2,0,Yes,Yes,lots of detritus with rake,Spirodela polyrhiza,Greater duckweed,,0,1,0,1,0,0,M. Cowperthwaite,12/16/2024,
2024,2024-LCS-NWA-120824-002A,East cell,Rake,Adjacent,0.62,2,0,Yes,Yes,lots of detritus with rake,Utricularia gibba,Humped bladderwort,,0,1,0,1,1,1,M. Cowperthwaite,12/16/2024,
2024,2024-LCS-NWA-120824-002A,East cell,Rake,Adjacent,0.62,2,0,Yes,Yes,lots of detritus with rake,Utricularia vulgaris,Common bladderwort,,0,1,1,1,114.7,120,M. Cowperthwaite,12/16/2024,
2024,2024-LCS-NWA-120824-003A,East cell,Rake,Adjacent,0.6,1,0,Yes,Yes,,Ceratophyllum demersum,Coontail,,0,1,0,0,0,0,,,
2024,2024-LCS-NWA-120824-003A,East cell,Rake,Adjacent,0.6,1,0,Yes,Yes,,Hydrocharis morsus-ranae,European frog-bit,,0,1,0,0,0,0,,,
2024,2024-LCS-NWA-120824-003A,East cell,Rake,Adjacent,0.6,1,0,Yes,Yes,,Lemna minor,Lesser duckweed,,0,1,0,0,0,0,,,
2024,2024-LCS-NWA-120824-003A,East cell,Rake,Adjacent,0.6,1,0,Yes,Yes,,Nymphaea sp.,White water lily,,1,1,1,1,68.8,90,M. Cowperthwaite,12/19/2024,"Leaves: 45mL, Stems: 45mL"
2024,2024-LCS-NWA-120824-003A,East cell,Rake,Adjacent,0.6,1,0,Yes,Yes,,Sagittaria sp.,Arrowhead sp.,,0,1,0,0,0,0,,,
2024,2024-LCS-NWA-120824-003A,East cell,Rake,Adjacent,0.6,1,0,Yes,Yes,,Spirodela polyrhiza,Greater duckweed,,0,1,0,0,0,0,,,
2024,2024-LCS-NWA-120824-003A,East cell,Rake,Adjacent,0.6,1,0,Yes,Yes,,Utricularia sp.,Bladderwort sp.,,0,1,0,0,0,0,,,
2024,2024-LCS-NWA-120824-004A,East cell,Rake,Adjacent,0.9,2,0,Yes,Yes,very mucky sample,Ceratophyllum demersum,Coontail,,1,1,1,1,21.5,22,M. Cowperthwaite,12/23/2024,
2024,2024-LCS-NWA-120824-004A,East cell,Rake,Adjacent,0.9,2,0,Yes,Yes,very mucky sample,Elodea canadensis,Canada waterweed,,0,1,1,1,81.5,85,M. Cowperthwaite,12/23/2024,
2024,2024-LCS-NWA-120824-004A,East cell,Rake,Adjacent,0.9,2,0,Yes,Yes,very mucky sample,Hydrocharis morsus-ranae,European frog-bit,,0,1,0,0,0,0,,,
2024,2024-LCS-NWA-120824-004A,East cell,Rake,Adjacent,0.9,2,0,Yes,Yes,very mucky sample,Lemna minor,Lesser duckweed,,0,1,0,0,0,0,,,
2024,2024-LCS-NWA-120824-004A,East cell,Rake,Adjacent,0.9,2,0,Yes,Yes,very mucky sample,Lemna trisulca,Star duckweed,,0,1,0,1,0,0,M. Cowperthwaite,12/23/2024,
2024,2024-LCS-NWA-120824-004A,East cell,Rake,Adjacent,0.9,2,0,Yes,Yes,very mucky sample,Najas sp.,Naiad sp.,,0,1,0,0,0,0,,,
2024,2024-LCS-NWA-120824-004A,East cell,Rake,Adjacent,0.9,2,0,Yes,Yes,very mucky sample,Nitella sp.,Stonewort sp.,,0,1,0,0,0,0,,,
2024,2024-LCS-NWA-120824-004A,East cell,Rake,Adjacent,0.9,2,0,Yes,Yes,very mucky sample,Nymphaea sp.,White water lily,,0,1,0,0,0,0,,,
2024,2024-LCS-NWA-120824-004A,East cell,Rake,Adjacent,0.9,2,0,Yes,Yes,very mucky sample,Potamogeton pusillus,Slender pondweed,,0,1,0,1,0.5,1,M. Cowperthwaite,12/23/2024,
2024,2024-LCS-NWA-120824-004A,East cell,Rake,Adjacent,0.9,2,0,Yes,Yes,very mucky sample,Spirodela polyrhiza,Greater duckweed,,0,1,0,1,0,0,M. Cowperthwaite,12/23/2024,
2024,2024-LCS-NWA-120824-004A,East cell,Rake,Adjacent,0.9,2,0,Yes,Yes,very mucky sample,Utricularia sp.,Bladderwort sp.,,0,1,0,0,0,0,,,
2024,2024-LCS-NWA-120824-005A,East cell,Rake,Adjacent,0.52,2,0,Yes,Yes,detritus in sample,Ceratophyllum demersum,Coontail,,0,1,0,1,35.8,39,M. Cowperthwaite,12/16/2024,
2024,2024-LCS-NWA-120824-005A,East cell,Rake,Adjacent,0.52,2,0,Yes,Yes,detritus in sample,Hydrocharis morsus-ranae,European frog-bit,,0,1,1,1,62.7,90,M. Cowperthwaite,12/16/2024,
2024,2024-LCS-NWA-120824-005A,East cell,Rake,Adjacent,0.52,2,0,Yes,Yes,detritus in sample,Lemna minor,Lesser duckweed,,0,1,0,1,0,0,M. Cowperthwaite,12/16/2024,
2024,2024-LCS-NWA-120824-005A,East cell,Rake,Adjacent,0.52,2,0,Yes,Yes,detritus in sample,Lemna trisulca,Star duckweed,,0,1,0,1,0,0,M. Cowperthwaite,12/16/2024,
2024,2024-LCS-NWA-120824-005A,East cell,Rake,Adjacent,0.52,2,0,Yes,Yes,detritus in sample,Nymphaea sp.,White water lily,,1,1,1,1,106.2,130,M. Cowperthwaite,12/16/2024,"Leaves: 60 mL, Stems: 70 mL"
2024,2024-LCS-NWA-120824-005A,East cell,Rake,Adjacent,0.52,2,0,Yes,Yes,detritus in sample,Riccia fluitans,Floating slender liverwort/Floating crystalwort,,0,1,0,1,0,0,M. Cowperthwaite,12/16/2024,
2024,2024-LCS-NWA-120824-005A,East cell,Rake,Adjacent,0.52,2,0,Yes,Yes,detritus in sample,Spirodela polyrhiza,Greater duckweed,,0,1,0,1,0.4,0,M. Cowperthwaite,12/16/2024,measurement includes all duckweed sp.
2024,2024-LCS-NWA-120824-005A,East cell,Rake,Adjacent,0.52,2,0,Yes,Yes,detritus in sample,Utricularia vulgaris,Common bladderwort,,0,1,0,1,7.4,8,M. Cowperthwaite,12/16/2024,
2024,2024-LCS-NWA-130824-001A,East cell,Rake,Adjacent,0.82,1,0,Yes,Yes,mucky sample,Algae,Algae,filamentous,0,1,0,0,0,0,,,
2024,2024-LCS-NWA-130824-001A,East cell,Rake,Adjacent,0.82,1,0,Yes,Yes,mucky sample,Ceratophyllum demersum,Coontail,,0,1,1,1,53,57,M. Cowperthwaite,12/30/2024,
2024,2024-LCS-NWA-130824-001A,East cell,Rake,Adjacent,0.82,1,0,Yes,Yes,mucky sample,Elodea canadensis,Canada waterweed,,0,1,0,1,0.9,1,M. Cowperthwaite,12/30/2024,
2024,2024-LCS-NWA-130824-001A,East cell,Rake,Adjacent,0.82,1,0,Yes,Yes,mucky sample,Hydrocharis morsus-ranae,European frog-bit,,0,1,1,1,13.2,18,M. Cowperthwaite,12/30/2024,
2024,2024-LCS-NWA-130824-001A,East cell,Rake,Adjacent,0.82,1,0,Yes,Yes,mucky sample,Lemna minor,Lesser duckweed,,0,1,0,1,0,0,M. Cowperthwaite,12/30/2024,
2024,2024-LCS-NWA-130824-001A,East cell,Rake,Adjacent,0.82,1,0,Yes,Yes,mucky sample,Lemna trisulca,Star duckweed,,0,1,0,1,0.1,0,M. Cowperthwaite,12/30/2024,
2024,2024-LCS-NWA-130824-001A,East cell,Rake,Adjacent,0.82,1,0,Yes,Yes,mucky sample,Nymphaea sp.,White water lily,,1,1,0,0,0,0,,,
2024,2024-LCS-NWA-130824-001A,East cell,Rake,Adjacent,0.82,1,0,Yes,Yes,mucky sample,Riccia fluitans,Floating slender liverwort/Floating crystalwort,,0,1,0,1,0,0,M. Cowperthwaite,12/30/2024,
2024,2024-LCS-NWA-130824-001A,East cell,Rake,Adjacent,0.82,1,0,Yes,Yes,mucky sample,Spirodela polyrhiza,Greater duckweed,,0,1,0,1,0,0,M. Cowperthwaite,12/30/2024,
2024,2024-LCS-NWA-130824-001A,East cell,Rake,Adjacent,0.82,1,0,Yes,Yes,mucky sample,Stuckenia pectinatus,Sago pondweed,,0,1,1,1,8.3,11,M. Cowperthwaite,12/30/2024,
2024,2024-LCS-NWA-130824-001A,East cell,Rake,Adjacent,0.82,1,0,Yes,Yes,mucky sample,Typha sp.,Cattail sp.,,0,1,0,0,0,0,,,
2024,2024-LCS-NWA-130824-001A,East cell,Rake,Adjacent,0.82,1,0,Yes,Yes,mucky sample,Utricularia vulgaris,Common bladderwort,,0,1,1,1,12.8,13,M. Cowperthwaite,12/30/2024,
2024,2024-LCS-NWA-130824-002A,East cell,Rake,Adjacent,0.37,3,0,Yes,Yes,mucky sample,Algae,Algae,filamentous,0,1,0,0,0,0,,,
2024,2024-LCS-NWA-130824-002A,East cell,Rake,Adjacent,0.37,3,0,Yes,Yes,mucky sample,Ceratophyllum demersum,Coontail,,0,1,1,1,20.9,20,M. Cowperthwaite,1/2/2025,
2024,2024-LCS-NWA-130824-002A,East cell,Rake,Adjacent,0.37,3,0,Yes,Yes,mucky sample,Decodon verticillatus,Swamp loosestrife,,0,1,0,0,0,0,,,
2024,2024-LCS-NWA-130824-002A,East cell,Rake,Adjacent,0.37,3,0,Yes,Yes,mucky sample,Elodea canadensis,Canada waterweed,,0,1,0,1,1.8,2,M. Cowperthwaite,1/2/2025,
2024,2024-LCS-NWA-130824-002A,East cell,Rake,Adjacent,0.37,3,0,Yes,Yes,mucky sample,Hydrocharis morsus-ranae,European frog-bit,,0,1,0,0,0,0,,,
2024,2024-LCS-NWA-130824-002A,East cell,Rake,Adjacent,0.37,3,0,Yes,Yes,mucky sample,Lemna minor,Lesser duckweed,,0,1,0,1,0,0,M. Cowperthwaite,1/2/2025,
2024,2024-LCS-NWA-130824-002A,East cell,Rake,Adjacent,0.37,3,0,Yes,Yes,mucky sample,Lemna trisulca,Star duckweed,,0,1,0,1,0,0,M. Cowperthwaite,1/2/2025,
2024,2024-LCS-NWA-130824-002A,East cell,Rake,Adjacent,0.37,3,0,Yes,Yes,mucky sample,Najas minor,Brittle naiad/Brittle water nymph,,0,1,1,1,13.7,15,M. Cowperthwaite,1/2/2025,
2024,2024-LCS-NWA-130824-002A,East cell,Rake,Adjacent,0.37,3,0,Yes,Yes,mucky sample,Nitellopsis obtusa,Starry stonewort,,0,1,1,1,101.9,100,M. Cowperthwaite,1/2/2025,
2024,2024-LCS-NWA-130824-002A,East cell,Rake,Adjacent,0.37,3,0,Yes,Yes,mucky sample,Nymphaea sp.,White water lily,,1,1,0,1,4.9,6,M. Cowperthwaite,1/2/2025,
2024,2024-LCS-NWA-130824-002A,East cell,Rake,Adjacent,0.37,3,0,Yes,Yes,mucky sample,Spirodela polyrhiza,Greater duckweed,,0,1,0,1,0,0,M. Cowperthwaite,1/2/2025,
2024,2024-LCS-NWA-130824-002A,East cell,Rake,Adjacent,0.37,3,0,Yes,Yes,mucky sample,Utricularia vulgaris,Common bladderwort,,0,1,1,1,10,10,M. Cowperthwaite,1/2/2025,
2024,2024-LCS-NWA-130824-003A,East cell,Rake,Adjacent,0.72,2,0,Yes,Yes,,Ceratophyllum demersum,Coontail,,0,1,1,1,39.9,46,M. Cowperthwaite,1/2/2025,
2024,2024-LCS-NWA-130824-003A,East cell,Rake,Adjacent,0.72,2,0,Yes,Yes,,Hydrocharis morsus-ranae,European frog-bit,,0,1,0,0,0,0,,,
2024,2024-LCS-NWA-130824-003A,East cell,Rake,Adjacent,0.72,2,0,Yes,Yes,,Lemna minor,Lesser duckweed,,0,1,0,1,0,0,M. Cowperthwaite,1/2/2025,
2024,2024-LCS-NWA-130824-003A,East cell,Rake,Adjacent,0.72,2,0,Yes,Yes,,Nitella sp.,Stonewort sp.,,0,1,0,0,0,0,,,
2024,2024-LCS-NWA-130824-003A,East cell,Rake,Adjacent,0.72,2,0,Yes,Yes,,Nymphaea sp.,White water lily,,1,1,1,1,82.6,100,M. Cowperthwaite,1/2/2025,"Leaves: 60 mL, Stems: 40 mL"
2024,2024-LCS-NWA-130824-003A,East cell,Rake,Adjacent,0.72,2,0,Yes,Yes,,Riccia fluitans,Floating slender liverwort/Floating crystalwort,,0,1,0,1,0,0,M. Cowperthwaite,1/2/2025,
2024,2024-LCS-NWA-130824-003A,East cell,Rake,Adjacent,0.72,2,0,Yes,Yes,,Spirodela polyrhiza,Greater duckweed,,0,1,0,1,0,0,M. Cowperthwaite,1/2/2025,
2024,2024-LCS-NWA-130824-003A,East cell,Rake,Adjacent,0.72,2,0,Yes,Yes,,Typha sp.,Cattail sp.,,0,1,0,0,0,0,,,
2024,2024-LCS-NWA-130824-003A,East cell,Rake,Adjacent,0.72,2,0,Yes,Yes,,Unknown Submerged,Unknown Submerged,,0,1,0,1,2.1,2,M. Cowperthwaite,1/2/2025,stem plus fragment of leaf
2024,2024-LCS-NWA-130824-003A,East cell,Rake,Adjacent,0.72,2,0,Yes,Yes,,Utricularia sp.,Bladderwort sp.,,0,1,0,0,0,0,,,
2024,2024-LCS-NWA-130824-004A,East cell,Rake,Adjacent,0.68,2,0,Yes,Yes,,Ceratophyllum demersum,Coontail,,0,1,0,1,24.9,26,M. Cowperthwaite,12/31/2024,
2024,2024-LCS-NWA-130824-004A,East cell,Rake,Adjacent,0.68,2,0,Yes,Yes,,Elodea canadensis,Canada waterweed,,0,1,0,0,0,0,,,
2024,2024-LCS-NWA-130824-004A,East cell,Rake,Adjacent,0.68,2,0,Yes,Yes,,Hydrocharis morsus-ranae,European frog-bit,,0,1,0,0,0,0,,,
2024,2024-LCS-NWA-130824-004A,East cell,Rake,Adjacent,0.68,2,0,Yes,Yes,,Lemna minor,Lesser duckweed,,0,1,0,1,0,0,M. Cowperthwaite,12/31/2024,
2024,2024-LCS-NWA-130824-004A,East cell,Rake,Adjacent,0.68,2,0,Yes,Yes,,Najas minor,Brittle naiad/Brittle water nymph,,0,1,1,1,17.1,18,M. Cowperthwaite,12/31/2024,
2024,2024-LCS-NWA-130824-004A,East cell,Rake,Adjacent,0.68,2,0,Yes,Yes,,Nymphaea sp.,White water lily,,0,1,1,1,11.2,14,M. Cowperthwaite,12/31/2024,
2024,2024-LCS-NWA-130824-004A,East cell,Rake,Adjacent,0.68,2,0,Yes,Yes,,Potamogeton crispus,Curly-leaved pondweed,,0,1,1,1,4.2,6,M. Cowperthwaite,12/31/2024,
2024,2024-LCS-NWA-130824-004A,East cell,Rake,Adjacent,0.68,2,0,Yes,Yes,,Potamogeton pusillus,Slender pondweed,,0,1,0,1,8.7,10,M. Cowperthwaite,12/31/2024,
2024,2024-LCS-NWA-130824-004A,East cell,Rake,Adjacent,0.68,2,0,Yes,Yes,,Utricularia vulgaris,Common bladderwort,,0,1,0,1,2.7,3,M. Cowperthwaite,12/31/2024,
2024,2024-LCS-NWA-130824-005A,East cell,Rake,Adjacent,0.68,1,0,Yes,Yes,,Ceratophyllum demersum,Coontail,,0,1,1,1,7.2,7,M. Cowperthwaite,12/30/2024,
2024,2024-LCS-NWA-130824-005A,East cell,Rake,Adjacent,0.68,1,0,Yes,Yes,,Hydrocharis morsus-ranae,European frog-bit,,0,1,0,1,0.7,1,M. Cowperthwaite,12/30/2024,
2024,2024-LCS-NWA-130824-005A,East cell,Rake,Adjacent,0.68,1,0,Yes,Yes,,Lemna minor,Lesser duckweed,,0,1,0,1,0,0,M. Cowperthwaite,12/30/2024,
2024,2024-LCS-NWA-130824-005A,East cell,Rake,Adjacent,0.68,1,0,Yes,Yes,,Nymphaea sp.,White water lily,,1,1,1,1,250.9,330,M. Cowperthwaite,12/30/2024,
2024,2024-LCS-NWA-130824-005A,East cell,Rake,Adjacent,0.68,1,0,Yes,Yes,,Spirodela polyrhiza,Greater duckweed,,0,1,0,1,0,0,M. Cowperthwaite,12/30/2024,
2024,2024-LCS-NWA-130824-005A,East cell,Rake,Adjacent,0.68,1,0,Yes,Yes,,Utricularia sp.,Bladderwort sp.,,0,1,0,0,0,0,,,
2024,2024-LCS-NWA-140824-001A,East cell,Rake,Adjacent,0.85,1,0,Yes,Yes,mucky sample,Ceratophyllum demersum,Coontail,,1,1,1,1,38.3,39,M. Cowperthwaite,12/27/2024,
2024,2024-LCS-NWA-140824-001A,East cell,Rake,Adjacent,0.85,1,0,Yes,Yes,mucky sample,Lemna minor,Lesser duckweed,,0,1,0,1,0,0,M. Cowperthwaite,12/27/2024,
2024,2024-LCS-NWA-140824-001A,East cell,Rake,Adjacent,0.85,1,0,Yes,Yes,mucky sample,Najas minor,Brittle naiad/Brittle water nymph,,0,1,0,1,0,0,M. Cowperthwaite,12/27/2024,
2024,2024-LCS-NWA-140824-001A,East cell,Rake,Adjacent,0.85,1,0,Yes,Yes,mucky sample,Nymphaea sp.,White water lily,,0,1,0,0,0,0,,,
2024,2024-LCS-NWA-140824-001A,East cell,Rake,Adjacent,0.85,1,0,Yes,Yes,mucky sample,Spirodela polyrhiza,Greater duckweed,,0,1,0,0,0,0,,,
2024,2024-LCS-NWA-140824-002A,East cell,Rake,Adjacent,0.97,1,0,Yes,Yes,,Ceratophyllum demersum,Coontail,,0,1,1,1,1.5,2,M. Cowperthwaite,12/27/2024,
2024,2024-LCS-NWA-140824-002A,East cell,Rake,Adjacent,0.97,1,0,Yes,Yes,,Hydrocharis morsus-ranae,European frog-bit,,0,1,0,0,0,0,,,
2024,2024-LCS-NWA-140824-002A,East cell,Rake,Adjacent,0.97,1,0,Yes,Yes,,Lemna minor,Lesser duckweed,,0,1,0,1,0,0,M. Cowperthwaite,12/27/2024,
2024,2024-LCS-NWA-140824-002A,East cell,Rake,Adjacent,0.97,1,0,Yes,Yes,,Lemna trisulca,Star duckweed,,0,1,0,1,0,0,M. Cowperthwaite,12/27/2024,
2024,2024-LCS-NWA-140824-002A,East cell,Rake,Adjacent,0.97,1,0,Yes,Yes,,Spirodela polyrhiza,Greater duckweed,,1,1,1,1,0,0,M. Cowperthwaite,12/27/2024,
2024,2024-LCS-NWA-140824-002A,East cell,Rake,Adjacent,0.97,1,0,Yes,Yes,,Wolffia sp.,Watermeal sp.,,0,1,1,1,0,0,M. Cowperthwaite,12/27/2024,
2024,2024-LCS-NWA-140824-003A,East cell,Rake,Adjacent,0.31,1,0,Yes,Yes,,Ceratophyllum demersum,Coontail,,0,1,0,0,0,0,,,
2024,2024-LCS-NWA-140824-003A,East cell,Rake,Adjacent,0.31,1,0,Yes,Yes,,Hydrocharis morsus-ranae,European frog-bit,,0,1,1,1,9,13,M. Cowperthwaite,12/27/2024,
2024,2024-LCS-NWA-140824-003A,East cell,Rake,Adjacent,0.31,1,0,Yes,Yes,,Lemna minor,Lesser duckweed,,0,1,1,1,0,0,M. Cowperthwaite,12/27/2024,
2024,2024-LCS-NWA-140824-003A,East cell,Rake,Adjacent,0.31,1,0,Yes,Yes,,Lemna trisulca,Star duckweed,,0,1,0,1,0.2,0,M. Cowperthwaite,12/27/2024,measurement includes all duckweed sp.
2024,2024-LCS-NWA-140824-003A,East cell,Rake,Adjacent,0.31,1,0,Yes,Yes,,Najas minor,Brittle naiad/Brittle water nymph,,0,1,0,1,0.1,0,M. Cowperthwaite,12/27/2024,
2024,2024-LCS-NWA-140824-003A,East cell,Rake,Adjacent,0.31,1,0,Yes,Yes,,Nymphaea sp.,White water lily,,1,1,1,1,5.5,8,M. Cowperthwaite,12/27/2024,
2024,2024-LCS-NWA-140824-003A,East cell,Rake,Adjacent,0.31,1,0,Yes,Yes,,Riccia fluitans,Floating slender liverwort/Floating crystalwort,,0,1,0,1,0.4,0,M. Cowperthwaite,12/27/2024,
2024,2024-LCS-NWA-140824-003A,East cell,Rake,Adjacent,0.31,1,0,Yes,Yes,,Spirodela polyrhiza,Greater duckweed,,0,1,0,1,0,0,M. Cowperthwaite,12/27/2024,
2024,2024-LCS-NWA-140824-003A,East cell,Rake,Adjacent,0.31,1,0,Yes,Yes,,Utricularia sp.,Bladderwort sp.,,0,1,1,1,0.2,0,M. Cowperthwaite,12/27/2024,
2024,2024-LCS-NWA-140824-003A,East cell,Rake,Adjacent,0.31,1,0,Yes,Yes,,Wolffia sp.,Watermeal sp.,,0,1,0,0,0,0,,,
2024,2024-LCS-NWA-140824-004A,East cell,Rake,Adjacent,0.55,2,0,Yes,Yes,mucky sample,Ceratophyllum demersum,Coontail,,0,1,0,1,30.6,33,M. Cowperthwaite,12/31/2024,
2024,2024-LCS-NWA-140824-004A,East cell,Rake,Adjacent,0.55,2,0,Yes,Yes,mucky sample,Lemna minor,Lesser duckweed,,0,1,0,1,0,0,M. Cowperthwaite,12/31/2024,
2024,2024-LCS-NWA-140824-004A,East cell,Rake,Adjacent,0.55,2,0,Yes,Yes,mucky sample,Najas minor,Brittle naiad/Brittle water nymph,,1,1,1,1,40.8,40,M. Cowperthwaite,12/31/2024,
2024,2024-LCS-NWA-140824-004A,East cell,Rake,Adjacent,0.55,2,0,Yes,Yes,mucky sample,Nymphaea sp.,White water lily,,0,1,0,1,30.6,40,M. Cowperthwaite,12/31/2024,
2024,2024-LCS-NWA-140824-004A,East cell,Rake,Adjacent,0.55,2,0,Yes,Yes,mucky sample,Spirodela polyrhiza,Greater duckweed,,0,1,0,1,0,0,M. Cowperthwaite,12/31/2024,
2024,2024-LCS-NWA-140824-005A,East cell,Rake,Adjacent,0.3,1,0,Yes,Yes,,Algae,Algae,,0,1,0,0,0,0,,,
2024,2024-LCS-NWA-140824-005A,East cell,Rake,Adjacent,0.3,1,0,Yes,Yes,,Ceratophyllum demersum,Coontail,,0,1,1,1,15.2,15,M. Cowperthwaite,12/31/2024,
2024,2024-LCS-NWA-140824-005A,East cell,Rake,Adjacent,0.3,1,0,Yes,Yes,,Hydrocharis morsus-ranae,European frog-bit,,1,1,1,1,90.9,125,M. Cowperthwaite,12/31/2024,
2024,2024-LCS-NWA-140824-005A,East cell,Rake,Adjacent,0.3,1,0,Yes,Yes,,Lemna minor,Lesser duckweed,,0,1,0,1,0,0,M. Cowperthwaite,12/31/2024,
2024,2024-LCS-NWA-140824-005A,East cell,Rake,Adjacent,0.3,1,0,Yes,Yes,,Lemna trisulca,Star duckweed,,0,1,0,1,0,0,M. Cowperthwaite,12/31/2024,
2024,2024-LCS-NWA-140824-005A,East cell,Rake,Adjacent,0.3,1,0,Yes,Yes,,Najas minor,Brittle naiad/Brittle water nymph,,0,1,0,1,1.5,1,M. Cowperthwaite,12/31/2024,
2024,2024-LCS-NWA-140824-005A,East cell,Rake,Adjacent,0.3,1,0,Yes,Yes,,Nitella sp.,Stonewort sp.,,0,1,0,1,0.1,0,M. Cowperthwaite,12/31/2024,
2024,2024-LCS-NWA-140824-005A,East cell,Rake,Adjacent,0.3,1,0,Yes,Yes,,Nymphaea sp.,White water lily,,0,1,0,0,0,0,,,
2024,2024-LCS-NWA-140824-005A,East cell,Rake,Adjacent,0.3,1,0,Yes,Yes,,Potamogeton pusillus,Slender pondweed,,0,1,0,1,0.1,0,M. Cowperthwaite,12/31/2024,
2024,2024-LCS-NWA-140824-005A,East cell,Rake,Adjacent,0.3,1,0,Yes,Yes,,Spirodela polyrhiza,Greater duckweed,,0,1,0,1,0,0,M. Cowperthwaite,12/31/2024,
2024,2024-LCS-NWA-140824-005A,East cell,Rake,Adjacent,0.3,1,0,Yes,Yes,,Stuckenia pectinatus,Sago pondweed,,0,1,0,0,0,0,,,
2024,2024-LCS-NWA-140824-005A,East cell,Rake,Adjacent,0.3,1,0,Yes,Yes,,Typha sp.,Cattail sp.,,0,1,0,0,0,0,,,
2024,2024-LCS-NWA-140824-005A,East cell,Rake,Adjacent,0.3,1,0,Yes,Yes,,Utricularia vulgaris,Common bladderwort,,0,1,0,1,27.1,29,M. Cowperthwaite,12/31/2024,
2024,2024-LCS-NWA-150824-001A,East cell,Rake,Adjacent,0.79,2,0,Yes,Yes,mucky sample,Ceratophyllum demersum,Coontail,,0,1,1,1,39.9,42,M. Cowperthwaite,12/27/2024,
2024,2024-LCS-NWA-150824-001A,East cell,Rake,Adjacent,0.79,2,0,Yes,Yes,mucky sample,Elodea canadensis,Canada waterweed,,0,1,1,1,55,60,M. Cowperthwaite,12/27/2024,
2024,2024-LCS-NWA-150824-001A,East cell,Rake,Adjacent,0.79,2,0,Yes,Yes,mucky sample,Hydrocharis morsus-ranae,European frog-bit,,0,1,1,1,19.4,28,M. Cowperthwaite,12/27/2024,
2024,2024-LCS-NWA-150824-001A,East cell,Rake,Adjacent,0.79,2,0,Yes,Yes,mucky sample,Lemna trisulca,Star duckweed,,0,1,0,1,0.4,0,M. Cowperthwaite,12/27/2024,
2024,2024-LCS-NWA-150824-001A,East cell,Rake,Adjacent,0.79,2,0,Yes,Yes,mucky sample,Myriophyllum sibiricum,Northern water milfoil,,0,1,0,1,16.6,19,M. Cowperthwaite,12/27/2024,
2024,2024-LCS-NWA-150824-001A,East cell,Rake,Adjacent,0.79,2,0,Yes,Yes,mucky sample,Nitella sp.,Stonewort sp.,,0,1,0,1,6.9,6,M. Cowperthwaite,12/27/2024,
2024,2024-LCS-NWA-150824-001A,East cell,Rake,Adjacent,0.79,2,0,Yes,Yes,mucky sample,Nymphaea sp.,White water lily,,0,1,1,1,379.7,475,M. Cowperthwaite,12/27/2024,"Leaves: 215mL, Stems: 260mL"
2024,2024-LCS-NWA-150824-001A,East cell,Rake,Adjacent,0.79,2,0,Yes,Yes,mucky sample,Pontederia cordata,Pickerelweed,,0,1,0,0,0,0,,,
2024,2024-LCS-NWA-150824-001A,East cell,Rake,Adjacent,0.79,2,0,Yes,Yes,mucky sample,Potamogeton pusillus,Slender pondweed,,0,1,0,1,1.4,1,M. Cowperthwaite,12/27/2024,
2024,2024-LCS-NWA-150824-001A,East cell,Rake,Adjacent,0.79,2,0,Yes,Yes,mucky sample,Sagittaria sp.,Arrowhead sp.,,1,1,0,0,0,0,,,
2024,2024-LCS-NWA-150824-001A,East cell,Rake,Adjacent,0.79,2,0,Yes,Yes,mucky sample,Utricularia gibba,Humped bladderwort,,0,1,0,1,1.1,1,M. Cowperthwaite,12/27/2024,
2024,2024-LCS-NWA-150824-001A,East cell,Rake,Adjacent,0.79,2,0,Yes,Yes,mucky sample,Utricularia sp.,Bladderwort sp.,,0,1,0,0,0,0,,,
2024,2024-LCS-NWA-150824-002A,East cell,Rake,Adjacent,0.73,2,0,Yes,Yes,,Ceratophyllum demersum,Coontail,,0,1,1,1,7.8,8,M. Cowperthwaite,12/19/2024,
2024,2024-LCS-NWA-150824-002A,East cell,Rake,Adjacent,0.73,2,0,Yes,Yes,,Elodea canadensis,Canada waterweed,,0,1,0,1,8,8,M. Cowperthwaite,12/19/2024,
2024,2024-LCS-NWA-150824-002A,East cell,Rake,Adjacent,0.73,2,0,Yes,Yes,,Hydrocharis morsus-ranae,European frog-bit,,0,1,1,1,0.8,1,M. Cowperthwaite,12/19/2024,
2024,2024-LCS-NWA-150824-002A,East cell,Rake,Adjacent,0.73,2,0,Yes,Yes,,Lemna trisulca,Star duckweed,,0,1,0,1,0.3,0,M. Cowperthwaite,12/19/2024,
2024,2024-LCS-NWA-150824-002A,East cell,Rake,Adjacent,0.73,2,0,Yes,Yes,,Myriophyllum sibiricum,Northern water milfoil,,0,1,1,1,14.8,15,M. Cowperthwaite,12/19/2024,
2024,2024-LCS-NWA-150824-002A,East cell,Rake,Adjacent,0.73,2,0,Yes,Yes,,Najas sp.,Naiad sp.,,0,1,0,0,0,0,,,
2024,2024-LCS-NWA-150824-002A,East cell,Rake,Adjacent,0.73,2,0,Yes,Yes,,Nitella sp.,Stonewort sp.,whorled flat leaves,0,1,0,1,0.1,0,M. Cowperthwaite,12/19/2024,
2024,2024-LCS-NWA-150824-002A,East cell,Rake,Adjacent,0.73,2,0,Yes,Yes,,Nitella sp.,Stonewort sp.,whorled thin leaves,0,1,0,1,1.3,1,M. Cowperthwaite,12/19/2024,
2024,2024-LCS-NWA-150824-002A,East cell,Rake,Adjacent,0.73,2,0,Yes,Yes,,Nymphaea sp.,White water lily,,1,1,1,1,84.3,105,M. Cowperthwaite,12/19/2024,"Leaves: 65mL, Stems: 40mL"
2024,2024-LCS-NWA-150824-002A,East cell,Rake,Adjacent,0.73,2,0,Yes,Yes,,Pontederia cordata,Pickerelweed,,0,1,0,0,0,0,,,
2024,2024-LCS-NWA-150824-002A,East cell,Rake,Adjacent,0.73,2,0,Yes,Yes,,Potamogeton pusillus,Slender pondweed,,0,1,0,1,0.1,0,M. Cowperthwaite,12/19/2024,
2024,2024-LCS-NWA-150824-002A,East cell,Rake,Adjacent,0.73,2,0,Yes,Yes,,Typha sp.,Cattail sp.,,0,1,0,0,0,0,,,
2024,2024-LCS-NWA-150824-002A,East cell,Rake,Adjacent,0.73,2,0,Yes,Yes,,Utricularia gibba,Humped bladderwort,,0,1,0,1,1.1,1,M. Cowperthwaite,12/19/2024,
2024,2024-LCS-NWA-150824-002A,East cell,Rake,Adjacent,0.73,2,0,Yes,Yes,,Utricularia vulgaris,Common bladderwort,,0,1,1,1,65.4,65,M. Cowperthwaite,12/19/2024,
2024,2024-LCS-NWA-150824-003A,East cell,Rake,Adjacent,0.57,1,0,Yes,Yes,,Ceratophyllum demersum,Coontail,,0,1,1,1,6.7,7,M. Cowperthwaite,12/23/2024,
2024,2024-LCS-NWA-150824-003A,East cell,Rake,Adjacent,0.57,1,0,Yes,Yes,,Elodea canadensis,Canada waterweed,,0,1,1,1,0.8,1,M. Cowperthwaite,12/23/2024,
2024,2024-LCS-NWA-150824-003A,East cell,Rake,Adjacent,0.57,1,0,Yes,Yes,,Hydrocharis morsus-ranae,European frog-bit,,0,1,0,1,0.2,0,M. Cowperthwaite,12/23/2024,
2024,2024-LCS-NWA-150824-003A,East cell,Rake,Adjacent,0.57,1,0,Yes,Yes,,Lemna minor,Lesser duckweed,,0,1,0,0,0,0,,,
2024,2024-LCS-NWA-150824-003A,East cell,Rake,Adjacent,0.57,1,0,Yes,Yes,,Lemna trisulca,Star duckweed,,0,1,0,1,0,0,M. Cowperthwaite,12/23/2024,
2024,2024-LCS-NWA-150824-003A,East cell,Rake,Adjacent,0.57,1,0,Yes,Yes,,Myriophyllum sibiricum,Northern water milfoil,,0,1,1,1,3.9,4,M. Cowperthwaite,12/23/2024,
2024,2024-LCS-NWA-150824-003A,East cell,Rake,Adjacent,0.57,1,0,Yes,Yes,,Nitella sp.,Stonewort sp.,,0,1,0,1,0.2,0,M. Cowperthwaite,12/23/2024,
2024,2024-LCS-NWA-150824-003A,East cell,Rake,Adjacent,0.57,1,0,Yes,Yes,,Nymphaea sp.,White water lily,,1,1,1,1,79.1,95,M. Cowperthwaite,12/23/2024,"Leaves: 40mL, Stems: 50mL"
2024,2024-LCS-NWA-150824-003A,East cell,Rake,Adjacent,0.57,1,0,Yes,Yes,,Spirodela polyrhiza,Greater duckweed,,0,1,0,1,0,0,M. Cowperthwaite,12/23/2024,
2024,2024-LCS-NWA-150824-003A,East cell,Rake,Adjacent,0.57,1,0,Yes,Yes,,Utricularia vulgaris,Common bladderwort,,0,1,1,1,19.9,21,M. Cowperthwaite,12/23/2024,
2024,2024-LCS-NWA-150824-004A,East cell,Rake,Adjacent,0.86,2,0,Yes,Yes,,Ceratophyllum demersum,Coontail,,0,1,1,1,2.7,2,M. Cowperthwaite,12/19/2024,
2024,2024-LCS-NWA-150824-004A,East cell,Rake,Adjacent,0.86,2,0,Yes,Yes,,Elodea canadensis,Canada waterweed,,0,1,1,1,14,13,M. Cowperthwaite,12/19/2024,
2024,2024-LCS-NWA-150824-004A,East cell,Rake,Adjacent,0.86,2,0,Yes,Yes,,Najas minor,Brittle naiad/Brittle water nymph,,0,1,0,1,0.1,0,M. Cowperthwaite,12/19/2024,
2024,2024-LCS-NWA-150824-004A,East cell,Rake,Adjacent,0.86,2,0,Yes,Yes,,Nymphaea sp.,White water lily,,0,1,1,1,124.7,160,M. Cowperthwaite,12/19/2024,"Leaves: 105mL, Stems: 55mL"
2024,2024-LCS-NWA-150824-004A,East cell,Rake,Adjacent,0.86,2,0,Yes,Yes,,Potamogeton pusillus,Slender pondweed,,0,1,0,1,0.1,0,M. Cowperthwaite,12/19/2024,
2024,2024-LCS-NWA-150824-004A,East cell,Rake,Adjacent,0.86,2,0,Yes,Yes,,Sagittaria sp.,Arrowhead sp.,,0,1,0,0,0,0,,,
2024,2024-LCS-NWA-150824-004A,East cell,Rake,Adjacent,0.86,2,0,Yes,Yes,,Spirodela polyrhiza,Greater duckweed,,0,1,0,1,0,0,M. Cowperthwaite,12/19/2024,
2024,2024-LCS-NWA-150824-004A,East cell,Rake,Adjacent,0.86,2,0,Yes,Yes,,Utricularia vulgaris,Common bladderwort,,0,1,1,1,17,18,M. Cowperthwaite,12/19/2024,
2024,2024-LCS-NWA-150824-005A,East cell,Rake,Adjacent,1.32,3,0,Yes,Yes,mucky sample,Ceratophyllum demersum,Coontail,,0,1,1,1,116.1,130,M. Cowperthwaite,1/3/2025,
2024,2024-LCS-NWA-150824-005A,East cell,Rake,Adjacent,1.32,3,0,Yes,Yes,mucky sample,Elodea canadensis,Canada waterweed,,0,1,1,1,137.2,140,M. Cowperthwaite,1/3/2025,
2024,2024-LCS-NWA-150824-005A,East cell,Rake,Adjacent,1.32,3,0,Yes,Yes,mucky sample,Hydrocharis morsus-ranae,European frog-bit,,1,1,1,0,0,0,,,
2024,2024-LCS-NWA-150824-005A,East cell,Rake,Adjacent,1.32,3,0,Yes,Yes,mucky sample,Lemna trisulca,Star duckweed,,0,1,0,1,0,0,M. Cowperthwaite,1/3/2025,
2024,2024-LCS-NWA-150824-005A,East cell,Rake,Adjacent,1.32,3,0,Yes,Yes,mucky sample,Najas flexilis,Slender naiad/ water nymph,,0,1,1,1,12,14,M. Cowperthwaite,1/3/2025,
2024,2024-LCS-NWA-150824-005A,East cell,Rake,Adjacent,1.32,3,0,Yes,Yes,mucky sample,Najas minor,Brittle naiad/Brittle water nymph,,0,1,0,1,32,34,M. Cowperthwaite,1/3/2025,
2024,2024-LCS-NWA-150824-005A,East cell,Rake,Adjacent,1.32,3,0,Yes,Yes,mucky sample,Nitellopsis obtusa,Starry stonewort,,0,1,1,1,12.1,12,M. Cowperthwaite,1/3/2025,
2024,2024-LCS-NWA-150824-005A,East cell,Rake,Adjacent,1.32,3,0,Yes,Yes,mucky sample,Nymphaea sp.,White water lily,,0,1,1,1,119.8,140,M. Cowperthwaite,1/3/2025,
2024,2024-LCS-NWA-150824-005A,East cell,Rake,Adjacent,1.32,3,0,Yes,Yes,mucky sample,Potamogeton pusillus,Slender pondweed,,0,1,0,1,8,9,M. Cowperthwaite,1/3/2025,
2024,2024-LCS-NWA-150824-005A,East cell,Rake,Adjacent,1.32,3,0,Yes,Yes,mucky sample,Potamogeton robbinsii,Fern pondweed,,0,1,1,0,0,0,,,
2024,2024-LCS-NWA-150824-005A,East cell,Rake,Adjacent,1.32,3,0,Yes,Yes,mucky sample,Spirodela polyrhiza,Greater duckweed,,0,1,0,1,0,0,M. Cowperthwaite,1/3/2025,
2024,2024-LCS-NWA-150824-005A,East cell,Rake,Adjacent,1.32,3,0,Yes,Yes,mucky sample,Stuckenia pectinatus,Sago pondweed,,0,1,1,1,9.4,10,M. Cowperthwaite,1/3/2025,
2024,2024-LCS-NWA-150824-005A,East cell,Rake,Adjacent,1.32,3,0,Yes,Yes,mucky sample,Utricularia sp.,Bladderwort sp.,,0,1,0,0,0,0,,,
2024,2024-LCS-NWA-190824-001A,East cell,Rake,Adjacent,0.3,1,1,Yes,Yes,,Algae,Algae,filamentous,0,1,1,1,0,0,M. Cowperthwaite,12/12/2024,
2024,2024-LCS-NWA-190824-001A,East cell,Rake,Adjacent,0.3,1,1,Yes,Yes,,Ceratophyllum demersum,Coontail,,0,1,1,1,5.5,4,M. Cowperthwaite,12/12/2024,
2024,2024-LCS-NWA-190824-001A,East cell,Rake,Adjacent,0.3,1,1,Yes,Yes,,Hydrocharis morsus-ranae,European frog-bit,,1,1,1,1,35.7,44,M. Cowperthwaite,12/12/2024,
2024,2024-LCS-NWA-190824-001A,East cell,Rake,Adjacent,0.3,1,1,Yes,Yes,,Lemna minor,Lesser duckweed,,0,1,1,1,0,0,M. Cowperthwaite,12/12/2024,
2024,2024-LCS-NWA-190824-001A,East cell,Rake,Adjacent,0.3,1,1,Yes,Yes,,Lemna trisulca,Star duckweed,,0,1,0,1,0,0,M. Cowperthwaite,12/12/2024,
2024,2024-LCS-NWA-190824-001A,East cell,Rake,Adjacent,0.3,1,1,Yes,Yes,,Nymphaea sp.,White water lily,,0,1,0,0,0,0,,,
2024,2024-LCS-NWA-190824-001A,East cell,Rake,Adjacent,0.3,1,1,Yes,Yes,,Potamogeton crispus,Curly-leaved pondweed,,0,1,0,0,0,0,,,
2024,2024-LCS-NWA-190824-001A,East cell,Rake,Adjacent,0.3,1,1,Yes,Yes,,Potamogeton zosteriformis,Flat-stemmed pondweed,,0,1,0,1,0.1,0,M. Cowperthwaite,12/12/2024,
2024,2024-LCS-NWA-190824-001A,East cell,Rake,Adjacent,0.3,1,1,Yes,Yes,,Spirodela polyrhiza,Greater duckweed,,0,1,1,1,0,0,M. Cowperthwaite,12/12/2024,
2024,2024-LCS-NWA-190824-001A,East cell,Rake,Adjacent,0.3,1,1,Yes,Yes,,Utricularia sp.,Bladderwort sp.,,0,1,0,0,0,0,,,
2024,2024-LCS-NWA-190824-002A,East cell,Rake,Adjacent,0.64,1,0,Yes,Yes,,Algae,Algae,,0,1,0,0,0,0,,,
2024,2024-LCS-NWA-190824-002A,East cell,Rake,Adjacent,0.64,1,0,Yes,Yes,,Ceratophyllum demersum,Coontail,,0,1,1,1,0.8,1,M. Cowperthwaite,12/19/2024,
2024,2024-LCS-NWA-190824-002A,East cell,Rake,Adjacent,0.64,1,0,Yes,Yes,,Elodea canadensis,Canada waterweed,,1,1,1,1,5.5,6,M. Cowperthwaite,12/19/2024,
2024,2024-LCS-NWA-190824-002A,East cell,Rake,Adjacent,0.64,1,0,Yes,Yes,,Hydrocharis morsus-ranae,European frog-bit,,0,1,0,0,0,0,,,
2024,2024-LCS-NWA-190824-002A,East cell,Rake,Adjacent,0.64,1,0,Yes,Yes,,Lemna minor,Lesser duckweed,,0,1,0,0,0,0,,,
2024,2024-LCS-NWA-190824-002A,East cell,Rake,Adjacent,0.64,1,0,Yes,Yes,,Nymphaea sp.,White water lily,,0,1,0,0,0,0,,,
2024,2024-LCS-NWA-190824-002A,East cell,Rake,Adjacent,0.64,1,0,Yes,Yes,,Spirodela polyrhiza,Greater duckweed,,0,1,0,0,0,0,,,
2024,2024-LCS-NWA-190824-002A,East cell,Rake,Adjacent,0.64,1,0,Yes,Yes,,Wolffia sp.,Watermeal sp.,,0,1,0,0,0,0,,,
2024,2024-LCS-NWA-190824-003A,East cell,Rake,Adjacent,0.43,1,0,Yes,Yes,,Ceratophyllum demersum,Coontail,,0,1,0,0,0,0,,,
2024,2024-LCS-NWA-190824-003A,East cell,Rake,Adjacent,0.43,1,0,Yes,Yes,,Lemna minor,Lesser duckweed,,0,1,0,0,0,0,,,
2024,2024-LCS-NWA-190824-003A,East cell,Rake,Adjacent,0.43,1,0,Yes,Yes,,Lemna trisulca,Star duckweed,,0,1,0,0,0,0,,,
2024,2024-LCS-NWA-190824-003A,East cell,Rake,Adjacent,0.43,1,0,Yes,Yes,,Najas flexilis,Slender naiad/ water nymph,,0,1,0,1,0.4,1,M. Cowperthwaite,12/12/2024,
2024,2024-LCS-NWA-190824-003A,East cell,Rake,Adjacent,0.43,1,0,Yes,Yes,,Najas minor,Brittle naiad/Brittle water nymph,,1,1,1,1,14.5,16,M. Cowperthwaite,12/12/2024,
2024,2024-LCS-NWA-190824-003A,East cell,Rake,Adjacent,0.43,1,0,Yes,Yes,,Nitella sp.,Stonewort sp.,,0,1,1,1,16.3,14,M. Cowperthwaite,12/12/2024,
2024,2024-LCS-NWA-190824-003A,East cell,Rake,Adjacent,0.43,1,0,Yes,Yes,,Nymphaea sp.,White water lily,,0,1,0,0,0,0,,,
2024,2024-LCS-NWA-190824-003A,East cell,Rake,Adjacent,0.43,1,0,Yes,Yes,,Potamogeton crispus,Curly-leaved pondweed,,0,1,0,0,0,0,,,
2024,2024-LCS-NWA-190824-003A,East cell,Rake,Adjacent,0.43,1,0,Yes,Yes,,Sparganium sp.,Burreed sp.,,0,1,0,0,0,0,,,
2024,2024-LCS-NWA-190824-003A,East cell,Rake,Adjacent,0.43,1,0,Yes,Yes,,Spirodela polyrhiza,Greater duckweed,,0,1,0,0,0,0,,,
2024,2024-LCS-NWA-190824-003A,East cell,Rake,Adjacent,0.43,1,0,Yes,Yes,,Typha sp.,Cattail sp.,,0,1,0,0,0,0,,,
2024,2024-LCS-NWA-190824-003A,East cell,Rake,Adjacent,0.43,1,0,Yes,Yes,,Utricularia vulgaris,Common bladderwort,,0,1,0,1,0,0,M. Cowperthwaite,12/12/2024,
2024,2024-LCS-NWA-190824-004A,East cell,Rake,Adjacent,1.01,1,0,Yes,Yes,mucky sample,Ceratophyllum demersum,Coontail,,1,1,1,1,17.2,19,M. Cowperthwaite,12/12/2024,
2024,2024-LCS-NWA-190824-004A,East cell,Rake,Adjacent,1.01,1,0,Yes,Yes,mucky sample,Elodea canadensis,Canada waterweed,,0,1,0,1,3.3,4,M. Cowperthwaite,12/12/2024,
2024,2024-LCS-NWA-190824-004A,East cell,Rake,Adjacent,1.01,1,0,Yes,Yes,mucky sample,Hydrocharis morsus-ranae,European frog-bit,,0,1,0,0,0,0,,,
2024,2024-LCS-NWA-190824-004A,East cell,Rake,Adjacent,1.01,1,0,Yes,Yes,mucky sample,Lemna minor,Lesser duckweed,,0,1,0,0,0,0,,,
2024,2024-LCS-NWA-190824-004A,East cell,Rake,Adjacent,1.01,1,0,Yes,Yes,mucky sample,Nymphaea sp.,White water lily,,0,1,0,0,0,0,,,
2024,2024-LCS-NWA-190824-004A,East cell,Rake,Adjacent,1.01,1,0,Yes,Yes,mucky sample,Spirodela polyrhiza,Greater duckweed,,0,1,0,0,0,0,,,
2024,2024-LCS-NWA-190824-004A,East cell,Rake,Adjacent,1.01,1,0,Yes,Yes,mucky sample,Unknown Submerged,Unknown Submerged,,0,1,0,1,0.3,0,M. Cowperthwaite,12/12/2024,one leaf
2024,2024-LCS-NWA-190824-004A,East cell,Rake,Adjacent,1.01,1,0,Yes,Yes,mucky sample,Utricularia vulgaris,Common bladderwort,,0,1,1,1,21,22,M. Cowperthwaite,12/12/2024,
2024,2024-LCS-NWA-190824-005A,East cell,Rake,Adjacent,0.92,3,0,Yes,Yes,mucky sample,Ceratophyllum demersum,Coontail,,0,1,1,1,33.1,35,M. Cowperthwaite,12/16/2024,
2024,2024-LCS-NWA-190824-005A,East cell,Rake,Adjacent,0.92,3,0,Yes,Yes,mucky sample,Elodea canadensis,Canada waterweed,,0,1,0,1,0.9,1,M. Cowperthwaite,12/16/2024,
2024,2024-LCS-NWA-190824-005A,East cell,Rake,Adjacent,0.92,3,0,Yes,Yes,mucky sample,Hydrocharis morsus-ranae,European frog-bit,,0,1,0,0,0,0,,,
2024,2024-LCS-NWA-190824-005A,East cell,Rake,Adjacent,0.92,3,0,Yes,Yes,mucky sample,Lemna sp.,Duckweed sp.,round leaves,0,1,0,1,0,0,M. Cowperthwaite,12/16/2024,
2024,2024-LCS-NWA-190824-005A,East cell,Rake,Adjacent,0.92,3,0,Yes,Yes,mucky sample,Lemna trisulca,Star duckweed,,0,1,0,1,0.5,0,M. Cowperthwaite,12/16/2024,
2024,2024-LCS-NWA-190824-005A,East cell,Rake,Adjacent,0.92,3,0,Yes,Yes,mucky sample,Nitellopsis obtusa,Starry stonewort,,1,1,1,1,172.4,180,M. Cowperthwaite,12/16/2024,quite mixed with detritus
2024,2024-LCS-NWA-190824-005A,East cell,Rake,Adjacent,0.92,3,0,Yes,Yes,mucky sample,Nymphaea sp.,White water lily,,0,1,0,1,2.4,3,M. Cowperthwaite,12/16/2024,
2024,2024-LCS-NWA-200824-001A,East cell,Rake,Adjacent,0.89,2,0,Yes,Yes,very mucky sample,Ceratophyllum demersum,Coontail,,1,1,1,1,26.7,28,M. Cowperthwaite,12/24/2024,
2024,2024-LCS-NWA-200824-001A,East cell,Rake,Adjacent,0.89,2,0,Yes,Yes,very mucky sample,Elodea canadensis,Canada waterweed,,0,1,1,1,77.9,80,M. Cowperthwaite,12/24/2024,
2024,2024-LCS-NWA-200824-001A,East cell,Rake,Adjacent,0.89,2,0,Yes,Yes,very mucky sample,Hydrocharis morsus-ranae,European frog-bit,,0,1,1,1,59.7,80,M. Cowperthwaite,12/24/2024,
2024,2024-LCS-NWA-200824-001A,East cell,Rake,Adjacent,0.89,2,0,Yes,Yes,very mucky sample,Lemna trisulca,Star duckweed,,0,1,1,1,1.1,1,M. Cowperthwaite,12/24/2024,
2024,2024-LCS-NWA-200824-001A,East cell,Rake,Adjacent,0.89,2,0,Yes,Yes,very mucky sample,Myriophyllum sibiricum,Northern water milfoil,,0,1,1,1,36.7,49,M. Cowperthwaite,12/24/2024,
2024,2024-LCS-NWA-200824-001A,East cell,Rake,Adjacent,0.89,2,0,Yes,Yes,very mucky sample,Nitella sp.,Stonewort sp.,,0,1,0,1,5.2,5,M. Cowperthwaite,12/24/2024,
2024,2024-LCS-NWA-200824-001A,East cell,Rake,Adjacent,0.89,2,0,Yes,Yes,very mucky sample,Nymphaea sp.,White water lily,,0,1,0,1,8.2,9,M. Cowperthwaite,12/24/2024,
2024,2024-LCS-NWA-200824-001A,East cell,Rake,Adjacent,0.89,2,0,Yes,Yes,very mucky sample,Potamogeton pusillus,Slender pondweed,,0,1,0,1,2,2,M. Cowperthwaite,12/24/2024,
2024,2024-LCS-NWA-200824-001A,East cell,Rake,Adjacent,0.89,2,0,Yes,Yes,very mucky sample,Potamogeton zosteriformis,Flat-stemmed pondweed,,0,1,0,1,0,0,M. Cowperthwaite,12/24/2024,
2024,2024-LCS-NWA-200824-001A,East cell,Rake,Adjacent,0.89,2,0,Yes,Yes,very mucky sample,Ranunculus sp.,Crowfoot sp.,,0,1,0,1,1.1,2,M. Cowperthwaite,12/24/2024,
2024,2024-LCS-NWA-200824-001A,East cell,Rake,Adjacent,0.89,2,0,Yes,Yes,very mucky sample,Spirodela polyrhiza,Greater duckweed,,0,1,0,1,0,0,M. Cowperthwaite,12/24/2024,
2024,2024-LCS-NWA-200824-001A,East cell,Rake,Adjacent,0.89,2,0,Yes,Yes,very mucky sample,Stuckenia pectinatus,Sago pondweed,,0,1,0,0,0,0,,,
2024,2024-LCS-NWA-200824-001A,East cell,Rake,Adjacent,0.89,2,0,Yes,Yes,very mucky sample,Utricularia gibba,Humped bladderwort,,0,1,0,1,7.2,8,M. Cowperthwaite,12/24/2024,"more present than measured, but impossible to separate from muck"
2024,2024-LCS-NWA-200824-001A,East cell,Rake,Adjacent,0.89,2,0,Yes,Yes,very mucky sample,Utricularia sp.,Bladderwort sp.,,0,1,0,0,0,0,,,
2024,2024-LCS-NWA-200824-001A,East cell,Rake,Adjacent,0.89,2,0,Yes,Yes,very mucky sample,Wolffia sp.,Watermeal sp.,,0,1,0,0,0,0,,,
2024,2024-LCS-NWA-200824-002A,East cell,Rake,Adjacent,1.12,2,0,Yes,Yes,,Ceratophyllum demersum,Coontail,,1,1,1,1,196,200,M. Cowperthwaite,12/24/2024,
2024,2024-LCS-NWA-200824-002A,East cell,Rake,Adjacent,1.12,2,0,Yes,Yes,,Elodea canadensis,Canada waterweed,,0,1,1,1,10,10,M. Cowperthwaite,12/24/2024,
2024,2024-LCS-NWA-200824-002A,East cell,Rake,Adjacent,1.12,2,0,Yes,Yes,,Hydrocharis morsus-ranae,European frog-bit,,0,1,0,1,0.7,1,M. Cowperthwaite,12/24/2024,
2024,2024-LCS-NWA-200824-002A,East cell,Rake,Adjacent,1.12,2,0,Yes,Yes,,Lemna minor,Lesser duckweed,,0,1,0,1,0,0,M. Cowperthwaite,12/24/2024,
2024,2024-LCS-NWA-200824-002A,East cell,Rake,Adjacent,1.12,2,0,Yes,Yes,,Lemna trisulca,Star duckweed,,0,1,0,1,0.3,0,M. Cowperthwaite,12/24/2024,measurement includes all duckweed sp.
2024,2024-LCS-NWA-200824-002A,East cell,Rake,Adjacent,1.12,2,0,Yes,Yes,,Myriophyllum sibiricum,Northern water milfoil,,0,1,1,1,95,115,M. Cowperthwaite,12/24/2024,
2024,2024-LCS-NWA-200824-002A,East cell,Rake,Adjacent,1.12,2,0,Yes,Yes,,Myriophyllum sp.,Milfoil sp.,~12-13 leaflet pairs per leaf,0,1,1,1,11.5,13,M. Cowperthwaite,12/24/2024,
2024,2024-LCS-NWA-200824-002A,East cell,Rake,Adjacent,1.12,2,0,Yes,Yes,,Nitella sp.,Stonewort sp.,,0,1,0,0,0,0,,,
2024,2024-LCS-NWA-200824-002A,East cell,Rake,Adjacent,1.12,2,0,Yes,Yes,,Nymphaea sp.,White water lily,,0,1,1,1,115.2,130,M. Cowperthwaite,12/24/2024,"Leaves: 60mL, Stems: 70mL"
2024,2024-LCS-NWA-200824-002A,East cell,Rake,Adjacent,1.12,2,0,Yes,Yes,,Potamogeton pusillus,Slender pondweed,,0,1,0,1,0.8,0,M. Cowperthwaite,12/24/2024,
2024,2024-LCS-NWA-200824-002A,East cell,Rake,Adjacent,1.12,2,0,Yes,Yes,,Potamogeton zosteriformis,Flat-stemmed pondweed,,0,1,0,1,0,0,M. Cowperthwaite,12/24/2024,
2024,2024-LCS-NWA-200824-002A,East cell,Rake,Adjacent,1.12,2,0,Yes,Yes,,Spirodela polyrhiza,Greater duckweed,,0,1,0,1,0,0,M. Cowperthwaite,12/24/2024,
2024,2024-LCS-NWA-200824-002A,East cell,Rake,Adjacent,1.12,2,0,Yes,Yes,,Utricularia sp.,Bladderwort sp.,,0,1,0,0,0,0,,,
2024,2024-LCS-NWA-200824-002A,East cell,Rake,Adjacent,1.12,2,0,Yes,Yes,,Wolffia sp.,Watermeal sp.,,0,1,0,0,0,0,,,
2024,2024-LCS-NWA-200824-003A,East cell,Rake,Adjacent,1.01,3,0,Yes,Yes,,Ceratophyllum demersum,Coontail,,0,1,1,1,96.7,100,M. Cowperthwaite,12/20/2024,
2024,2024-LCS-NWA-200824-003A,East cell,Rake,Adjacent,1.01,3,0,Yes,Yes,,Elodea canadensis,Canada waterweed,,1,1,1,1,164.5,165,M. Cowperthwaite,12/20/2024,
2024,2024-LCS-NWA-200824-003A,East cell,Rake,Adjacent,1.01,3,0,Yes,Yes,,Hydrocharis morsus-ranae,European frog-bit,,0,1,1,1,11.3,13,M. Cowperthwaite,12/20/2024,
2024,2024-LCS-NWA-200824-003A,East cell,Rake,Adjacent,1.01,3,0,Yes,Yes,,Lemna minor,Lesser duckweed,,0,1,0,0,0,0,,,
2024,2024-LCS-NWA-200824-003A,East cell,Rake,Adjacent,1.01,3,0,Yes,Yes,,Lemna trisulca,Star duckweed,,0,1,0,1,11.4,12,M. Cowperthwaite,12/20/2024,not all measured - very hard to separate from detritus
2024,2024-LCS-NWA-200824-003A,East cell,Rake,Adjacent,1.01,3,0,Yes,Yes,,Myriophyllum sibiricum,Northern water milfoil,,0,1,1,1,118.6,140,M. Cowperthwaite,12/20/2024,
2024,2024-LCS-NWA-200824-003A,East cell,Rake,Adjacent,1.01,3,0,Yes,Yes,,Nymphaea sp.,White water lily,,0,1,1,1,301,360,M. Cowperthwaite,12/20/2024,
2024,2024-LCS-NWA-200824-003A,East cell,Rake,Adjacent,1.01,3,0,Yes,Yes,,Potamogeton pusillus,Slender pondweed,,0,1,0,1,13.6,13,M. Cowperthwaite,12/20/2024,
2024,2024-LCS-NWA-200824-003A,East cell,Rake,Adjacent,1.01,3,0,Yes,Yes,,Potamogeton robbinsii,Fern pondweed,,0,1,0,0,0,0,,,
2024,2024-LCS-NWA-200824-003A,East cell,Rake,Adjacent,1.01,3,0,Yes,Yes,,Ranunculus sp.,Crowfoot sp.,,0,1,0,1,0.1,0,M. Cowperthwaite,12/20/2024,
2024,2024-LCS-NWA-200824-003A,East cell,Rake,Adjacent,1.01,3,0,Yes,Yes,,Riccia fluitans,Floating slender liverwort/Floating crystalwort,,0,1,0,1,0,0,M. Cowperthwaite,12/20/2024,
2024,2024-LCS-NWA-200824-003A,East cell,Rake,Adjacent,1.01,3,0,Yes,Yes,,Spirodela polyrhiza,Greater duckweed,,0,1,0,1,0,0,M. Cowperthwaite,12/20/2024,
2024,2024-LCS-NWA-200824-003A,East cell,Rake,Adjacent,1.01,3,0,Yes,Yes,,Utricularia gibba,Humped bladderwort,,0,1,0,1,0.9,1,M. Cowperthwaite,12/20/2024,
2024,2024-LCS-NWA-200824-003A,East cell,Rake,Adjacent,1.01,3,0,Yes,Yes,,Utricularia vulgaris,Common bladderwort,,0,1,1,1,30.2,32,M. Cowperthwaite,12/20/2024,
2024,2024-LCS-NWA-200824-004A,East cell,Rake,Adjacent,0.92,3,0,Yes,Yes,,Ceratophyllum demersum,Coontail,,0,1,1,1,263.7,275,M. Cowperthwaite,12/23/2024,
2024,2024-LCS-NWA-200824-004A,East cell,Rake,Adjacent,0.92,3,0,Yes,Yes,,Elodea canadensis,Canada waterweed,,0,1,1,1,77.8,75,M. Cowperthwaite,12/23/2024,
2024,2024-LCS-NWA-200824-004A,East cell,Rake,Adjacent,0.92,3,0,Yes,Yes,,Hydrocharis morsus-ranae,European frog-bit,,1,1,1,1,309.1,425,M. Cowperthwaite,12/23/2024,
2024,2024-LCS-NWA-200824-004A,East cell,Rake,Adjacent,0.92,3,0,Yes,Yes,,Lemna minor,Lesser duckweed,,0,1,0,0,0,0,,,
2024,2024-LCS-NWA-200824-004A,East cell,Rake,Adjacent,0.92,3,0,Yes,Yes,,Lemna trisulca,Star duckweed,,0,1,1,1,4.8,5,M. Cowperthwaite,12/23/2024,
2024,2024-LCS-NWA-200824-004A,East cell,Rake,Adjacent,0.92,3,0,Yes,Yes,,Myriophyllum sibiricum,Northern water milfoil,,0,1,0,1,7.6,9,M. Cowperthwaite,12/23/2024,
2024,2024-LCS-NWA-200824-004A,East cell,Rake,Adjacent,0.92,3,0,Yes,Yes,,Myriophyllum spicatum,Eurasian water milfoil,,0,1,0,0,0,0,,,
2024,2024-LCS-NWA-200824-004A,East cell,Rake,Adjacent,0.92,3,0,Yes,Yes,,Nitella sp.,Stonewort sp.,,0,1,0,1,0.1,0,M. Cowperthwaite,12/23/2024,
2024,2024-LCS-NWA-200824-004A,East cell,Rake,Adjacent,0.92,3,0,Yes,Yes,,Nymphaea sp.,White water lily,,0,1,0,1,12.9,20,M. Cowperthwaite,12/23/2024,
2024,2024-LCS-NWA-200824-004A,East cell,Rake,Adjacent,0.92,3,0,Yes,Yes,,Potamogeton pusillus,Slender pondweed,,0,1,0,0,0,0,,,
2024,2024-LCS-NWA-200824-004A,East cell,Rake,Adjacent,0.92,3,0,Yes,Yes,,Potamogeton robbinsii,Fern pondweed,,0,1,0,0,0,0,,,
2024,2024-LCS-NWA-200824-004A,East cell,Rake,Adjacent,0.92,3,0,Yes,Yes,,Potamogeton zosteriformis,Flat-stemmed pondweed,,0,1,0,1,5,5,M. Cowperthwaite,12/23/2024,
2024,2024-LCS-NWA-200824-004A,East cell,Rake,Adjacent,0.92,3,0,Yes,Yes,,Ranunculus sp.,Crowfoot sp.,,0,1,0,1,4.4,4,M. Cowperthwaite,12/23/2024,
2024,2024-LCS-NWA-200824-004A,East cell,Rake,Adjacent,0.92,3,0,Yes,Yes,,Riccia fluitans,Floating slender liverwort/Floating crystalwort,,0,1,0,1,0,0,M. Cowperthwaite,12/23/2024,
2024,2024-LCS-NWA-200824-004A,East cell,Rake,Adjacent,0.92,3,0,Yes,Yes,,Spirodela polyrhiza,Greater duckweed,,0,1,0,1,0,0,M. Cowperthwaite,12/23/2024,
2024,2024-LCS-NWA-200824-004A,East cell,Rake,Adjacent,0.92,3,0,Yes,Yes,,Stuckenia pectinatus,Sago pondweed,,0,1,0,1,5.3,6,M. Cowperthwaite,12/23/2024,
2024,2024-LCS-NWA-200824-004A,East cell,Rake,Adjacent,0.92,3,0,Yes,Yes,,Utricularia gibba,Humped bladderwort,,0,1,0,1,0.1,0,M. Cowperthwaite,12/23/2024,
2024,2024-LCS-NWA-200824-004A,East cell,Rake,Adjacent,0.92,3,0,Yes,Yes,,Utricularia sp.,Bladderwort sp.,many leaves have no bladders,0,1,1,1,6.7,6,M. Cowperthwaite,12/23/2024,
2024,2024-LCS-NWA-200824-004A,East cell,Rake,Adjacent,0.92,3,0,Yes,Yes,,Wolffia sp.,Watermeal sp.,,0,1,1,0,0,0,,,
2024,2024-LCS-NWA-200824-005A,East cell,Rake,Adjacent,0.74,3,0,Yes,Yes,,Ceratophyllum demersum,Coontail,,0,1,1,1,310.8,320,M. Cowperthwaite,12/13/2024,
2024,2024-LCS-NWA-200824-005A,East cell,Rake,Adjacent,0.74,3,0,Yes,Yes,,Elodea canadensis,Canada waterweed,,0,1,1,0,0,0,,,
2024,2024-LCS-NWA-200824-005A,East cell,Rake,Adjacent,0.74,3,0,Yes,Yes,,Hydrocharis morsus-ranae,European frog-bit,,0,1,1,1,1.1,1,M. Cowperthwaite,12/13/2024,
2024,2024-LCS-NWA-200824-005A,East cell,Rake,Adjacent,0.74,3,0,Yes,Yes,,Lemna minor,Lesser duckweed,,0,1,0,0,0,0,,,
2024,2024-LCS-NWA-200824-005A,East cell,Rake,Adjacent,0.74,3,0,Yes,Yes,,Lemna sp.,Duckweed sp.,"round leaves, maybe L. minor",0,1,0,1,0,0,M. Cowperthwaite,12/13/2024,
2024,2024-LCS-NWA-200824-005A,East cell,Rake,Adjacent,0.74,3,0,Yes,Yes,,Lemna trisulca,Star duckweed,,0,1,0,1,3.8,4,M. Cowperthwaite,12/13/2024,
2024,2024-LCS-NWA-200824-005A,East cell,Rake,Adjacent,0.74,3,0,Yes,Yes,,Myriophyllum sibiricum,Northern water milfoil,,0,1,0,1,0.1,0,M. Cowperthwaite,12/13/2024,
2024,2024-LCS-NWA-200824-005A,East cell,Rake,Adjacent,0.74,3,0,Yes,Yes,,Nymphaea sp.,White water lily,,1,1,1,1,55.3,70,M. Cowperthwaite,12/13/2024,
2024,2024-LCS-NWA-200824-005A,East cell,Rake,Adjacent,0.74,3,0,Yes,Yes,,Potamogeton robbinsii,Fern pondweed,,0,1,0,0,0,0,,,
2024,2024-LCS-NWA-200824-005A,East cell,Rake,Adjacent,0.74,3,0,Yes,Yes,,Potamogeton zosteriformis,Flat-stemmed pondweed,,0,1,1,1,10.2,10,M. Cowperthwaite,12/13/2024,
2024,2024-LCS-NWA-200824-005A,East cell,Rake,Adjacent,0.74,3,0,Yes,Yes,,Ranunculus sp.,Crowfoot sp.,,0,1,0,1,0.2,0,M. Cowperthwaite,12/13/2024,
2024,2024-LCS-NWA-200824-005A,East cell,Rake,Adjacent,0.74,3,0,Yes,Yes,,Spirodela polyrhiza,Greater duckweed,,0,1,0,1,0,0,M. Cowperthwaite,12/13/2024,
2024,2024-LCS-NWA-200824-005A,East cell,Rake,Adjacent,0.74,3,0,Yes,Yes,,Utricularia gibba,Humped bladderwort,,1,1,0,1,0,0,M. Cowperthwaite,12/13/2024,
2024,2024-LCS-NWA-200824-005A,East cell,Rake,Adjacent,0.74,3,0,Yes,Yes,,Utricularia sp.,Bladderwort sp.,"small, bladders amoung leafles",0,1,0,1,0,0,M. Cowperthwaite,12/13/2024,
2024,2024-LCS-NWA-200824-005A,East cell,Rake,Adjacent,0.74,3,0,Yes,Yes,,Utricularia vulgaris,Common bladderwort,,0,1,1,1,14.2,14,M. Cowperthwaite,12/13/2024,
2024,2024-LCS-NWA-200824-005A,East cell,Rake,Adjacent,0.74,3,0,Yes,Yes,,Wolffia sp.,Watermeal sp.,,0,1,0,0,0,0,,,
2024,2024-LCS-NWA-030924-001A,West cell,Rake,Adjacent,1,2,0,Yes,Yes,,Ceratophyllum demersum,Coontail,,0,1,1,1,45.6,48,M. Cowperthwaite,11/28/2024,
2024,2024-LCS-NWA-030924-001A,West cell,Rake,Adjacent,1,2,0,Yes,Yes,,Hydrocharis morsus-ranae,European frog-bit,,1,1,1,1,130.5,170,M. Cowperthwaite,11/28/2024,
2024,2024-LCS-NWA-030924-001A,West cell,Rake,Adjacent,1,2,0,Yes,Yes,,Lemna minor,Lesser duckweed,,0,1,1,1,0,0,M. Cowperthwaite,11/28/2024,
2024,2024-LCS-NWA-030924-001A,West cell,Rake,Adjacent,1,2,0,Yes,Yes,,Lemna trisulca,Star duckweed,,0,1,0,1,0.3,0,M. Cowperthwaite,11/28/2024,measurement includes all duckweed sp.
2024,2024-LCS-NWA-030924-001A,West cell,Rake,Adjacent,1,2,0,Yes,Yes,,Nymphaea sp.,White water lily,,0,1,1,1,105.6,125,M. Cowperthwaite,11/28/2024,"Leaves: 60mL, Stems: 65mL"
2024,2024-LCS-NWA-030924-001A,West cell,Rake,Adjacent,1,2,0,Yes,Yes,,Spirodela polyrhiza,Greater duckweed,,0,1,1,1,0,0,M. Cowperthwaite,11/28/2024,
2024,2024-LCS-NWA-030924-001A,West cell,Rake,Adjacent,1,2,0,Yes,Yes,,Typha sp.,Cattail sp.,,0,1,0,0,0,0,,,
2024,2024-LCS-NWA-030924-001A,West cell,Rake,Adjacent,1,2,0,Yes,Yes,,Wolffia sp.,Watermeal sp.,,0,1,1,1,0,0,M. Cowperthwaite,11/28/2024,
2024,2024-LCS-NWA-030924-002A,West cell,Rake,Adjacent,0.95,1,1,Yes,Yes,,Algae,Algae,filamentous,0,1,1,1,0,0,M. Cowperthwaite,11/28/2024,
2024,2024-LCS-NWA-030924-002A,West cell,Rake,Adjacent,0.95,1,1,Yes,Yes,,Ceratophyllum demersum,Coontail,,0,1,1,1,31.9,35,M. Cowperthwaite,11/28/2024,
2024,2024-LCS-NWA-030924-002A,West cell,Rake,Adjacent,0.95,1,1,Yes,Yes,,Hydrocharis morsus-ranae,European frog-bit,,1,1,1,1,113.2,150,M. Cowperthwaite,11/28/2024,
2024,2024-LCS-NWA-030924-002A,West cell,Rake,Adjacent,0.95,1,1,Yes,Yes,,Lemna minor,Lesser duckweed,,0,1,1,1,0,0,M. Cowperthwaite,11/28/2024,
2024,2024-LCS-NWA-030924-002A,West cell,Rake,Adjacent,0.95,1,1,Yes,Yes,,Lemna trisulca,Star duckweed,,0,1,0,1,0.7,2,M. Cowperthwaite,11/28/2024,measurement includes all duckweed sp.
2024,2024-LCS-NWA-030924-002A,West cell,Rake,Adjacent,0.95,1,1,Yes,Yes,,Nymphaea sp.,White water lily,,0,1,1,1,142.9,180,M. Cowperthwaite,11/28/2024,"Leaves: 100mL, Stems: 80mL"
2024,2024-LCS-NWA-030924-002A,West cell,Rake,Adjacent,0.95,1,1,Yes,Yes,,Spirodela polyrhiza,Greater duckweed,,0,1,1,1,0,0,M. Cowperthwaite,11/28/2024,
2024,2024-LCS-NWA-030924-002A,West cell,Rake,Adjacent,0.95,1,1,Yes,Yes,,Wolffia sp.,Watermeal sp.,,0,1,1,0,0,0,,,
2024,2024-LCS-NWA-030924-003A,West cell,Rake,Adjacent,0.85,1,0,Yes,Yes,,Algae,Algae,filamentous,0,1,1,1,0,0,M. Cowperthwaite,11/28/2024,
2024,2024-LCS-NWA-030924-003A,West cell,Rake,Adjacent,0.85,1,0,Yes,Yes,,Ceratophyllum demersum,Coontail,,0,1,1,1,15.3,16,M. Cowperthwaite,11/28/2024,
2024,2024-LCS-NWA-030924-003A,West cell,Rake,Adjacent,0.85,1,0,Yes,Yes,,Hydrocharis morsus-ranae,European frog-bit,,0,1,0,0,0,0,,,
2024,2024-LCS-NWA-030924-003A,West cell,Rake,Adjacent,0.85,1,0,Yes,Yes,,Lemna minor,Lesser duckweed,,0,1,0,1,0,0,M. Cowperthwaite,11/28/2024,
2024,2024-LCS-NWA-030924-003A,West cell,Rake,Adjacent,0.85,1,0,Yes,Yes,,Lemna trisulca,Star duckweed,,0,1,0,1,0,0,M. Cowperthwaite,11/28/2024,
2024,2024-LCS-NWA-030924-003A,West cell,Rake,Adjacent,0.85,1,0,Yes,Yes,,Nelumbo lutea,American lotus,,0,1,0,0,0,0,,,
2024,2024-LCS-NWA-030924-003A,West cell,Rake,Adjacent,0.85,1,0,Yes,Yes,,Nymphaea sp.,White water lily,,0,1,1,1,1,1,M. Cowperthwaite,11/28/2024,
2024,2024-LCS-NWA-030924-003A,West cell,Rake,Adjacent,0.85,1,0,Yes,Yes,,Spirodela polyrhiza,Greater duckweed,,1,1,0,1,0,0,M. Cowperthwaite,11/28/2024,
2024,2024-LCS-NWA-030924-003A,West cell,Rake,Adjacent,0.85,1,0,Yes,Yes,,Wolffia sp.,Watermeal sp.,,0,1,0,1,0,0,M. Cowperthwaite,11/28/2024,
2024,2024-LCS-NWA-030924-004A,West cell,Rake,Adjacent,0.8,3,0,Yes,Yes,very mucky sample,Ceratophyllum demersum,Coontail,,1,1,1,1,388.7,385,M. Cowperthwaite,12/17/2024,
2024,2024-LCS-NWA-030924-004A,West cell,Rake,Adjacent,0.8,3,0,Yes,Yes,very mucky sample,Elodea canadensis,Canada waterweed,,0,1,0,1,0.1,0,M. Cowperthwaite,12/17/2024,
2024,2024-LCS-NWA-030924-004A,West cell,Rake,Adjacent,0.8,3,0,Yes,Yes,very mucky sample,Hydrocharis morsus-ranae,European frog-bit,,0,1,0,0,0,0,,,
2024,2024-LCS-NWA-030924-004A,West cell,Rake,Adjacent,0.8,3,0,Yes,Yes,very mucky sample,Lemna minor,Lesser duckweed,,0,1,0,1,0,0,M. Cowperthwaite,12/17/2024,
2024,2024-LCS-NWA-030924-004A,West cell,Rake,Adjacent,0.8,3,0,Yes,Yes,very mucky sample,Lemna trisulca,Star duckweed,,0,1,0,1,0.3,0,M. Cowperthwaite,12/17/2024,
2024,2024-LCS-NWA-030924-004A,West cell,Rake,Adjacent,0.8,3,0,Yes,Yes,very mucky sample,Najas minor,Brittle naiad/Brittle water nymph,,0,1,1,1,52.7,55,M. Cowperthwaite,12/17/2024,
2024,2024-LCS-NWA-030924-004A,West cell,Rake,Adjacent,0.8,3,0,Yes,Yes,very mucky sample,Nitellopsis obtusa,Starry stonewort,,0,1,0,1,0.2,0,M. Cowperthwaite,12/17/2024,
2024,2024-LCS-NWA-030924-004A,West cell,Rake,Adjacent,0.8,3,0,Yes,Yes,very mucky sample,Nymphaea sp.,White water lily,,0,1,0,0,0,0,,,
2024,2024-LCS-NWA-030924-004A,West cell,Rake,Adjacent,0.8,3,0,Yes,Yes,very mucky sample,Potamogeton pusillus,Slender pondweed,,0,1,0,1,1.5,1,M. Cowperthwaite,12/17/2024,
2024,2024-LCS-NWA-030924-004A,West cell,Rake,Adjacent,0.8,3,0,Yes,Yes,very mucky sample,Potamogeton zosteriformis,Flat-stemmed pondweed,,0,1,1,1,2.9,3,M. Cowperthwaite,12/17/2024,
2024,2024-LCS-NWA-030924-004A,West cell,Rake,Adjacent,0.8,3,0,Yes,Yes,very mucky sample,Schoenplectus sp.,Bulrush sp.,,0,1,0,0,0,0,,,
2024,2024-LCS-NWA-030924-004A,West cell,Rake,Adjacent,0.8,3,0,Yes,Yes,very mucky sample,Spirodela polyrhiza,Greater duckweed,,0,1,0,0,0,0,,,
2024,2024-LCS-NWA-030924-004A,West cell,Rake,Adjacent,0.8,3,0,Yes,Yes,very mucky sample,Stuckenia pectinatus,Sago pondweed,,0,1,0,0,0,0,,,
2024,2024-LCS-NWA-030924-004A,West cell,Rake,Adjacent,0.8,3,0,Yes,Yes,very mucky sample,Wolffia sp.,Watermeal sp.,,0,1,0,0,0,0,,,
2024,2024-LCS-NWA-030924-005A,West cell,Rake,Adjacent,0.6,2,1,Yes,Yes,mucky sample,Ceratophyllum demersum,Coontail,,0,1,1,1,31,33,M. Cowperthwaite,11/26/2024,
2024,2024-LCS-NWA-030924-005A,West cell,Rake,Adjacent,0.6,2,1,Yes,Yes,mucky sample,Hydrocharis morsus-ranae,European frog-bit,,0,1,0,1,0,0,M. Cowperthwaite,11/26/2024,
2024,2024-LCS-NWA-030924-005A,West cell,Rake,Adjacent,0.6,2,1,Yes,Yes,mucky sample,Lemna minor,Lesser duckweed,,0,1,0,0,0,0,,,
2024,2024-LCS-NWA-030924-005A,West cell,Rake,Adjacent,0.6,2,1,Yes,Yes,mucky sample,Lemna trisulca,Star duckweed,,0,1,0,1,0,0,M. Cowperthwaite,11/26/2024,
2024,2024-LCS-NWA-030924-005A,West cell,Rake,Adjacent,0.6,2,1,Yes,Yes,mucky sample,Najas minor,Brittle naiad/Brittle water nymph,,1,1,1,1,5.2,6,M. Cowperthwaite,11/26/2024,
2024,2024-LCS-NWA-030924-005A,West cell,Rake,Adjacent,0.6,2,1,Yes,Yes,mucky sample,Nelumbo lutea,American lotus,,0,1,0,0,0,0,,,
2024,2024-LCS-NWA-030924-005A,West cell,Rake,Adjacent,0.6,2,1,Yes,Yes,mucky sample,Nitellopsis obtusa,Starry stonewort,,0,1,0,1,50,50,M. Cowperthwaite,11/26/2024,
2024,2024-LCS-NWA-030924-005A,West cell,Rake,Adjacent,0.6,2,1,Yes,Yes,mucky sample,Nymphaea sp.,White water lily,,0,1,1,1,46.5,55,M. Cowperthwaite,11/26/2024,
2024,2024-LCS-NWA-030924-005A,West cell,Rake,Adjacent,0.6,2,1,Yes,Yes,mucky sample,Potamogeton zosteriformis,Flat-stemmed pondweed,,0,1,0,1,0.1,0,M. Cowperthwaite,11/26/2024,
2024,2024-LCS-NWA-030924-005A,West cell,Rake,Adjacent,0.6,2,1,Yes,Yes,mucky sample,Spirodela polyrhiza,Greater duckweed,,0,1,0,1,0,0,M. Cowperthwaite,11/26/2024,
2024,2024-LCS-NWA-030924-005A,West cell,Rake,Adjacent,0.6,2,1,Yes,Yes,mucky sample,Wolffia sp.,Watermeal sp.,,0,1,0,0,0,0,,,
2024,2024-LCS-NWA-040924-001A,West cell,Rake,Adjacent,0.91,1,1,Yes,Yes,,Algae,Algae,filamentous,0,1,1,1,0,0,M. Cowperthwaite,11/22/2024,
2024,2024-LCS-NWA-040924-001A,West cell,Rake,Adjacent,0.91,1,1,Yes,Yes,,Ceratophyllum demersum,Coontail,,0,1,0,0,0,0,,,
2024,2024-LCS-NWA-040924-001A,West cell,Rake,Adjacent,0.91,1,1,Yes,Yes,,Hydrocharis morsus-ranae,European frog-bit,,1,1,1,1,37.8,50,M. Cowperthwaite,11/22/2024,
2024,2024-LCS-NWA-040924-001A,West cell,Rake,Adjacent,0.91,1,1,Yes,Yes,,Lemna minor,Lesser duckweed,,0,1,0,1,0,0,M. Cowperthwaite,11/22/2024,
2024,2024-LCS-NWA-040924-001A,West cell,Rake,Adjacent,0.91,1,1,Yes,Yes,,Nymphaea sp.,White water lily,,0,1,0,0,0,0,,,
2024,2024-LCS-NWA-040924-001A,West cell,Rake,Adjacent,0.91,1,1,Yes,Yes,,Spirodela polyrhiza,Greater duckweed,,0,1,0,1,0,0,M. Cowperthwaite,11/22/2024,
2024,2024-LCS-NWA-040924-001A,West cell,Rake,Adjacent,0.91,1,1,Yes,Yes,,Utricularia sp.,Bladderwort sp.,,0,1,0,0,0,0,,,
2024,2024-LCS-NWA-040924-001A,West cell,Rake,Adjacent,0.91,1,1,Yes,Yes,,Wolffia sp.,Watermeal sp.,,0,1,0,0,0,0,,,
2024,2024-LCS-NWA-040924-002A,West cell,Rake,Adjacent,0.47,2,0,Yes,Yes,mucky sample,Ceratophyllum demersum,Coontail,,0,1,0,1,20.8,19,M. Cowperthwaite,11/22/2024,
2024,2024-LCS-NWA-040924-002A,West cell,Rake,Adjacent,0.47,2,0,Yes,Yes,mucky sample,Hydrocharis morsus-ranae,European frog-bit,,0,1,1,1,70.7,100,M. Cowperthwaite,11/22/2024,
2024,2024-LCS-NWA-040924-002A,West cell,Rake,Adjacent,0.47,2,0,Yes,Yes,mucky sample,Lemna minor,Lesser duckweed,,0,1,0,1,0,0,M. Cowperthwaite,11/22/2024,
2024,2024-LCS-NWA-040924-002A,West cell,Rake,Adjacent,0.47,2,0,Yes,Yes,mucky sample,Lemna trisulca,Star duckweed,,0,1,0,1,1.1,2,M. Cowperthwaite,11/22/2024,
2024,2024-LCS-NWA-040924-002A,West cell,Rake,Adjacent,0.47,2,0,Yes,Yes,mucky sample,Nymphaea sp.,White water lily,,1,1,1,1,24.1,80,M. Cowperthwaite,11/22/2024,"Leaves: 70mL, Stems: 10mL"
2024,2024-LCS-NWA-040924-002A,West cell,Rake,Adjacent,0.47,2,0,Yes,Yes,mucky sample,Riccia fluitans,Floating slender liverwort/Floating crystalwort,,0,1,0,1,0,0,M. Cowperthwaite,11/22/2024,
2024,2024-LCS-NWA-040924-002A,West cell,Rake,Adjacent,0.47,2,0,Yes,Yes,mucky sample,Spirodela polyrhiza,Greater duckweed,,0,1,0,1,0,0,M. Cowperthwaite,11/22/2024,
2024,2024-LCS-NWA-040924-002A,West cell,Rake,Adjacent,0.47,2,0,Yes,Yes,mucky sample,Utricularia sp.,Bladderwort sp.,,0,1,0,0,0,0,,,
2024,2024-LCS-NWA-040924-002A,West cell,Rake,Adjacent,0.47,2,0,Yes,Yes,mucky sample,Wolffia sp.,Watermeal sp.,,0,1,0,0,0,0,,,
2024,2024-LCS-NWA-040924-003A,West cell,Rake,Adjacent,0.85,2,0,Yes,Yes,very mucky sample,Ceratophyllum demersum,Coontail,,1,1,1,1,73.1,75,M. Cowperthwaite,11/28/2024,
2024,2024-LCS-NWA-040924-003A,West cell,Rake,Adjacent,0.85,2,0,Yes,Yes,very mucky sample,Elodea canadensis,Canada waterweed,,0,1,0,0,0,0,,,
2024,2024-LCS-NWA-040924-003A,West cell,Rake,Adjacent,0.85,2,0,Yes,Yes,very mucky sample,Hydrocharis morsus-ranae,European frog-bit,,0,1,1,1,0,0,M. Cowperthwaite,11/28/2024,
2024,2024-LCS-NWA-040924-003A,West cell,Rake,Adjacent,0.85,2,0,Yes,Yes,very mucky sample,Lemna minor,Lesser duckweed,,0,1,0,0,0,0,,,
2024,2024-LCS-NWA-040924-003A,West cell,Rake,Adjacent,0.85,2,0,Yes,Yes,very mucky sample,Lemna trisulca,Star duckweed,,0,1,0,1,0.2,0,M. Cowperthwaite,11/28/2024,
2024,2024-LCS-NWA-040924-003A,West cell,Rake,Adjacent,0.85,2,0,Yes,Yes,very mucky sample,Najas minor,Brittle naiad/Brittle water nymph,,0,1,0,1,0,0,M. Cowperthwaite,11/28/2024,
2024,2024-LCS-NWA-040924-003A,West cell,Rake,Adjacent,0.85,2,0,Yes,Yes,very mucky sample,Nitella sp.,Stonewort sp.,,0,1,1,0,0,0,,,
2024,2024-LCS-NWA-040924-003A,West cell,Rake,Adjacent,0.85,2,0,Yes,Yes,very mucky sample,Nymphaea sp.,White water lily,,0,1,1,1,133.9,150,M. Cowperthwaite,11/28/2024,
2024,2024-LCS-NWA-040924-003A,West cell,Rake,Adjacent,0.85,2,0,Yes,Yes,very mucky sample,Potamogeton zosteriformis,Flat-stemmed pondweed,,0,1,0,1,0.1,0,M. Cowperthwaite,11/28/2024,
2024,2024-LCS-NWA-040924-003A,West cell,Rake,Adjacent,0.85,2,0,Yes,Yes,very mucky sample,Spirodela polyrhiza,Greater duckweed,,0,1,0,1,0,0,M. Cowperthwaite,11/28/2024,
2024,2024-LCS-NWA-040924-003A,West cell,Rake,Adjacent,0.85,2,0,Yes,Yes,very mucky sample,Wolffia sp.,Watermeal sp.,,0,1,0,0,0,0,,,
2024,2024-LCS-NWA-210824-001A,West cell,Rake,Adjacent,0.9,0,0,No,No,no veg on rake,Elodea canadensis,Canada waterweed,,0,1,0,0,0,0,,,
2024,2024-LCS-NWA-210824-001A,West cell,Rake,Adjacent,0.9,0,0,No,No,no veg on rake,Hydrocharis morsus-ranae,European frog-bit,,0,1,0,0,0,0,,,
2024,2024-LCS-NWA-210824-001A,West cell,Rake,Adjacent,0.9,0,0,No,No,no veg on rake,Lemna minor,Lesser duckweed,,0,1,0,0,0,0,,,
2024,2024-LCS-NWA-210824-001A,West cell,Rake,Adjacent,0.9,0,0,No,No,no veg on rake,Myriophyllum spicatum,Eurasian water milfoil,,0,1,0,0,0,0,,,
2024,2024-LCS-NWA-210824-001A,West cell,Rake,Adjacent,0.9,0,0,No,No,no veg on rake,Nymphaea sp.,White water lily,,1,1,0,0,0,0,,,
2024,2024-LCS-NWA-210824-001A,West cell,Rake,Adjacent,0.9,0,0,No,No,no veg on rake,Spirodela polyrhiza,Greater duckweed,,0,1,0,0,0,0,,,
2024,2024-LCS-NWA-210824-001A,West cell,Rake,Adjacent,0.9,0,0,No,No,no veg on rake,Wolffia sp.,Watermeal sp.,,0,1,0,0,0,0,,,
2024,2024-LCS-NWA-210824-002A,West cell,Rake,Adjacent,0.86,1,1,Yes,Yes,,Ceratophyllum demersum,Coontail,,0,1,1,1,1.7,2,M. Cowperthwaite,12/19/2024,
2024,2024-LCS-NWA-210824-002A,West cell,Rake,Adjacent,0.86,1,1,Yes,Yes,,Hydrocharis morsus-ranae,European frog-bit,,0,1,0,0,0,0,,,
2024,2024-LCS-NWA-210824-002A,West cell,Rake,Adjacent,0.86,1,1,Yes,Yes,,Lemna minor,Lesser duckweed,,0,1,0,1,0,0,M. Cowperthwaite,12/19/2024,
2024,2024-LCS-NWA-210824-002A,West cell,Rake,Adjacent,0.86,1,1,Yes,Yes,,Lemna trisulca,Star duckweed,,0,1,0,0,0,0,,,
2024,2024-LCS-NWA-210824-002A,West cell,Rake,Adjacent,0.86,1,1,Yes,Yes,,Nymphaea sp.,White water lily,,1,1,0,0,0,0,,,
2024,2024-LCS-NWA-210824-002A,West cell,Rake,Adjacent,0.86,1,1,Yes,Yes,,Spirodela polyrhiza,Greater duckweed,,0,1,0,1,0,0,M. Cowperthwaite,12/19/2024,
2024,2024-LCS-NWA-210824-002A,West cell,Rake,Adjacent,0.86,1,1,Yes,Yes,,Stuckenia pectinatus,Sago pondweed,,0,1,0,0,0,0,,,
2024,2024-LCS-NWA-210824-002A,West cell,Rake,Adjacent,0.86,1,1,Yes,Yes,,Wolffia sp.,Watermeal sp.,,0,1,0,1,0,0,M. Cowperthwaite,12/19/2024,
2024,2024-LCS-NWA-210824-003A,West cell,Rake,Adjacent,1.01,2,0,Yes,Yes,mucky sample,Ceratophyllum demersum,Coontail,,0,1,1,1,93.1,95,M. Cowperthwaite,12/12/2024,
2024,2024-LCS-NWA-210824-003A,West cell,Rake,Adjacent,1.01,2,0,Yes,Yes,mucky sample,Elodea canadensis,Canada waterweed,,0,1,0,1,0.9,1,M. Cowperthwaite,12/12/2024,
2024,2024-LCS-NWA-210824-003A,West cell,Rake,Adjacent,1.01,2,0,Yes,Yes,mucky sample,Lemna minor,Lesser duckweed,,0,1,1,1,0,0,M. Cowperthwaite,12/12/2024,
2024,2024-LCS-NWA-210824-003A,West cell,Rake,Adjacent,1.01,2,0,Yes,Yes,mucky sample,Lemna trisulca,Star duckweed,,0,1,1,1,1,1,M. Cowperthwaite,12/12/2024,
2024,2024-LCS-NWA-210824-003A,West cell,Rake,Adjacent,1.01,2,0,Yes,Yes,mucky sample,Nymphaea sp.,White water lily,,1,1,0,0,0,0,,,
2024,2024-LCS-NWA-210824-003A,West cell,Rake,Adjacent,1.01,2,0,Yes,Yes,mucky sample,Potamogeton pusillus,Slender pondweed,,0,1,0,1,1.1,1,M. Cowperthwaite,12/12/2024,
2024,2024-LCS-NWA-210824-003A,West cell,Rake,Adjacent,1.01,2,0,Yes,Yes,mucky sample,Spirodela polyrhiza,Greater duckweed,,0,1,1,1,0,0,M. Cowperthwaite,12/12/2024,
2024,2024-LCS-NWA-210824-003A,West cell,Rake,Adjacent,1.01,2,0,Yes,Yes,mucky sample,Stuckenia pectinatus,Sago pondweed,,0,1,0,0,0,0,,,
2024,2024-LCS-NWA-210824-003A,West cell,Rake,Adjacent,1.01,2,0,Yes,Yes,mucky sample,Wolffia sp.,Watermeal sp.,,0,1,1,0,0,0,,,
2024,2024-LCS-NWA-210824-004A,West cell,Rake,Adjacent,0.87,1,0,Yes,Yes,mucky sample,Ceratophyllum demersum,Coontail,,0,1,1,1,7.5,8,M. Cowperthwaite,12/12/2024,
2024,2024-LCS-NWA-210824-004A,West cell,Rake,Adjacent,0.87,1,0,Yes,Yes,mucky sample,Hydrocharis morsus-ranae,European frog-bit,,0,1,1,1,5.5,7,M. Cowperthwaite,12/12/2024,
2024,2024-LCS-NWA-210824-004A,West cell,Rake,Adjacent,0.87,1,0,Yes,Yes,mucky sample,Lemna minor,Lesser duckweed,,0,1,1,1,0,0,M. Cowperthwaite,12/12/2024,
2024,2024-LCS-NWA-210824-004A,West cell,Rake,Adjacent,0.87,1,0,Yes,Yes,mucky sample,Lemna trisulca,Star duckweed,,0,1,1,1,0.4,0,M. Cowperthwaite,12/12/2024,measurement includes all duckweed sp.
2024,2024-LCS-NWA-210824-004A,West cell,Rake,Adjacent,0.87,1,0,Yes,Yes,mucky sample,Nymphaea sp.,White water lily,,1,1,1,1,20.6,24,M. Cowperthwaite,12/12/2024,Leaves: 14 mL Stems: 10 mL
2024,2024-LCS-NWA-210824-004A,West cell,Rake,Adjacent,0.87,1,0,Yes,Yes,mucky sample,Potamogeton zosteriformis,Flat-stemmed pondweed,,0,1,0,0,0,0,,,
2024,2024-LCS-NWA-210824-004A,West cell,Rake,Adjacent,0.87,1,0,Yes,Yes,mucky sample,Spirodela polyrhiza,Greater duckweed,,0,1,1,1,0,0,M. Cowperthwaite,12/12/2024,
2024,2024-LCS-NWA-210824-004A,West cell,Rake,Adjacent,0.87,1,0,Yes,Yes,mucky sample,Stuckenia pectinatus,Sago pondweed,,0,1,0,1,0.1,0,M. Cowperthwaite,12/12/2024,
2024,2024-LCS-NWA-210824-004A,West cell,Rake,Adjacent,0.87,1,0,Yes,Yes,mucky sample,Utricularia sp.,Bladderwort sp.,,0,1,0,0,0,0,,,
2024,2024-LCS-NWA-210824-004A,West cell,Rake,Adjacent,0.87,1,0,Yes,Yes,mucky sample,Wolffia sp.,Watermeal sp.,,0,1,0,0,0,0,,,
2024,2024-LCS-NWA-210824-005A,West cell,Rake,Adjacent,0.85,1,0,Yes,Yes,mucky sample,Ceratophyllum demersum,Coontail,,0,1,1,1,23.3,24,M. Cowperthwaite,12/13/2024,
2024,2024-LCS-NWA-210824-005A,West cell,Rake,Adjacent,0.85,1,0,Yes,Yes,mucky sample,Hydrocharis morsus-ranae,European frog-bit,,0,1,0,0,0,0,,,
2024,2024-LCS-NWA-210824-005A,West cell,Rake,Adjacent,0.85,1,0,Yes,Yes,mucky sample,Lemna minor,Lesser duckweed,,0,1,0,0,0,0,,,
2024,2024-LCS-NWA-210824-005A,West cell,Rake,Adjacent,0.85,1,0,Yes,Yes,mucky sample,Lemna trisulca,Star duckweed,,0,1,0,1,0,0,M. Cowperthwaite,12/13/2024,
2024,2024-LCS-NWA-210824-005A,West cell,Rake,Adjacent,0.85,1,0,Yes,Yes,mucky sample,Nelumbo lutea,American lotus,,0,1,0,0,0,0,,,
2024,2024-LCS-NWA-210824-005A,West cell,Rake,Adjacent,0.85,1,0,Yes,Yes,mucky sample,Nymphaea sp.,White water lily,,0,1,0,0,0,0,,,
2024,2024-LCS-NWA-210824-005A,West cell,Rake,Adjacent,0.85,1,0,Yes,Yes,mucky sample,Spirodela polyrhiza,Greater duckweed,,0,1,0,0,0,0,,,
2024,2024-LCS-NWA-210824-005A,West cell,Rake,Adjacent,0.85,1,0,Yes,Yes,mucky sample,Utricularia sp.,Bladderwort sp.,,0,1,0,0,0,0,,,
2024,2024-LCS-NWA-210824-005A,West cell,Rake,Adjacent,0.85,1,0,Yes,Yes,mucky sample,Wolffia sp.,Watermeal sp.,,1,1,0,0,0,0,,,
2024,2024-LCS-NWA-220824-001A,West cell,Rake,Adjacent,0.69,1,0,Yes,Yes,,Ceratophyllum demersum,Coontail,,0,1,1,1,37.4,38,M. Cowperthwaite,12/2/2024,
2024,2024-LCS-NWA-220824-001A,West cell,Rake,Adjacent,0.69,1,0,Yes,Yes,,Elodea canadensis,Canada waterweed,,0,1,0,1,0,0,M. Cowperthwaite,12/2/2024,
2024,2024-LCS-NWA-220824-001A,West cell,Rake,Adjacent,0.69,1,0,Yes,Yes,,Hydrocharis morsus-ranae,European frog-bit,,0,1,0,0,0,0,,,
2024,2024-LCS-NWA-220824-001A,West cell,Rake,Adjacent,0.69,1,0,Yes,Yes,,Lemna minor,Lesser duckweed,,0,1,0,1,0,0,M. Cowperthwaite,12/2/2024,
2024,2024-LCS-NWA-220824-001A,West cell,Rake,Adjacent,0.69,1,0,Yes,Yes,,Lemna trisulca,Star duckweed,,0,1,0,1,0.2,0,M. Cowperthwaite,12/2/2024,
2024,2024-LCS-NWA-220824-001A,West cell,Rake,Adjacent,0.69,1,0,Yes,Yes,,Myriophyllum sp.,Milfoil sp.,,0,1,0,0,0,0,,,
2024,2024-LCS-NWA-220824-001A,West cell,Rake,Adjacent,0.69,1,0,Yes,Yes,,Nymphaea sp.,White water lily,,1,1,1,1,195.6,235,M. Cowperthwaite,12/2/2024,"Leaves: 150mL, Stems: 85mL"
2024,2024-LCS-NWA-220824-001A,West cell,Rake,Adjacent,0.69,1,0,Yes,Yes,,Spirodela polyrhiza,Greater duckweed,,0,1,0,1,0,0,M. Cowperthwaite,12/2/2024,
2024,2024-LCS-NWA-220824-001A,West cell,Rake,Adjacent,0.69,1,0,Yes,Yes,,Utricularia sp.,Bladderwort sp.,,0,1,0,0,0,0,,,
2024,2024-LCS-NWA-220824-001A,West cell,Rake,Adjacent,0.69,1,0,Yes,Yes,,Wolffia sp.,Watermeal sp.,,0,1,0,0,0,0,,,
2024,2024-LCS-NWA-220824-002A,West cell,Rake,Adjacent,0.92,3,0,Yes,Yes,,Ceratophyllum demersum,Coontail,,0,1,1,1,418.1,435,M. Cowperthwaite,12/17/2024,
2024,2024-LCS-NWA-220824-002A,West cell,Rake,Adjacent,0.92,3,0,Yes,Yes,,Elodea canadensis,Canada waterweed,,0,1,0,1,4.4,4,M. Cowperthwaite,12/17/2024,
2024,2024-LCS-NWA-220824-002A,West cell,Rake,Adjacent,0.92,3,0,Yes,Yes,,Hydrocharis morsus-ranae,European frog-bit,,0,1,0,0,0,0,,,
2024,2024-LCS-NWA-220824-002A,West cell,Rake,Adjacent,0.92,3,0,Yes,Yes,,Lemna minor,Lesser duckweed,,0,1,0,1,0,0,M. Cowperthwaite,12/17/2024,
2024,2024-LCS-NWA-220824-002A,West cell,Rake,Adjacent,0.92,3,0,Yes,Yes,,Lemna trisulca,Star duckweed,,0,1,1,1,0.4,0,M. Cowperthwaite,12/17/2024,
2024,2024-LCS-NWA-220824-002A,West cell,Rake,Adjacent,0.92,3,0,Yes,Yes,,Myriophyllum spicatum,Eurasian water milfoil,,0,1,1,1,2.1,2,M. Cowperthwaite,12/17/2024,
2024,2024-LCS-NWA-220824-002A,West cell,Rake,Adjacent,0.92,3,0,Yes,Yes,,Nelumbo lutea,American lotus,,0,1,0,1,15.4,19,M. Cowperthwaite,12/17/2024,
2024,2024-LCS-NWA-220824-002A,West cell,Rake,Adjacent,0.92,3,0,Yes,Yes,,Nymphaea sp.,White water lily,,1,1,1,0,0,0,,,
2024,2024-LCS-NWA-220824-002A,West cell,Rake,Adjacent,0.92,3,0,Yes,Yes,,Pontederia cordata,Pickerelweed,,0,1,0,0,0,0,,,
2024,2024-LCS-NWA-220824-002A,West cell,Rake,Adjacent,0.92,3,0,Yes,Yes,,Potamogeton zosteriformis,Flat-stemmed pondweed,,0,1,0,1,0.3,0,M. Cowperthwaite,12/17/2024,
2024,2024-LCS-NWA-220824-002A,West cell,Rake,Adjacent,0.92,3,0,Yes,Yes,,Sagittaria sp.,Arrowhead sp.,,0,1,0,1,6.9,8,M. Cowperthwaite,12/17/2024,
2024,2024-LCS-NWA-220824-002A,West cell,Rake,Adjacent,0.92,3,0,Yes,Yes,,Sparganium sp.,Burreed sp.,,0,1,0,0,0,0,,,
2024,2024-LCS-NWA-220824-002A,West cell,Rake,Adjacent,0.92,3,0,Yes,Yes,,Spirodela polyrhiza,Greater duckweed,,0,1,0,1,0,0,M. Cowperthwaite,12/17/2024,
2024,2024-LCS-NWA-220824-002A,West cell,Rake,Adjacent,0.92,3,0,Yes,Yes,,Stuckenia pectinatus,Sago pondweed,,0,1,0,0,0,0,,,
2024,2024-LCS-NWA-220824-002A,West cell,Rake,Adjacent,0.92,3,0,Yes,Yes,,Utricularia sp.,Bladderwort sp.,,0,1,0,0,0,0,,,
2024,2024-LCS-NWA-220824-002A,West cell,Rake,Adjacent,0.92,3,0,Yes,Yes,,Wolffia sp.,Watermeal sp.,,0,1,0,0,0,0,,,
2024,2024-LCS-NWA-220824-003A,West cell,Rake,Adjacent,0.84,3,0,Yes,Yes,,Ceratophyllum demersum,Coontail,,0,1,1,1,76.7,77,M. Cowperthwaite,11/29/2024,
2024,2024-LCS-NWA-220824-003A,West cell,Rake,Adjacent,0.84,3,0,Yes,Yes,,Elodea canadensis,Canada waterweed,,0,1,0,1,0.2,0,M. Cowperthwaite,11/29/2024,
2024,2024-LCS-NWA-220824-003A,West cell,Rake,Adjacent,0.84,3,0,Yes,Yes,,Lemna minor,Lesser duckweed,,0,1,0,1,0,0,M. Cowperthwaite,11/29/2024,
2024,2024-LCS-NWA-220824-003A,West cell,Rake,Adjacent,0.84,3,0,Yes,Yes,,Lemna trisulca,Star duckweed,,0,1,0,1,0,0,M. Cowperthwaite,11/29/2024,
2024,2024-LCS-NWA-220824-003A,West cell,Rake,Adjacent,0.84,3,0,Yes,Yes,,Myriophyllum spicatum,Eurasian water milfoil,,0,1,0,0,0,0,,,
2024,2024-LCS-NWA-220824-003A,West cell,Rake,Adjacent,0.84,3,0,Yes,Yes,,Nelumbo lutea,American lotus,,0,1,0,0,0,0,,,
2024,2024-LCS-NWA-220824-003A,West cell,Rake,Adjacent,0.84,3,0,Yes,Yes,,Nitellopsis obtusa,Starry stonewort,,0,1,1,1,153.7,160,M. Cowperthwaite,11/29/2024,
2024,2024-LCS-NWA-220824-003A,West cell,Rake,Adjacent,0.84,3,0,Yes,Yes,,Nymphaea sp.,White water lily,,1,1,0,0,0,0,,,
2024,2024-LCS-NWA-220824-003A,West cell,Rake,Adjacent,0.84,3,0,Yes,Yes,,Potamogeton pusillus,Slender pondweed,,0,1,1,1,3.3,4,M. Cowperthwaite,11/29/2024,
2024,2024-LCS-NWA-220824-003A,West cell,Rake,Adjacent,0.84,3,0,Yes,Yes,,Potamogeton robbinsii,Fern pondweed,,0,1,0,0,0,0,,,
2024,2024-LCS-NWA-220824-003A,West cell,Rake,Adjacent,0.84,3,0,Yes,Yes,,Sparganium sp.,Burreed sp.,,0,1,0,0,0,0,,,
2024,2024-LCS-NWA-220824-003A,West cell,Rake,Adjacent,0.84,3,0,Yes,Yes,,Spirodela polyrhiza,Greater duckweed,,0,1,0,1,0,0,M. Cowperthwaite,11/29/2024,
2024,2024-LCS-NWA-220824-003A,West cell,Rake,Adjacent,0.84,3,0,Yes,Yes,,Utricularia vulgaris,Common bladderwort,,0,1,1,1,18.9,20,M. Cowperthwaite,11/29/2024,
2024,2024-LCS-NWA-220824-003A,West cell,Rake,Adjacent,0.84,3,0,Yes,Yes,,Wolffia sp.,Watermeal sp.,,0,1,0,0,0,0,,,
2024,2024-LCS-NWA-220824-004A,West cell,Rake,Adjacent,0.99,1,0,No,Yes,no photo - veg flung off as roots ripped out,Ceratophyllum demersum,Coontail,,0,1,0,1,1.1,1,,,
2024,2024-LCS-NWA-220824-004A,West cell,Rake,Adjacent,0.99,1,0,No,Yes,no photo - veg flung off as roots ripped out,Hydrocharis morsus-ranae,European frog-bit,,0,1,1,1,2.9,3,,,
2024,2024-LCS-NWA-220824-004A,West cell,Rake,Adjacent,0.99,1,0,No,Yes,no photo - veg flung off as roots ripped out,Lemna minor,Lesser duckweed,,0,1,0,0,0,0,,,
2024,2024-LCS-NWA-220824-004A,West cell,Rake,Adjacent,0.99,1,0,No,Yes,no photo - veg flung off as roots ripped out,Nymphaea sp.,White water lily,,1,1,1,1,353.4,430,,,
2024,2024-LCS-NWA-220824-004A,West cell,Rake,Adjacent,0.99,1,0,No,Yes,no photo - veg flung off as roots ripped out,Sagittaria sp.,Arrowhead sp.,,0,1,1,1,43.3,75,,,"Leaves: 5mL, Stems: 70mL"
2024,2024-LCS-NWA-220824-004A,West cell,Rake,Adjacent,0.99,1,0,No,Yes,no photo - veg flung off as roots ripped out,Spirodela polyrhiza,Greater duckweed,,0,1,0,0,0,0,,,
2024,2024-LCS-NWA-220824-004A,West cell,Rake,Adjacent,0.99,1,0,No,Yes,no photo - veg flung off as roots ripped out,Utricularia sp.,Bladderwort sp.,,0,1,0,0,0,0,,,
2024,2024-LCS-NWA-220824-005A,West cell,Rake,Adjacent,1.04,1,0,Yes,Yes,,Ceratophyllum demersum,Coontail,,1,1,1,1,73,80,M. Cowperthwaite,11/28/2024,
2024,2024-LCS-NWA-220824-005A,West cell,Rake,Adjacent,1.04,1,0,Yes,Yes,,Hydrocharis morsus-ranae,European frog-bit,,0,1,0,0,0,0,,,
2024,2024-LCS-NWA-220824-005A,West cell,Rake,Adjacent,1.04,1,0,Yes,Yes,,Lemna minor,Lesser duckweed,,0,1,0,0,0,0,,,
2024,2024-LCS-NWA-220824-005A,West cell,Rake,Adjacent,1.04,1,0,Yes,Yes,,Lemna sp.,Duckweed sp.,round leaves,0,1,0,1,0,0,M. Cowperthwaite,11/28/2024,
2024,2024-LCS-NWA-220824-005A,West cell,Rake,Adjacent,1.04,1,0,Yes,Yes,,Lemna trisulca,Star duckweed,,0,1,0,1,0,0,M. Cowperthwaite,11/28/2024,
2024,2024-LCS-NWA-220824-005A,West cell,Rake,Adjacent,1.04,1,0,Yes,Yes,,Nymphaea sp.,White water lily,,0,1,0,0,0,0,,,
2024,2024-LCS-NWA-220824-005A,West cell,Rake,Adjacent,1.04,1,0,Yes,Yes,,Spirodela polyrhiza,Greater duckweed,,0,1,0,0,0,0,,,
2024,2024-LCS-NWA-220824-005A,West cell,Rake,Adjacent,1.04,1,0,Yes,Yes,,Unknown Submerged,Unknown Submerged,,0,1,0,1,0.2,0,M. Cowperthwaite,11/28/2024,1 small leaf fragment
2024,2024-LCS-NWA-220824-005A,West cell,Rake,Adjacent,1.04,1,0,Yes,Yes,,Utricularia gibba,Humped bladderwort,,0,1,0,1,0,0,M. Cowperthwaite,11/28/2024,
2024,2024-LCS-NWA-220824-005A,West cell,Rake,Adjacent,1.04,1,0,Yes,Yes,,Wolffia sp.,Watermeal sp.,,0,1,0,0,0,0,,,
2024,2024-LCS-NWA-260824-001A,West cell,Rake,Adjacent,0.57,2,0,Yes,Yes,,Ceratophyllum demersum,Coontail,,0,1,1,1,26.8,28,M. Cowperthwaite,11/22/2024,
2024,2024-LCS-NWA-260824-001A,West cell,Rake,Adjacent,0.57,2,0,Yes,Yes,,Hydrocharis morsus-ranae,European frog-bit,,0,1,0,0,0,0,,,
2024,2024-LCS-NWA-260824-001A,West cell,Rake,Adjacent,0.57,2,0,Yes,Yes,,Lemna minor,Lesser duckweed,,0,1,0,0,0,0,,,
2024,2024-LCS-NWA-260824-001A,West cell,Rake,Adjacent,0.57,2,0,Yes,Yes,,Lemna sp.,Duckweed sp.,round leaves,0,1,0,1,0,0,M. Cowperthwaite,11/22/2024,
2024,2024-LCS-NWA-260824-001A,West cell,Rake,Adjacent,0.57,2,0,Yes,Yes,,Lemna trisulca,Star duckweed,,0,1,1,1,0.2,0,M. Cowperthwaite,11/22/2024,measurement includes all duckweed sp.
2024,2024-LCS-NWA-260824-001A,West cell,Rake,Adjacent,0.57,2,0,Yes,Yes,,Nymphaea sp.,White water lily,,1,1,1,1,124.3,150,M. Cowperthwaite,11/22/2024,"Leaves: 85 mL, Stems: 55mL"
2024,2024-LCS-NWA-260824-001A,West cell,Rake,Adjacent,0.57,2,0,Yes,Yes,,Spirodela polyrhiza,Greater duckweed,,0,1,0,0,0,0,,,
2024,2024-LCS-NWA-260824-001A,West cell,Rake,Adjacent,0.57,2,0,Yes,Yes,,Utricularia sp.,Bladderwort sp.,,0,1,0,0,0,0,,,
2024,2024-LCS-NWA-260824-001A,West cell,Rake,Adjacent,0.57,2,0,Yes,Yes,,Wolffia sp.,Watermeal sp.,,0,1,0,1,0,0,M. Cowperthwaite,11/22/2024,
2024,2024-LCS-NWA-260824-002A,West cell,Rake,Adjacent,0.62,1,0,Yes,Yes,,Ceratophyllum demersum,Coontail,,0,1,0,0,0,0,,,
2024,2024-LCS-NWA-260824-002A,West cell,Rake,Adjacent,0.62,1,0,Yes,Yes,,Hydrocharis morsus-ranae,European frog-bit,,0,1,1,1,2.5,4,M. Cowperthwaite,11/20/2024,
2024,2024-LCS-NWA-260824-002A,West cell,Rake,Adjacent,0.62,1,0,Yes,Yes,,Lemna minor,Lesser duckweed,,0,1,1,1,0,0,M. Cowperthwaite,11/20/2024,
2024,2024-LCS-NWA-260824-002A,West cell,Rake,Adjacent,0.62,1,0,Yes,Yes,,Nelumbo lutea,American lotus,,0,1,0,0,0,0,,,
2024,2024-LCS-NWA-260824-002A,West cell,Rake,Adjacent,0.62,1,0,Yes,Yes,,Nymphaea sp.,White water lily,,1,1,1,1,220.1,265,M. Cowperthwaite,11/20/2024,"Leaves: 190mL, Stems: 65mL"
2024,2024-LCS-NWA-260824-002A,West cell,Rake,Adjacent,0.62,1,0,Yes,Yes,,Sparganium sp.,Burreed sp.,,0,1,0,0,0,0,,,
2024,2024-LCS-NWA-260824-002A,West cell,Rake,Adjacent,0.62,1,0,Yes,Yes,,Spirodela polyrhiza,Greater duckweed,,0,1,1,1,0,0,M. Cowperthwaite,11/20/2024,
2024,2024-LCS-NWA-260824-003A,West cell,Rake,Adjacent,0.34,1,0,Yes,Yes,,Hydrocharis morsus-ranae,European frog-bit,,0,1,0,1,0,0,M. Cowperthwaite,11/19/2024,
2024,2024-LCS-NWA-260824-003A,West cell,Rake,Adjacent,0.34,1,0,Yes,Yes,,Lemna minor,Lesser duckweed,,0,1,0,0,0,0,,,
2024,2024-LCS-NWA-260824-003A,West cell,Rake,Adjacent,0.34,1,0,Yes,Yes,,Lemna trisulca,Star duckweed,,0,1,0,0,0,0,,,
2024,2024-LCS-NWA-260824-003A,West cell,Rake,Adjacent,0.34,1,0,Yes,Yes,,Nymphaea sp.,White water lily,,1,1,0,0,0,0,,,
2024,2024-LCS-NWA-260824-003A,West cell,Rake,Adjacent,0.34,1,0,Yes,Yes,,Sagittaria sp.,Arrowhead sp.,,0,1,0,0,0,0,,,
2024,2024-LCS-NWA-260824-003A,West cell,Rake,Adjacent,0.34,1,0,Yes,Yes,,Spirodela polyrhiza,Greater duckweed,,0,1,0,0,0,0,,,
2024,2024-LCS-NWA-260824-003A,West cell,Rake,Adjacent,0.34,1,0,Yes,Yes,,Utricularia vulgaris,Common bladderwort,,0,1,1,1,8.7,7,M. Cowperthwaite,11/19/2024,
2024,2024-LCS-NWA-260824-004A,West cell,Rake,Adjacent,0.8,1,1,Yes,Yes,,Algae,Algae,filamentous,0,1,1,1,0,0,M. Cowperthwaite,11/20/2024,
2024,2024-LCS-NWA-260824-004A,West cell,Rake,Adjacent,0.8,1,1,Yes,Yes,,Ceratophyllum demersum,Coontail,,0,1,1,1,9.2,10,M. Cowperthwaite,11/20/2024,
2024,2024-LCS-NWA-260824-004A,West cell,Rake,Adjacent,0.8,1,1,Yes,Yes,,Lemna minor,Lesser duckweed,,0,1,1,1,0,0,M. Cowperthwaite,11/20/2024,
2024,2024-LCS-NWA-260824-004A,West cell,Rake,Adjacent,0.8,1,1,Yes,Yes,,Lemna trisulca,Star duckweed,,0,1,1,1,0.4,0,M. Cowperthwaite,11/20/2024,measurement is for all duckweed sp.
2024,2024-LCS-NWA-260824-004A,West cell,Rake,Adjacent,0.8,1,1,Yes,Yes,,Nitella sp.,Stonewort sp.,,0,1,0,1,0,0,M. Cowperthwaite,11/20/2024,
2024,2024-LCS-NWA-260824-004A,West cell,Rake,Adjacent,0.8,1,1,Yes,Yes,,Nymphaea sp.,White water lily,,1,1,0,0,0,0,,,
2024,2024-LCS-NWA-260824-004A,West cell,Rake,Adjacent,0.8,1,1,Yes,Yes,,Potamogeton sp.,Pondweed sp.,,0,1,0,1,0,0,M. Cowperthwaite,11/20/2024,
2024,2024-LCS-NWA-260824-004A,West cell,Rake,Adjacent,0.8,1,1,Yes,Yes,,Spirodela polyrhiza,Greater duckweed,,0,1,1,1,0,0,M. Cowperthwaite,11/20/2024,
2024,2024-LCS-NWA-260824-004A,West cell,Rake,Adjacent,0.8,1,1,Yes,Yes,,Utricularia vulgaris,Common bladderwort,,0,1,1,1,47.9,48,M. Cowperthwaite,11/20/2024,
2024,2024-LCS-NWA-260824-004A,West cell,Rake,Adjacent,0.8,1,1,Yes,Yes,,Wolffia sp.,Watermeal sp.,,0,1,0,0,0,0,,,
2024,2024-LCS-NWA-260824-005A,West cell,Rake,Adjacent,0.76,2,0,Yes,Yes,mucky sample,Algae,Algae,,0,1,0,0,0,0,,,
2024,2024-LCS-NWA-260824-005A,West cell,Rake,Adjacent,0.76,2,0,Yes,Yes,mucky sample,Ceratophyllum demersum,Coontail,,0,1,1,1,79.4,80,M. Cowperthwaite,11/20/2024,
2024,2024-LCS-NWA-260824-005A,West cell,Rake,Adjacent,0.76,2,0,Yes,Yes,mucky sample,Elodea canadensis,Canada waterweed,,0,1,0,1,0.3,0,M. Cowperthwaite,11/20/2024,
2024,2024-LCS-NWA-260824-005A,West cell,Rake,Adjacent,0.76,2,0,Yes,Yes,mucky sample,Hydrocharis morsus-ranae,European frog-bit,,0,1,0,0,0,0,,,
2024,2024-LCS-NWA-260824-005A,West cell,Rake,Adjacent,0.76,2,0,Yes,Yes,mucky sample,Lemna minor,Lesser duckweed,,0,1,1,1,0,0,M. Cowperthwaite,11/20/2024,
2024,2024-LCS-NWA-260824-005A,West cell,Rake,Adjacent,0.76,2,0,Yes,Yes,mucky sample,Lemna trisulca,Star duckweed,,0,1,1,1,0.3,1,M. Cowperthwaite,11/20/2024,measurement includes all duckweed sp.
2024,2024-LCS-NWA-260824-005A,West cell,Rake,Adjacent,0.76,2,0,Yes,Yes,mucky sample,Myriophyllum spicatum,Eurasian water milfoil,,0,1,0,0,0,0,,,
2024,2024-LCS-NWA-260824-005A,West cell,Rake,Adjacent,0.76,2,0,Yes,Yes,mucky sample,Nitella sp.,Stonewort sp.,,0,1,0,0,0,0,,,
2024,2024-LCS-NWA-260824-005A,West cell,Rake,Adjacent,0.76,2,0,Yes,Yes,mucky sample,Nymphaea sp.,White water lily,,1,1,0,0,0,0,,,
2024,2024-LCS-NWA-260824-005A,West cell,Rake,Adjacent,0.76,2,0,Yes,Yes,mucky sample,Spirodela polyrhiza,Greater duckweed,,0,1,1,1,0,0,M. Cowperthwaite,11/20/2024,
2024,2024-LCS-NWA-260824-005A,West cell,Rake,Adjacent,0.76,2,0,Yes,Yes,mucky sample,Wolffia sp.,Watermeal sp.,,0,1,0,0,0,0,,,
2024,2024-LCS-NWA-270824-001A,West cell,Rake,Adjacent,0.86,1,0,Yes,Yes,,Ceratophyllum demersum,Coontail,,0,1,1,1,29.2,32,M. Cowperthwaite,11/21/2024,
2024,2024-LCS-NWA-270824-001A,West cell,Rake,Adjacent,0.86,1,0,Yes,Yes,,Elodea canadensis,Canada waterweed,,0,1,0,1,1.5,2,M. Cowperthwaite,11/21/2024,
2024,2024-LCS-NWA-270824-001A,West cell,Rake,Adjacent,0.86,1,0,Yes,Yes,,Hydrocharis morsus-ranae,European frog-bit,,1,1,1,1,7.8,10,M. Cowperthwaite,11/21/2024,
2024,2024-LCS-NWA-270824-001A,West cell,Rake,Adjacent,0.86,1,0,Yes,Yes,,Lemna minor,Lesser duckweed,,0,1,1,0,0,0,,,
2024,2024-LCS-NWA-270824-001A,West cell,Rake,Adjacent,0.86,1,0,Yes,Yes,,Lemna sp.,Duckweed sp.,round leaves,0,1,0,1,0,0,M. Cowperthwaite,11/21/2024,
2024,2024-LCS-NWA-270824-001A,West cell,Rake,Adjacent,0.86,1,0,Yes,Yes,,Lemna trisulca,Star duckweed,,0,1,0,1,0.2,0,M. Cowperthwaite,11/21/2024,
2024,2024-LCS-NWA-270824-001A,West cell,Rake,Adjacent,0.86,1,0,Yes,Yes,,Nymphaea sp.,White water lily,,0,1,1,1,111.3,130,M. Cowperthwaite,11/21/2024,"Leaves: 70mL, Stems: 60mL"
2024,2024-LCS-NWA-270824-001A,West cell,Rake,Adjacent,0.86,1,0,Yes,Yes,,Riccia fluitans,Floating slender liverwort/Floating crystalwort,,0,1,0,1,0,0,M. Cowperthwaite,11/21/2024,
2024,2024-LCS-NWA-270824-001A,West cell,Rake,Adjacent,0.86,1,0,Yes,Yes,,Spirodela polyrhiza,Greater duckweed,,0,1,1,0,0,0,,,
2024,2024-LCS-NWA-270824-001A,West cell,Rake,Adjacent,0.86,1,0,Yes,Yes,,Typha sp.,Cattail sp.,,0,1,0,0,0,0,,,
2024,2024-LCS-NWA-270824-001A,West cell,Rake,Adjacent,0.86,1,0,Yes,Yes,,Utricularia gibba,Humped bladderwort,,0,1,0,1,0.1,0,M. Cowperthwaite,11/21/2024,
2024,2024-LCS-NWA-270824-001A,West cell,Rake,Adjacent,0.86,1,0,Yes,Yes,,Utricularia sp.,Bladderwort sp.,,0,1,0,0,0,0,,,
2024,2024-LCS-NWA-270824-002A,West cell,Rake,Adjacent,0.54,2,0,Yes,Yes,,Ceratophyllum demersum,Coontail,,0,1,1,1,17.4,18,M. Cowperthwaite,11/21/2024,
2024,2024-LCS-NWA-270824-002A,West cell,Rake,Adjacent,0.54,2,0,Yes,Yes,,Elodea canadensis,Canada waterweed,,0,1,1,1,1,1,M. Cowperthwaite,11/21/2024,
2024,2024-LCS-NWA-270824-002A,West cell,Rake,Adjacent,0.54,2,0,Yes,Yes,,Hydrocharis morsus-ranae,European frog-bit,,0,1,1,1,12.2,16,M. Cowperthwaite,11/21/2024,
2024,2024-LCS-NWA-270824-002A,West cell,Rake,Adjacent,0.54,2,0,Yes,Yes,,Lemna minor,Lesser duckweed,,0,1,1,0,0,0,,,
2024,2024-LCS-NWA-270824-002A,West cell,Rake,Adjacent,0.54,2,0,Yes,Yes,,Lemna sp.,Duckweed sp.,,0,1,0,1,0,0,M. Cowperthwaite,11/21/2024,
2024,2024-LCS-NWA-270824-002A,West cell,Rake,Adjacent,0.54,2,0,Yes,Yes,,Lemna trisulca,Star duckweed,,0,1,0,1,0,0,M. Cowperthwaite,11/21/2024,
2024,2024-LCS-NWA-270824-002A,West cell,Rake,Adjacent,0.54,2,0,Yes,Yes,,Nitella sp.,Stonewort sp.,,0,1,0,1,2.7,2,M. Cowperthwaite,11/21/2024,
2024,2024-LCS-NWA-270824-002A,West cell,Rake,Adjacent,0.54,2,0,Yes,Yes,,Nymphaea sp.,White water lily,,1,1,1,1,0,0,M. Cowperthwaite,11/21/2024,present but all dead/decomposing
2024,2024-LCS-NWA-270824-002A,West cell,Rake,Adjacent,0.54,2,0,Yes,Yes,,Potamogeton natans,Floating pondweed,,0,1,1,1,10.3,15,M. Cowperthwaite,11/21/2024,"Floating leaves: 6mL, Submerged: 10mL"
2024,2024-LCS-NWA-270824-002A,West cell,Rake,Adjacent,0.54,2,0,Yes,Yes,,Spirodela polyrhiza,Greater duckweed,,0,1,1,0,0,0,,,
2024,2024-LCS-NWA-270824-002A,West cell,Rake,Adjacent,0.54,2,0,Yes,Yes,,Utricularia gibba,Humped bladderwort,,0,1,0,1,0.5,0,M. Cowperthwaite,11/21/2024,
2024,2024-LCS-NWA-270824-002A,West cell,Rake,Adjacent,0.54,2,0,Yes,Yes,,Utricularia vulgaris,Common bladderwort,,0,1,1,1,66.8,75,M. Cowperthwaite,11/21/2024,
2024,2024-LCS-NWA-270824-003A,West cell,Rake,Adjacent,1,3,0,Yes,Yes,mucky sample,Ceratophyllum demersum,Coontail,,1,1,1,1,721.2,710,M. Cowperthwaite,11/27/2024,
2024,2024-LCS-NWA-270824-003A,West cell,Rake,Adjacent,1,3,0,Yes,Yes,mucky sample,Elodea canadensis,Canada waterweed,,0,1,1,1,1.1,2,M. Cowperthwaite,11/27/2024,
2024,2024-LCS-NWA-270824-003A,West cell,Rake,Adjacent,1,3,0,Yes,Yes,mucky sample,Hydrocharis morsus-ranae,European frog-bit,,0,1,0,0,0,0,,,
2024,2024-LCS-NWA-270824-003A,West cell,Rake,Adjacent,1,3,0,Yes,Yes,mucky sample,Lemna minor,Lesser duckweed,,0,1,0,0,0,0,,,
2024,2024-LCS-NWA-270824-003A,West cell,Rake,Adjacent,1,3,0,Yes,Yes,mucky sample,Lemna trisulca,Star duckweed,,0,1,0,1,0.4,1,M. Cowperthwaite,11/27/2024,Measurement includes all duckweed sp.
2024,2024-LCS-NWA-270824-003A,West cell,Rake,Adjacent,1,3,0,Yes,Yes,mucky sample,Myriophyllum sibiricum,Northern water milfoil,,0,1,0,0,0,0,,,
2024,2024-LCS-NWA-270824-003A,West cell,Rake,Adjacent,1,3,0,Yes,Yes,mucky sample,Nymphaea sp.,White water lily,,0,1,0,0,0,0,,,
2024,2024-LCS-NWA-270824-003A,West cell,Rake,Adjacent,1,3,0,Yes,Yes,mucky sample,Potamogeton pusillus,Slender pondweed,,0,1,0,1,0.2,0,M. Cowperthwaite,11/27/2024,
2024,2024-LCS-NWA-270824-003A,West cell,Rake,Adjacent,1,3,0,Yes,Yes,mucky sample,Potamogeton robbinsii,Fern pondweed,,0,1,0,0,0,0,,,
2024,2024-LCS-NWA-270824-003A,West cell,Rake,Adjacent,1,3,0,Yes,Yes,mucky sample,Potamogeton zosteriformis,Flat-stemmed pondweed,,0,1,0,1,0,0,M. Cowperthwaite,11/27/2024,
2024,2024-LCS-NWA-270824-003A,West cell,Rake,Adjacent,1,3,0,Yes,Yes,mucky sample,Spirodela polyrhiza,Greater duckweed,,0,1,0,1,0,0,M. Cowperthwaite,11/27/2024,
2024,2024-LCS-NWA-270824-003A,West cell,Rake,Adjacent,1,3,0,Yes,Yes,mucky sample,Unknown Submerged,Unknown Submerged,very small alternate leaves,0,1,0,1,0,0,M. Cowperthwaite,11/27/2024,"likely a pondweed, very small alternate leaves with a midvein"
2024,2024-LCS-NWA-270824-003A,West cell,Rake,Adjacent,1,3,0,Yes,Yes,mucky sample,Utricularia gibba,Humped bladderwort,,0,1,0,1,0,0,M. Cowperthwaite,11/27/2024,
2024,2024-LCS-NWA-270824-003A,West cell,Rake,Adjacent,1,3,0,Yes,Yes,mucky sample,Wolffia sp.,Watermeal sp.,,0,1,0,0,0,0,,,
2024,2024-LCS-NWA-270824-004A,West cell,Rake,Adjacent,0.72,1,1,Yes,Yes,,Algae,Algae,filamentous,0,1,1,1,0,0,M. Cowperthwaite,11/25/2024,
2024,2024-LCS-NWA-270824-004A,West cell,Rake,Adjacent,0.72,1,1,Yes,Yes,,Ceratophyllum demersum,Coontail,,1,1,1,1,22.9,25,M. Cowperthwaite,11/25/2024,
2024,2024-LCS-NWA-270824-004A,West cell,Rake,Adjacent,0.72,1,1,Yes,Yes,,Hydrocharis morsus-ranae,European frog-bit,,0,1,1,1,79.9,115,M. Cowperthwaite,11/25/2024,
2024,2024-LCS-NWA-270824-004A,West cell,Rake,Adjacent,0.72,1,1,Yes,Yes,,Lemna minor,Lesser duckweed,,0,1,1,0,0,0,,,
2024,2024-LCS-NWA-270824-004A,West cell,Rake,Adjacent,0.72,1,1,Yes,Yes,,Lemna sp.,Duckweed sp.,round leaves,0,1,0,1,0,0,M. Cowperthwaite,11/25/2024,
2024,2024-LCS-NWA-270824-004A,West cell,Rake,Adjacent,0.72,1,1,Yes,Yes,,Lemna trisulca,Star duckweed,,0,1,0,1,0,0,M. Cowperthwaite,11/25/2024,
2024,2024-LCS-NWA-270824-004A,West cell,Rake,Adjacent,0.72,1,1,Yes,Yes,,Nymphaea sp.,White water lily,,0,1,0,0,0,0,,,
2024,2024-LCS-NWA-270824-004A,West cell,Rake,Adjacent,0.72,1,1,Yes,Yes,,Spirodela polyrhiza,Greater duckweed,,0,1,1,0,0,0,,,
2024,2024-LCS-NWA-270824-004A,West cell,Rake,Adjacent,0.72,1,1,Yes,Yes,,Utricularia vulgaris,Common bladderwort,,0,1,1,1,39.4,50,M. Cowperthwaite,11/25/2024,
2024,2024-LCS-NWA-270824-004A,West cell,Rake,Adjacent,0.72,1,1,Yes,Yes,,Wolffia sp.,Watermeal sp.,,0,1,0,0,0,0,,,
2024,2024-LCS-NWA-270824-005A,West cell,Rake,Adjacent,0.58,3,0,Yes,Yes,mucky sample,Ceratophyllum demersum,Coontail,,0,1,1,1,85.4,90,M. Cowperthwaite,11/25/2024,
2024,2024-LCS-NWA-270824-005A,West cell,Rake,Adjacent,0.58,3,0,Yes,Yes,mucky sample,Elodea canadensis,Canada waterweed,,0,1,1,1,78.2,80,M. Cowperthwaite,11/25/2024,
2024,2024-LCS-NWA-270824-005A,West cell,Rake,Adjacent,0.58,3,0,Yes,Yes,mucky sample,Hydrocharis morsus-ranae,European frog-bit,,1,1,1,1,451.5,610,M. Cowperthwaite,11/25/2024,
2024,2024-LCS-NWA-270824-005A,West cell,Rake,Adjacent,0.58,3,0,Yes,Yes,mucky sample,Lemna minor,Lesser duckweed,,0,1,1,1,0,0,M. Cowperthwaite,11/25/2024,
2024,2024-LCS-NWA-270824-005A,West cell,Rake,Adjacent,0.58,3,0,Yes,Yes,mucky sample,Lemna trisulca,Star duckweed,,0,1,1,1,4,4,M. Cowperthwaite,11/25/2024,
2024,2024-LCS-NWA-270824-005A,West cell,Rake,Adjacent,0.58,3,0,Yes,Yes,mucky sample,Myriophyllum sibiricum,Northern water milfoil,,0,1,0,1,3.3,3,M. Cowperthwaite,11/25/2024,
2024,2024-LCS-NWA-270824-005A,West cell,Rake,Adjacent,0.58,3,0,Yes,Yes,mucky sample,Nitella sp.,Stonewort sp.,,0,1,0,1,2.8,2,M. Cowperthwaite,11/25/2024,
2024,2024-LCS-NWA-270824-005A,West cell,Rake,Adjacent,0.58,3,0,Yes,Yes,mucky sample,Nymphaea sp.,White water lily,,0,1,0,1,21.9,25,M. Cowperthwaite,11/25/2024,
2024,2024-LCS-NWA-270824-005A,West cell,Rake,Adjacent,0.58,3,0,Yes,Yes,mucky sample,Potamogeton pusillus,Slender pondweed,,0,1,0,1,3.8,4,M. Cowperthwaite,11/25/2024,
2024,2024-LCS-NWA-270824-005A,West cell,Rake,Adjacent,0.58,3,0,Yes,Yes,mucky sample,Ranunculus sp.,Crowfoot sp.,,0,1,0,1,1,1,M. Cowperthwaite,11/25/2024,
2024,2024-LCS-NWA-270824-005A,West cell,Rake,Adjacent,0.58,3,0,Yes,Yes,mucky sample,Riccia fluitans,Floating slender liverwort/Floating crystalwort,,0,1,0,1,0,0,M. Cowperthwaite,11/25/2024,
2024,2024-LCS-NWA-270824-005A,West cell,Rake,Adjacent,0.58,3,0,Yes,Yes,mucky sample,Spirodela polyrhiza,Greater duckweed,,0,1,1,1,0,0,M. Cowperthwaite,11/25/2024,
2024,2024-LCS-NWA-270824-005A,West cell,Rake,Adjacent,0.58,3,0,Yes,Yes,mucky sample,Utricularia gibba,Humped bladderwort,,0,1,0,1,2.3,4,M. Cowperthwaite,11/25/2024,
2024,2024-LCS-NWA-270824-005A,West cell,Rake,Adjacent,0.58,3,0,Yes,Yes,mucky sample,Utricularia vulgaris,Common bladderwort,,0,1,0,1,4.5,5,M. Cowperthwaite,11/25/2024,
2024,2024-LCS-NWA-270824-005A,West cell,Rake,Adjacent,0.58,3,0,Yes,Yes,mucky sample,Wolffia sp.,Watermeal sp.,,0,1,1,0,0,0,,,
2024,2024-LCS-NWA-280824-001A,West cell,Rake,Adjacent,0.6,2,0,Yes,Yes,,Ceratophyllum demersum,Coontail,,0,1,1,1,189.3,205,M. Cowperthwaite,11/15/2024,
2024,2024-LCS-NWA-280824-001A,West cell,Rake,Adjacent,0.6,2,0,Yes,Yes,,Hydrocharis morsus-ranae,European frog-bit,,0,1,1,1,73.3,95,M. Cowperthwaite,11/15/2024,
2024,2024-LCS-NWA-280824-001A,West cell,Rake,Adjacent,0.6,2,0,Yes,Yes,,Lemna minor,Lesser duckweed,,0,1,1,0,0,0,,,
2024,2024-LCS-NWA-280824-001A,West cell,Rake,Adjacent,0.6,2,0,Yes,Yes,,Lemna sp.,Duckweed sp.,round leaves,0,1,0,1,0,0,M. Cowperthwaite,11/15/2024,
2024,2024-LCS-NWA-280824-001A,West cell,Rake,Adjacent,0.6,2,0,Yes,Yes,,Lemna trisulca,Star duckweed,,0,1,1,1,2.1,2,M. Cowperthwaite,11/15/2024,
2024,2024-LCS-NWA-280824-001A,West cell,Rake,Adjacent,0.6,2,0,Yes,Yes,,Nitella sp.,Stonewort sp.,,0,1,0,1,0.6,0,M. Cowperthwaite,11/15/2024,
2024,2024-LCS-NWA-280824-001A,West cell,Rake,Adjacent,0.6,2,0,Yes,Yes,,Nymphaea sp.,White water lily,,1,1,1,1,92.8,100,M. Cowperthwaite,11/15/2024,"Leaves: 55mL, Stems: 45mL"
2024,2024-LCS-NWA-280824-001A,West cell,Rake,Adjacent,0.6,2,0,Yes,Yes,,Riccia fluitans,Floating slender liverwort/Floating crystalwort,,0,1,0,1,0,0,M. Cowperthwaite,11/15/2024,
2024,2024-LCS-NWA-280824-001A,West cell,Rake,Adjacent,0.6,2,0,Yes,Yes,,Spirodela polyrhiza,Greater duckweed,,0,1,1,0,0,0,,,
2024,2024-LCS-NWA-280824-001A,West cell,Rake,Adjacent,0.6,2,0,Yes,Yes,,Utricularia vulgaris,Common bladderwort,,0,1,1,1,43.3,43,M. Cowperthwaite,11/15/2024,
2024,2024-LCS-NWA-280824-001A,West cell,Rake,Adjacent,0.6,2,0,Yes,Yes,,Wolffia sp.,Watermeal sp.,,0,1,0,0,0,0,,,
2024,2024-LCS-NWA-280824-002A,West cell,Rake,Adjacent,0.48,1,0,Yes,Yes,,Ceratophyllum demersum,Coontail,,0,1,1,1,30.8,32,M. Cowperthwaite,11/15/2024,
2024,2024-LCS-NWA-280824-002A,West cell,Rake,Adjacent,0.48,1,0,Yes,Yes,,Hydrocharis morsus-ranae,European frog-bit,,0,1,0,0,0,0,,,
2024,2024-LCS-NWA-280824-002A,West cell,Rake,Adjacent,0.48,1,0,Yes,Yes,,Lemna minor,Lesser duckweed,,0,1,0,1,0,0,M. Cowperthwaite,11/15/2024,
2024,2024-LCS-NWA-280824-002A,West cell,Rake,Adjacent,0.48,1,0,Yes,Yes,,Lemna trisulca,Star duckweed,,0,1,0,1,0.3,0,M. Cowperthwaite,11/15/2024,measurement includes all duckweed sp.
2024,2024-LCS-NWA-280824-002A,West cell,Rake,Adjacent,0.48,1,0,Yes,Yes,,Nymphaea sp.,White water lily,,1,1,1,1,154.5,185,M. Cowperthwaite,11/15/2024,"Leaves: 85mL, Stems: 100mL"
2024,2024-LCS-NWA-280824-002A,West cell,Rake,Adjacent,0.48,1,0,Yes,Yes,,Pontederia cordata,Pickerelweed,,0,1,0,0,0,0,,,
2024,2024-LCS-NWA-280824-002A,West cell,Rake,Adjacent,0.48,1,0,Yes,Yes,,Spirodela polyrhiza,Greater duckweed,,0,1,0,1,0,0,M. Cowperthwaite,11/15/2024,
2024,2024-LCS-NWA-280824-002A,West cell,Rake,Adjacent,0.48,1,0,Yes,Yes,,Utricularia sp.,Bladderwort sp.,,0,1,0,0,0,0,,,
2024,2024-LCS-NWA-280824-002A,West cell,Rake,Adjacent,0.48,1,0,Yes,Yes,,Wolffia sp.,Watermeal sp.,,0,1,0,0,0,0,,,
2024,2024-LCS-NWA-280824-003A,West cell,Rake,Adjacent,0.93,1,0,Yes,Yes,lots of detritus in sample,Ceratophyllum demersum,Coontail,,0,1,1,1,91.7,98,M. Cowperthwaite,11/14/2024,
2024,2024-LCS-NWA-280824-003A,West cell,Rake,Adjacent,0.93,1,0,Yes,Yes,lots of detritus in sample,Hydrocharis morsus-ranae,European frog-bit,,0,1,0,0,0,0,,,
2024,2024-LCS-NWA-280824-003A,West cell,Rake,Adjacent,0.93,1,0,Yes,Yes,lots of detritus in sample,Lemna minor,Lesser duckweed,,0,1,0,1,0,0,M. Cowperthwaite,11/14/2024,
2024,2024-LCS-NWA-280824-003A,West cell,Rake,Adjacent,0.93,1,0,Yes,Yes,lots of detritus in sample,Lemna trisulca,Star duckweed,,0,1,1,1,2.2,2,M. Cowperthwaite,11/14/2024,measurement includes all duckweed sp.
2024,2024-LCS-NWA-280824-003A,West cell,Rake,Adjacent,0.93,1,0,Yes,Yes,lots of detritus in sample,Nymphaea sp.,White water lily,,0,1,0,0,0,0,,,
2024,2024-LCS-NWA-280824-003A,West cell,Rake,Adjacent,0.93,1,0,Yes,Yes,lots of detritus in sample,Spirodela polyrhiza,Greater duckweed,,0,1,0,1,0,0,M. Cowperthwaite,11/14/2024,
2024,2024-LCS-NWA-280824-003A,West cell,Rake,Adjacent,0.93,1,0,Yes,Yes,lots of detritus in sample,Utricularia sp.,Bladderwort sp.,,0,1,0,0,0,0,,,
2024,2024-LCS-NWA-280824-003A,West cell,Rake,Adjacent,0.93,1,0,Yes,Yes,lots of detritus in sample,Wolffia sp.,Watermeal sp.,,1,1,1,1,0,0,M. Cowperthwaite,11/14/2024,
2024,2024-LCS-NWA-280824-004A,West cell,Rake,Adjacent,0.8,2,1,Yes,Yes,,Algae,Algae,filamentous,0,1,1,1,0,0,M. Cowperthwaite,11/18/2024,
2024,2024-LCS-NWA-280824-004A,West cell,Rake,Adjacent,0.8,2,1,Yes,Yes,,Ceratophyllum demersum,Coontail,,0,1,1,1,13.2,14,M. Cowperthwaite,11/18/2024,
2024,2024-LCS-NWA-280824-004A,West cell,Rake,Adjacent,0.8,2,1,Yes,Yes,,Hydrocharis morsus-ranae,European frog-bit,,1,1,1,1,124,150,M. Cowperthwaite,11/18/2024,
2024,2024-LCS-NWA-280824-004A,West cell,Rake,Adjacent,0.8,2,1,Yes,Yes,,Lemna minor,Lesser duckweed,,0,1,1,1,0,0,M. Cowperthwaite,11/18/2024,
2024,2024-LCS-NWA-280824-004A,West cell,Rake,Adjacent,0.8,2,1,Yes,Yes,,Lemna trisulca,Star duckweed,,0,1,0,1,0,0,M. Cowperthwaite,11/18/2024,
2024,2024-LCS-NWA-280824-004A,West cell,Rake,Adjacent,0.8,2,1,Yes,Yes,,Nymphaea sp.,White water lily,,0,1,0,0,0,0,,,
2024,2024-LCS-NWA-280824-004A,West cell,Rake,Adjacent,0.8,2,1,Yes,Yes,,Spirodela polyrhiza,Greater duckweed,,0,1,1,1,0.5,1,M. Cowperthwaite,11/18/2024,measurement includes all duckweed sp.
2024,2024-LCS-NWA-280824-004A,West cell,Rake,Adjacent,0.8,2,1,Yes,Yes,,Wolffia sp.,Watermeal sp.,,0,1,1,1,0,0,M. Cowperthwaite,11/18/2024,
2024,2024-LCS-NWA-280824-005A,West cell,Rake,Adjacent,0.95,2,0,Yes,Yes,,Ceratophyllum demersum,Coontail,,0,1,1,1,281.3,295,M. Cowperthwaite,11/18/2024,
2024,2024-LCS-NWA-280824-005A,West cell,Rake,Adjacent,0.95,2,0,Yes,Yes,,Elodea canadensis,Canada waterweed,,0,1,0,1,0.1,0,M. Cowperthwaite,11/18/2024,
2024,2024-LCS-NWA-280824-005A,West cell,Rake,Adjacent,0.95,2,0,Yes,Yes,,Hydrocharis morsus-ranae,European frog-bit,,0,1,1,1,9,12,M. Cowperthwaite,11/18/2024,
2024,2024-LCS-NWA-280824-005A,West cell,Rake,Adjacent,0.95,2,0,Yes,Yes,,Lemna minor,Lesser duckweed,,0,1,1,1,0,0,M. Cowperthwaite,11/18/2024,
2024,2024-LCS-NWA-280824-005A,West cell,Rake,Adjacent,0.95,2,0,Yes,Yes,,Lemna trisulca,Star duckweed,,0,1,1,1,2.5,3,M. Cowperthwaite,11/18/2024,measurement includes all duckweed sp.
2024,2024-LCS-NWA-280824-005A,West cell,Rake,Adjacent,0.95,2,0,Yes,Yes,,Nymphaea sp.,White water lily,,1,1,1,1,47.5,60,M. Cowperthwaite,11/18/2024,"Leaves: 30mL, Stems: 30mL"
2024,2024-LCS-NWA-280824-005A,West cell,Rake,Adjacent,0.95,2,0,Yes,Yes,,Potamogeton zosteriformis,Flat-stemmed pondweed,,0,1,0,1,2,2,M. Cowperthwaite,11/18/2024,
2024,2024-LCS-NWA-280824-005A,West cell,Rake,Adjacent,0.95,2,0,Yes,Yes,,Spirodela polyrhiza,Greater duckweed,,0,1,1,1,0,0,M. Cowperthwaite,11/18/2024,
2024,2024-LCS-NWA-280824-005A,West cell,Rake,Adjacent,0.95,2,0,Yes,Yes,,Utricularia vulgaris,Common bladderwort,,0,1,0,1,7.7,7,M. Cowperthwaite,11/18/2024,
2024,2024-LCS-NWA-280824-005A,West cell,Rake,Adjacent,0.95,2,0,Yes,Yes,,Wolffia sp.,Watermeal sp.,,0,1,1,1,0,0,M. Cowperthwaite,11/18/2024,
2024,2024-LCS-NWA-280824-006A,West cell,Rake,Adjacent,0.81,3,0,Yes,Yes,,Ceratophyllum demersum,Coontail,,1,1,1,1,1047.6,1095,M. Cowperthwaite,11/19/2024,
2024,2024-LCS-NWA-280824-006A,West cell,Rake,Adjacent,0.81,3,0,Yes,Yes,,Hydrocharis morsus-ranae,European frog-bit,,0,1,1,1,7.7,9,M. Cowperthwaite,11/19/2024,
2024,2024-LCS-NWA-280824-006A,West cell,Rake,Adjacent,0.81,3,0,Yes,Yes,,Lemna minor,Lesser duckweed,,0,1,1,1,0,0,M. Cowperthwaite,11/19/2024,
2024,2024-LCS-NWA-280824-006A,West cell,Rake,Adjacent,0.81,3,0,Yes,Yes,,Lemna trisulca,Star duckweed,,0,1,1,1,1.3,1,M. Cowperthwaite,11/19/2024,measurement includes all duckweed sp.
2024,2024-LCS-NWA-280824-006A,West cell,Rake,Adjacent,0.81,3,0,Yes,Yes,,Nymphaea sp.,White water lily,,0,1,1,1,738.7,850,M. Cowperthwaite,11/19/2024,
2024,2024-LCS-NWA-280824-006A,West cell,Rake,Adjacent,0.81,3,0,Yes,Yes,,Potamogeton pusillus,Slender pondweed,,0,1,0,1,0.2,0,M. Cowperthwaite,11/19/2024,
2024,2024-LCS-NWA-280824-006A,West cell,Rake,Adjacent,0.81,3,0,Yes,Yes,,Spirodela polyrhiza,Greater duckweed,,0,1,1,1,0,0,M. Cowperthwaite,11/19/2024,
2024,2024-LCS-NWA-280824-006A,West cell,Rake,Adjacent,0.81,3,0,Yes,Yes,,Wolffia sp.,Watermeal sp.,,0,1,1,1,0,0,M. Cowperthwaite,11/19/2024,
2024,2024-LCS-NWA-290824-001A,West cell,Rake,Adjacent,1,2,0,Yes,Yes,,Ceratophyllum demersum,Coontail,,0,1,1,1,240,255,M. Cowperthwaite,11/14/2024,
2024,2024-LCS-NWA-290824-001A,West cell,Rake,Adjacent,1,2,0,Yes,Yes,,Elodea canadensis,Canada waterweed,,0,1,1,1,3.2,4,M. Cowperthwaite,11/14/2024,
2024,2024-LCS-NWA-290824-001A,West cell,Rake,Adjacent,1,2,0,Yes,Yes,,Hydrocharis morsus-ranae,European frog-bit,,1,1,1,1,98.9,150,M. Cowperthwaite,11/14/2024,
2024,2024-LCS-NWA-290824-001A,West cell,Rake,Adjacent,1,2,0,Yes,Yes,,Lemna minor,Lesser duckweed,,0,1,1,1,0,0,M. Cowperthwaite,11/14/2024,
2024,2024-LCS-NWA-290824-001A,West cell,Rake,Adjacent,1,2,0,Yes,Yes,,Lemna trisulca,Star duckweed,,0,1,1,1,2.8,2,M. Cowperthwaite,11/14/2024,
2024,2024-LCS-NWA-290824-001A,West cell,Rake,Adjacent,1,2,0,Yes,Yes,,Nymphaea sp.,White water lily,,0,1,1,1,3.8,5,M. Cowperthwaite,11/14/2024,"Leaves: 2mL, Stems: 3mL"
2024,2024-LCS-NWA-290824-001A,West cell,Rake,Adjacent,1,2,0,Yes,Yes,,Potamogeton pusillus,Slender pondweed,,0,1,0,1,0.2,1,M. Cowperthwaite,11/14/2024,
2024,2024-LCS-NWA-290824-001A,West cell,Rake,Adjacent,1,2,0,Yes,Yes,,Ranunculus sp.,Crowfoot sp.,,0,1,0,1,0.9,1,M. Cowperthwaite,11/14/2024,
2024,2024-LCS-NWA-290824-001A,West cell,Rake,Adjacent,1,2,0,Yes,Yes,,Spirodela polyrhiza,Greater duckweed,,0,1,1,1,0,0,M. Cowperthwaite,11/14/2024,
2024,2024-LCS-NWA-290824-001A,West cell,Rake,Adjacent,1,2,0,Yes,Yes,,Utricularia vulgaris,Common bladderwort,,0,1,1,1,10,11,M. Cowperthwaite,11/14/2024,
2024,2024-LCS-NWA-290824-001A,West cell,Rake,Adjacent,1,2,0,Yes,Yes,,Wolffia sp.,Watermeal sp.,,0,1,1,1,0,0,M. Cowperthwaite,11/14/2024,
2024,2024-LCS-NWA-290824-002A,West cell,Rake,Adjacent,0.89,2,0,Yes,Yes,,Ceratophyllum demersum,Coontail,,0,1,1,1,66.4,70,M. Cowperthwaite,11/13/2024,
2024,2024-LCS-NWA-290824-002A,West cell,Rake,Adjacent,0.89,2,0,Yes,Yes,,Elodea canadensis,Canada waterweed,,0,1,1,1,103.9,110,M. Cowperthwaite,11/13/2024,
2024,2024-LCS-NWA-290824-002A,West cell,Rake,Adjacent,0.89,2,0,Yes,Yes,,Hydrocharis morsus-ranae,European frog-bit,,1,1,1,1,213.6,295,M. Cowperthwaite,11/13/2024,
2024,2024-LCS-NWA-290824-002A,West cell,Rake,Adjacent,0.89,2,0,Yes,Yes,,Lemna minor,Lesser duckweed,,0,1,0,0,0,0,,,
2024,2024-LCS-NWA-290824-002A,West cell,Rake,Adjacent,0.89,2,0,Yes,Yes,,Lemna sp.,Duckweed sp.,,0,1,0,1,0,0,M. Cowperthwaite,11/13/2024,
2024,2024-LCS-NWA-290824-002A,West cell,Rake,Adjacent,0.89,2,0,Yes,Yes,,Lemna trisulca,Star duckweed,,0,1,0,1,0,0,M. Cowperthwaite,11/13/2024,
2024,2024-LCS-NWA-290824-002A,West cell,Rake,Adjacent,0.89,2,0,Yes,Yes,,Nymphaea sp.,White water lily,,0,1,1,1,56,65,M. Cowperthwaite,11/13/2024,"Leaves: 50mL, Stems: 10mL"
2024,2024-LCS-NWA-290824-002A,West cell,Rake,Adjacent,0.89,2,0,Yes,Yes,,Potamogeton zosteriformis,Flat-stemmed pondweed,,0,1,0,1,0.8,1,M. Cowperthwaite,11/13/2024,
2024,2024-LCS-NWA-290824-002A,West cell,Rake,Adjacent,0.89,2,0,Yes,Yes,,Ranunculus sp.,Crowfoot sp.,,0,1,0,1,2,2,M. Cowperthwaite,11/13/2024,
2024,2024-LCS-NWA-290824-002A,West cell,Rake,Adjacent,0.89,2,0,Yes,Yes,,Riccia fluitans,Floating slender liverwort/Floating crystalwort,,0,1,0,1,0,0,M. Cowperthwaite,11/13/2024,
2024,2024-LCS-NWA-290824-002A,West cell,Rake,Adjacent,0.89,2,0,Yes,Yes,,Spirodela polyrhiza,Greater duckweed,,0,1,0,0,0,0,,,
2024,2024-LCS-NWA-290824-002A,West cell,Rake,Adjacent,0.89,2,0,Yes,Yes,,Utricularia sp.,Bladderwort sp.,,0,1,0,0,0,0,,,
2024,2024-LCS-NWA-290824-002A,West cell,Rake,Adjacent,0.89,2,0,Yes,Yes,,Wolffia sp.,Watermeal sp.,,0,1,0,0,0,0,,,
2024,2024-LCS-NWA-290824-003A,West cell,Rake,Adjacent,0.69,2,0,Yes,Yes,,Algae,Algae,filamentous,0,1,0,1,0,0,M. Cowperthwaite,11/13/2024,
2024,2024-LCS-NWA-290824-003A,West cell,Rake,Adjacent,0.69,2,0,Yes,Yes,,Ceratophyllum demersum,Coontail,,0,1,1,1,55.5,64,M. Cowperthwaite,11/13/2024,
2024,2024-LCS-NWA-290824-003A,West cell,Rake,Adjacent,0.69,2,0,Yes,Yes,,Hydrocharis morsus-ranae,European frog-bit,,0,1,1,1,33.9,47,M. Cowperthwaite,11/13/2024,
2024,2024-LCS-NWA-290824-003A,West cell,Rake,Adjacent,0.69,2,0,Yes,Yes,,Lemna minor,Lesser duckweed,,0,1,1,0,0,0,,,
2024,2024-LCS-NWA-290824-003A,West cell,Rake,Adjacent,0.69,2,0,Yes,Yes,,Lemna sp.,Duckweed sp.,,0,1,0,1,0,0,M. Cowperthwaite,11/13/2024,
2024,2024-LCS-NWA-290824-003A,West cell,Rake,Adjacent,0.69,2,0,Yes,Yes,,Lemna trisulca,Star duckweed,,0,1,1,1,0.8,1,M. Cowperthwaite,11/13/2024,measurement includes all duckweed sp.
2024,2024-LCS-NWA-290824-003A,West cell,Rake,Adjacent,0.69,2,0,Yes,Yes,,Nymphaea sp.,White water lily,,1,1,1,1,136.3,185,M. Cowperthwaite,11/13/2024,"Leaves: 160mL, Stems: 40mL"
2024,2024-LCS-NWA-290824-003A,West cell,Rake,Adjacent,0.69,2,0,Yes,Yes,,Riccia fluitans,Floating slender liverwort/Floating crystalwort,,0,1,0,1,0.1,0,M. Cowperthwaite,11/13/2024,
2024,2024-LCS-NWA-290824-003A,West cell,Rake,Adjacent,0.69,2,0,Yes,Yes,,Spirodela polyrhiza,Greater duckweed,,0,1,1,0,0,0,,,
2024,2024-LCS-NWA-290824-003A,West cell,Rake,Adjacent,0.69,2,0,Yes,Yes,,Wolffia sp.,Watermeal sp.,,0,1,1,0,0,0,,,
2024,2024-LCS-NWA-290824-004A,West cell,Rake,Adjacent,0.97,1,0,Yes,Yes,,Ceratophyllum demersum,Coontail,,0,1,1,1,108.2,110,M. Cowperthwaite,11/12/2024,
2024,2024-LCS-NWA-290824-004A,West cell,Rake,Adjacent,0.97,1,0,Yes,Yes,,Elodea canadensis,Canada waterweed,,0,1,0,0,0,0,,,
2024,2024-LCS-NWA-290824-004A,West cell,Rake,Adjacent,0.97,1,0,Yes,Yes,,Hydrocharis morsus-ranae,European frog-bit,,0,1,0,0,0,0,,,
2024,2024-LCS-NWA-290824-004A,West cell,Rake,Adjacent,0.97,1,0,Yes,Yes,,Lemna minor,Lesser duckweed,,0,1,0,0,0,0,,,
2024,2024-LCS-NWA-290824-004A,West cell,Rake,Adjacent,0.97,1,0,Yes,Yes,,Lemna sp.,Duckweed sp.,,0,1,0,1,0,0,M. Cowperthwaite,11/12/2024,
2024,2024-LCS-NWA-290824-004A,West cell,Rake,Adjacent,0.97,1,0,Yes,Yes,,Lemna trisulca,Star duckweed,,0,1,0,1,1,2,M. Cowperthwaite,11/12/2024,
2024,2024-LCS-NWA-290824-004A,West cell,Rake,Adjacent,0.97,1,0,Yes,Yes,,Nymphaea sp.,White water lily,,1,1,1,1,42.7,60,M. Cowperthwaite,11/12/2024,"Leaves: 20mL, Stems: 40mL"
2024,2024-LCS-NWA-290824-004A,West cell,Rake,Adjacent,0.97,1,0,Yes,Yes,,Spirodela polyrhiza,Greater duckweed,,0,1,0,0,0,0,,,
2024,2024-LCS-NWA-290824-004A,West cell,Rake,Adjacent,0.97,1,0,Yes,Yes,,Unknown Submerged,Unknown Submerged,,0,1,0,1,0.2,0,M. Cowperthwaite,11/12/2024,"1 stem, no leaves"
2024,2024-LCS-NWA-290824-004A,West cell,Rake,Adjacent,0.97,1,0,Yes,Yes,,Utricularia vulgaris,Common bladderwort,,0,1,1,1,0.4,0,M. Cowperthwaite,11/12/2024,
2024,2024-LCS-NWA-290824-004A,West cell,Rake,Adjacent,0.97,1,0,Yes,Yes,,Wolffia sp.,Watermeal sp.,,0,1,0,0,0,0,,,
2024,2024-LCS-NWA-290824-005A,West cell,Rake,Adjacent,1,1,0,Yes,Yes,,Algae,Algae,filamentous,0,1,0,1,0,0,M. Cowperthwaite,11/8/2024,
2024,2024-LCS-NWA-290824-005A,West cell,Rake,Adjacent,1,1,0,Yes,Yes,,Ceratophyllum demersum,Coontail,,0,1,1,1,50.3,54,M. Cowperthwaite,11/8/2024,
2024,2024-LCS-NWA-290824-005A,West cell,Rake,Adjacent,1,1,0,Yes,Yes,,Hydrocharis morsus-ranae,European frog-bit,,1,1,0,0,0,0,,,
2024,2024-LCS-NWA-290824-005A,West cell,Rake,Adjacent,1,1,0,Yes,Yes,,Lemna minor,Lesser duckweed,,0,1,1,1,0,0,M. Cowperthwaite,11/8/2024,
2024,2024-LCS-NWA-290824-005A,West cell,Rake,Adjacent,1,1,0,Yes,Yes,,Lemna trisulca,Star duckweed,,0,1,1,1,0.9,2,M. Cowperthwaite,11/8/2024,
2024,2024-LCS-NWA-290824-005A,West cell,Rake,Adjacent,1,1,0,Yes,Yes,,Nymphaea sp.,White water lily,,0,1,0,0,0,0,,,
2024,2024-LCS-NWA-290824-005A,West cell,Rake,Adjacent,1,1,0,Yes,Yes,,Potamogeton sp.,Pondweed sp.,,0,1,0,1,0,0,M. Cowperthwaite,11/8/2024,
2024,2024-LCS-NWA-290824-005A,West cell,Rake,Adjacent,1,1,0,Yes,Yes,,Spirodela polyrhiza,Greater duckweed,,0,1,1,1,0,0,M. Cowperthwaite,11/8/2024,
2024,2024-LCS-NWA-290824-005A,West cell,Rake,Adjacent,1,1,0,Yes,Yes,,Stuckenia pectinatus,Sago pondweed,,0,1,0,1,11.6,14,M. Cowperthwaite,11/8/2024,
2024,2024-LCS-NWA-290824-005A,West cell,Rake,Adjacent,1,1,0,Yes,Yes,,Unknown Submerged,Unknown Submerged,,0,1,0,1,6.8,8,M. Cowperthwaite,11/8/2024,round stem + some roots
2024,2024-LCS-NWA-290824-005A,West cell,Rake,Adjacent,1,1,0,Yes,Yes,,Unknown Submerged,Unknown Submerged,,0,1,0,1,0.8,1,M. Cowperthwaite,11/8/2024,
2024,2024-LCS-NWA-290824-005A,West cell,Rake,Adjacent,1,1,0,Yes,Yes,,Utricularia vulgaris,Common bladderwort,,0,1,1,1,1.8,2,M. Cowperthwaite,11/8/2024,
2024,2024-LCS-NWA-290824-005A,West cell,Rake,Adjacent,1,1,0,Yes,Yes,,Wolffia sp.,Watermeal sp.,,0,1,1,0,0,0,,,
2024,2024-LCS-NWA-290824-006A,West cell,Rake,Adjacent,0.9,1,0,Yes,Yes,,Algae,Algae,filamentous,0,1,0,1,0,0,M. Cowperthwaite,11/12/2024,
2024,2024-LCS-NWA-290824-006A,West cell,Rake,Adjacent,0.9,1,0,Yes,Yes,,Ceratophyllum demersum,Coontail,,0,1,1,1,41.8,46,M. Cowperthwaite,11/12/2024,
2024,2024-LCS-NWA-290824-006A,West cell,Rake,Adjacent,0.9,1,0,Yes,Yes,,Hydrocharis morsus-ranae,European frog-bit,,1,1,0,0,0,0,,,
2024,2024-LCS-NWA-290824-006A,West cell,Rake,Adjacent,0.9,1,0,Yes,Yes,,Lemna minor,Lesser duckweed,,0,1,1,1,0,0,M. Cowperthwaite,11/12/2024,
2024,2024-LCS-NWA-290824-006A,West cell,Rake,Adjacent,0.9,1,0,Yes,Yes,,Lemna trisulca,Star duckweed,,0,1,0,1,0,0,M. Cowperthwaite,11/12/2024,
2024,2024-LCS-NWA-290824-006A,West cell,Rake,Adjacent,0.9,1,0,Yes,Yes,,Nymphaea sp.,White water lily,,0,1,1,1,0.9,1,M. Cowperthwaite,11/12/2024,"Leaves: 1mL, Stems: 0mL"
2024,2024-LCS-NWA-290824-006A,West cell,Rake,Adjacent,0.9,1,0,Yes,Yes,,Spirodela polyrhiza,Greater duckweed,,0,1,1,1,0.3,0,M. Cowperthwaite,11/12/2024,measurement includes all duckweed sp.
2024,2024-LCS-NWA-290824-006A,West cell,Rake,Adjacent,0.9,1,0,Yes,Yes,,Typha sp.,Cattail sp.,,0,1,0,0,0,0,,,
2024,2024-LCS-NWA-290824-006A,West cell,Rake,Adjacent,0.9,1,0,Yes,Yes,,Utricularia vulgaris,Common bladderwort,,0,1,1,1,8.2,9,M. Cowperthwaite,11/12/2024,
2024,2024-LCS-NWA-290824-006A,West cell,Rake,Adjacent,0.9,1,0,Yes,Yes,,Wolffia sp.,Watermeal sp.,,0,1,1,1,0,0,M. Cowperthwaite,11/12/2024,
