Project,Field Number,Date,Month,Year,Date fished,Waterbody Name,Start Latitude,Start Longitude,Bin Number,Species,Number Captured,Caught > Number captured
2023-LCS-NWA-,2023-LCS-NWA-080823-001A,8-Aug-23,8,2023,9-Aug-23,St. Clair NWA - East Cell SCU,42.37674,-82.40026,1,Lepomis gibbosus,12,FALSE
2023-LCS-NWA-,2023-LCS-NWA-080823-001A,8-Aug-23,8,2023,9-Aug-23,St. Clair NWA - East Cell SCU,42.37674,-82.40026,1,Lepomis macrochirus,8,FALSE
2023-LCS-NWA-,2023-LCS-NWA-080823-001A,8-Aug-23,8,2023,9-Aug-23,St. Clair NWA - East Cell SCU,42.37674,-82.40026,1,Micropterus nigricans,1,FALSE
2023-LCS-NWA-,2023-LCS-NWA-080823-001A,8-Aug-23,8,2023,9-Aug-23,St. Clair NWA - East Cell SCU,42.37674,-82.40026,1,Pomoxis nigromaculatus,2,FALSE
2023-LCS-NWA-,2023-LCS-NWA-080823-002A,8-Aug-23,8,2023,9-Aug-23,St. Clair NWA - East Cell SCU,42.3727,-82.39969,1,Lepomis gibbosus,4,FALSE
2023-LCS-NWA-,2023-LCS-NWA-080823-002A,8-Aug-23,8,2023,9-Aug-23,St. Clair NWA - East Cell SCU,42.3727,-82.39969,1,Pomoxis nigromaculatus,3,FALSE
2023-LCS-NWA-,2023-LCS-NWA-080823-002A,8-Aug-23,8,2023,9-Aug-23,St. Clair NWA - East Cell SCU,42.3727,-82.39969,1,Amia ocellicauda,1,FALSE
2023-LCS-NWA-,2023-LCS-NWA-080823-003A,8-Aug-23,8,2023,9-Aug-23,St. Clair NWA - East Cell SCU,42.37053,-82.40087,1,Lepomis gibbosus,14,FALSE
2023-LCS-NWA-,2023-LCS-NWA-080823-003A,8-Aug-23,8,2023,9-Aug-23,St. Clair NWA - East Cell SCU,42.37053,-82.40087,1,Pomoxis nigromaculatus,2,FALSE
2023-LCS-NWA-,2023-LCS-NWA-080823-003A,8-Aug-23,8,2023,9-Aug-23,St. Clair NWA - East Cell SCU,42.37053,-82.40087,1,Micropterus nigricans,3,FALSE
2023-LCS-NWA-,2023-LCS-NWA-080823-003A,8-Aug-23,8,2023,9-Aug-23,St. Clair NWA - East Cell SCU,42.37053,-82.40087,1,Umbra limi,1,FALSE
2023-LCS-NWA-,2023-LCS-NWA-080823-003A,8-Aug-23,8,2023,9-Aug-23,St. Clair NWA - East Cell SCU,42.37053,-82.40087,1,Amia ocellicauda,1,FALSE
2023-LCS-NWA-,2023-LCS-NWA-080823-004A,8-Aug-23,8,2023,9-Aug-23,St. Clair NWA - East Cell SCU,42.36695,-82.40346,1,Lepomis macrochirus,1,FALSE
2023-LCS-NWA-,2023-LCS-NWA-080823-004A,8-Aug-23,8,2023,9-Aug-23,St. Clair NWA - East Cell SCU,42.36695,-82.40346,1,Pomoxis nigromaculatus,10,FALSE
2023-LCS-NWA-,2023-LCS-NWA-080823-004A,8-Aug-23,8,2023,9-Aug-23,St. Clair NWA - East Cell SCU,42.36695,-82.40346,1,Micropterus nigricans,5,FALSE
2023-LCS-NWA-,2023-LCS-NWA-080823-004A,8-Aug-23,8,2023,9-Aug-23,St. Clair NWA - East Cell SCU,42.36695,-82.40346,1,Notemigonus crysoleucas,2,FALSE
2023-LCS-NWA-,2023-LCS-NWA-080823-004A,8-Aug-23,8,2023,9-Aug-23,St. Clair NWA - East Cell SCU,42.36695,-82.40346,1,Lepomis gibbosus,5,FALSE
2023-LCS-NWA-,2023-LCS-NWA-080823-004A,8-Aug-23,8,2023,9-Aug-23,St. Clair NWA - East Cell SCU,42.36695,-82.40346,1,Umbra limi,1,FALSE
2023-LCS-NWA-,2023-LCS-NWA-080823-004A,8-Aug-23,8,2023,9-Aug-23,St. Clair NWA - East Cell SCU,42.36695,-82.40346,1,Erimyzon sucetta,12,FALSE
2023-LCS-NWA-,2023-LCS-NWA-080823-004A,8-Aug-23,8,2023,9-Aug-23,St. Clair NWA - East Cell SCU,42.36695,-82.40346,1,Ameiurus melas,1,FALSE
2023-LCS-NWA-,2023-LCS-NWA-080823-004A,8-Aug-23,8,2023,9-Aug-23,St. Clair NWA - East Cell SCU,42.36695,-82.40346,1,Amia ocellicauda,1,FALSE
2023-LCS-NWA-,2023-LCS-NWA-080823-005A,8-Aug-23,8,2023,9-Aug-23,St. Clair NWA - East Cell SCU,42.3652,-82.4044,1,Amia ocellicauda,1,FALSE
2023-LCS-NWA-,2023-LCS-NWA-080823-005A,8-Aug-23,8,2023,9-Aug-23,St. Clair NWA - East Cell SCU,42.3652,-82.4044,1,Micropterus nigricans,4,FALSE
2023-LCS-NWA-,2023-LCS-NWA-080823-005A,8-Aug-23,8,2023,9-Aug-23,St. Clair NWA - East Cell SCU,42.3652,-82.4044,1,Pomoxis nigromaculatus,1,FALSE
2023-LCS-NWA-,2023-LCS-NWA-080823-005A,8-Aug-23,8,2023,9-Aug-23,St. Clair NWA - East Cell SCU,42.3652,-82.4044,1,Lepomis gibbosus,7,FALSE
2023-LCS-NWA-,2023-LCS-NWA-080823-005A,8-Aug-23,8,2023,9-Aug-23,St. Clair NWA - East Cell SCU,42.3652,-82.4044,1,Erimyzon sucetta,1,FALSE
2023-LCS-NWA-,2023-LCS-NWA-090823-001A,9-Aug-23,8,2023,10-Aug-23,St. Clair NWA - East Cell SCU,42.37432,-82.39981,1,Pomoxis nigromaculatus,6,FALSE
2023-LCS-NWA-,2023-LCS-NWA-090823-001A,9-Aug-23,8,2023,10-Aug-23,St. Clair NWA - East Cell SCU,42.37432,-82.39981,1,Lepomis macrochirus,8,FALSE
2023-LCS-NWA-,2023-LCS-NWA-090823-001A,9-Aug-23,8,2023,10-Aug-23,St. Clair NWA - East Cell SCU,42.37432,-82.39981,1,Notemigonus crysoleucas,1,FALSE
2023-LCS-NWA-,2023-LCS-NWA-090823-001A,9-Aug-23,8,2023,10-Aug-23,St. Clair NWA - East Cell SCU,42.37432,-82.39981,1,Lepomis sp,8,FALSE
2023-LCS-NWA-,2023-LCS-NWA-090823-001A,9-Aug-23,8,2023,10-Aug-23,St. Clair NWA - East Cell SCU,42.37432,-82.39981,1,Lepomis gibbosus,5,FALSE
2023-LCS-NWA-,2023-LCS-NWA-090823-002A,9-Aug-23,8,2023,10-Aug-23,St. Clair NWA - East Cell SCU,42.37138,-82.40026,1,Lepomis gibbosus,10,FALSE
2023-LCS-NWA-,2023-LCS-NWA-090823-002A,9-Aug-23,8,2023,10-Aug-23,St. Clair NWA - East Cell SCU,42.37138,-82.40026,1,Lepomis macrochirus,11,FALSE
2023-LCS-NWA-,2023-LCS-NWA-090823-002A,9-Aug-23,8,2023,10-Aug-23,St. Clair NWA - East Cell SCU,42.37138,-82.40026,1,Micropterus nigricans,4,FALSE
2023-LCS-NWA-,2023-LCS-NWA-090823-002A,9-Aug-23,8,2023,10-Aug-23,St. Clair NWA - East Cell SCU,42.37138,-82.40026,1,Notemigonus crysoleucas,1,FALSE
2023-LCS-NWA-,2023-LCS-NWA-090823-002A,9-Aug-23,8,2023,10-Aug-23,St. Clair NWA - East Cell SCU,42.37138,-82.40026,1,Umbra limi,2,FALSE
2023-LCS-NWA-,2023-LCS-NWA-090823-002A,9-Aug-23,8,2023,10-Aug-23,St. Clair NWA - East Cell SCU,42.37138,-82.40026,1,Pomoxis nigromaculatus,1,FALSE
2023-LCS-NWA-,2023-LCS-NWA-090823-002A,9-Aug-23,8,2023,10-Aug-23,St. Clair NWA - East Cell SCU,42.37138,-82.40026,1,Lepomis sp,1,FALSE
2023-LCS-NWA-,2023-LCS-NWA-090823-003A,9-Aug-23,8,2023,10-Aug-23,St. Clair NWA - East Cell SCU,42.36848,-82.40214,1,Lepomis gibbosus,4,FALSE
2023-LCS-NWA-,2023-LCS-NWA-090823-003A,9-Aug-23,8,2023,10-Aug-23,St. Clair NWA - East Cell SCU,42.36848,-82.40214,1,Pomoxis nigromaculatus,5,FALSE
2023-LCS-NWA-,2023-LCS-NWA-090823-003A,9-Aug-23,8,2023,10-Aug-23,St. Clair NWA - East Cell SCU,42.36848,-82.40214,1,Lepomis macrochirus,1,FALSE
2023-LCS-NWA-,2023-LCS-NWA-090823-003A,9-Aug-23,8,2023,10-Aug-23,St. Clair NWA - East Cell SCU,42.36848,-82.40214,1,Lepomis sp,2,FALSE
2023-LCS-NWA-,2023-LCS-NWA-090823-003A,9-Aug-23,8,2023,10-Aug-23,St. Clair NWA - East Cell SCU,42.36848,-82.40214,1,Micropterus nigricans,1,FALSE
2023-LCS-NWA-,2023-LCS-NWA-090823-003A,9-Aug-23,8,2023,10-Aug-23,St. Clair NWA - East Cell SCU,42.36848,-82.40214,1,Amia ocellicauda,1,FALSE
2023-LCS-NWA-,2023-LCS-NWA-090823-004A,9-Aug-23,8,2023,10-Aug-23,St. Clair NWA - East Cell SCU,42.36789,-82.40285,1,Lepomis gibbosus,1,FALSE
2023-LCS-NWA-,2023-LCS-NWA-090823-004A,9-Aug-23,8,2023,10-Aug-23,St. Clair NWA - East Cell SCU,42.36789,-82.40285,1,Pomoxis nigromaculatus,2,FALSE
2023-LCS-NWA-,2023-LCS-NWA-090823-004A,9-Aug-23,8,2023,10-Aug-23,St. Clair NWA - East Cell SCU,42.36789,-82.40285,1,Umbra limi,2,FALSE
2023-LCS-NWA-,2023-LCS-NWA-090823-004A,9-Aug-23,8,2023,10-Aug-23,St. Clair NWA - East Cell SCU,42.36789,-82.40285,1,Ameiurus melas,1,FALSE
2023-LCS-NWA-,2023-LCS-NWA-090823-005A,9-Aug-23,8,2023,10-Aug-23,St. Clair NWA - East Cell SCU,42.36626,-82.4038,1,Lepomis gibbosus,17,FALSE
2023-LCS-NWA-,2023-LCS-NWA-090823-005A,9-Aug-23,8,2023,10-Aug-23,St. Clair NWA - East Cell SCU,42.36626,-82.4038,1,Lepomis macrochirus,2,FALSE
2023-LCS-NWA-,2023-LCS-NWA-090823-005A,9-Aug-23,8,2023,10-Aug-23,St. Clair NWA - East Cell SCU,42.36626,-82.4038,1,Micropterus nigricans,4,FALSE
2023-LCS-NWA-,2023-LCS-NWA-090823-005A,9-Aug-23,8,2023,10-Aug-23,St. Clair NWA - East Cell SCU,42.36626,-82.4038,1,Umbra limi,1,FALSE
2023-LCS-NWA-,2023-LCS-NWA-090823-005A,9-Aug-23,8,2023,10-Aug-23,St. Clair NWA - East Cell SCU,42.36626,-82.4038,1,Amia ocellicauda,2,FALSE
2023-LCS-NWA-,2023-LCS-NWA-090823-006A,9-Aug-23,8,2023,10-Aug-23,St. Clair NWA - East Cell SCU,42.3645,-82.40466,1,Amia ocellicauda,3,FALSE
2023-LCS-NWA-,2023-LCS-NWA-090823-006A,9-Aug-23,8,2023,10-Aug-23,St. Clair NWA - East Cell SCU,42.3645,-82.40466,1,Lepomis macrochirus,1,FALSE
2023-LCS-NWA-,2023-LCS-NWA-090823-006A,9-Aug-23,8,2023,10-Aug-23,St. Clair NWA - East Cell SCU,42.3645,-82.40466,1,Lepomis gibbosus,6,FALSE
2023-LCS-NWA-,2023-LCS-NWA-100823-001A,10-Aug-23,8,2023,11-Aug-23,St. Clair NWA - East Cell SCU,42.3778,-82.40118,1,Lepomis gibbosus,1,FALSE
2023-LCS-NWA-,2023-LCS-NWA-100823-001A,10-Aug-23,8,2023,11-Aug-23,St. Clair NWA - East Cell SCU,42.3778,-82.40118,1,Lepomis sp,4,FALSE
2023-LCS-NWA-,2023-LCS-NWA-100823-001A,10-Aug-23,8,2023,11-Aug-23,St. Clair NWA - East Cell SCU,42.3778,-82.40118,1,Pomoxis nigromaculatus,5,FALSE
2023-LCS-NWA-,2023-LCS-NWA-100823-001A,10-Aug-23,8,2023,11-Aug-23,St. Clair NWA - East Cell SCU,42.3778,-82.40118,1,Lepomis macrochirus,1,FALSE
2023-LCS-NWA-,2023-LCS-NWA-100823-001A,10-Aug-23,8,2023,11-Aug-23,St. Clair NWA - East Cell SCU,42.3778,-82.40118,1,Ameiurus melas,1,FALSE
2023-LCS-NWA-,2023-LCS-NWA-100823-002A,10-Aug-23,8,2023,11-Aug-23,St. Clair NWA - East Cell SCU,42.37521,-82.39992,1,Lepomis macrochirus,34,FALSE
2023-LCS-NWA-,2023-LCS-NWA-100823-002A,10-Aug-23,8,2023,11-Aug-23,St. Clair NWA - East Cell SCU,42.37521,-82.39992,1,Lepomis sp,104,FALSE
2023-LCS-NWA-,2023-LCS-NWA-100823-002A,10-Aug-23,8,2023,11-Aug-23,St. Clair NWA - East Cell SCU,42.37521,-82.39992,1,Notemigonus crysoleucas,2,FALSE
2023-LCS-NWA-,2023-LCS-NWA-100823-002A,10-Aug-23,8,2023,11-Aug-23,St. Clair NWA - East Cell SCU,42.37521,-82.39992,1,Micropterus nigricans,1,FALSE
2023-LCS-NWA-,2023-LCS-NWA-100823-002A,10-Aug-23,8,2023,11-Aug-23,St. Clair NWA - East Cell SCU,42.37521,-82.39992,1,Pomoxis nigromaculatus,4,FALSE
2023-LCS-NWA-,2023-LCS-NWA-100823-002A,10-Aug-23,8,2023,11-Aug-23,St. Clair NWA - East Cell SCU,42.37521,-82.39992,1,Lepomis gibbosus,4,FALSE
2023-LCS-NWA-,2023-LCS-NWA-100823-003A,10-Aug-23,8,2023,11-Aug-23,St. Clair NWA - East Cell SCU,42.37379,-82.39931,1,Notemigonus crysoleucas,2,FALSE
2023-LCS-NWA-,2023-LCS-NWA-100823-003A,10-Aug-23,8,2023,11-Aug-23,St. Clair NWA - East Cell SCU,42.37379,-82.39931,1,Lepomis sp,5,FALSE
2023-LCS-NWA-,2023-LCS-NWA-100823-003A,10-Aug-23,8,2023,11-Aug-23,St. Clair NWA - East Cell SCU,42.37379,-82.39931,1,Lepomis gibbosus,1,FALSE
2023-LCS-NWA-,2023-LCS-NWA-100823-003A,10-Aug-23,8,2023,11-Aug-23,St. Clair NWA - East Cell SCU,42.37379,-82.39931,1,Micropterus nigricans,1,FALSE
2023-LCS-NWA-,2023-LCS-NWA-100823-003A,10-Aug-23,8,2023,11-Aug-23,St. Clair NWA - East Cell SCU,42.37379,-82.39931,1,Lepomis macrochirus,2,FALSE
2023-LCS-NWA-,2023-LCS-NWA-100823-003A,10-Aug-23,8,2023,11-Aug-23,St. Clair NWA - East Cell SCU,42.37379,-82.39931,1,Pomoxis nigromaculatus,3,FALSE
2023-LCS-NWA-,2023-LCS-NWA-100823-003A,10-Aug-23,8,2023,11-Aug-23,St. Clair NWA - East Cell SCU,42.37379,-82.39931,1,Ameiurus melas,1,FALSE
2023-LCS-NWA-,2023-LCS-NWA-100823-003A,10-Aug-23,8,2023,11-Aug-23,St. Clair NWA - East Cell SCU,42.37379,-82.39931,1,Amia ocellicauda,1,FALSE
2023-LCS-NWA-,2023-LCS-NWA-100823-004A,10-Aug-23,8,2023,11-Aug-23,St. Clair NWA - East Cell SCU,42.37284,-82.39887,1,Pomoxis nigromaculatus,2,FALSE
2023-LCS-NWA-,2023-LCS-NWA-100823-004A,10-Aug-23,8,2023,11-Aug-23,St. Clair NWA - East Cell SCU,42.37284,-82.39887,1,Micropterus nigricans,2,FALSE
2023-LCS-NWA-,2023-LCS-NWA-100823-004A,10-Aug-23,8,2023,11-Aug-23,St. Clair NWA - East Cell SCU,42.37284,-82.39887,1,Lepomis macrochirus,5,FALSE
2023-LCS-NWA-,2023-LCS-NWA-100823-004A,10-Aug-23,8,2023,11-Aug-23,St. Clair NWA - East Cell SCU,42.37284,-82.39887,1,Notemigonus crysoleucas,20,FALSE
2023-LCS-NWA-,2023-LCS-NWA-100823-004A,10-Aug-23,8,2023,11-Aug-23,St. Clair NWA - East Cell SCU,42.37284,-82.39887,1,Lepomis gibbosus,9,FALSE
2023-LCS-NWA-,2023-LCS-NWA-100823-004A,10-Aug-23,8,2023,11-Aug-23,St. Clair NWA - East Cell SCU,42.37284,-82.39887,1,Esox lucius,1,FALSE
2023-LCS-NWA-,2023-LCS-NWA-100823-005A,10-Aug-23,8,2023,11-Aug-23,St. Clair NWA - East Cell SCU,42.36972,-82.40112,1,Ameiurus melas,7,FALSE
2023-LCS-NWA-,2023-LCS-NWA-100823-005A,10-Aug-23,8,2023,11-Aug-23,St. Clair NWA - East Cell SCU,42.36972,-82.40112,1,Micropterus nigricans,1,FALSE
2023-LCS-NWA-,2023-LCS-NWA-100823-005A,10-Aug-23,8,2023,11-Aug-23,St. Clair NWA - East Cell SCU,42.36972,-82.40112,1,Lepomis gibbosus,4,FALSE
2023-LCS-NWA-,2023-LCS-NWA-100823-005A,10-Aug-23,8,2023,11-Aug-23,St. Clair NWA - East Cell SCU,42.36972,-82.40112,1,Amia ocellicauda,1,FALSE
2023-LCS-NWA-,2023-LCS-NWA-100823-006A,10-Aug-23,8,2023,11-Aug-23,St. Clair NWA - East Cell SCU,42.37606,-82.39867,1,Carassius auratus X Cyprinus carpio,1,FALSE
2023-LCS-NWA-,2023-LCS-NWA-100823-006A,10-Aug-23,8,2023,11-Aug-23,St. Clair NWA - East Cell SCU,42.37606,-82.39867,1,Lepomis macrochirus,12,FALSE
2023-LCS-NWA-,2023-LCS-NWA-100823-006A,10-Aug-23,8,2023,11-Aug-23,St. Clair NWA - East Cell SCU,42.37606,-82.39867,1,Notemigonus crysoleucas,1,FALSE
2023-LCS-NWA-,2023-LCS-NWA-100823-006A,10-Aug-23,8,2023,11-Aug-23,St. Clair NWA - East Cell SCU,42.37606,-82.39867,1,Lepomis gibbosus,12,FALSE
2023-LCS-NWA-,2023-LCS-NWA-100823-006A,10-Aug-23,8,2023,11-Aug-23,St. Clair NWA - East Cell SCU,42.37606,-82.39867,1,Micropterus nigricans,7,FALSE
2023-LCS-NWA-,2023-LCS-NWA-100823-006A,10-Aug-23,8,2023,11-Aug-23,St. Clair NWA - East Cell SCU,42.37606,-82.39867,1,Lepomis sp,17,FALSE
2023-LCS-NWA-,2023-LCS-NWA-100823-006A,10-Aug-23,8,2023,11-Aug-23,St. Clair NWA - East Cell SCU,42.37606,-82.39867,1,Carassius auratus,1,FALSE
2023-LCS-NWA-,2023-LCS-NWA-140823-001A,14-Aug-23,8,2023,15-Aug-23,St. Clair NWA - East Cell SCU,42.36402,-82.40488,1,Lepomis gibbosus,3,FALSE
2023-LCS-NWA-,2023-LCS-NWA-140823-001A,14-Aug-23,8,2023,15-Aug-23,St. Clair NWA - East Cell SCU,42.36402,-82.40488,1,Ameiurus melas,2,FALSE
2023-LCS-NWA-,2023-LCS-NWA-140823-001A,14-Aug-23,8,2023,15-Aug-23,St. Clair NWA - East Cell SCU,42.36402,-82.40488,1,Micropterus nigricans,1,FALSE
2023-LCS-NWA-,2023-LCS-NWA-140823-001A,14-Aug-23,8,2023,15-Aug-23,St. Clair NWA - East Cell SCU,42.36402,-82.40488,1,Umbra limi,1,FALSE
2023-LCS-NWA-,2023-LCS-NWA-140823-001A,14-Aug-23,8,2023,15-Aug-23,St. Clair NWA - East Cell SCU,42.36402,-82.40488,1,Amia ocellicauda,1,FALSE
2023-LCS-NWA-,2023-LCS-NWA-140823-002A,14-Aug-23,8,2023,15-Aug-23,St. Clair NWA - East Cell SCU,42.36334,-82.40481,1,Notemigonus crysoleucas,27,FALSE
2023-LCS-NWA-,2023-LCS-NWA-140823-002A,14-Aug-23,8,2023,15-Aug-23,St. Clair NWA - East Cell SCU,42.36334,-82.40481,1,Lepomis sp,4,FALSE
2023-LCS-NWA-,2023-LCS-NWA-140823-002A,14-Aug-23,8,2023,15-Aug-23,St. Clair NWA - East Cell SCU,42.36334,-82.40481,1,Lepomis gibbosus,8,FALSE
2023-LCS-NWA-,2023-LCS-NWA-140823-002A,14-Aug-23,8,2023,15-Aug-23,St. Clair NWA - East Cell SCU,42.36334,-82.40481,1,Umbra limi,1,FALSE
2023-LCS-NWA-,2023-LCS-NWA-140823-002A,14-Aug-23,8,2023,15-Aug-23,St. Clair NWA - East Cell SCU,42.36334,-82.40481,1,Micropterus nigricans,1,FALSE
2023-LCS-NWA-,2023-LCS-NWA-140823-002A,14-Aug-23,8,2023,15-Aug-23,St. Clair NWA - East Cell SCU,42.36334,-82.40481,1,Erimyzon sucetta,3,FALSE
2023-LCS-NWA-,2023-LCS-NWA-140823-002A,14-Aug-23,8,2023,15-Aug-23,St. Clair NWA - East Cell SCU,42.36334,-82.40481,1,Amia ocellicauda,1,FALSE
2023-LCS-NWA-,2023-LCS-NWA-140823-003A,14-Aug-23,8,2023,15-Aug-23,St. Clair NWA - East Cell SCU,42.36224,-82.4049,1,Pomoxis nigromaculatus,2,FALSE
2023-LCS-NWA-,2023-LCS-NWA-140823-003A,14-Aug-23,8,2023,15-Aug-23,St. Clair NWA - East Cell SCU,42.36224,-82.4049,1,Lepomis macrochirus,2,FALSE
2023-LCS-NWA-,2023-LCS-NWA-140823-003A,14-Aug-23,8,2023,15-Aug-23,St. Clair NWA - East Cell SCU,42.36224,-82.4049,1,Micropterus nigricans,1,FALSE
2023-LCS-NWA-,2023-LCS-NWA-140823-003A,14-Aug-23,8,2023,15-Aug-23,St. Clair NWA - East Cell SCU,42.36224,-82.4049,1,Lepomis gibbosus,12,FALSE
2023-LCS-NWA-,2023-LCS-NWA-140823-003A,14-Aug-23,8,2023,15-Aug-23,St. Clair NWA - East Cell SCU,42.36224,-82.4049,1,Lepomis sp,7,FALSE
2023-LCS-NWA-,2023-LCS-NWA-140823-004A,14-Aug-23,8,2023,15-Aug-23,St. Clair NWA - East Cell SCU,42.36126,-82.40477,1,Lepomis sp,16,FALSE
2023-LCS-NWA-,2023-LCS-NWA-140823-004A,14-Aug-23,8,2023,15-Aug-23,St. Clair NWA - East Cell SCU,42.36126,-82.40477,1,Lepomis gibbosus,18,FALSE
2023-LCS-NWA-,2023-LCS-NWA-140823-004A,14-Aug-23,8,2023,15-Aug-23,St. Clair NWA - East Cell SCU,42.36126,-82.40477,1,Pomoxis nigromaculatus,1,FALSE
2023-LCS-NWA-,2023-LCS-NWA-140823-004A,14-Aug-23,8,2023,15-Aug-23,St. Clair NWA - East Cell SCU,42.36126,-82.40477,1,Amia ocellicauda,1,FALSE
2023-LCS-NWA-,2023-LCS-NWA-140823-004A,14-Aug-23,8,2023,15-Aug-23,St. Clair NWA - East Cell SCU,42.36126,-82.40477,1,Erimyzon sucetta,2,FALSE
2023-LCS-NWA-,2023-LCS-NWA-140823-005A,14-Aug-23,8,2023,15-Aug-23,St. Clair NWA - East Cell SCU,42.36026,-82.40524,1,Notemigonus crysoleucas,11,FALSE
2023-LCS-NWA-,2023-LCS-NWA-140823-005A,14-Aug-23,8,2023,15-Aug-23,St. Clair NWA - East Cell SCU,42.36026,-82.40524,1,Lepomis gibbosus,7,FALSE
2023-LCS-NWA-,2023-LCS-NWA-140823-005A,14-Aug-23,8,2023,15-Aug-23,St. Clair NWA - East Cell SCU,42.36026,-82.40524,1,Lepomis macrochirus,1,FALSE
2023-LCS-NWA-,2023-LCS-NWA-140823-005A,14-Aug-23,8,2023,15-Aug-23,St. Clair NWA - East Cell SCU,42.36026,-82.40524,1,Pomoxis nigromaculatus,1,FALSE
2023-LCS-NWA-,2023-LCS-NWA-140823-005A,14-Aug-23,8,2023,15-Aug-23,St. Clair NWA - East Cell SCU,42.36026,-82.40524,1,Micropterus nigricans,2,FALSE
2023-LCS-NWA-,2023-LCS-NWA-140823-005A,14-Aug-23,8,2023,15-Aug-23,St. Clair NWA - East Cell SCU,42.36026,-82.40524,1,Amia ocellicauda,3,FALSE
2023-LCS-NWA-,2023-LCS-NWA-140823-005A,14-Aug-23,8,2023,15-Aug-23,St. Clair NWA - East Cell SCU,42.36026,-82.40524,1,Carassius auratus X Cyprinus carpio,1,FALSE
2023-LCS-NWA-,2023-LCS-NWA-140823-005A,14-Aug-23,8,2023,15-Aug-23,St. Clair NWA - East Cell SCU,42.36026,-82.40524,1,Ameiurus nebulosus,1,FALSE
2023-LCS-NWA-,2023-LCS-NWA-140823-005A,14-Aug-23,8,2023,15-Aug-23,St. Clair NWA - East Cell SCU,42.36026,-82.40524,1,Lepomis sp,1,FALSE
2023-LCS-NWA-,2023-LCS-NWA-140823-006A,14-Aug-23,8,2023,15-Aug-23,St. Clair NWA - East Cell SCU,42.3626,-82.40299,1,Pomoxis nigromaculatus,2,FALSE
2023-LCS-NWA-,2023-LCS-NWA-150823-001A,15-Aug-23,8,2023,16-Aug-23,St. Clair NWA - East Cell SCU,42.36613,-82.39956,1,Micropterus nigricans,1,FALSE
2023-LCS-NWA-,2023-LCS-NWA-150823-001A,15-Aug-23,8,2023,16-Aug-23,St. Clair NWA - East Cell SCU,42.36613,-82.39956,1,Lepomis gibbosus,1,FALSE
2023-LCS-NWA-,2023-LCS-NWA-150823-001A,15-Aug-23,8,2023,16-Aug-23,St. Clair NWA - East Cell SCU,42.36613,-82.39956,1,Umbra limi,1,FALSE
2023-LCS-NWA-,2023-LCS-NWA-150823-002A,15-Aug-23,8,2023,16-Aug-23,St. Clair NWA - East Cell SCU,42.36676,-82.39813,1,Amia ocellicauda,2,FALSE
2023-LCS-NWA-,2023-LCS-NWA-150823-002A,15-Aug-23,8,2023,16-Aug-23,St. Clair NWA - East Cell SCU,42.36676,-82.39813,1,Lepomis gibbosus,9,FALSE
2023-LCS-NWA-,2023-LCS-NWA-150823-002A,15-Aug-23,8,2023,16-Aug-23,St. Clair NWA - East Cell SCU,42.36676,-82.39813,1,Lepomis sp,12,FALSE
2023-LCS-NWA-,2023-LCS-NWA-150823-002A,15-Aug-23,8,2023,16-Aug-23,St. Clair NWA - East Cell SCU,42.36676,-82.39813,1,Notemigonus crysoleucas,3,FALSE
2023-LCS-NWA-,2023-LCS-NWA-150823-002A,15-Aug-23,8,2023,16-Aug-23,St. Clair NWA - East Cell SCU,42.36676,-82.39813,1,Pomoxis nigromaculatus,1,FALSE
2023-LCS-NWA-,2023-LCS-NWA-150823-003A,15-Aug-23,8,2023,16-Aug-23,St. Clair NWA - East Cell SCU,42.36727,-82.39663,1,Pomoxis nigromaculatus,5,FALSE
2023-LCS-NWA-,2023-LCS-NWA-150823-003A,15-Aug-23,8,2023,16-Aug-23,St. Clair NWA - East Cell SCU,42.36727,-82.39663,1,Amia ocellicauda,2,FALSE
2023-LCS-NWA-,2023-LCS-NWA-150823-003A,15-Aug-23,8,2023,16-Aug-23,St. Clair NWA - East Cell SCU,42.36727,-82.39663,1,Lepomis gibbosus,36,FALSE
2023-LCS-NWA-,2023-LCS-NWA-150823-003A,15-Aug-23,8,2023,16-Aug-23,St. Clair NWA - East Cell SCU,42.36727,-82.39663,1,Lepomis sp,2,FALSE
2023-LCS-NWA-,2023-LCS-NWA-150823-003A,15-Aug-23,8,2023,16-Aug-23,St. Clair NWA - East Cell SCU,42.36727,-82.39663,1,Notemigonus crysoleucas,1,FALSE
2023-LCS-NWA-,2023-LCS-NWA-150823-003A,15-Aug-23,8,2023,16-Aug-23,St. Clair NWA - East Cell SCU,42.36727,-82.39663,1,Micropterus nigricans,1,FALSE
2023-LCS-NWA-,2023-LCS-NWA-150823-003A,15-Aug-23,8,2023,16-Aug-23,St. Clair NWA - East Cell SCU,42.36727,-82.39663,1,Cyprinus carpio,1,FALSE
2023-LCS-NWA-,2023-LCS-NWA-150823-005A,15-Aug-23,8,2023,16-Aug-23,St. Clair NWA - East Cell SCU,42.36876,-82.39487,1,Lepomis gibbosus,3,FALSE
2023-LCS-NWA-,2023-LCS-NWA-150823-005A,15-Aug-23,8,2023,16-Aug-23,St. Clair NWA - East Cell SCU,42.36876,-82.39487,1,Notemigonus crysoleucas,2,FALSE
2023-LCS-NWA-,2023-LCS-NWA-150823-005A,15-Aug-23,8,2023,16-Aug-23,St. Clair NWA - East Cell SCU,42.36876,-82.39487,1,Micropterus nigricans,2,FALSE
2023-LCS-NWA-,2023-LCS-NWA-150823-005A,15-Aug-23,8,2023,16-Aug-23,St. Clair NWA - East Cell SCU,42.36876,-82.39487,1,Umbra limi,1,FALSE
2023-LCS-NWA-,2023-LCS-NWA-150823-005A,15-Aug-23,8,2023,16-Aug-23,St. Clair NWA - East Cell SCU,42.36876,-82.39487,1,Carassius auratus,3,FALSE
2023-LCS-NWA-,2023-LCS-NWA-150823-004A,15-Aug-23,8,2023,16-Aug-23,St. Clair NWA - East Cell SCU,42.36764,-82.39662,1,Pomoxis nigromaculatus,4,FALSE
2023-LCS-NWA-,2023-LCS-NWA-150823-004A,15-Aug-23,8,2023,16-Aug-23,St. Clair NWA - East Cell SCU,42.36764,-82.39662,1,Amia ocellicauda,1,FALSE
2023-LCS-NWA-,2023-LCS-NWA-150823-004A,15-Aug-23,8,2023,16-Aug-23,St. Clair NWA - East Cell SCU,42.36764,-82.39662,1,Lepomis gibbosus,7,FALSE
2023-LCS-NWA-,2023-LCS-NWA-150823-004A,15-Aug-23,8,2023,16-Aug-23,St. Clair NWA - East Cell SCU,42.36764,-82.39662,1,Lepomis sp,1,FALSE
2023-LCS-NWA-,2023-LCS-NWA-150823-004A,15-Aug-23,8,2023,16-Aug-23,St. Clair NWA - East Cell SCU,42.36764,-82.39662,1,Micropterus nigricans,2,FALSE
2023-LCS-NWA-,2023-LCS-NWA-150823-004A,15-Aug-23,8,2023,16-Aug-23,St. Clair NWA - East Cell SCU,42.36764,-82.39662,1,Carassius auratus,5,FALSE
2023-LCS-NWA-,2023-LCS-NWA-210823-001A,21-Aug-23,8,2023,22-Aug-23,St. Clair NWA - West Cell SCU,42.36379,-82.40715,1,Pomoxis nigromaculatus,2,FALSE
2023-LCS-NWA-,2023-LCS-NWA-210823-001A,21-Aug-23,8,2023,22-Aug-23,St. Clair NWA - West Cell SCU,42.36379,-82.40715,1,Amia ocellicauda,3,FALSE
2023-LCS-NWA-,2023-LCS-NWA-210823-001A,21-Aug-23,8,2023,22-Aug-23,St. Clair NWA - West Cell SCU,42.36379,-82.40715,1,Erimyzon sucetta,40,FALSE
2023-LCS-NWA-,2023-LCS-NWA-210823-001A,21-Aug-23,8,2023,22-Aug-23,St. Clair NWA - West Cell SCU,42.36379,-82.40715,1,Lepomis gibbosus,48,FALSE
2023-LCS-NWA-,2023-LCS-NWA-210823-001A,21-Aug-23,8,2023,22-Aug-23,St. Clair NWA - West Cell SCU,42.36379,-82.40715,1,Lepomis sp,31,FALSE
2023-LCS-NWA-,2023-LCS-NWA-210823-001A,21-Aug-23,8,2023,22-Aug-23,St. Clair NWA - West Cell SCU,42.36379,-82.40715,1,Lepomis macrochirus,43,FALSE
2023-LCS-NWA-,2023-LCS-NWA-210823-001A,21-Aug-23,8,2023,22-Aug-23,St. Clair NWA - West Cell SCU,42.36379,-82.40715,1,Notemigonus crysoleucas,21,FALSE
2023-LCS-NWA-,2023-LCS-NWA-210823-001A,21-Aug-23,8,2023,22-Aug-23,St. Clair NWA - West Cell SCU,42.36379,-82.40715,1,Micropterus nigricans,9,FALSE
2023-LCS-NWA-,2023-LCS-NWA-220823-001A,22-Aug-23,8,2023,23-Aug-23,St. Clair NWA - West Cell SCU,42.36795,-82.40908,1,Pomoxis nigromaculatus,1,FALSE
2023-LCS-NWA-,2023-LCS-NWA-220823-001A,22-Aug-23,8,2023,23-Aug-23,St. Clair NWA - West Cell SCU,42.36795,-82.40908,1,Amia ocellicauda,4,FALSE
2023-LCS-NWA-,2023-LCS-NWA-220823-001A,22-Aug-23,8,2023,23-Aug-23,St. Clair NWA - West Cell SCU,42.36795,-82.40908,1,Lepomis gibbosus,8,FALSE
2023-LCS-NWA-,2023-LCS-NWA-220823-001A,22-Aug-23,8,2023,23-Aug-23,St. Clair NWA - West Cell SCU,42.36795,-82.40908,1,Lepomis sp,2,FALSE
2023-LCS-NWA-,2023-LCS-NWA-220823-001A,22-Aug-23,8,2023,23-Aug-23,St. Clair NWA - West Cell SCU,42.36795,-82.40908,1,Ameiurus nebulosus,2,FALSE
2023-LCS-NWA-,2023-LCS-NWA-220823-002A,22-Aug-23,8,2023,23-Aug-23,St. Clair NWA - West Cell SCU,42.36927,-82.40747,1,Lepomis macrochirus,5,FALSE
2023-LCS-NWA-,2023-LCS-NWA-220823-002A,22-Aug-23,8,2023,23-Aug-23,St. Clair NWA - West Cell SCU,42.36927,-82.40747,1,Amia ocellicauda,2,FALSE
2023-LCS-NWA-,2023-LCS-NWA-220823-002A,22-Aug-23,8,2023,23-Aug-23,St. Clair NWA - West Cell SCU,42.36927,-82.40747,1,Erimyzon sucetta,4,FALSE
2023-LCS-NWA-,2023-LCS-NWA-220823-002A,22-Aug-23,8,2023,23-Aug-23,St. Clair NWA - West Cell SCU,42.36927,-82.40747,1,Lepomis gibbosus,17,FALSE
2023-LCS-NWA-,2023-LCS-NWA-220823-002A,22-Aug-23,8,2023,23-Aug-23,St. Clair NWA - West Cell SCU,42.36927,-82.40747,1,Lepomis sp,82,FALSE
2023-LCS-NWA-,2023-LCS-NWA-220823-002A,22-Aug-23,8,2023,23-Aug-23,St. Clair NWA - West Cell SCU,42.36927,-82.40747,1,Micropterus nigricans,1,FALSE
2023-LCS-NWA-,2023-LCS-NWA-220823-003A,22-Aug-23,8,2023,23-Aug-23,St. Clair NWA - West Cell SCU,42.37135,-82.40923,11,Pomoxis nigromaculatus,2,FALSE
2023-LCS-NWA-,2023-LCS-NWA-220823-003A,22-Aug-23,8,2023,23-Aug-23,St. Clair NWA - West Cell SCU,42.37135,-82.40923,11,Amia ocellicauda,5,FALSE
2023-LCS-NWA-,2023-LCS-NWA-220823-003A,22-Aug-23,8,2023,23-Aug-23,St. Clair NWA - West Cell SCU,42.37135,-82.40923,11,Lepomis gibbosus,2,FALSE
2023-LCS-NWA-,2023-LCS-NWA-220823-004A,22-Aug-23,8,2023,23-Aug-23,St. Clair NWA - West Cell SCU,42.37011,-82.41009,1,Lepomis gibbosus,14,FALSE
2023-LCS-NWA-,2023-LCS-NWA-220823-005A,22-Aug-23,8,2023,23-Aug-23,St. Clair NWA - West Cell SCU,42.37214,-82.411,1,Lepomis macrochirus,3,FALSE
2023-LCS-NWA-,2023-LCS-NWA-220823-005A,22-Aug-23,8,2023,23-Aug-23,St. Clair NWA - West Cell SCU,42.37214,-82.411,1,Amia ocellicauda,3,FALSE
2023-LCS-NWA-,2023-LCS-NWA-220823-005A,22-Aug-23,8,2023,23-Aug-23,St. Clair NWA - West Cell SCU,42.37214,-82.411,1,Lepomis gibbosus,6,FALSE
2023-LCS-NWA-,2023-LCS-NWA-220823-005A,22-Aug-23,8,2023,23-Aug-23,St. Clair NWA - West Cell SCU,42.37214,-82.411,1,Lepomis sp,3,FALSE
2023-LCS-NWA-,2023-LCS-NWA-220823-005A,22-Aug-23,8,2023,23-Aug-23,St. Clair NWA - West Cell SCU,42.37214,-82.411,1,Micropterus nigricans,2,FALSE
2023-LCS-NWA-,2023-LCS-NWA-220823-006A,22-Aug-23,8,2023,23-Aug-23,St. Clair NWA - West Cell SCU,42.37067,-82.41209,1,Pomoxis nigromaculatus,1,FALSE
2023-LCS-NWA-,2023-LCS-NWA-220823-006A,22-Aug-23,8,2023,23-Aug-23,St. Clair NWA - West Cell SCU,42.37067,-82.41209,1,Lepomis gibbosus,2,FALSE
2023-LCS-NWA-,2023-LCS-NWA-220823-006A,22-Aug-23,8,2023,23-Aug-23,St. Clair NWA - West Cell SCU,42.37067,-82.41209,1,Cyprinus carpio,1,FALSE
2023-LCS-NWA-,2023-LCS-NWA-240823-001A,24-Aug-23,8,2023,25-Aug-23,St. Clair NWA - West Cell SCU,42.36759,-82.4148,1,Pomoxis nigromaculatus,12,FALSE
2023-LCS-NWA-,2023-LCS-NWA-240823-001A,24-Aug-23,8,2023,25-Aug-23,St. Clair NWA - West Cell SCU,42.36759,-82.4148,1,Lepomis macrochirus,3,FALSE
2023-LCS-NWA-,2023-LCS-NWA-240823-001A,24-Aug-23,8,2023,25-Aug-23,St. Clair NWA - West Cell SCU,42.36759,-82.4148,1,Amia ocellicauda,5,FALSE
2023-LCS-NWA-,2023-LCS-NWA-240823-001A,24-Aug-23,8,2023,25-Aug-23,St. Clair NWA - West Cell SCU,42.36759,-82.4148,1,Lepomis gibbosus,45,FALSE
2023-LCS-NWA-,2023-LCS-NWA-240823-001A,24-Aug-23,8,2023,25-Aug-23,St. Clair NWA - West Cell SCU,42.36759,-82.4148,1,Micropterus nigricans,1,FALSE
2023-LCS-NWA-,2023-LCS-NWA-240823-001A,24-Aug-23,8,2023,25-Aug-23,St. Clair NWA - West Cell SCU,42.36759,-82.4148,1,Ameiurus melas,1,FALSE
2023-LCS-NWA-,2023-LCS-NWA-240823-001A,24-Aug-23,8,2023,25-Aug-23,St. Clair NWA - West Cell SCU,42.36759,-82.4148,1,Ameiurus natalis,1,FALSE
2023-LCS-NWA-,2023-LCS-NWA-240823-002A,24-Aug-23,8,2023,25-Aug-23,St. Clair NWA - West Cell SCU,42.36676,-82.41392,1,Pomoxis nigromaculatus,1,FALSE
2023-LCS-NWA-,2023-LCS-NWA-240823-002A,24-Aug-23,8,2023,25-Aug-23,St. Clair NWA - West Cell SCU,42.36676,-82.41392,1,Lepomis macrochirus,2,FALSE
2023-LCS-NWA-,2023-LCS-NWA-240823-002A,24-Aug-23,8,2023,25-Aug-23,St. Clair NWA - West Cell SCU,42.36676,-82.41392,1,Amia ocellicauda,1,FALSE
2023-LCS-NWA-,2023-LCS-NWA-240823-002A,24-Aug-23,8,2023,25-Aug-23,St. Clair NWA - West Cell SCU,42.36676,-82.41392,1,Erimyzon sucetta,4,FALSE
2023-LCS-NWA-,2023-LCS-NWA-240823-002A,24-Aug-23,8,2023,25-Aug-23,St. Clair NWA - West Cell SCU,42.36676,-82.41392,1,Lepomis gibbosus,20,FALSE
2023-LCS-NWA-,2023-LCS-NWA-240823-002A,24-Aug-23,8,2023,25-Aug-23,St. Clair NWA - West Cell SCU,42.36676,-82.41392,1,Lepomis sp,5,FALSE
2023-LCS-NWA-,2023-LCS-NWA-240823-004A,24-Aug-23,8,2023,25-Aug-23,St. Clair NWA - West Cell SCU,42.36609,-82.41207,1,Pomoxis nigromaculatus,1,FALSE
2023-LCS-NWA-,2023-LCS-NWA-240823-004A,24-Aug-23,8,2023,25-Aug-23,St. Clair NWA - West Cell SCU,42.36609,-82.41207,1,Lepomis macrochirus,1,FALSE
2023-LCS-NWA-,2023-LCS-NWA-240823-004A,24-Aug-23,8,2023,25-Aug-23,St. Clair NWA - West Cell SCU,42.36609,-82.41207,1,Lepomis gibbosus,7,FALSE
2023-LCS-NWA-,2023-LCS-NWA-240823-005A,24-Aug-23,8,2023,25-Aug-23,St. Clair NWA - West Cell SCU,42.36522,-82.41214,1,Pomoxis nigromaculatus,3,FALSE
2023-LCS-NWA-,2023-LCS-NWA-240823-005A,24-Aug-23,8,2023,25-Aug-23,St. Clair NWA - West Cell SCU,42.36522,-82.41214,1,Lepomis macrochirus,6,FALSE
2023-LCS-NWA-,2023-LCS-NWA-240823-005A,24-Aug-23,8,2023,25-Aug-23,St. Clair NWA - West Cell SCU,42.36522,-82.41214,1,Amia ocellicauda,3,FALSE
2023-LCS-NWA-,2023-LCS-NWA-240823-005A,24-Aug-23,8,2023,25-Aug-23,St. Clair NWA - West Cell SCU,42.36522,-82.41214,1,Erimyzon sucetta,1,FALSE
2023-LCS-NWA-,2023-LCS-NWA-240823-005A,24-Aug-23,8,2023,25-Aug-23,St. Clair NWA - West Cell SCU,42.36522,-82.41214,1,Lepomis gibbosus,15,FALSE
2023-LCS-NWA-,2023-LCS-NWA-240823-005A,24-Aug-23,8,2023,25-Aug-23,St. Clair NWA - West Cell SCU,42.36522,-82.41214,1,Micropterus nigricans,1,FALSE
2023-LCS-NWA-,2023-LCS-NWA-240823-005A,24-Aug-23,8,2023,25-Aug-23,St. Clair NWA - West Cell SCU,42.36522,-82.41214,1,Ameiurus melas,2,FALSE
2023-LCS-NWA-,2023-LCS-NWA-240823-006A,24-Aug-23,8,2023,25-Aug-23,St. Clair NWA - West Cell SCU,42.36607,-82.41318,1,Pomoxis nigromaculatus,1,FALSE
2023-LCS-NWA-,2023-LCS-NWA-240823-006A,24-Aug-23,8,2023,25-Aug-23,St. Clair NWA - West Cell SCU,42.36607,-82.41318,1,Amia ocellicauda,8,FALSE
2023-LCS-NWA-,2023-LCS-NWA-240823-006A,24-Aug-23,8,2023,25-Aug-23,St. Clair NWA - West Cell SCU,42.36607,-82.41318,1,Lepomis gibbosus,11,FALSE
2023-LCS-NWA-,2023-LCS-NWA-240823-006A,24-Aug-23,8,2023,25-Aug-23,St. Clair NWA - West Cell SCU,42.36607,-82.41318,1,Ameiurus melas,1,FALSE
2023-LCS-NWA-,2023-LCS-NWA-280823-001A,28-Aug-23,8,2023,29-Aug-23,St. Clair NWA - West Cell SCU,42.36739,-82.40714,1,Pomoxis nigromaculatus,4,FALSE
2023-LCS-NWA-,2023-LCS-NWA-280823-001A,28-Aug-23,8,2023,29-Aug-23,St. Clair NWA - West Cell SCU,42.36739,-82.40714,1,Lepomis macrochirus,5,FALSE
2023-LCS-NWA-,2023-LCS-NWA-280823-001A,28-Aug-23,8,2023,29-Aug-23,St. Clair NWA - West Cell SCU,42.36739,-82.40714,1,Amia ocellicauda,1,FALSE
2023-LCS-NWA-,2023-LCS-NWA-280823-001A,28-Aug-23,8,2023,29-Aug-23,St. Clair NWA - West Cell SCU,42.36739,-82.40714,1,Erimyzon sucetta,3,FALSE
2023-LCS-NWA-,2023-LCS-NWA-280823-001A,28-Aug-23,8,2023,29-Aug-23,St. Clair NWA - West Cell SCU,42.36739,-82.40714,1,Lepomis gibbosus,14,FALSE
2023-LCS-NWA-,2023-LCS-NWA-280823-001A,28-Aug-23,8,2023,29-Aug-23,St. Clair NWA - West Cell SCU,42.36739,-82.40714,1,Lepomis sp,1,FALSE
2023-LCS-NWA-,2023-LCS-NWA-280823-002A,28-Aug-23,8,2023,29-Aug-23,St. Clair NWA - West Cell SCU,42.36606,-82.40672,1,Lepomis macrochirus,3,FALSE
2023-LCS-NWA-,2023-LCS-NWA-280823-002A,28-Aug-23,8,2023,29-Aug-23,St. Clair NWA - West Cell SCU,42.36606,-82.40672,1,Amia ocellicauda,7,FALSE
2023-LCS-NWA-,2023-LCS-NWA-280823-002A,28-Aug-23,8,2023,29-Aug-23,St. Clair NWA - West Cell SCU,42.36606,-82.40672,1,Lepomis sp,4,FALSE
2023-LCS-NWA-,2023-LCS-NWA-280823-003A,28-Aug-23,8,2023,29-Aug-23,St. Clair NWA - West Cell SCU,42.36773,-82.40578,1,Pomoxis nigromaculatus,4,FALSE
2023-LCS-NWA-,2023-LCS-NWA-280823-003A,28-Aug-23,8,2023,29-Aug-23,St. Clair NWA - West Cell SCU,42.36773,-82.40578,1,Lepomis macrochirus,5,FALSE
2023-LCS-NWA-,2023-LCS-NWA-280823-003A,28-Aug-23,8,2023,29-Aug-23,St. Clair NWA - West Cell SCU,42.36773,-82.40578,1,Amia ocellicauda,3,FALSE
2023-LCS-NWA-,2023-LCS-NWA-280823-003A,28-Aug-23,8,2023,29-Aug-23,St. Clair NWA - West Cell SCU,42.36773,-82.40578,1,Lepomis gibbosus,5,FALSE
2023-LCS-NWA-,2023-LCS-NWA-280823-003A,28-Aug-23,8,2023,29-Aug-23,St. Clair NWA - West Cell SCU,42.36773,-82.40578,1,Notemigonus crysoleucas,1,FALSE
2023-LCS-NWA-,2023-LCS-NWA-280823-004A,28-Aug-23,8,2023,29-Aug-23,St. Clair NWA - West Cell SCU,42.36996,-82.40524,1,Pomoxis nigromaculatus,1,FALSE
2023-LCS-NWA-,2023-LCS-NWA-280823-004A,28-Aug-23,8,2023,29-Aug-23,St. Clair NWA - West Cell SCU,42.36996,-82.40524,1,Lepomis macrochirus,6,FALSE
2023-LCS-NWA-,2023-LCS-NWA-280823-004A,28-Aug-23,8,2023,29-Aug-23,St. Clair NWA - West Cell SCU,42.36996,-82.40524,1,Amia ocellicauda,5,FALSE
2023-LCS-NWA-,2023-LCS-NWA-280823-004A,28-Aug-23,8,2023,29-Aug-23,St. Clair NWA - West Cell SCU,42.36996,-82.40524,1,Lepomis gibbosus,2,FALSE
2023-LCS-NWA-,2023-LCS-NWA-280823-004A,28-Aug-23,8,2023,29-Aug-23,St. Clair NWA - West Cell SCU,42.36996,-82.40524,1,Lepomis sp,8,FALSE
2023-LCS-NWA-,2023-LCS-NWA-280823-005A,28-Aug-23,8,2023,29-Aug-23,St. Clair NWA - West Cell SCU,42.37241,-82.40548,1,Lepomis macrochirus,1,FALSE
2023-LCS-NWA-,2023-LCS-NWA-280823-005A,28-Aug-23,8,2023,29-Aug-23,St. Clair NWA - West Cell SCU,42.37241,-82.40548,1,Amia ocellicauda,2,FALSE
2023-LCS-NWA-,2023-LCS-NWA-280823-005A,28-Aug-23,8,2023,29-Aug-23,St. Clair NWA - West Cell SCU,42.37241,-82.40548,1,Lepomis gibbosus,4,FALSE
2023-LCS-NWA-,2023-LCS-NWA-280823-006A,28-Aug-23,8,2023,29-Aug-23,St. Clair NWA - West Cell SCU,42.3723,-82.40321,1,Amia ocellicauda,1,FALSE
2023-LCS-NWA-,2023-LCS-NWA-280823-006A,28-Aug-23,8,2023,29-Aug-23,St. Clair NWA - West Cell SCU,42.3723,-82.40321,1,Erimyzon sucetta,1,FALSE
2023-LCS-NWA-,2023-LCS-NWA-280823-006A,28-Aug-23,8,2023,29-Aug-23,St. Clair NWA - West Cell SCU,42.3723,-82.40321,1,Lepomis gibbosus,8,FALSE
2023-LCS-NWA-,2023-LCS-NWA-280823-006A,28-Aug-23,8,2023,29-Aug-23,St. Clair NWA - West Cell SCU,42.3723,-82.40321,1,Notemigonus crysoleucas,1,FALSE
2023-LCS-NWA-,2023-LCS-NWA-280823-006A,28-Aug-23,8,2023,29-Aug-23,St. Clair NWA - West Cell SCU,42.3723,-82.40321,1,Micropterus nigricans,1,FALSE
2023-LCS-NWA-,2023-LCS-NWA-290823-001A,29-Aug-23,8,2023,30-Aug-23,St. Clair NWA - West Cell SCU,42.37495,-82.40376,1,Pomoxis nigromaculatus,1,FALSE
2023-LCS-NWA-,2023-LCS-NWA-290823-001A,29-Aug-23,8,2023,30-Aug-23,St. Clair NWA - West Cell SCU,42.37495,-82.40376,1,Lepomis macrochirus,4,FALSE
2023-LCS-NWA-,2023-LCS-NWA-290823-001A,29-Aug-23,8,2023,30-Aug-23,St. Clair NWA - West Cell SCU,42.37495,-82.40376,1,Amia ocellicauda,3,FALSE
2023-LCS-NWA-,2023-LCS-NWA-290823-001A,29-Aug-23,8,2023,30-Aug-23,St. Clair NWA - West Cell SCU,42.37495,-82.40376,1,Lepomis gibbosus,7,FALSE
2023-LCS-NWA-,2023-LCS-NWA-290823-002A,29-Aug-23,8,2023,30-Aug-23,St. Clair NWA - West Cell SCU,42.37534,-82.40486,1,Lepomis gibbosus,3,FALSE
2023-LCS-NWA-,2023-LCS-NWA-290823-002A,29-Aug-23,8,2023,30-Aug-23,St. Clair NWA - West Cell SCU,42.37534,-82.40486,1,Notemigonus crysoleucas,1,FALSE
2023-LCS-NWA-,2023-LCS-NWA-290823-003A,29-Aug-23,8,2023,30-Aug-23,St. Clair NWA - West Cell SCU,42.37422,-82.4047,1,Pomoxis nigromaculatus,3,FALSE
2023-LCS-NWA-,2023-LCS-NWA-290823-003A,29-Aug-23,8,2023,30-Aug-23,St. Clair NWA - West Cell SCU,42.37422,-82.4047,1,Lepomis macrochirus,8,FALSE
2023-LCS-NWA-,2023-LCS-NWA-290823-003A,29-Aug-23,8,2023,30-Aug-23,St. Clair NWA - West Cell SCU,42.37422,-82.4047,1,Amia ocellicauda,1,FALSE
2023-LCS-NWA-,2023-LCS-NWA-290823-003A,29-Aug-23,8,2023,30-Aug-23,St. Clair NWA - West Cell SCU,42.37422,-82.4047,1,Erimyzon sucetta,1,FALSE
2023-LCS-NWA-,2023-LCS-NWA-290823-003A,29-Aug-23,8,2023,30-Aug-23,St. Clair NWA - West Cell SCU,42.37422,-82.4047,1,Lepomis gibbosus,5,FALSE
2023-LCS-NWA-,2023-LCS-NWA-290823-003A,29-Aug-23,8,2023,30-Aug-23,St. Clair NWA - West Cell SCU,42.37422,-82.4047,1,Lepomis sp,2,FALSE
2023-LCS-NWA-,2023-LCS-NWA-290823-003A,29-Aug-23,8,2023,30-Aug-23,St. Clair NWA - West Cell SCU,42.37422,-82.4047,1,Micropterus nigricans,1,FALSE
2023-LCS-NWA-,2023-LCS-NWA-290823-004A,29-Aug-23,8,2023,30-Aug-23,St. Clair NWA - West Cell SCU,42.37802,-82.40212,1,Pomoxis nigromaculatus,1,FALSE
2023-LCS-NWA-,2023-LCS-NWA-290823-004A,29-Aug-23,8,2023,30-Aug-23,St. Clair NWA - West Cell SCU,42.37802,-82.40212,1,Lepomis macrochirus,2,FALSE
2023-LCS-NWA-,2023-LCS-NWA-290823-004A,29-Aug-23,8,2023,30-Aug-23,St. Clair NWA - West Cell SCU,42.37802,-82.40212,1,Lepomis gibbosus,5,FALSE
2023-LCS-NWA-,2023-LCS-NWA-290823-004A,29-Aug-23,8,2023,30-Aug-23,St. Clair NWA - West Cell SCU,42.37802,-82.40212,1,Lepomis sp,1,FALSE
2023-LCS-NWA-,2023-LCS-NWA-290823-005A,29-Aug-23,8,2023,30-Aug-23,St. Clair NWA - West Cell SCU,42.37666,-82.40328,1,Pomoxis nigromaculatus,2,FALSE
2023-LCS-NWA-,2023-LCS-NWA-290823-005A,29-Aug-23,8,2023,30-Aug-23,St. Clair NWA - West Cell SCU,42.37666,-82.40328,1,Lepomis macrochirus,5,FALSE
2023-LCS-NWA-,2023-LCS-NWA-290823-005A,29-Aug-23,8,2023,30-Aug-23,St. Clair NWA - West Cell SCU,42.37666,-82.40328,1,Erimyzon sucetta,1,FALSE
2023-LCS-NWA-,2023-LCS-NWA-290823-005A,29-Aug-23,8,2023,30-Aug-23,St. Clair NWA - West Cell SCU,42.37666,-82.40328,1,Lepomis gibbosus,11,FALSE
2023-LCS-NWA-,2023-LCS-NWA-290823-005A,29-Aug-23,8,2023,30-Aug-23,St. Clair NWA - West Cell SCU,42.37666,-82.40328,1,Umbra limi,2,FALSE
2023-LCS-NWA-,2023-LCS-NWA-290823-005A,29-Aug-23,8,2023,30-Aug-23,St. Clair NWA - West Cell SCU,42.37666,-82.40328,1,Lepomis gibbosus X Lepomis macrochirus,1,FALSE
2023-LCS-NWA-,2023-LCS-NWA-290823-005A,29-Aug-23,8,2023,30-Aug-23,St. Clair NWA - West Cell SCU,42.37666,-82.40328,1,Ameiurus melas,1,FALSE
2023-LCS-NWA-,2023-LCS-NWA-290823-006A,29-Aug-23,8,2023,30-Aug-23,St. Clair NWA - West Cell SCU,42.37509,-82.40617,1,Pomoxis nigromaculatus,1,FALSE
2023-LCS-NWA-,2023-LCS-NWA-290823-006A,29-Aug-23,8,2023,30-Aug-23,St. Clair NWA - West Cell SCU,42.37509,-82.40617,1,Lepomis macrochirus,3,FALSE
2023-LCS-NWA-,2023-LCS-NWA-290823-006A,29-Aug-23,8,2023,30-Aug-23,St. Clair NWA - West Cell SCU,42.37509,-82.40617,1,Erimyzon sucetta,4,FALSE
2023-LCS-NWA-,2023-LCS-NWA-290823-006A,29-Aug-23,8,2023,30-Aug-23,St. Clair NWA - West Cell SCU,42.37509,-82.40617,1,Lepomis gibbosus,9,FALSE
2023-LCS-NWA-,2023-LCS-NWA-290823-006A,29-Aug-23,8,2023,30-Aug-23,St. Clair NWA - West Cell SCU,42.37509,-82.40617,1,Lepomis sp,3,FALSE
2023-LCS-NWA-,2023-LCS-NWA-290823-006A,29-Aug-23,8,2023,30-Aug-23,St. Clair NWA - West Cell SCU,42.37509,-82.40617,1,Notemigonus crysoleucas,48,FALSE
2023-LCS-NWA-,2023-LCS-NWA-290823-006A,29-Aug-23,8,2023,30-Aug-23,St. Clair NWA - West Cell SCU,42.37509,-82.40617,1,Ameiurus melas,2,FALSE
2023-LCS-NWA-,2023-LCS-NWA-300823-001A,30-Aug-23,8,2023,31-Aug-23,St. Clair NWA - West Cell SCU,42.3723,-82.40831,1,Pomoxis nigromaculatus,3,FALSE
2023-LCS-NWA-,2023-LCS-NWA-300823-001A,30-Aug-23,8,2023,31-Aug-23,St. Clair NWA - West Cell SCU,42.3723,-82.40831,1,Lepomis macrochirus,1,FALSE
2023-LCS-NWA-,2023-LCS-NWA-300823-001A,30-Aug-23,8,2023,31-Aug-23,St. Clair NWA - West Cell SCU,42.3723,-82.40831,1,Erimyzon sucetta,1,FALSE
2023-LCS-NWA-,2023-LCS-NWA-300823-001A,30-Aug-23,8,2023,31-Aug-23,St. Clair NWA - West Cell SCU,42.3723,-82.40831,1,Lepomis gibbosus,14,FALSE
2023-LCS-NWA-,2023-LCS-NWA-300823-001A,30-Aug-23,8,2023,31-Aug-23,St. Clair NWA - West Cell SCU,42.3723,-82.40831,1,Lepomis sp,4,FALSE
2023-LCS-NWA-,2023-LCS-NWA-300823-001A,30-Aug-23,8,2023,31-Aug-23,St. Clair NWA - West Cell SCU,42.3723,-82.40831,1,Notemigonus crysoleucas,47,FALSE
2023-LCS-NWA-,2023-LCS-NWA-300823-002A,30-Aug-23,8,2023,31-Aug-23,St. Clair NWA - West Cell SCU,42.37173,-82.40731,1,Lepomis macrochirus,1,FALSE
2023-LCS-NWA-,2023-LCS-NWA-300823-002A,30-Aug-23,8,2023,31-Aug-23,St. Clair NWA - West Cell SCU,42.37173,-82.40731,1,Amia ocellicauda,3,FALSE
2023-LCS-NWA-,2023-LCS-NWA-300823-002A,30-Aug-23,8,2023,31-Aug-23,St. Clair NWA - West Cell SCU,42.37173,-82.40731,1,Lepomis gibbosus,3,FALSE
2023-LCS-NWA-,2023-LCS-NWA-300823-002A,30-Aug-23,8,2023,31-Aug-23,St. Clair NWA - West Cell SCU,42.37173,-82.40731,1,Lepomis sp,1,FALSE
2023-LCS-NWA-,2023-LCS-NWA-300823-003A,30-Aug-23,8,2023,31-Aug-23,St. Clair NWA - West Cell SCU,42.37341,-82.40757,1,Pomoxis nigromaculatus,5,FALSE
2023-LCS-NWA-,2023-LCS-NWA-300823-003A,30-Aug-23,8,2023,31-Aug-23,St. Clair NWA - West Cell SCU,42.37341,-82.40757,1,Lepomis macrochirus,5,FALSE
2023-LCS-NWA-,2023-LCS-NWA-300823-003A,30-Aug-23,8,2023,31-Aug-23,St. Clair NWA - West Cell SCU,42.37341,-82.40757,1,Amia ocellicauda,1,FALSE
2023-LCS-NWA-,2023-LCS-NWA-300823-003A,30-Aug-23,8,2023,31-Aug-23,St. Clair NWA - West Cell SCU,42.37341,-82.40757,1,Erimyzon sucetta,4,FALSE
2023-LCS-NWA-,2023-LCS-NWA-300823-003A,30-Aug-23,8,2023,31-Aug-23,St. Clair NWA - West Cell SCU,42.37341,-82.40757,1,Lepomis gibbosus,18,FALSE
2023-LCS-NWA-,2023-LCS-NWA-300823-003A,30-Aug-23,8,2023,31-Aug-23,St. Clair NWA - West Cell SCU,42.37341,-82.40757,1,Notemigonus crysoleucas,3,FALSE
2023-LCS-NWA-,2023-LCS-NWA-300823-003A,30-Aug-23,8,2023,31-Aug-23,St. Clair NWA - West Cell SCU,42.37341,-82.40757,1,Ameiurus nebulosus,1,FALSE
2023-LCS-NWA-,2023-LCS-NWA-300823-003A,30-Aug-23,8,2023,31-Aug-23,St. Clair NWA - West Cell SCU,42.37341,-82.40757,1,Ameiurus melas,1,FALSE
2023-LCS-NWA-,2023-LCS-NWA-300823-004A,30-Aug-23,8,2023,31-Aug-23,St. Clair NWA - West Cell SCU,42.37385,-82.40679,1,Pomoxis nigromaculatus,2,FALSE
2023-LCS-NWA-,2023-LCS-NWA-300823-004A,30-Aug-23,8,2023,31-Aug-23,St. Clair NWA - West Cell SCU,42.37385,-82.40679,1,Lepomis macrochirus,2,FALSE
2023-LCS-NWA-,2023-LCS-NWA-300823-004A,30-Aug-23,8,2023,31-Aug-23,St. Clair NWA - West Cell SCU,42.37385,-82.40679,1,Amia ocellicauda,1,FALSE
2023-LCS-NWA-,2023-LCS-NWA-300823-004A,30-Aug-23,8,2023,31-Aug-23,St. Clair NWA - West Cell SCU,42.37385,-82.40679,1,Erimyzon sucetta,1,FALSE
2023-LCS-NWA-,2023-LCS-NWA-300823-004A,30-Aug-23,8,2023,31-Aug-23,St. Clair NWA - West Cell SCU,42.37385,-82.40679,1,Lepomis gibbosus,3,FALSE
2023-LCS-NWA-,2023-LCS-NWA-300823-004A,30-Aug-23,8,2023,31-Aug-23,St. Clair NWA - West Cell SCU,42.37385,-82.40679,1,Lepomis sp,2,FALSE
2023-LCS-NWA-,2023-LCS-NWA-300823-005A,30-Aug-23,8,2023,31-Aug-23,St. Clair NWA - West Cell SCU,42.37435,-82.4067,1,Pomoxis nigromaculatus,2,FALSE
2023-LCS-NWA-,2023-LCS-NWA-300823-005A,30-Aug-23,8,2023,31-Aug-23,St. Clair NWA - West Cell SCU,42.37435,-82.4067,1,Lepomis gibbosus,4,FALSE
2023-LCS-NWA-,2023-LCS-NWA-300823-005A,30-Aug-23,8,2023,31-Aug-23,St. Clair NWA - West Cell SCU,42.37435,-82.4067,1,Umbra limi,1,FALSE
2023-LCS-NWA-,2023-LCS-NWA-300823-006A,30-Aug-23,8,2023,31-Aug-23,St. Clair NWA - West Cell SCU,42.37436,-82.4076,1,Pomoxis nigromaculatus,5,FALSE
2023-LCS-NWA-,2023-LCS-NWA-300823-006A,30-Aug-23,8,2023,31-Aug-23,St. Clair NWA - West Cell SCU,42.37436,-82.4076,1,Lepomis macrochirus,21,FALSE
2023-LCS-NWA-,2023-LCS-NWA-300823-006A,30-Aug-23,8,2023,31-Aug-23,St. Clair NWA - West Cell SCU,42.37436,-82.4076,1,Erimyzon sucetta,23,FALSE
2023-LCS-NWA-,2023-LCS-NWA-300823-006A,30-Aug-23,8,2023,31-Aug-23,St. Clair NWA - West Cell SCU,42.37436,-82.4076,1,Lepomis gibbosus,49,FALSE
2023-LCS-NWA-,2023-LCS-NWA-300823-006A,30-Aug-23,8,2023,31-Aug-23,St. Clair NWA - West Cell SCU,42.37436,-82.4076,1,Lepomis sp,4,FALSE
2023-LCS-NWA-,2023-LCS-NWA-300823-006A,30-Aug-23,8,2023,31-Aug-23,St. Clair NWA - West Cell SCU,42.37436,-82.4076,1,Notemigonus crysoleucas,34,FALSE
2023-LCS-NWA-,2023-LCS-NWA-300823-006A,30-Aug-23,8,2023,31-Aug-23,St. Clair NWA - West Cell SCU,42.37436,-82.4076,1,Micropterus nigricans,1,FALSE
2023-LCS-NWA-,2023-LCS-NWA-300823-006A,30-Aug-23,8,2023,31-Aug-23,St. Clair NWA - West Cell SCU,42.37436,-82.4076,1,Umbra limi,1,FALSE
2023-LCS-NWA-,2023-LCS-NWA-150823-006A,15-Aug-23,8,2023,16-Aug-23,St. Clair NWA - East Cell SCU,42.36993,-82.3935,1,Pomoxis nigromaculatus,2,FALSE
2023-LCS-NWA-,2023-LCS-NWA-150823-006A,15-Aug-23,8,2023,16-Aug-23,St. Clair NWA - East Cell SCU,42.36993,-82.3935,1,Lepomis gibbosus,4,FALSE
2023-LCS-NWA-,2023-LCS-NWA-150823-006A,15-Aug-23,8,2023,16-Aug-23,St. Clair NWA - East Cell SCU,42.36993,-82.3935,1,Umbra limi,1,FALSE
2023-LCS-NWA-,2023-LCS-NWA-150823-006A,15-Aug-23,8,2023,16-Aug-23,St. Clair NWA - East Cell SCU,42.36993,-82.3935,1,Esox lucius,1,FALSE
2023-LCS-NWA-,2023-LCS-NWA-160823-001A,16-Aug-23,8,2023,17-Aug-23,St. Clair NWA - East Cell SCU,42.36187,-82.40272,1,Pomoxis nigromaculatus,3,FALSE
2023-LCS-NWA-,2023-LCS-NWA-160823-001A,16-Aug-23,8,2023,17-Aug-23,St. Clair NWA - East Cell SCU,42.36187,-82.40272,1,Lepomis macrochirus,8,FALSE
2023-LCS-NWA-,2023-LCS-NWA-160823-001A,16-Aug-23,8,2023,17-Aug-23,St. Clair NWA - East Cell SCU,42.36187,-82.40272,1,Erimyzon sucetta,11,FALSE
2023-LCS-NWA-,2023-LCS-NWA-160823-001A,16-Aug-23,8,2023,17-Aug-23,St. Clair NWA - East Cell SCU,42.36187,-82.40272,1,Lepomis gibbosus,72,FALSE
2023-LCS-NWA-,2023-LCS-NWA-160823-001A,16-Aug-23,8,2023,17-Aug-23,St. Clair NWA - East Cell SCU,42.36187,-82.40272,1,Lepomis sp,2,FALSE
2023-LCS-NWA-,2023-LCS-NWA-160823-001A,16-Aug-23,8,2023,17-Aug-23,St. Clair NWA - East Cell SCU,42.36187,-82.40272,1,Notemigonus crysoleucas,60,FALSE
2023-LCS-NWA-,2023-LCS-NWA-160823-001A,16-Aug-23,8,2023,17-Aug-23,St. Clair NWA - East Cell SCU,42.36187,-82.40272,1,Micropterus nigricans,12,FALSE
2023-LCS-NWA-,2023-LCS-NWA-160823-001A,16-Aug-23,8,2023,17-Aug-23,St. Clair NWA - East Cell SCU,42.36187,-82.40272,1,Ameiurus nebulosus,1,FALSE
2023-LCS-NWA-,2023-LCS-NWA-160823-001A,16-Aug-23,8,2023,17-Aug-23,St. Clair NWA - East Cell SCU,42.36187,-82.40272,1,Esox lucius,2,FALSE
2023-LCS-NWA-,2023-LCS-NWA-160823-002A,16-Aug-23,8,2023,17-Aug-23,St. Clair NWA - East Cell SCU,42.36143,-82.40347,1,Erimyzon sucetta,4,FALSE
2023-LCS-NWA-,2023-LCS-NWA-160823-002A,16-Aug-23,8,2023,17-Aug-23,St. Clair NWA - East Cell SCU,42.36143,-82.40347,1,Lepomis macrochirus,7,FALSE
2023-LCS-NWA-,2023-LCS-NWA-160823-002A,16-Aug-23,8,2023,17-Aug-23,St. Clair NWA - East Cell SCU,42.36143,-82.40347,1,Pomoxis nigromaculatus,2,FALSE
2023-LCS-NWA-,2023-LCS-NWA-160823-002A,16-Aug-23,8,2023,17-Aug-23,St. Clair NWA - East Cell SCU,42.36143,-82.40347,1,Amia ocellicauda,5,FALSE
2023-LCS-NWA-,2023-LCS-NWA-160823-002A,16-Aug-23,8,2023,17-Aug-23,St. Clair NWA - East Cell SCU,42.36143,-82.40347,1,Lepomis gibbosus,66,FALSE
2023-LCS-NWA-,2023-LCS-NWA-160823-002A,16-Aug-23,8,2023,17-Aug-23,St. Clair NWA - East Cell SCU,42.36143,-82.40347,1,Lepomis sp,15,FALSE
2023-LCS-NWA-,2023-LCS-NWA-160823-002A,16-Aug-23,8,2023,17-Aug-23,St. Clair NWA - East Cell SCU,42.36143,-82.40347,1,Notemigonus crysoleucas,13,FALSE
2023-LCS-NWA-,2023-LCS-NWA-160823-002A,16-Aug-23,8,2023,17-Aug-23,St. Clair NWA - East Cell SCU,42.36143,-82.40347,1,Micropterus nigricans,17,FALSE
2023-LCS-NWA-,2023-LCS-NWA-160823-002A,16-Aug-23,8,2023,17-Aug-23,St. Clair NWA - East Cell SCU,42.36143,-82.40347,1,Umbra limi,1,FALSE
2023-LCS-NWA-,2023-LCS-NWA-160823-002A,16-Aug-23,8,2023,17-Aug-23,St. Clair NWA - East Cell SCU,42.36143,-82.40347,1,Ameiurus nebulosus,1,FALSE
2023-LCS-NWA-,2023-LCS-NWA-160823-002A,16-Aug-23,8,2023,17-Aug-23,St. Clair NWA - East Cell SCU,42.36143,-82.40347,1,Cyprinus carpio,2,FALSE
2023-LCS-NWA-,2023-LCS-NWA-160823-002A,16-Aug-23,8,2023,17-Aug-23,St. Clair NWA - East Cell SCU,42.36143,-82.40347,1,Ameiurus melas,1,FALSE
2023-LCS-NWA-,2023-LCS-NWA-160823-003A,16-Aug-23,8,2023,16-Aug-23,St. Clair NWA - East Cell SCU,42.36192,-82.40484,1,Pomoxis nigromaculatus,2,FALSE
2023-LCS-NWA-,2023-LCS-NWA-160823-003A,16-Aug-23,8,2023,16-Aug-23,St. Clair NWA - East Cell SCU,42.36192,-82.40484,1,Lepomis macrochirus,1,FALSE
2023-LCS-NWA-,2023-LCS-NWA-160823-003A,16-Aug-23,8,2023,16-Aug-23,St. Clair NWA - East Cell SCU,42.36192,-82.40484,1,Erimyzon sucetta,13,FALSE
2023-LCS-NWA-,2023-LCS-NWA-160823-003A,16-Aug-23,8,2023,16-Aug-23,St. Clair NWA - East Cell SCU,42.36192,-82.40484,1,Lepomis gibbosus,15,FALSE
2023-LCS-NWA-,2023-LCS-NWA-160823-003A,16-Aug-23,8,2023,16-Aug-23,St. Clair NWA - East Cell SCU,42.36192,-82.40484,1,Lepomis sp,3,FALSE
2023-LCS-NWA-,2023-LCS-NWA-160823-003A,16-Aug-23,8,2023,16-Aug-23,St. Clair NWA - East Cell SCU,42.36192,-82.40484,1,Micropterus nigricans,2,FALSE
2023-LCS-NWA-,2023-LCS-NWA-160823-004A,16-Aug-23,8,2023,17-Aug-23,St. Clair NWA - East Cell SCU,42.3629,-82.40486,1,Pomoxis nigromaculatus,2,FALSE
2023-LCS-NWA-,2023-LCS-NWA-160823-004A,16-Aug-23,8,2023,17-Aug-23,St. Clair NWA - East Cell SCU,42.3629,-82.40486,1,Lepomis macrochirus,1,FALSE
2023-LCS-NWA-,2023-LCS-NWA-160823-004A,16-Aug-23,8,2023,17-Aug-23,St. Clair NWA - East Cell SCU,42.3629,-82.40486,1,Amia ocellicauda,1,FALSE
2023-LCS-NWA-,2023-LCS-NWA-160823-004A,16-Aug-23,8,2023,17-Aug-23,St. Clair NWA - East Cell SCU,42.3629,-82.40486,1,Erimyzon sucetta,1,FALSE
2023-LCS-NWA-,2023-LCS-NWA-160823-004A,16-Aug-23,8,2023,17-Aug-23,St. Clair NWA - East Cell SCU,42.3629,-82.40486,1,Lepomis gibbosus,5,FALSE
2023-LCS-NWA-,2023-LCS-NWA-160823-004A,16-Aug-23,8,2023,17-Aug-23,St. Clair NWA - East Cell SCU,42.3629,-82.40486,1,Lepomis sp,1,FALSE
2023-LCS-NWA-,2023-LCS-NWA-160823-004A,16-Aug-23,8,2023,17-Aug-23,St. Clair NWA - East Cell SCU,42.3629,-82.40486,1,Micropterus nigricans,2,FALSE
2023-LCS-NWA-,2023-LCS-NWA-160823-004A,16-Aug-23,8,2023,17-Aug-23,St. Clair NWA - East Cell SCU,42.3629,-82.40486,1,Umbra limi,2,FALSE
2023-LCS-NWA-,2023-LCS-NWA-160823-005A,16-Aug-23,8,2023,17-Aug-23,St. Clair NWA - East Cell SCU,42.37214,-82.39974,1,Pomoxis nigromaculatus,5,FALSE
2023-LCS-NWA-,2023-LCS-NWA-160823-005A,16-Aug-23,8,2023,17-Aug-23,St. Clair NWA - East Cell SCU,42.37214,-82.39974,1,Lepomis macrochirus,1,FALSE
2023-LCS-NWA-,2023-LCS-NWA-160823-005A,16-Aug-23,8,2023,17-Aug-23,St. Clair NWA - East Cell SCU,42.37214,-82.39974,1,Lepomis gibbosus,14,FALSE
2023-LCS-NWA-,2023-LCS-NWA-160823-005A,16-Aug-23,8,2023,17-Aug-23,St. Clair NWA - East Cell SCU,42.37214,-82.39974,1,Lepomis sp,6,FALSE
2023-LCS-NWA-,2023-LCS-NWA-160823-006A,16-Aug-23,8,2023,17-Aug-23,St. Clair NWA - East Cell SCU,42.37558,-82.39901,1,Pomoxis nigromaculatus,7,FALSE
2023-LCS-NWA-,2023-LCS-NWA-160823-006A,16-Aug-23,8,2023,17-Aug-23,St. Clair NWA - East Cell SCU,42.37558,-82.39901,1,Lepomis macrochirus,2,FALSE
2023-LCS-NWA-,2023-LCS-NWA-160823-006A,16-Aug-23,8,2023,17-Aug-23,St. Clair NWA - East Cell SCU,42.37558,-82.39901,1,Amia ocellicauda,1,FALSE
2023-LCS-NWA-,2023-LCS-NWA-160823-006A,16-Aug-23,8,2023,17-Aug-23,St. Clair NWA - East Cell SCU,42.37558,-82.39901,1,Lepomis gibbosus,7,FALSE
2023-LCS-NWA-,2023-LCS-NWA-160823-006A,16-Aug-23,8,2023,17-Aug-23,St. Clair NWA - East Cell SCU,42.37558,-82.39901,1,Lepomis sp,3,FALSE
2023-LCS-NWA-,2023-LCS-NWA-160823-006A,16-Aug-23,8,2023,17-Aug-23,St. Clair NWA - East Cell SCU,42.37558,-82.39901,1,Ameiurus nebulosus,2,FALSE
2023-LCS-NWA-,2023-LCS-NWA-210823-002A,21-Aug-23,8,2023,22-Aug-23,St. Clair NWA - West Cell SCU,42.36069,-82.40671,1,Lepomis macrochirus,23,FALSE
2023-LCS-NWA-,2023-LCS-NWA-210823-002A,21-Aug-23,8,2023,22-Aug-23,St. Clair NWA - West Cell SCU,42.36069,-82.40671,1,Amia ocellicauda,4,FALSE
2023-LCS-NWA-,2023-LCS-NWA-210823-002A,21-Aug-23,8,2023,22-Aug-23,St. Clair NWA - West Cell SCU,42.36069,-82.40671,1,Erimyzon sucetta,3,FALSE
2023-LCS-NWA-,2023-LCS-NWA-210823-002A,21-Aug-23,8,2023,22-Aug-23,St. Clair NWA - West Cell SCU,42.36069,-82.40671,1,Lepomis gibbosus,51,FALSE
2023-LCS-NWA-,2023-LCS-NWA-210823-002A,21-Aug-23,8,2023,22-Aug-23,St. Clair NWA - West Cell SCU,42.36069,-82.40671,1,Lepomis sp,9,FALSE
2023-LCS-NWA-,2023-LCS-NWA-210823-002A,21-Aug-23,8,2023,22-Aug-23,St. Clair NWA - West Cell SCU,42.36069,-82.40671,1,Notemigonus crysoleucas,32,FALSE
2023-LCS-NWA-,2023-LCS-NWA-210823-002A,21-Aug-23,8,2023,22-Aug-23,St. Clair NWA - West Cell SCU,42.36069,-82.40671,1,Micropterus nigricans,4,FALSE
2023-LCS-NWA-,2023-LCS-NWA-210823-003A,21-Aug-23,8,2023,22-Aug-23,St. Clair NWA - West Cell SCU,42.36196,-82.40817,1,Amia ocellicauda,1,FALSE
2023-LCS-NWA-,2023-LCS-NWA-210823-004A,21-Aug-23,8,2023,22-Aug-23,St. Clair NWA - West Cell SCU,42.36259,-82.40892,1,Pomoxis nigromaculatus,1,FALSE
2023-LCS-NWA-,2023-LCS-NWA-210823-004A,21-Aug-23,8,2023,22-Aug-23,St. Clair NWA - West Cell SCU,42.36259,-82.40892,1,Amia ocellicauda,2,FALSE
2023-LCS-NWA-,2023-LCS-NWA-210823-004A,21-Aug-23,8,2023,22-Aug-23,St. Clair NWA - West Cell SCU,42.36259,-82.40892,1,Erimyzon sucetta,10,FALSE
2023-LCS-NWA-,2023-LCS-NWA-210823-004A,21-Aug-23,8,2023,22-Aug-23,St. Clair NWA - West Cell SCU,42.36259,-82.40892,1,Lepomis gibbosus,6,FALSE
2023-LCS-NWA-,2023-LCS-NWA-210823-004A,21-Aug-23,8,2023,22-Aug-23,St. Clair NWA - West Cell SCU,42.36259,-82.40892,1,Lepomis sp,16,FALSE
2023-LCS-NWA-,2023-LCS-NWA-210823-004A,21-Aug-23,8,2023,22-Aug-23,St. Clair NWA - West Cell SCU,42.36259,-82.40892,1,Notemigonus crysoleucas,7,FALSE
2023-LCS-NWA-,2023-LCS-NWA-210823-004A,21-Aug-23,8,2023,22-Aug-23,St. Clair NWA - West Cell SCU,42.36259,-82.40892,1,Umbra limi,1,FALSE
2023-LCS-NWA-,2023-LCS-NWA-210823-004A,21-Aug-23,8,2023,22-Aug-23,St. Clair NWA - West Cell SCU,42.36259,-82.40892,1,Esox lucius,1,FALSE
2023-LCS-NWA-,2023-LCS-NWA-210823-005A,21-Aug-23,8,2023,22-Aug-23,St. Clair NWA - West Cell SCU,42.36341,-82.41004,1,Erimyzon sucetta,3,FALSE
2023-LCS-NWA-,2023-LCS-NWA-210823-005A,21-Aug-23,8,2023,22-Aug-23,St. Clair NWA - West Cell SCU,42.36341,-82.41004,1,Lepomis gibbosus,1,FALSE
2023-LCS-NWA-,2023-LCS-NWA-210823-005A,21-Aug-23,8,2023,22-Aug-23,St. Clair NWA - West Cell SCU,42.36341,-82.41004,1,Lepomis sp,1,FALSE
2023-LCS-NWA-,2023-LCS-NWA-210823-006A,21-Aug-23,8,2023,22-Aug-23,St. Clair NWA - West Cell SCU,42.36522,-82.41009,1,Lepomis macrochirus,2,FALSE
2023-LCS-NWA-,2023-LCS-NWA-210823-006A,21-Aug-23,8,2023,22-Aug-23,St. Clair NWA - West Cell SCU,42.36522,-82.41009,1,Amia ocellicauda,1,FALSE
2023-LCS-NWA-,2023-LCS-NWA-210823-006A,21-Aug-23,8,2023,22-Aug-23,St. Clair NWA - West Cell SCU,42.36522,-82.41009,1,Lepomis gibbosus,3,FALSE
2023-LCS-NWA-,2023-LCS-NWA-210823-006A,21-Aug-23,8,2023,22-Aug-23,St. Clair NWA - West Cell SCU,42.36522,-82.41009,1,Ameiurus melas,1,FALSE
2023-LCS-NWA-,2023-LCS-NWA-210823-006A,21-Aug-23,8,2023,22-Aug-23,St. Clair NWA - West Cell SCU,42.36522,-82.41009,1,Lepomis sp,1,FALSE
2023-LCS-NWA-,2023-LCS-NWA-240823-003A,24-Aug-23,8,2023,25-Aug-23,St. Clair NWA - West Cell SCU,42.36731,-82.41317,1,No fish captured,0,FALSE
2024-LCS-NWA-,2024-LCS-NWA-070824-001A,7-Aug-24,8,2024,8-Aug-24,St. Clair NWA - East Cell SCU,42.365045,-82.399293,1,Amia ocellicauda,6,FALSE
2024-LCS-NWA-,2024-LCS-NWA-070824-001A,7-Aug-24,8,2024,8-Aug-24,St. Clair NWA - East Cell SCU,42.365045,-82.399293,1,Notemigonus crysoleucas,28,FALSE
2024-LCS-NWA-,2024-LCS-NWA-070824-001A,7-Aug-24,8,2024,8-Aug-24,St. Clair NWA - East Cell SCU,42.365045,-82.399293,1,Micropterus nigricans,23,FALSE
2024-LCS-NWA-,2024-LCS-NWA-070824-001A,7-Aug-24,8,2024,8-Aug-24,St. Clair NWA - East Cell SCU,42.365045,-82.399293,1,Pomoxis nigromaculatus,2,FALSE
2024-LCS-NWA-,2024-LCS-NWA-070824-001A,7-Aug-24,8,2024,8-Aug-24,St. Clair NWA - East Cell SCU,42.365045,-82.399293,1,Lepomis gibbosus,15,FALSE
2024-LCS-NWA-,2024-LCS-NWA-070824-002A,7-Aug-24,8,2024,8-Aug-24,St. Clair NWA - East Cell SCU,42.365739,-82.400584,1,Umbra limi,1,FALSE
2024-LCS-NWA-,2024-LCS-NWA-070824-002A,7-Aug-24,8,2024,8-Aug-24,St. Clair NWA - East Cell SCU,42.365739,-82.400584,1,Lepomis gibbosus,1,FALSE
2024-LCS-NWA-,2024-LCS-NWA-070824-003A,7-Aug-24,8,2024,8-Aug-24,St. Clair NWA - East Cell SCU,42.366877,-82.399667,1,Amia ocellicauda,1,FALSE
2024-LCS-NWA-,2024-LCS-NWA-070824-003A,7-Aug-24,8,2024,8-Aug-24,St. Clair NWA - East Cell SCU,42.366877,-82.399667,1,Pomoxis nigromaculatus,19,FALSE
2024-LCS-NWA-,2024-LCS-NWA-070824-003A,7-Aug-24,8,2024,8-Aug-24,St. Clair NWA - East Cell SCU,42.366877,-82.399667,1,Erimyzon sucetta,1,FALSE
2024-LCS-NWA-,2024-LCS-NWA-070824-003A,7-Aug-24,8,2024,8-Aug-24,St. Clair NWA - East Cell SCU,42.366877,-82.399667,1,Notemigonus crysoleucas,62,FALSE
2024-LCS-NWA-,2024-LCS-NWA-070824-003A,7-Aug-24,8,2024,8-Aug-24,St. Clair NWA - East Cell SCU,42.366877,-82.399667,1,Lepomis gibbosus,13,FALSE
2024-LCS-NWA-,2024-LCS-NWA-070824-003A,7-Aug-24,8,2024,8-Aug-24,St. Clair NWA - East Cell SCU,42.366877,-82.399667,1,Perca flavescens,1,FALSE
2024-LCS-NWA-,2024-LCS-NWA-070824-003A,7-Aug-24,8,2024,8-Aug-24,St. Clair NWA - East Cell SCU,42.366877,-82.399667,1,Micropterus nigricans,3,FALSE
2024-LCS-NWA-,2024-LCS-NWA-070824-003A,7-Aug-24,8,2024,8-Aug-24,St. Clair NWA - East Cell SCU,42.366877,-82.399667,1,Lepomis macrochirus,4,FALSE
2024-LCS-NWA-,2024-LCS-NWA-070824-004A,7-Aug-24,8,2024,8-Aug-24,St. Clair NWA - East Cell SCU,42.36479,-82.403185,1,Micropterus nigricans,1,FALSE
2024-LCS-NWA-,2024-LCS-NWA-070824-004A,7-Aug-24,8,2024,8-Aug-24,St. Clair NWA - East Cell SCU,42.36479,-82.403185,1,Pomoxis nigromaculatus,2,FALSE
2024-LCS-NWA-,2024-LCS-NWA-070824-004A,7-Aug-24,8,2024,8-Aug-24,St. Clair NWA - East Cell SCU,42.36479,-82.403185,1,Lepomis gibbosus,1,FALSE
2024-LCS-NWA-,2024-LCS-NWA-070824-005A,7-Aug-24,8,2024,8-Aug-24,St. Clair NWA - East Cell SCU,42.363931,-82.40205,1,Amia ocellicauda,2,FALSE
2024-LCS-NWA-,2024-LCS-NWA-070824-005A,7-Aug-24,8,2024,8-Aug-24,St. Clair NWA - East Cell SCU,42.363931,-82.40205,1,Micropterus nigricans,1,FALSE
2024-LCS-NWA-,2024-LCS-NWA-080824-001A,8-Aug-24,8,2024,9-Aug-24,St. Clair NWA - East Cell SCU,42.361366,-82.405036,1,Lepomis gibbosus,2,FALSE
2024-LCS-NWA-,2024-LCS-NWA-080824-001A,8-Aug-24,8,2024,9-Aug-24,St. Clair NWA - East Cell SCU,42.361366,-82.405036,1,Pomoxis nigromaculatus,2,FALSE
2024-LCS-NWA-,2024-LCS-NWA-080824-001A,8-Aug-24,8,2024,9-Aug-24,St. Clair NWA - East Cell SCU,42.361366,-82.405036,1,Lepomis macrochirus,4,FALSE
2024-LCS-NWA-,2024-LCS-NWA-080824-001A,8-Aug-24,8,2024,9-Aug-24,St. Clair NWA - East Cell SCU,42.361366,-82.405036,1,Micropterus nigricans,2,FALSE
2024-LCS-NWA-,2024-LCS-NWA-080824-002A,8-Aug-24,8,2024,9-Aug-24,St. Clair NWA - East Cell SCU,42.364827,-82.404532,1,Lepomis gibbosus,5,FALSE
2024-LCS-NWA-,2024-LCS-NWA-080824-003A,8-Aug-24,8,2024,9-Aug-24,St. Clair NWA - East Cell SCU,42.369024,-82.401962,1,Micropterus nigricans,4,FALSE
2024-LCS-NWA-,2024-LCS-NWA-080824-003A,8-Aug-24,8,2024,9-Aug-24,St. Clair NWA - East Cell SCU,42.369024,-82.401962,1,Pomoxis nigromaculatus,3,FALSE
2024-LCS-NWA-,2024-LCS-NWA-080824-003A,8-Aug-24,8,2024,9-Aug-24,St. Clair NWA - East Cell SCU,42.369024,-82.401962,1,Lepomis gibbosus,2,FALSE
2024-LCS-NWA-,2024-LCS-NWA-080824-003A,8-Aug-24,8,2024,9-Aug-24,St. Clair NWA - East Cell SCU,42.369024,-82.401962,1,Notemigonus crysoleucas,2,FALSE
2024-LCS-NWA-,2024-LCS-NWA-080824-004A,8-Aug-24,8,2024,9-Aug-24,St. Clair NWA - East Cell SCU,42.372785,-82.398606,1,Lepomis gibbosus,8,FALSE
2024-LCS-NWA-,2024-LCS-NWA-080824-004A,8-Aug-24,8,2024,9-Aug-24,St. Clair NWA - East Cell SCU,42.372785,-82.398606,1,Esox lucius,1,FALSE
2024-LCS-NWA-,2024-LCS-NWA-080824-004A,8-Aug-24,8,2024,9-Aug-24,St. Clair NWA - East Cell SCU,42.372785,-82.398606,1,Micropterus nigricans,2,FALSE
2024-LCS-NWA-,2024-LCS-NWA-080824-005A,8-Aug-24,8,2024,9-Aug-24,St. Clair NWA - East Cell SCU,42.37711,-82.400437,1,Amia ocellicauda,1,FALSE
2024-LCS-NWA-,2024-LCS-NWA-080824-005A,8-Aug-24,8,2024,9-Aug-24,St. Clair NWA - East Cell SCU,42.37711,-82.400437,1,Lepomis gibbosus,8,FALSE
2024-LCS-NWA-,2024-LCS-NWA-080824-005A,8-Aug-24,8,2024,9-Aug-24,St. Clair NWA - East Cell SCU,42.37711,-82.400437,1,Lepomis macrochirus,3,FALSE
2024-LCS-NWA-,2024-LCS-NWA-080824-005A,8-Aug-24,8,2024,9-Aug-24,St. Clair NWA - East Cell SCU,42.37711,-82.400437,1,Pomoxis nigromaculatus,3,FALSE
2024-LCS-NWA-,2024-LCS-NWA-080824-005A,8-Aug-24,8,2024,9-Aug-24,St. Clair NWA - East Cell SCU,42.37711,-82.400437,1,Micropterus nigricans,1,FALSE
2024-LCS-NWA-,2024-LCS-NWA-120824-001A,12-Aug-24,8,2024,13-Aug-24,St. Clair NWA - East Cell SCU,42.371916,-82.392917,1,Micropterus nigricans,6,FALSE
2024-LCS-NWA-,2024-LCS-NWA-120824-001A,12-Aug-24,8,2024,13-Aug-24,St. Clair NWA - East Cell SCU,42.371916,-82.392917,1,Lepomis gibbosus,10,FALSE
2024-LCS-NWA-,2024-LCS-NWA-120824-001A,12-Aug-24,8,2024,13-Aug-24,St. Clair NWA - East Cell SCU,42.371916,-82.392917,1,Pomoxis nigromaculatus,4,FALSE
2024-LCS-NWA-,2024-LCS-NWA-120824-001A,12-Aug-24,8,2024,13-Aug-24,St. Clair NWA - East Cell SCU,42.371916,-82.392917,1,Lepomis macrochirus,8,FALSE
2024-LCS-NWA-,2024-LCS-NWA-120824-001A,12-Aug-24,8,2024,13-Aug-24,St. Clair NWA - East Cell SCU,42.371916,-82.392917,1,Notemigonus crysoleucas,28,FALSE
2024-LCS-NWA-,2024-LCS-NWA-120824-002A,12-Aug-24,8,2024,13-Aug-24,St. Clair NWA - East Cell SCU,42.374237,-82.394518,1,Micropterus nigricans,1,FALSE
2024-LCS-NWA-,2024-LCS-NWA-120824-002A,12-Aug-24,8,2024,13-Aug-24,St. Clair NWA - East Cell SCU,42.374237,-82.394518,1,Pomoxis nigromaculatus,1,FALSE
2024-LCS-NWA-,2024-LCS-NWA-120824-002A,12-Aug-24,8,2024,13-Aug-24,St. Clair NWA - East Cell SCU,42.374237,-82.394518,1,Umbra limi,1,FALSE
2024-LCS-NWA-,2024-LCS-NWA-120824-002A,12-Aug-24,8,2024,13-Aug-24,St. Clair NWA - East Cell SCU,42.374237,-82.394518,1,Lepomis gibbosus,4,FALSE
2024-LCS-NWA-,2024-LCS-NWA-120824-003A,12-Aug-24,8,2024,13-Aug-24,St. Clair NWA - East Cell SCU,42.37547,-82.396361,1,Esox lucius,1,FALSE
2024-LCS-NWA-,2024-LCS-NWA-120824-003A,12-Aug-24,8,2024,13-Aug-24,St. Clair NWA - East Cell SCU,42.37547,-82.396361,1,Amia ocellicauda,2,FALSE
2024-LCS-NWA-,2024-LCS-NWA-120824-003A,12-Aug-24,8,2024,13-Aug-24,St. Clair NWA - East Cell SCU,42.37547,-82.396361,1,Umbra limi,3,FALSE
2024-LCS-NWA-,2024-LCS-NWA-120824-004A,12-Aug-24,8,2024,13-Aug-24,St. Clair NWA - East Cell SCU,42.376258,-82.397039,1,Lepomis macrochirus,5,FALSE
2024-LCS-NWA-,2024-LCS-NWA-120824-004A,12-Aug-24,8,2024,13-Aug-24,St. Clair NWA - East Cell SCU,42.376258,-82.397039,1,Lepomis gibbosus,7,FALSE
2024-LCS-NWA-,2024-LCS-NWA-120824-004A,12-Aug-24,8,2024,13-Aug-24,St. Clair NWA - East Cell SCU,42.376258,-82.397039,1,Pomoxis nigromaculatus,3,FALSE
2024-LCS-NWA-,2024-LCS-NWA-120824-004A,12-Aug-24,8,2024,13-Aug-24,St. Clair NWA - East Cell SCU,42.376258,-82.397039,1,Micropterus nigricans,3,FALSE
2024-LCS-NWA-,2024-LCS-NWA-120824-005A,12-Aug-24,8,2024,13-Aug-24,St. Clair NWA - East Cell SCU,42.375002,-82.397902,1,Amia ocellicauda,1,FALSE
2024-LCS-NWA-,2024-LCS-NWA-120824-005A,12-Aug-24,8,2024,13-Aug-24,St. Clair NWA - East Cell SCU,42.375002,-82.397902,1,Umbra limi,1,FALSE
2024-LCS-NWA-,2024-LCS-NWA-120824-005A,12-Aug-24,8,2024,13-Aug-24,St. Clair NWA - East Cell SCU,42.375002,-82.397902,1,Micropterus nigricans,2,FALSE
2024-LCS-NWA-,2024-LCS-NWA-120824-005A,12-Aug-24,8,2024,13-Aug-24,St. Clair NWA - East Cell SCU,42.375002,-82.397902,1,Pomoxis nigromaculatus,1,FALSE
2024-LCS-NWA-,2024-LCS-NWA-120824-005A,12-Aug-24,8,2024,13-Aug-24,St. Clair NWA - East Cell SCU,42.375002,-82.397902,1,Lepomis gibbosus,1,FALSE
2024-LCS-NWA-,2024-LCS-NWA-130824-001A,13-Aug-24,8,2024,14-Aug-24,St. Clair NWA - East Cell SCU,42.370518,-82.399453,1,Amia ocellicauda,7,FALSE
2024-LCS-NWA-,2024-LCS-NWA-130824-001A,13-Aug-24,8,2024,14-Aug-24,St. Clair NWA - East Cell SCU,42.370518,-82.399453,1,Umbra limi,1,FALSE
2024-LCS-NWA-,2024-LCS-NWA-130824-001A,13-Aug-24,8,2024,14-Aug-24,St. Clair NWA - East Cell SCU,42.370518,-82.399453,1,Pomoxis nigromaculatus,3,FALSE
2024-LCS-NWA-,2024-LCS-NWA-130824-001A,13-Aug-24,8,2024,14-Aug-24,St. Clair NWA - East Cell SCU,42.370518,-82.399453,1,Notemigonus crysoleucas,2,FALSE
2024-LCS-NWA-,2024-LCS-NWA-130824-001A,13-Aug-24,8,2024,14-Aug-24,St. Clair NWA - East Cell SCU,42.370518,-82.399453,1,Micropterus nigricans,3,FALSE
2024-LCS-NWA-,2024-LCS-NWA-130824-002A,13-Aug-24,8,2024,14-Aug-24,St. Clair NWA - East Cell SCU,42.371269,-82.397413,1,Micropterus nigricans,13,FALSE
2024-LCS-NWA-,2024-LCS-NWA-130824-002A,13-Aug-24,8,2024,14-Aug-24,St. Clair NWA - East Cell SCU,42.371269,-82.397413,1,Lepomis gibbosus,13,FALSE
2024-LCS-NWA-,2024-LCS-NWA-130824-002A,13-Aug-24,8,2024,14-Aug-24,St. Clair NWA - East Cell SCU,42.371269,-82.397413,1,Notemigonus crysoleucas,4,FALSE
2024-LCS-NWA-,2024-LCS-NWA-130824-002A,13-Aug-24,8,2024,14-Aug-24,St. Clair NWA - East Cell SCU,42.371269,-82.397413,1,Pomoxis nigromaculatus,2,FALSE
2024-LCS-NWA-,2024-LCS-NWA-130824-002A,13-Aug-24,8,2024,14-Aug-24,St. Clair NWA - East Cell SCU,42.371269,-82.397413,1,Umbra limi,1,FALSE
2024-LCS-NWA-,2024-LCS-NWA-130824-002A,13-Aug-24,8,2024,14-Aug-24,St. Clair NWA - East Cell SCU,42.371269,-82.397413,1,Lepomis macrochirus,1,FALSE
2024-LCS-NWA-,2024-LCS-NWA-130824-003A,13-Aug-24,8,2024,14-Aug-24,St. Clair NWA - East Cell SCU,42.3729,-82.39702,1,Amia ocellicauda,3,FALSE
2024-LCS-NWA-,2024-LCS-NWA-130824-003A,13-Aug-24,8,2024,14-Aug-24,St. Clair NWA - East Cell SCU,42.3729,-82.39702,1,Umbra limi,3,FALSE
2024-LCS-NWA-,2024-LCS-NWA-130824-004A,13-Aug-24,8,2024,14-Aug-24,St. Clair NWA - East Cell SCU,42.372397,-82.394823,1,Amia ocellicauda,3,FALSE
2024-LCS-NWA-,2024-LCS-NWA-130824-004A,13-Aug-24,8,2024,14-Aug-24,St. Clair NWA - East Cell SCU,42.372397,-82.394823,1,Micropterus nigricans,5,FALSE
2024-LCS-NWA-,2024-LCS-NWA-130824-004A,13-Aug-24,8,2024,14-Aug-24,St. Clair NWA - East Cell SCU,42.372397,-82.394823,1,Lepomis gibbosus,5,FALSE
2024-LCS-NWA-,2024-LCS-NWA-130824-004A,13-Aug-24,8,2024,14-Aug-24,St. Clair NWA - East Cell SCU,42.372397,-82.394823,1,Notemigonus crysoleucas,8,FALSE
2024-LCS-NWA-,2024-LCS-NWA-130824-004A,13-Aug-24,8,2024,14-Aug-24,St. Clair NWA - East Cell SCU,42.372397,-82.394823,1,Lepomis macrochirus,2,FALSE
2024-LCS-NWA-,2024-LCS-NWA-130824-005A,13-Aug-24,8,2024,14-Aug-24,St. Clair NWA - East Cell SCU,42.373996,-82.39665,1,Amia ocellicauda,4,FALSE
2024-LCS-NWA-,2024-LCS-NWA-130824-005A,13-Aug-24,8,2024,14-Aug-24,St. Clair NWA - East Cell SCU,42.373996,-82.39665,1,Pomoxis nigromaculatus,1,FALSE
2024-LCS-NWA-,2024-LCS-NWA-130824-005A,13-Aug-24,8,2024,14-Aug-24,St. Clair NWA - East Cell SCU,42.373996,-82.39665,1,Notemigonus crysoleucas,2,FALSE
2024-LCS-NWA-,2024-LCS-NWA-140824-001A,14-Aug-24,8,2024,15-Aug-24,St. Clair NWA - East Cell SCU,42.371043,-82.391298,1,Amia ocellicauda,8,FALSE
2024-LCS-NWA-,2024-LCS-NWA-140824-001A,14-Aug-24,8,2024,15-Aug-24,St. Clair NWA - East Cell SCU,42.371043,-82.391298,1,Notemigonus crysoleucas,213,FALSE
2024-LCS-NWA-,2024-LCS-NWA-140824-001A,14-Aug-24,8,2024,15-Aug-24,St. Clair NWA - East Cell SCU,42.371043,-82.391298,1,Lepomis gibbosus,6,FALSE
2024-LCS-NWA-,2024-LCS-NWA-140824-001A,14-Aug-24,8,2024,15-Aug-24,St. Clair NWA - East Cell SCU,42.371043,-82.391298,1,Lepomis macrochirus,7,FALSE
2024-LCS-NWA-,2024-LCS-NWA-140824-001A,14-Aug-24,8,2024,15-Aug-24,St. Clair NWA - East Cell SCU,42.371043,-82.391298,1,Erimyzon sucetta,1,FALSE
2024-LCS-NWA-,2024-LCS-NWA-140824-002A,14-Aug-24,8,2024,15-Aug-24,St. Clair NWA - East Cell SCU,42.369463,-82.391404,1,Amia ocellicauda,2,FALSE
2024-LCS-NWA-,2024-LCS-NWA-140824-002A,14-Aug-24,8,2024,15-Aug-24,St. Clair NWA - East Cell SCU,42.369463,-82.391404,1,Notemigonus crysoleucas,1,FALSE
2024-LCS-NWA-,2024-LCS-NWA-140824-003A,14-Aug-24,8,2024,15-Aug-24,St. Clair NWA - East Cell SCU,42.370593,-82.39015,1,Amia ocellicauda,2,FALSE
2024-LCS-NWA-,2024-LCS-NWA-140824-004A,14-Aug-24,8,2024,15-Aug-24,St. Clair NWA - East Cell SCU,42.369849,-82.395009,1,Amia ocellicauda,4,FALSE
2024-LCS-NWA-,2024-LCS-NWA-140824-004A,14-Aug-24,8,2024,15-Aug-24,St. Clair NWA - East Cell SCU,42.369849,-82.395009,1,Notemigonus crysoleucas,24,FALSE
2024-LCS-NWA-,2024-LCS-NWA-140824-004A,14-Aug-24,8,2024,15-Aug-24,St. Clair NWA - East Cell SCU,42.369849,-82.395009,1,Micropterus nigricans,39,FALSE
2024-LCS-NWA-,2024-LCS-NWA-140824-004A,14-Aug-24,8,2024,15-Aug-24,St. Clair NWA - East Cell SCU,42.369849,-82.395009,1,Lepomis macrochirus,4,FALSE
2024-LCS-NWA-,2024-LCS-NWA-140824-004A,14-Aug-24,8,2024,15-Aug-24,St. Clair NWA - East Cell SCU,42.369849,-82.395009,1,Lepomis gibbosus,27,FALSE
2024-LCS-NWA-,2024-LCS-NWA-140824-005A,14-Aug-24,8,2024,15-Aug-24,St. Clair NWA - East Cell SCU,42.371268,-82.395103,1,Umbra limi,1,FALSE
2024-LCS-NWA-,2024-LCS-NWA-140824-005A,14-Aug-24,8,2024,15-Aug-24,St. Clair NWA - East Cell SCU,42.371268,-82.395103,1,Lepomis gibbosus,2,FALSE
2024-LCS-NWA-,2024-LCS-NWA-150824-001A,15-Aug-24,8,2024,16-Aug-24,St. Clair NWA - East Cell SCU,42.37571,-82.399739,1,Lepomis gibbosus,20,FALSE
2024-LCS-NWA-,2024-LCS-NWA-150824-001A,15-Aug-24,8,2024,16-Aug-24,St. Clair NWA - East Cell SCU,42.37571,-82.399739,1,Lepomis macrochirus,11,FALSE
2024-LCS-NWA-,2024-LCS-NWA-150824-001A,15-Aug-24,8,2024,16-Aug-24,St. Clair NWA - East Cell SCU,42.37571,-82.399739,1,Pomoxis nigromaculatus,4,FALSE
2024-LCS-NWA-,2024-LCS-NWA-150824-001A,15-Aug-24,8,2024,16-Aug-24,St. Clair NWA - East Cell SCU,42.37571,-82.399739,1,Micropterus nigricans,2,FALSE
2024-LCS-NWA-,2024-LCS-NWA-150824-001A,15-Aug-24,8,2024,16-Aug-24,St. Clair NWA - East Cell SCU,42.37571,-82.399739,1,Notemigonus crysoleucas,1,FALSE
2024-LCS-NWA-,2024-LCS-NWA-150824-002A,15-Aug-24,8,2024,16-Aug-24,St. Clair NWA - East Cell SCU,42.376826,-82.397929,1,Lepomis macrochirus,9,FALSE
2024-LCS-NWA-,2024-LCS-NWA-150824-002A,15-Aug-24,8,2024,16-Aug-24,St. Clair NWA - East Cell SCU,42.376826,-82.397929,1,Pomoxis nigromaculatus,4,FALSE
2024-LCS-NWA-,2024-LCS-NWA-150824-002A,15-Aug-24,8,2024,16-Aug-24,St. Clair NWA - East Cell SCU,42.376826,-82.397929,1,Lepomis gibbosus,6,FALSE
2024-LCS-NWA-,2024-LCS-NWA-150824-002A,15-Aug-24,8,2024,16-Aug-24,St. Clair NWA - East Cell SCU,42.376826,-82.397929,1,Ameiurus natalis,1,FALSE
2024-LCS-NWA-,2024-LCS-NWA-150824-002A,15-Aug-24,8,2024,16-Aug-24,St. Clair NWA - East Cell SCU,42.376826,-82.397929,1,Micropterus nigricans,1,FALSE
2024-LCS-NWA-,2024-LCS-NWA-150824-003A,15-Aug-24,8,2024,16-Aug-24,St. Clair NWA - East Cell SCU,42.377052,-82.399136,1,Pomoxis nigromaculatus,4,FALSE
2024-LCS-NWA-,2024-LCS-NWA-150824-003A,15-Aug-24,8,2024,16-Aug-24,St. Clair NWA - East Cell SCU,42.377052,-82.399136,1,Lepomis gibbosus,2,FALSE
2024-LCS-NWA-,2024-LCS-NWA-150824-003A,15-Aug-24,8,2024,16-Aug-24,St. Clair NWA - East Cell SCU,42.377052,-82.399136,1,Micropterus nigricans,3,FALSE
2024-LCS-NWA-,2024-LCS-NWA-150824-004A,15-Aug-24,8,2024,16-Aug-24,St. Clair NWA - East Cell SCU,42.37809,-82.399221,1,Lepomis gibbosus,8,FALSE
2024-LCS-NWA-,2024-LCS-NWA-150824-004A,15-Aug-24,8,2024,16-Aug-24,St. Clair NWA - East Cell SCU,42.37809,-82.399221,1,Pomoxis nigromaculatus,4,FALSE
2024-LCS-NWA-,2024-LCS-NWA-150824-005A,15-Aug-24,8,2024,16-Aug-24,St. Clair NWA - East Cell SCU,42.378362,-82.400667,1,Lepomis gibbosus,7,FALSE
2024-LCS-NWA-,2024-LCS-NWA-150824-005A,15-Aug-24,8,2024,16-Aug-24,St. Clair NWA - East Cell SCU,42.378362,-82.400667,1,Micropterus nigricans,6,FALSE
2024-LCS-NWA-,2024-LCS-NWA-150824-005A,15-Aug-24,8,2024,16-Aug-24,St. Clair NWA - East Cell SCU,42.378362,-82.400667,1,Lepomis macrochirus,2,FALSE
2024-LCS-NWA-,2024-LCS-NWA-190824-001A,19-Aug-24,8,2024,20-Aug-24,St. Clair NWA - East Cell SCU,42.368281,-82.400499,1,Micropterus nigricans,4,FALSE
2024-LCS-NWA-,2024-LCS-NWA-190824-001A,19-Aug-24,8,2024,20-Aug-24,St. Clair NWA - East Cell SCU,42.368281,-82.400499,1,Umbra limi,3,FALSE
2024-LCS-NWA-,2024-LCS-NWA-190824-001A,19-Aug-24,8,2024,20-Aug-24,St. Clair NWA - East Cell SCU,42.368281,-82.400499,1,Notemigonus crysoleucas,1,FALSE
2024-LCS-NWA-,2024-LCS-NWA-190824-001A,19-Aug-24,8,2024,20-Aug-24,St. Clair NWA - East Cell SCU,42.368281,-82.400499,1,Lepomis macrochirus,1,FALSE
2024-LCS-NWA-,2024-LCS-NWA-190824-001A,19-Aug-24,8,2024,20-Aug-24,St. Clair NWA - East Cell SCU,42.368281,-82.400499,1,Lepomis gibbosus,3,FALSE
2024-LCS-NWA-,2024-LCS-NWA-190824-002A,19-Aug-24,8,2024,20-Aug-24,St. Clair NWA - East Cell SCU,42.366851,-82.395258,1,Esox lucius,1,FALSE
2024-LCS-NWA-,2024-LCS-NWA-190824-002A,19-Aug-24,8,2024,20-Aug-24,St. Clair NWA - East Cell SCU,42.366851,-82.395258,1,Amia ocellicauda,3,FALSE
2024-LCS-NWA-,2024-LCS-NWA-190824-002A,19-Aug-24,8,2024,20-Aug-24,St. Clair NWA - East Cell SCU,42.366851,-82.395258,1,Cyprinus carpio,1,FALSE
2024-LCS-NWA-,2024-LCS-NWA-190824-002A,19-Aug-24,8,2024,20-Aug-24,St. Clair NWA - East Cell SCU,42.366851,-82.395258,1,Lepomis macrochirus,3,FALSE
2024-LCS-NWA-,2024-LCS-NWA-190824-002A,19-Aug-24,8,2024,20-Aug-24,St. Clair NWA - East Cell SCU,42.366851,-82.395258,1,Lepomis gibbosus,5,FALSE
2024-LCS-NWA-,2024-LCS-NWA-190824-002A,19-Aug-24,8,2024,20-Aug-24,St. Clair NWA - East Cell SCU,42.366851,-82.395258,1,Micropterus nigricans,5,FALSE
2024-LCS-NWA-,2024-LCS-NWA-190824-002A,19-Aug-24,8,2024,20-Aug-24,St. Clair NWA - East Cell SCU,42.366851,-82.395258,1,Notemigonus crysoleucas,3,FALSE
2024-LCS-NWA-,2024-LCS-NWA-190824-003A,19-Aug-24,8,2024,20-Aug-24,St. Clair NWA - East Cell SCU,42.367081,-82.398206,1,Notemigonus crysoleucas,1,FALSE
2024-LCS-NWA-,2024-LCS-NWA-190824-003A,19-Aug-24,8,2024,20-Aug-24,St. Clair NWA - East Cell SCU,42.367081,-82.398206,1,Noturus gyrinus,1,FALSE
2024-LCS-NWA-,2024-LCS-NWA-190824-003A,19-Aug-24,8,2024,20-Aug-24,St. Clair NWA - East Cell SCU,42.367081,-82.398206,1,Micropterus nigricans,2,FALSE
2024-LCS-NWA-,2024-LCS-NWA-190824-003A,19-Aug-24,8,2024,20-Aug-24,St. Clair NWA - East Cell SCU,42.367081,-82.398206,1,Lepomis gibbosus,2,FALSE
2024-LCS-NWA-,2024-LCS-NWA-190824-003A,19-Aug-24,8,2024,20-Aug-24,St. Clair NWA - East Cell SCU,42.367081,-82.398206,1,Lepomis macrochirus,9,FALSE
2024-LCS-NWA-,2024-LCS-NWA-190824-004A,19-Aug-24,8,2024,20-Aug-24,St. Clair NWA - East Cell SCU,42.368637,-82.398232,1,Amia ocellicauda,1,FALSE
2024-LCS-NWA-,2024-LCS-NWA-190824-004A,19-Aug-24,8,2024,20-Aug-24,St. Clair NWA - East Cell SCU,42.368637,-82.398232,1,Lepomis gibbosus,2,FALSE
2024-LCS-NWA-,2024-LCS-NWA-190824-004A,19-Aug-24,8,2024,20-Aug-24,St. Clair NWA - East Cell SCU,42.368637,-82.398232,1,Pomoxis nigromaculatus,3,FALSE
2024-LCS-NWA-,2024-LCS-NWA-190824-004A,19-Aug-24,8,2024,20-Aug-24,St. Clair NWA - East Cell SCU,42.368637,-82.398232,1,Lepomis macrochirus,3,FALSE
2024-LCS-NWA-,2024-LCS-NWA-190824-004A,19-Aug-24,8,2024,20-Aug-24,St. Clair NWA - East Cell SCU,42.368637,-82.398232,1,Micropterus nigricans,1,FALSE
2024-LCS-NWA-,2024-LCS-NWA-190824-004A,19-Aug-24,8,2024,20-Aug-24,St. Clair NWA - East Cell SCU,42.368637,-82.398232,1,Notemigonus crysoleucas,118,FALSE
2024-LCS-NWA-,2024-LCS-NWA-190824-005A,19-Aug-24,8,2024,20-Aug-24,St. Clair NWA - East Cell SCU,42.368093,-82.393403,1,Amia ocellicauda,1,FALSE
2024-LCS-NWA-,2024-LCS-NWA-190824-005A,19-Aug-24,8,2024,20-Aug-24,St. Clair NWA - East Cell SCU,42.368093,-82.393403,1,Notemigonus crysoleucas,5,FALSE
2024-LCS-NWA-,2024-LCS-NWA-190824-005A,19-Aug-24,8,2024,20-Aug-24,St. Clair NWA - East Cell SCU,42.368093,-82.393403,1,Lepomis gibbosus,14,FALSE
2024-LCS-NWA-,2024-LCS-NWA-190824-005A,19-Aug-24,8,2024,20-Aug-24,St. Clair NWA - East Cell SCU,42.368093,-82.393403,1,Micropterus nigricans,19,FALSE
2024-LCS-NWA-,2024-LCS-NWA-190824-005A,19-Aug-24,8,2024,20-Aug-24,St. Clair NWA - East Cell SCU,42.368093,-82.393403,1,Pomoxis nigromaculatus,2,FALSE
2024-LCS-NWA-,2024-LCS-NWA-190824-005A,19-Aug-24,8,2024,20-Aug-24,St. Clair NWA - East Cell SCU,42.368093,-82.393403,1,Lepomis macrochirus,4,FALSE
2024-LCS-NWA-,2024-LCS-NWA-200824-001A,20-Aug-24,8,2024,21-Aug-24,St. Clair NWA - East Cell SCU,42.363465,-82.404813,1,Pomoxis nigromaculatus,1,FALSE
2024-LCS-NWA-,2024-LCS-NWA-200824-002A,20-Aug-24,8,2024,21-Aug-24,St. Clair NWA - East Cell SCU,42.366165,-82.40395,1,Lepomis gibbosus,2,FALSE
2024-LCS-NWA-,2024-LCS-NWA-200824-002A,20-Aug-24,8,2024,21-Aug-24,St. Clair NWA - East Cell SCU,42.366165,-82.40395,1,Lepomis macrochirus,1,FALSE
2024-LCS-NWA-,2024-LCS-NWA-200824-002A,20-Aug-24,8,2024,21-Aug-24,St. Clair NWA - East Cell SCU,42.366165,-82.40395,1,Umbra limi,2,FALSE
2024-LCS-NWA-,2024-LCS-NWA-200824-003A,20-Aug-24,8,2024,21-Aug-24,St. Clair NWA - East Cell SCU,42.367097,-82.403269,1,Erimyzon sucetta,1,FALSE
2024-LCS-NWA-,2024-LCS-NWA-200824-003A,20-Aug-24,8,2024,21-Aug-24,St. Clair NWA - East Cell SCU,42.367097,-82.403269,1,Micropterus nigricans,2,FALSE
2024-LCS-NWA-,2024-LCS-NWA-200824-003A,20-Aug-24,8,2024,21-Aug-24,St. Clair NWA - East Cell SCU,42.367097,-82.403269,1,Lepomis gibbosus,1,FALSE
2024-LCS-NWA-,2024-LCS-NWA-200824-003A,20-Aug-24,8,2024,21-Aug-24,St. Clair NWA - East Cell SCU,42.367097,-82.403269,1,Pomoxis nigromaculatus,1,FALSE
2024-LCS-NWA-,2024-LCS-NWA-200824-004A,20-Aug-24,8,2024,21-Aug-24,St. Clair NWA - East Cell SCU,42.372435,-82.399719,1,Lepomis gibbosus,2,FALSE
2024-LCS-NWA-,2024-LCS-NWA-200824-004A,20-Aug-24,8,2024,21-Aug-24,St. Clair NWA - East Cell SCU,42.372435,-82.399719,1,Umbra limi,1,FALSE
2024-LCS-NWA-,2024-LCS-NWA-200824-004A,20-Aug-24,8,2024,21-Aug-24,St. Clair NWA - East Cell SCU,42.372435,-82.399719,1,Lepomis macrochirus,1,FALSE
2024-LCS-NWA-,2024-LCS-NWA-200824-005A,20-Aug-24,8,2024,21-Aug-24,St. Clair NWA - East Cell SCU,42.374802,-82.399084,1,Ameiurus natalis,1,FALSE
2024-LCS-NWA-,2024-LCS-NWA-200824-005A,20-Aug-24,8,2024,21-Aug-24,St. Clair NWA - East Cell SCU,42.374802,-82.399084,1,Lepomis macrochirus,2,FALSE
2024-LCS-NWA-,2024-LCS-NWA-200824-005A,20-Aug-24,8,2024,21-Aug-24,St. Clair NWA - East Cell SCU,42.374802,-82.399084,1,Micropterus nigricans,1,FALSE
2024-LCS-NWA-,2024-LCS-NWA-200824-005A,20-Aug-24,8,2024,21-Aug-24,St. Clair NWA - East Cell SCU,42.374802,-82.399084,1,Lepomis gibbosus,2,FALSE
2024-LCS-NWA-,2024-LCS-NWA-210824-001A,21-Aug-24,8,2024,22-Aug-24,St. Clair NWA - West Cell SCU,42.367478,-82.40724,1,Amia ocellicauda,3,FALSE
2024-LCS-NWA-,2024-LCS-NWA-210824-001A,21-Aug-24,8,2024,22-Aug-24,St. Clair NWA - West Cell SCU,42.367478,-82.40724,1,Erimyzon sucetta,2,FALSE
2024-LCS-NWA-,2024-LCS-NWA-210824-001A,21-Aug-24,8,2024,22-Aug-24,St. Clair NWA - West Cell SCU,42.367478,-82.40724,1,Lepomis macrochirus,5,FALSE
2024-LCS-NWA-,2024-LCS-NWA-210824-001A,21-Aug-24,8,2024,22-Aug-24,St. Clair NWA - West Cell SCU,42.367478,-82.40724,1,Lepomis gibbosus,5,FALSE
2024-LCS-NWA-,2024-LCS-NWA-210824-002A,21-Aug-24,8,2024,22-Aug-24,St. Clair NWA - West Cell SCU,42.367902,-82.405255,1,Amia ocellicauda,1,FALSE
2024-LCS-NWA-,2024-LCS-NWA-210824-002A,21-Aug-24,8,2024,22-Aug-24,St. Clair NWA - West Cell SCU,42.367902,-82.405255,1,Notemigonus crysoleucas,1,FALSE
2024-LCS-NWA-,2024-LCS-NWA-210824-002A,21-Aug-24,8,2024,22-Aug-24,St. Clair NWA - West Cell SCU,42.367902,-82.405255,1,Pomoxis nigromaculatus,1,FALSE
2024-LCS-NWA-,2024-LCS-NWA-210824-002A,21-Aug-24,8,2024,22-Aug-24,St. Clair NWA - West Cell SCU,42.367902,-82.405255,1,Lepomis gibbosus,3,FALSE
2024-LCS-NWA-,2024-LCS-NWA-210824-002A,21-Aug-24,8,2024,22-Aug-24,St. Clair NWA - West Cell SCU,42.367902,-82.405255,1,Lepomis macrochirus,24,FALSE
2024-LCS-NWA-,2024-LCS-NWA-210824-003A,21-Aug-24,8,2024,22-Aug-24,St. Clair NWA - West Cell SCU,42.369407,-82.405687,1,Amia ocellicauda,1,FALSE
2024-LCS-NWA-,2024-LCS-NWA-210824-003A,21-Aug-24,8,2024,22-Aug-24,St. Clair NWA - West Cell SCU,42.369407,-82.405687,1,Lepomis macrochirus,17,FALSE
2024-LCS-NWA-,2024-LCS-NWA-210824-003A,21-Aug-24,8,2024,22-Aug-24,St. Clair NWA - West Cell SCU,42.369407,-82.405687,1,Lepomis gibbosus,6,FALSE
2024-LCS-NWA-,2024-LCS-NWA-210824-003A,21-Aug-24,8,2024,22-Aug-24,St. Clair NWA - West Cell SCU,42.369407,-82.405687,1,Micropterus nigricans,1,FALSE
2024-LCS-NWA-,2024-LCS-NWA-210824-003A,21-Aug-24,8,2024,22-Aug-24,St. Clair NWA - West Cell SCU,42.369407,-82.405687,1,Pomoxis nigromaculatus,1,FALSE
2024-LCS-NWA-,2024-LCS-NWA-210824-004A,21-Aug-24,8,2024,22-Aug-24,St. Clair NWA - West Cell SCU,42.37043,-82.405432,1,Amia ocellicauda,4,FALSE
2024-LCS-NWA-,2024-LCS-NWA-210824-004A,21-Aug-24,8,2024,22-Aug-24,St. Clair NWA - West Cell SCU,42.37043,-82.405432,1,Ameiurus nebulosus,1,FALSE
2024-LCS-NWA-,2024-LCS-NWA-210824-005A,21-Aug-24,8,2024,22-Aug-24,St. Clair NWA - West Cell SCU,42.371727,-82.404154,1,Erimyzon sucetta,1,FALSE
2024-LCS-NWA-,2024-LCS-NWA-210824-005A,21-Aug-24,8,2024,22-Aug-24,St. Clair NWA - West Cell SCU,42.371727,-82.404154,1,Cyprinus carpio,1,FALSE
2024-LCS-NWA-,2024-LCS-NWA-210824-005A,21-Aug-24,8,2024,22-Aug-24,St. Clair NWA - West Cell SCU,42.371727,-82.404154,1,Ameiurus nebulosus,1,FALSE
2024-LCS-NWA-,2024-LCS-NWA-210824-005A,21-Aug-24,8,2024,22-Aug-24,St. Clair NWA - West Cell SCU,42.371727,-82.404154,1,Lepomis gibbosus,1,FALSE
2024-LCS-NWA-,2024-LCS-NWA-210824-005A,21-Aug-24,8,2024,22-Aug-24,St. Clair NWA - West Cell SCU,42.371727,-82.404154,1,Pomoxis nigromaculatus,2,FALSE
2024-LCS-NWA-,2024-LCS-NWA-210824-005A,21-Aug-24,8,2024,22-Aug-24,St. Clair NWA - West Cell SCU,42.371727,-82.404154,1,Lepomis macrochirus,6,FALSE
2024-LCS-NWA-,2024-LCS-NWA-210824-005A,21-Aug-24,8,2024,22-Aug-24,St. Clair NWA - West Cell SCU,42.371727,-82.404154,1,Notemigonus crysoleucas,9,FALSE
2024-LCS-NWA-,2024-LCS-NWA-220824-001A,22-Aug-24,8,2024,23-Aug-24,St. Clair NWA - West Cell SCU,42.373201,-82.405218,1,Erimyzon sucetta,2,FALSE
2024-LCS-NWA-,2024-LCS-NWA-220824-001A,22-Aug-24,8,2024,23-Aug-24,St. Clair NWA - West Cell SCU,42.373201,-82.405218,1,Amia ocellicauda,1,FALSE
2024-LCS-NWA-,2024-LCS-NWA-220824-001A,22-Aug-24,8,2024,23-Aug-24,St. Clair NWA - West Cell SCU,42.373201,-82.405218,1,Ameiurus melas,1,FALSE
2024-LCS-NWA-,2024-LCS-NWA-220824-001A,22-Aug-24,8,2024,23-Aug-24,St. Clair NWA - West Cell SCU,42.373201,-82.405218,1,Micropterus nigricans,1,FALSE
2024-LCS-NWA-,2024-LCS-NWA-220824-001A,22-Aug-24,8,2024,23-Aug-24,St. Clair NWA - West Cell SCU,42.373201,-82.405218,1,Lepomis gibbosus,4,FALSE
2024-LCS-NWA-,2024-LCS-NWA-220824-001A,22-Aug-24,8,2024,23-Aug-24,St. Clair NWA - West Cell SCU,42.373201,-82.405218,1,Lepomis macrochirus,2,FALSE
2024-LCS-NWA-,2024-LCS-NWA-220824-002A,22-Aug-24,8,2024,23-Aug-24,St. Clair NWA - West Cell SCU,42.374471,-82.406624,1,Erimyzon sucetta,1,FALSE
2024-LCS-NWA-,2024-LCS-NWA-220824-002A,22-Aug-24,8,2024,23-Aug-24,St. Clair NWA - West Cell SCU,42.374471,-82.406624,1,Amia ocellicauda,1,FALSE
2024-LCS-NWA-,2024-LCS-NWA-220824-002A,22-Aug-24,8,2024,23-Aug-24,St. Clair NWA - West Cell SCU,42.374471,-82.406624,1,Lepomis gibbosus,4,FALSE
2024-LCS-NWA-,2024-LCS-NWA-220824-002A,22-Aug-24,8,2024,23-Aug-24,St. Clair NWA - West Cell SCU,42.374471,-82.406624,1,Notemigonus crysoleucas,2,FALSE
2024-LCS-NWA-,2024-LCS-NWA-220824-002A,22-Aug-24,8,2024,23-Aug-24,St. Clair NWA - West Cell SCU,42.374471,-82.406624,1,Lepomis macrochirus,3,FALSE
2024-LCS-NWA-,2024-LCS-NWA-220824-003A,22-Aug-24,8,2024,23-Aug-24,St. Clair NWA - West Cell SCU,42.375706,-82.4044,1,Erimyzon sucetta,3,FALSE
2024-LCS-NWA-,2024-LCS-NWA-220824-003A,22-Aug-24,8,2024,23-Aug-24,St. Clair NWA - West Cell SCU,42.375706,-82.4044,1,Amia ocellicauda,1,FALSE
2024-LCS-NWA-,2024-LCS-NWA-220824-003A,22-Aug-24,8,2024,23-Aug-24,St. Clair NWA - West Cell SCU,42.375706,-82.4044,1,Lepomis gibbosus,15,FALSE
2024-LCS-NWA-,2024-LCS-NWA-220824-003A,22-Aug-24,8,2024,23-Aug-24,St. Clair NWA - West Cell SCU,42.375706,-82.4044,1,Lepomis macrochirus,6,FALSE
2024-LCS-NWA-,2024-LCS-NWA-220824-003A,22-Aug-24,8,2024,23-Aug-24,St. Clair NWA - West Cell SCU,42.375706,-82.4044,1,Notemigonus crysoleucas,1,FALSE
2024-LCS-NWA-,2024-LCS-NWA-220824-004A,22-Aug-24,8,2024,23-Aug-24,St. Clair NWA - West Cell SCU,42.376971,-82.403888,1,Amia ocellicauda,1,FALSE
2024-LCS-NWA-,2024-LCS-NWA-220824-004A,22-Aug-24,8,2024,23-Aug-24,St. Clair NWA - West Cell SCU,42.376971,-82.403888,1,Lepomis gibbosus,2,FALSE
2024-LCS-NWA-,2024-LCS-NWA-220824-004A,22-Aug-24,8,2024,23-Aug-24,St. Clair NWA - West Cell SCU,42.376971,-82.403888,1,Notemigonus crysoleucas,4,FALSE
2024-LCS-NWA-,2024-LCS-NWA-220824-004A,22-Aug-24,8,2024,23-Aug-24,St. Clair NWA - West Cell SCU,42.376971,-82.403888,1,Lepomis macrochirus,2,FALSE
2024-LCS-NWA-,2024-LCS-NWA-220824-005A,22-Aug-24,8,2024,23-Aug-24,St. Clair NWA - West Cell SCU,42.377978,-82.401756,1,Amia ocellicauda,4,FALSE
2024-LCS-NWA-,2024-LCS-NWA-220824-005A,22-Aug-24,8,2024,23-Aug-24,St. Clair NWA - West Cell SCU,42.377978,-82.401756,1,Pomoxis nigromaculatus,2,FALSE
2024-LCS-NWA-,2024-LCS-NWA-220824-005A,22-Aug-24,8,2024,23-Aug-24,St. Clair NWA - West Cell SCU,42.377978,-82.401756,1,Lepomis macrochirus,4,FALSE
2024-LCS-NWA-,2024-LCS-NWA-220824-005A,22-Aug-24,8,2024,23-Aug-24,St. Clair NWA - West Cell SCU,42.377978,-82.401756,1,Lepomis gibbosus,6,FALSE
2024-LCS-NWA-,2024-LCS-NWA-220824-005A,22-Aug-24,8,2024,23-Aug-24,St. Clair NWA - West Cell SCU,42.377978,-82.401756,1,Erimyzon sucetta,1,FALSE
2024-LCS-NWA-,2024-LCS-NWA-260824-001A,26-Aug-24,8,2024,27-Aug-24,St. Clair NWA - West Cell SCU,42.373801,-82.40789,1,Amia ocellicauda,1,FALSE
2024-LCS-NWA-,2024-LCS-NWA-260824-001A,26-Aug-24,8,2024,27-Aug-24,St. Clair NWA - West Cell SCU,42.373801,-82.40789,1,Pomoxis nigromaculatus,1,FALSE
2024-LCS-NWA-,2024-LCS-NWA-260824-001A,26-Aug-24,8,2024,27-Aug-24,St. Clair NWA - West Cell SCU,42.373801,-82.40789,1,Lepomis sp,1,FALSE
2024-LCS-NWA-,2024-LCS-NWA-260824-001A,26-Aug-24,8,2024,27-Aug-24,St. Clair NWA - West Cell SCU,42.373801,-82.40789,1,Lepomis gibbosus,5,FALSE
2024-LCS-NWA-,2024-LCS-NWA-260824-002A,26-Aug-24,8,2024,27-Aug-24,St. Clair NWA - West Cell SCU,42.37151,-82.409165,1,No fish captured,0,FALSE
2024-LCS-NWA-,2024-LCS-NWA-260824-003A,26-Aug-24,8,2024,27-Aug-24,St. Clair NWA - West Cell SCU,42.370191,-82.40957,1,Amia ocellicauda,1,FALSE
2024-LCS-NWA-,2024-LCS-NWA-260824-003A,26-Aug-24,8,2024,27-Aug-24,St. Clair NWA - West Cell SCU,42.370191,-82.40957,1,Lepomis sp,1,FALSE
2024-LCS-NWA-,2024-LCS-NWA-260824-004A,26-Aug-24,8,2024,27-Aug-24,St. Clair NWA - West Cell SCU,42.368149,-82.408938,1,Esox lucius,1,FALSE
2024-LCS-NWA-,2024-LCS-NWA-260824-004A,26-Aug-24,8,2024,27-Aug-24,St. Clair NWA - West Cell SCU,42.368149,-82.408938,1,Lepomis macrochirus,3,FALSE
2024-LCS-NWA-,2024-LCS-NWA-260824-004A,26-Aug-24,8,2024,27-Aug-24,St. Clair NWA - West Cell SCU,42.368149,-82.408938,1,Lepomis gibbosus,4,FALSE
2024-LCS-NWA-,2024-LCS-NWA-260824-004A,26-Aug-24,8,2024,27-Aug-24,St. Clair NWA - West Cell SCU,42.368149,-82.408938,1,Amia ocellicauda,1,FALSE
2024-LCS-NWA-,2024-LCS-NWA-260824-004A,26-Aug-24,8,2024,27-Aug-24,St. Clair NWA - West Cell SCU,42.368149,-82.408938,1,Micropterus nigricans,1,FALSE
2024-LCS-NWA-,2024-LCS-NWA-260824-005A,26-Aug-24,8,2024,27-Aug-24,St. Clair NWA - West Cell SCU,42.366247,-82.40999,1,Micropterus nigricans,1,FALSE
2024-LCS-NWA-,2024-LCS-NWA-260824-005A,26-Aug-24,8,2024,27-Aug-24,St. Clair NWA - West Cell SCU,42.366247,-82.40999,1,Ameiurus nebulosus,1,FALSE
2024-LCS-NWA-,2024-LCS-NWA-260824-005A,26-Aug-24,8,2024,27-Aug-24,St. Clair NWA - West Cell SCU,42.366247,-82.40999,1,Amia ocellicauda,2,FALSE
2024-LCS-NWA-,2024-LCS-NWA-260824-005A,26-Aug-24,8,2024,27-Aug-24,St. Clair NWA - West Cell SCU,42.366247,-82.40999,1,Lepomis gibbosus,1,FALSE
2024-LCS-NWA-,2024-LCS-NWA-260824-005A,26-Aug-24,8,2024,27-Aug-24,St. Clair NWA - West Cell SCU,42.366247,-82.40999,1,Lepomis macrochirus,1,FALSE
2024-LCS-NWA-,2024-LCS-NWA-270824-001A,27-Aug-24,8,2024,28-Aug-24,St. Clair NWA - West Cell SCU,42.360257,-82.406047,1,Micropterus nigricans,2,FALSE
2024-LCS-NWA-,2024-LCS-NWA-270824-001A,27-Aug-24,8,2024,28-Aug-24,St. Clair NWA - West Cell SCU,42.360257,-82.406047,1,Lepomis gibbosus,4,FALSE
2024-LCS-NWA-,2024-LCS-NWA-270824-001A,27-Aug-24,8,2024,28-Aug-24,St. Clair NWA - West Cell SCU,42.360257,-82.406047,1,Lepomis macrochirus,3,FALSE
2024-LCS-NWA-,2024-LCS-NWA-270824-002A,27-Aug-24,8,2024,28-Aug-24,St. Clair NWA - West Cell SCU,42.361716,-82.40756,1,Lepomis macrochirus,2,FALSE
2024-LCS-NWA-,2024-LCS-NWA-270824-002A,27-Aug-24,8,2024,28-Aug-24,St. Clair NWA - West Cell SCU,42.361716,-82.40756,1,Lepomis gibbosus,1,FALSE
2024-LCS-NWA-,2024-LCS-NWA-270824-003A,27-Aug-24,8,2024,28-Aug-24,St. Clair NWA - West Cell SCU,42.363987,-82.406432,1,Amia ocellicauda,1,FALSE
2024-LCS-NWA-,2024-LCS-NWA-270824-003A,27-Aug-24,8,2024,28-Aug-24,St. Clair NWA - West Cell SCU,42.363987,-82.406432,1,Esox lucius,1,FALSE
2024-LCS-NWA-,2024-LCS-NWA-270824-003A,27-Aug-24,8,2024,28-Aug-24,St. Clair NWA - West Cell SCU,42.363987,-82.406432,1,Erimyzon sucetta,3,FALSE
2024-LCS-NWA-,2024-LCS-NWA-270824-003A,27-Aug-24,8,2024,28-Aug-24,St. Clair NWA - West Cell SCU,42.363987,-82.406432,1,Lepomis gibbosus,12,FALSE
2024-LCS-NWA-,2024-LCS-NWA-270824-003A,27-Aug-24,8,2024,28-Aug-24,St. Clair NWA - West Cell SCU,42.363987,-82.406432,1,Micropterus nigricans,3,FALSE
2024-LCS-NWA-,2024-LCS-NWA-270824-003A,27-Aug-24,8,2024,28-Aug-24,St. Clair NWA - West Cell SCU,42.363987,-82.406432,1,Lepomis macrochirus,8,FALSE
2024-LCS-NWA-,2024-LCS-NWA-270824-004A,27-Aug-24,8,2024,28-Aug-24,St. Clair NWA - West Cell SCU,42.36316,-82.408201,1,Erimyzon sucetta,1,FALSE
2024-LCS-NWA-,2024-LCS-NWA-270824-004A,27-Aug-24,8,2024,28-Aug-24,St. Clair NWA - West Cell SCU,42.36316,-82.408201,1,Lepomis gibbosus,4,FALSE
2024-LCS-NWA-,2024-LCS-NWA-270824-004A,27-Aug-24,8,2024,28-Aug-24,St. Clair NWA - West Cell SCU,42.36316,-82.408201,1,Lepomis macrochirus,1,FALSE
2024-LCS-NWA-,2024-LCS-NWA-270824-005A,27-Aug-24,8,2024,28-Aug-24,St. Clair NWA - West Cell SCU,42.362658,-82.409085,1,No fish captured,0,FALSE
2024-LCS-NWA-,2024-LCS-NWA-280824-001A,28-Aug-24,8,2024,29-Aug-24,St. Clair NWA - West Cell SCU,42.364431,-82.410675,1,Micropterus nigricans,1,FALSE
2024-LCS-NWA-,2024-LCS-NWA-280824-001A,28-Aug-24,8,2024,29-Aug-24,St. Clair NWA - West Cell SCU,42.364431,-82.410675,1,Lepomis macrochirus,1,FALSE
2024-LCS-NWA-,2024-LCS-NWA-280824-001A,28-Aug-24,8,2024,29-Aug-24,St. Clair NWA - West Cell SCU,42.364431,-82.410675,1,Lepomis gibbosus,5,FALSE
2024-LCS-NWA-,2024-LCS-NWA-280824-002A,28-Aug-24,8,2024,29-Aug-24,St. Clair NWA - West Cell SCU,42.365586,-82.412616,1,Amia ocellicauda,1,FALSE
2024-LCS-NWA-,2024-LCS-NWA-280824-002A,28-Aug-24,8,2024,29-Aug-24,St. Clair NWA - West Cell SCU,42.365586,-82.412616,1,Micropterus nigricans,1,FALSE
2024-LCS-NWA-,2024-LCS-NWA-280824-002A,28-Aug-24,8,2024,29-Aug-24,St. Clair NWA - West Cell SCU,42.365586,-82.412616,1,Lepomis gibbosus,1,FALSE
2024-LCS-NWA-,2024-LCS-NWA-280824-002A,28-Aug-24,8,2024,29-Aug-24,St. Clair NWA - West Cell SCU,42.365586,-82.412616,1,Lepomis macrochirus,1,FALSE
2024-LCS-NWA-,2024-LCS-NWA-280824-002A,28-Aug-24,8,2024,29-Aug-24,St. Clair NWA - West Cell SCU,42.365586,-82.412616,1,Pomoxis nigromaculatus,1,FALSE
2024-LCS-NWA-,2024-LCS-NWA-280824-003A,28-Aug-24,8,2024,29-Aug-24,St. Clair NWA - West Cell SCU,42.367552,-82.412689,1,Erimyzon sucetta,3,FALSE
2024-LCS-NWA-,2024-LCS-NWA-280824-003A,28-Aug-24,8,2024,29-Aug-24,St. Clair NWA - West Cell SCU,42.367552,-82.412689,1,Amia ocellicauda,1,FALSE
2024-LCS-NWA-,2024-LCS-NWA-280824-003A,28-Aug-24,8,2024,29-Aug-24,St. Clair NWA - West Cell SCU,42.367552,-82.412689,1,Lepomis gibbosus,1,FALSE
2024-LCS-NWA-,2024-LCS-NWA-280824-003A,28-Aug-24,8,2024,29-Aug-24,St. Clair NWA - West Cell SCU,42.367552,-82.412689,1,Pomoxis nigromaculatus,1,FALSE
2024-LCS-NWA-,2024-LCS-NWA-280824-003A,28-Aug-24,8,2024,29-Aug-24,St. Clair NWA - West Cell SCU,42.367552,-82.412689,1,Lepomis macrochirus,6,FALSE
2024-LCS-NWA-,2024-LCS-NWA-280824-004A,28-Aug-24,8,2024,29-Aug-24,St. Clair NWA - West Cell SCU,42.368038,-82.41464,1,Amia ocellicauda,2,FALSE
2024-LCS-NWA-,2024-LCS-NWA-280824-004A,28-Aug-24,8,2024,29-Aug-24,St. Clair NWA - West Cell SCU,42.368038,-82.41464,1,Ameiurus melas,1,FALSE
2024-LCS-NWA-,2024-LCS-NWA-280824-004A,28-Aug-24,8,2024,29-Aug-24,St. Clair NWA - West Cell SCU,42.368038,-82.41464,1,Ameiurus natalis,1,FALSE
2024-LCS-NWA-,2024-LCS-NWA-280824-004A,28-Aug-24,8,2024,29-Aug-24,St. Clair NWA - West Cell SCU,42.368038,-82.41464,1,Notemigonus crysoleucas,4,FALSE
2024-LCS-NWA-,2024-LCS-NWA-280824-004A,28-Aug-24,8,2024,29-Aug-24,St. Clair NWA - West Cell SCU,42.368038,-82.41464,1,Lepomis gibbosus,17,FALSE
2024-LCS-NWA-,2024-LCS-NWA-280824-004A,28-Aug-24,8,2024,29-Aug-24,St. Clair NWA - West Cell SCU,42.368038,-82.41464,1,Lepomis macrochirus,5,FALSE
2024-LCS-NWA-,2024-LCS-NWA-280824-004A,28-Aug-24,8,2024,29-Aug-24,St. Clair NWA - West Cell SCU,42.368038,-82.41464,1,Pomoxis nigromaculatus,1,FALSE
2024-LCS-NWA-,2024-LCS-NWA-280824-004A,28-Aug-24,8,2024,29-Aug-24,St. Clair NWA - West Cell SCU,42.368038,-82.41464,1,Erimyzon sucetta,1,FALSE
2024-LCS-NWA-,2024-LCS-NWA-280824-005A,28-Aug-24,8,2024,29-Aug-24,St. Clair NWA - West Cell SCU,42.368487,-82.41101,1,Pomoxis nigromaculatus,2,FALSE
2024-LCS-NWA-,2024-LCS-NWA-280824-005A,28-Aug-24,8,2024,29-Aug-24,St. Clair NWA - West Cell SCU,42.368487,-82.41101,1,Lepomis gibbosus,6,FALSE
2024-LCS-NWA-,2024-LCS-NWA-280824-005A,28-Aug-24,8,2024,29-Aug-24,St. Clair NWA - West Cell SCU,42.368487,-82.41101,1,Micropterus nigricans,1,FALSE
2024-LCS-NWA-,2024-LCS-NWA-280824-005A,28-Aug-24,8,2024,29-Aug-24,St. Clair NWA - West Cell SCU,42.368487,-82.41101,1,Lepomis macrochirus,1,FALSE
2024-LCS-NWA-,2024-LCS-NWA-280824-006A,28-Aug-24,8,2024,29-Aug-24,St. Clair NWA - West Cell SCU,42.37007,-82.412259,1,Amia ocellicauda,3,FALSE
2024-LCS-NWA-,2024-LCS-NWA-280824-006A,28-Aug-24,8,2024,29-Aug-24,St. Clair NWA - West Cell SCU,42.37007,-82.412259,1,Ameiurus natalis,1,FALSE
2024-LCS-NWA-,2024-LCS-NWA-280824-006A,28-Aug-24,8,2024,29-Aug-24,St. Clair NWA - West Cell SCU,42.37007,-82.412259,1,Lepomis macrochirus,5,FALSE
2024-LCS-NWA-,2024-LCS-NWA-290824-001A,29-Aug-24,8,2024,30-Aug-24,St. Clair NWA - West Cell SCU,42.363656,-82.410229,1,Erimyzon sucetta,7,FALSE
2024-LCS-NWA-,2024-LCS-NWA-290824-001A,29-Aug-24,8,2024,30-Aug-24,St. Clair NWA - West Cell SCU,42.363656,-82.410229,1,Amia ocellicauda,5,FALSE
2024-LCS-NWA-,2024-LCS-NWA-290824-001A,29-Aug-24,8,2024,30-Aug-24,St. Clair NWA - West Cell SCU,42.363656,-82.410229,1,Ameiurus nebulosus,1,FALSE
2024-LCS-NWA-,2024-LCS-NWA-290824-001A,29-Aug-24,8,2024,30-Aug-24,St. Clair NWA - West Cell SCU,42.363656,-82.410229,1,Micropterus nigricans,5,FALSE
2024-LCS-NWA-,2024-LCS-NWA-290824-001A,29-Aug-24,8,2024,30-Aug-24,St. Clair NWA - West Cell SCU,42.363656,-82.410229,1,Lepomis gibbosus,35,FALSE
2024-LCS-NWA-,2024-LCS-NWA-290824-001A,29-Aug-24,8,2024,30-Aug-24,St. Clair NWA - West Cell SCU,42.363656,-82.410229,1,Lepomis macrochirus,17,FALSE
2024-LCS-NWA-,2024-LCS-NWA-290824-001A,29-Aug-24,8,2024,30-Aug-24,St. Clair NWA - West Cell SCU,42.363656,-82.410229,1,Notemigonus crysoleucas,9,FALSE
2024-LCS-NWA-,2024-LCS-NWA-290824-002A,29-Aug-24,8,2024,30-Aug-24,St. Clair NWA - West Cell SCU,42.360893,-82.406906,1,Erimyzon sucetta,2,FALSE
2024-LCS-NWA-,2024-LCS-NWA-290824-002A,29-Aug-24,8,2024,30-Aug-24,St. Clair NWA - West Cell SCU,42.360893,-82.406906,1,Lepomis gibbosus,2,FALSE
2024-LCS-NWA-,2024-LCS-NWA-290824-002A,29-Aug-24,8,2024,30-Aug-24,St. Clair NWA - West Cell SCU,42.360893,-82.406906,1,Notemigonus crysoleucas,3,FALSE
2024-LCS-NWA-,2024-LCS-NWA-290824-002A,29-Aug-24,8,2024,30-Aug-24,St. Clair NWA - West Cell SCU,42.360893,-82.406906,1,Micropterus nigricans,2,FALSE
2024-LCS-NWA-,2024-LCS-NWA-290824-002A,29-Aug-24,8,2024,30-Aug-24,St. Clair NWA - West Cell SCU,42.360893,-82.406906,1,Umbra limi,1,FALSE
2024-LCS-NWA-,2024-LCS-NWA-290824-003A,29-Aug-24,8,2024,30-Aug-24,St. Clair NWA - West Cell SCU,42.364873,-82.411728,1,Erimyzon sucetta,3,FALSE
2024-LCS-NWA-,2024-LCS-NWA-290824-003A,29-Aug-24,8,2024,30-Aug-24,St. Clair NWA - West Cell SCU,42.364873,-82.411728,1,Lepomis macrochirus,2,FALSE
2024-LCS-NWA-,2024-LCS-NWA-290824-003A,29-Aug-24,8,2024,30-Aug-24,St. Clair NWA - West Cell SCU,42.364873,-82.411728,1,Micropterus nigricans,1,FALSE
2024-LCS-NWA-,2024-LCS-NWA-290824-003A,29-Aug-24,8,2024,30-Aug-24,St. Clair NWA - West Cell SCU,42.364873,-82.411728,1,Lepomis gibbosus,3,FALSE
2024-LCS-NWA-,2024-LCS-NWA-290824-004A,29-Aug-24,8,2024,30-Aug-24,St. Clair NWA - West Cell SCU,42.366433,-82.411598,1,Erimyzon sucetta,2,FALSE
2024-LCS-NWA-,2024-LCS-NWA-290824-004A,29-Aug-24,8,2024,30-Aug-24,St. Clair NWA - West Cell SCU,42.366433,-82.411598,1,Lepomis macrochirus,4,FALSE
2024-LCS-NWA-,2024-LCS-NWA-290824-004A,29-Aug-24,8,2024,30-Aug-24,St. Clair NWA - West Cell SCU,42.366433,-82.411598,1,Lepomis gibbosus,3,FALSE
2024-LCS-NWA-,2024-LCS-NWA-290824-004A,29-Aug-24,8,2024,30-Aug-24,St. Clair NWA - West Cell SCU,42.366433,-82.411598,1,Pomoxis nigromaculatus,1,FALSE
2024-LCS-NWA-,2024-LCS-NWA-290824-005A,29-Aug-24,8,2024,30-Aug-24,St. Clair NWA - West Cell SCU,42.366314,-82.41347,1,Ameiurus melas,2,FALSE
2024-LCS-NWA-,2024-LCS-NWA-290824-005A,29-Aug-24,8,2024,30-Aug-24,St. Clair NWA - West Cell SCU,42.366314,-82.41347,1,Lepomis gibbosus,10,FALSE
2024-LCS-NWA-,2024-LCS-NWA-290824-005A,29-Aug-24,8,2024,30-Aug-24,St. Clair NWA - West Cell SCU,42.366314,-82.41347,1,Lepomis macrochirus,7,FALSE
2024-LCS-NWA-,2024-LCS-NWA-290824-005A,29-Aug-24,8,2024,30-Aug-24,St. Clair NWA - West Cell SCU,42.366314,-82.41347,1,Notemigonus crysoleucas,4,FALSE
2024-LCS-NWA-,2024-LCS-NWA-290824-005A,29-Aug-24,8,2024,30-Aug-24,St. Clair NWA - West Cell SCU,42.366314,-82.41347,1,Pomoxis nigromaculatus,2,FALSE
2024-LCS-NWA-,2024-LCS-NWA-290824-005A,29-Aug-24,8,2024,30-Aug-24,St. Clair NWA - West Cell SCU,42.366314,-82.41347,1,Micropterus nigricans,1,FALSE
2024-LCS-NWA-,2024-LCS-NWA-290824-006A,29-Aug-24,8,2024,30-Aug-24,St. Clair NWA - West Cell SCU,42.367001,-82.414344,1,Lepomis macrochirus,14,FALSE
2024-LCS-NWA-,2024-LCS-NWA-290824-006A,29-Aug-24,8,2024,30-Aug-24,St. Clair NWA - West Cell SCU,42.367001,-82.414344,1,Umbra limi,1,FALSE
2024-LCS-NWA-,2024-LCS-NWA-290824-006A,29-Aug-24,8,2024,30-Aug-24,St. Clair NWA - West Cell SCU,42.367001,-82.414344,1,Lepomis gibbosus,12,FALSE
2024-LCS-NWA-,2024-LCS-NWA-290824-006A,29-Aug-24,8,2024,30-Aug-24,St. Clair NWA - West Cell SCU,42.367001,-82.414344,1,Micropterus nigricans,1,FALSE
2024-LCS-NWA-,2024-LCS-NWA-030924-001A,3-Sep-24,9,2024,4-Sep-24,St. Clair NWA - West Cell SCU,42.371526,-82.411943,1,No fish captured,0,FALSE
2024-LCS-NWA-,2024-LCS-NWA-030924-002A,3-Sep-24,9,2024,4-Sep-24,St. Clair NWA - West Cell SCU,42.370331,-82.413539,1,Amia ocellicauda,1,FALSE
2024-LCS-NWA-,2024-LCS-NWA-030924-002A,3-Sep-24,9,2024,4-Sep-24,St. Clair NWA - West Cell SCU,42.370331,-82.413539,1,Notemigonus crysoleucas,1,FALSE
2024-LCS-NWA-,2024-LCS-NWA-030924-002A,3-Sep-24,9,2024,4-Sep-24,St. Clair NWA - West Cell SCU,42.370331,-82.413539,1,Pomoxis nigromaculatus,1,FALSE
2024-LCS-NWA-,2024-LCS-NWA-030924-002A,3-Sep-24,9,2024,4-Sep-24,St. Clair NWA - West Cell SCU,42.370331,-82.413539,1,Lepomis gibbosus,7,FALSE
2024-LCS-NWA-,2024-LCS-NWA-030924-002A,3-Sep-24,9,2024,4-Sep-24,St. Clair NWA - West Cell SCU,42.370331,-82.413539,1,Lepomis macrochirus,2,FALSE
2024-LCS-NWA-,2024-LCS-NWA-030924-003A,3-Sep-24,9,2024,4-Sep-24,St. Clair NWA - West Cell SCU,42.369435,-82.414097,1,Amia ocellicauda,1,FALSE
2024-LCS-NWA-,2024-LCS-NWA-030924-003A,3-Sep-24,9,2024,4-Sep-24,St. Clair NWA - West Cell SCU,42.369435,-82.414097,1,Lepomis macrochirus,4,FALSE
2024-LCS-NWA-,2024-LCS-NWA-030924-003A,3-Sep-24,9,2024,4-Sep-24,St. Clair NWA - West Cell SCU,42.369435,-82.414097,1,Lepomis gibbosus,6,FALSE
2024-LCS-NWA-,2024-LCS-NWA-030924-004A,3-Sep-24,9,2024,4-Sep-24,St. Clair NWA - West Cell SCU,42.369617,-82.410914,1,Amia ocellicauda,1,FALSE
2024-LCS-NWA-,2024-LCS-NWA-030924-004A,3-Sep-24,9,2024,4-Sep-24,St. Clair NWA - West Cell SCU,42.369617,-82.410914,1,Pomoxis nigromaculatus,1,FALSE
2024-LCS-NWA-,2024-LCS-NWA-030924-004A,3-Sep-24,9,2024,4-Sep-24,St. Clair NWA - West Cell SCU,42.369617,-82.410914,1,Lepomis macrochirus,3,FALSE
2024-LCS-NWA-,2024-LCS-NWA-030924-004A,3-Sep-24,9,2024,4-Sep-24,St. Clair NWA - West Cell SCU,42.369617,-82.410914,1,Lepomis gibbosus,5,FALSE
2024-LCS-NWA-,2024-LCS-NWA-030924-004A,3-Sep-24,9,2024,4-Sep-24,St. Clair NWA - West Cell SCU,42.369617,-82.410914,1,Notemigonus crysoleucas,1,FALSE
2024-LCS-NWA-,2024-LCS-NWA-030924-005A,3-Sep-24,9,2024,4-Sep-24,St. Clair NWA - West Cell SCU,42.371075,-82.409511,1,Lepomis gibbosus,7,FALSE
2024-LCS-NWA-,2024-LCS-NWA-030924-005A,3-Sep-24,9,2024,4-Sep-24,St. Clair NWA - West Cell SCU,42.371075,-82.409511,1,Lepomis macrochirus,1,FALSE
2024-LCS-NWA-,2024-LCS-NWA-040924-001A,4-Sep-24,9,2024,5-Sep-24,St. Clair NWA - West Cell SCU,42.37173,-82.406945,1,No fish captured,0,FALSE
2024-LCS-NWA-,2024-LCS-NWA-040924-002A,4-Sep-24,9,2024,5-Sep-24,St. Clair NWA - West Cell SCU,42.369251,-82.407406,1,Cyprinus carpio,1,FALSE
2024-LCS-NWA-,2024-LCS-NWA-040924-002A,4-Sep-24,9,2024,5-Sep-24,St. Clair NWA - West Cell SCU,42.369251,-82.407406,1,Notemigonus crysoleucas,8,FALSE
2024-LCS-NWA-,2024-LCS-NWA-040924-002A,4-Sep-24,9,2024,5-Sep-24,St. Clair NWA - West Cell SCU,42.369251,-82.407406,1,Micropterus nigricans,1,FALSE
2024-LCS-NWA-,2024-LCS-NWA-040924-002A,4-Sep-24,9,2024,5-Sep-24,St. Clair NWA - West Cell SCU,42.369251,-82.407406,1,Lepomis gibbosus,1,FALSE
2024-LCS-NWA-,2024-LCS-NWA-040924-002A,4-Sep-24,9,2024,5-Sep-24,St. Clair NWA - West Cell SCU,42.369251,-82.407406,1,Erimyzon sucetta,1,FALSE
2024-LCS-NWA-,2024-LCS-NWA-040924-003A,4-Sep-24,9,2024,5-Sep-24,St. Clair NWA - West Cell SCU,42.371742,-82.405433,1,Amia ocellicauda,1,FALSE
2024-LCS-NWA-,2024-LCS-NWA-040924-003A,4-Sep-24,9,2024,5-Sep-24,St. Clair NWA - West Cell SCU,42.371742,-82.405433,1,Notemigonus crysoleucas,2,FALSE
2024-LCS-NWA-,2024-LCS-NWA-040924-003A,4-Sep-24,9,2024,5-Sep-24,St. Clair NWA - West Cell SCU,42.371742,-82.405433,1,Lepomis macrochirus,4,FALSE
2024-LCS-NWA-,2024-LCS-NWA-040924-003A,4-Sep-24,9,2024,5-Sep-24,St. Clair NWA - West Cell SCU,42.371742,-82.405433,1,Lepomis gibbosus,4,FALSE
2024-LCS-NWA-,2024-LCS-NWA-040924-003A,4-Sep-24,9,2024,5-Sep-24,St. Clair NWA - West Cell SCU,42.371742,-82.405433,1,Erimyzon sucetta,1,FALSE
