Project,Field Number,Date,Month,Date fished,Waterbody Name,Start Latitude,Start Longitude,Species,Total Length (mm),Total Weight (g)
2023-LCS-NWA-,2023-LCS-NWA-080823-001A,8-Aug-23,8,9-Aug-23,St. Clair NWA - East Cell SCU,42.37674,-82.40026,Lepomis gibbosus,114,29.5
2023-LCS-NWA-,2023-LCS-NWA-080823-001A,8-Aug-23,8,9-Aug-23,St. Clair NWA - East Cell SCU,42.37674,-82.40026,Lepomis gibbosus,117,29.7
2023-LCS-NWA-,2023-LCS-NWA-080823-001A,8-Aug-23,8,9-Aug-23,St. Clair NWA - East Cell SCU,42.37674,-82.40026,Lepomis gibbosus,76,6.7
2023-LCS-NWA-,2023-LCS-NWA-080823-001A,8-Aug-23,8,9-Aug-23,St. Clair NWA - East Cell SCU,42.37674,-82.40026,Lepomis gibbosus,73,5.8
2023-LCS-NWA-,2023-LCS-NWA-080823-001A,8-Aug-23,8,9-Aug-23,St. Clair NWA - East Cell SCU,42.37674,-82.40026,Lepomis gibbosus,79,7.5
2023-LCS-NWA-,2023-LCS-NWA-080823-001A,8-Aug-23,8,9-Aug-23,St. Clair NWA - East Cell SCU,42.37674,-82.40026,Lepomis gibbosus,75,6.8
2023-LCS-NWA-,2023-LCS-NWA-080823-001A,8-Aug-23,8,9-Aug-23,St. Clair NWA - East Cell SCU,42.37674,-82.40026,Lepomis gibbosus,83,9.8
2023-LCS-NWA-,2023-LCS-NWA-080823-001A,8-Aug-23,8,9-Aug-23,St. Clair NWA - East Cell SCU,42.37674,-82.40026,Lepomis gibbosus,71,5
2023-LCS-NWA-,2023-LCS-NWA-080823-001A,8-Aug-23,8,9-Aug-23,St. Clair NWA - East Cell SCU,42.37674,-82.40026,Lepomis gibbosus,92,12.7
2023-LCS-NWA-,2023-LCS-NWA-080823-001A,8-Aug-23,8,9-Aug-23,St. Clair NWA - East Cell SCU,42.37674,-82.40026,Lepomis gibbosus,85,10.5
2023-LCS-NWA-,2023-LCS-NWA-080823-001A,8-Aug-23,8,9-Aug-23,St. Clair NWA - East Cell SCU,42.37674,-82.40026,Lepomis gibbosus,79,9.2
2023-LCS-NWA-,2023-LCS-NWA-080823-001A,8-Aug-23,8,9-Aug-23,St. Clair NWA - East Cell SCU,42.37674,-82.40026,Lepomis gibbosus,77,7
2023-LCS-NWA-,2023-LCS-NWA-080823-001A,8-Aug-23,8,9-Aug-23,St. Clair NWA - East Cell SCU,42.37674,-82.40026,Lepomis macrochirus,87,10.6
2023-LCS-NWA-,2023-LCS-NWA-080823-001A,8-Aug-23,8,9-Aug-23,St. Clair NWA - East Cell SCU,42.37674,-82.40026,Lepomis macrochirus,111,25.5
2023-LCS-NWA-,2023-LCS-NWA-080823-001A,8-Aug-23,8,9-Aug-23,St. Clair NWA - East Cell SCU,42.37674,-82.40026,Lepomis macrochirus,93,13.7
2023-LCS-NWA-,2023-LCS-NWA-080823-001A,8-Aug-23,8,9-Aug-23,St. Clair NWA - East Cell SCU,42.37674,-82.40026,Lepomis macrochirus,86,10.5
2023-LCS-NWA-,2023-LCS-NWA-080823-001A,8-Aug-23,8,9-Aug-23,St. Clair NWA - East Cell SCU,42.37674,-82.40026,Lepomis macrochirus,101,20.5
2023-LCS-NWA-,2023-LCS-NWA-080823-001A,8-Aug-23,8,9-Aug-23,St. Clair NWA - East Cell SCU,42.37674,-82.40026,Lepomis macrochirus,36,0.7
2023-LCS-NWA-,2023-LCS-NWA-080823-001A,8-Aug-23,8,9-Aug-23,St. Clair NWA - East Cell SCU,42.37674,-82.40026,Lepomis macrochirus,28,0.4
2023-LCS-NWA-,2023-LCS-NWA-080823-001A,8-Aug-23,8,9-Aug-23,St. Clair NWA - East Cell SCU,42.37674,-82.40026,Lepomis macrochirus,32,0.4
2023-LCS-NWA-,2023-LCS-NWA-080823-001A,8-Aug-23,8,9-Aug-23,St. Clair NWA - East Cell SCU,42.37674,-82.40026,Micropterus nigricans,64,3.2
2023-LCS-NWA-,2023-LCS-NWA-080823-001A,8-Aug-23,8,9-Aug-23,St. Clair NWA - East Cell SCU,42.37674,-82.40026,Pomoxis nigromaculatus,61,2.7
2023-LCS-NWA-,2023-LCS-NWA-080823-001A,8-Aug-23,8,9-Aug-23,St. Clair NWA - East Cell SCU,42.37674,-82.40026,Pomoxis nigromaculatus,129,29.4
2023-LCS-NWA-,2023-LCS-NWA-080823-002A,8-Aug-23,8,9-Aug-23,St. Clair NWA - East Cell SCU,42.3727,-82.39969,Lepomis gibbosus,95,16.5
2023-LCS-NWA-,2023-LCS-NWA-080823-002A,8-Aug-23,8,9-Aug-23,St. Clair NWA - East Cell SCU,42.3727,-82.39969,Lepomis gibbosus,152,79.3
2023-LCS-NWA-,2023-LCS-NWA-080823-002A,8-Aug-23,8,9-Aug-23,St. Clair NWA - East Cell SCU,42.3727,-82.39969,Lepomis gibbosus,86,11.6
2023-LCS-NWA-,2023-LCS-NWA-080823-002A,8-Aug-23,8,9-Aug-23,St. Clair NWA - East Cell SCU,42.3727,-82.39969,Lepomis gibbosus,117,29.4
2023-LCS-NWA-,2023-LCS-NWA-080823-002A,8-Aug-23,8,9-Aug-23,St. Clair NWA - East Cell SCU,42.3727,-82.39969,Pomoxis nigromaculatus,47,1.3
2023-LCS-NWA-,2023-LCS-NWA-080823-002A,8-Aug-23,8,9-Aug-23,St. Clair NWA - East Cell SCU,42.3727,-82.39969,Pomoxis nigromaculatus,219,190.2
2023-LCS-NWA-,2023-LCS-NWA-080823-002A,8-Aug-23,8,9-Aug-23,St. Clair NWA - East Cell SCU,42.3727,-82.39969,Pomoxis nigromaculatus,244,222.4
2023-LCS-NWA-,2023-LCS-NWA-080823-002A,8-Aug-23,8,9-Aug-23,St. Clair NWA - East Cell SCU,42.3727,-82.39969,Amia ocellicauda,425,669.5
2023-LCS-NWA-,2023-LCS-NWA-080823-003A,8-Aug-23,8,9-Aug-23,St. Clair NWA - East Cell SCU,42.37053,-82.40087,Lepomis gibbosus,129,42.5
2023-LCS-NWA-,2023-LCS-NWA-080823-003A,8-Aug-23,8,9-Aug-23,St. Clair NWA - East Cell SCU,42.37053,-82.40087,Lepomis gibbosus,128,39.8
2023-LCS-NWA-,2023-LCS-NWA-080823-003A,8-Aug-23,8,9-Aug-23,St. Clair NWA - East Cell SCU,42.37053,-82.40087,Lepomis gibbosus,123,41.2
2023-LCS-NWA-,2023-LCS-NWA-080823-003A,8-Aug-23,8,9-Aug-23,St. Clair NWA - East Cell SCU,42.37053,-82.40087,Lepomis gibbosus,121,36.5
2023-LCS-NWA-,2023-LCS-NWA-080823-003A,8-Aug-23,8,9-Aug-23,St. Clair NWA - East Cell SCU,42.37053,-82.40087,Lepomis gibbosus,155,82.6
2023-LCS-NWA-,2023-LCS-NWA-080823-003A,8-Aug-23,8,9-Aug-23,St. Clair NWA - East Cell SCU,42.37053,-82.40087,Lepomis gibbosus,109,25.8
2023-LCS-NWA-,2023-LCS-NWA-080823-003A,8-Aug-23,8,9-Aug-23,St. Clair NWA - East Cell SCU,42.37053,-82.40087,Lepomis gibbosus,115,30.1
2023-LCS-NWA-,2023-LCS-NWA-080823-003A,8-Aug-23,8,9-Aug-23,St. Clair NWA - East Cell SCU,42.37053,-82.40087,Lepomis gibbosus,132,38.9
2023-LCS-NWA-,2023-LCS-NWA-080823-003A,8-Aug-23,8,9-Aug-23,St. Clair NWA - East Cell SCU,42.37053,-82.40087,Lepomis gibbosus,133,49.7
2023-LCS-NWA-,2023-LCS-NWA-080823-003A,8-Aug-23,8,9-Aug-23,St. Clair NWA - East Cell SCU,42.37053,-82.40087,Lepomis gibbosus,124,35.6
2023-LCS-NWA-,2023-LCS-NWA-080823-003A,8-Aug-23,8,9-Aug-23,St. Clair NWA - East Cell SCU,42.37053,-82.40087,Lepomis gibbosus,116,35.1
2023-LCS-NWA-,2023-LCS-NWA-080823-003A,8-Aug-23,8,9-Aug-23,St. Clair NWA - East Cell SCU,42.37053,-82.40087,Lepomis gibbosus,135,51.8
2023-LCS-NWA-,2023-LCS-NWA-080823-003A,8-Aug-23,8,9-Aug-23,St. Clair NWA - East Cell SCU,42.37053,-82.40087,Lepomis gibbosus,150,67.5
2023-LCS-NWA-,2023-LCS-NWA-080823-003A,8-Aug-23,8,9-Aug-23,St. Clair NWA - East Cell SCU,42.37053,-82.40087,Lepomis gibbosus,130,47.7
2023-LCS-NWA-,2023-LCS-NWA-080823-003A,8-Aug-23,8,9-Aug-23,St. Clair NWA - East Cell SCU,42.37053,-82.40087,Pomoxis nigromaculatus,125,27.9
2023-LCS-NWA-,2023-LCS-NWA-080823-003A,8-Aug-23,8,9-Aug-23,St. Clair NWA - East Cell SCU,42.37053,-82.40087,Pomoxis nigromaculatus,113,20.1
2023-LCS-NWA-,2023-LCS-NWA-080823-003A,8-Aug-23,8,9-Aug-23,St. Clair NWA - East Cell SCU,42.37053,-82.40087,Micropterus nigricans,152,44.2
2023-LCS-NWA-,2023-LCS-NWA-080823-003A,8-Aug-23,8,9-Aug-23,St. Clair NWA - East Cell SCU,42.37053,-82.40087,Micropterus nigricans,72,4.8
2023-LCS-NWA-,2023-LCS-NWA-080823-003A,8-Aug-23,8,9-Aug-23,St. Clair NWA - East Cell SCU,42.37053,-82.40087,Micropterus nigricans,351,638.5
2023-LCS-NWA-,2023-LCS-NWA-080823-003A,8-Aug-23,8,9-Aug-23,St. Clair NWA - East Cell SCU,42.37053,-82.40087,Umbra limi,29,0.4
2023-LCS-NWA-,2023-LCS-NWA-080823-003A,8-Aug-23,8,9-Aug-23,St. Clair NWA - East Cell SCU,42.37053,-82.40087,Amia ocellicauda,516,1313
2023-LCS-NWA-,2023-LCS-NWA-080823-004A,8-Aug-23,8,9-Aug-23,St. Clair NWA - East Cell SCU,42.36695,-82.40346,Lepomis macrochirus,56,3
2023-LCS-NWA-,2023-LCS-NWA-080823-004A,8-Aug-23,8,9-Aug-23,St. Clair NWA - East Cell SCU,42.36695,-82.40346,Pomoxis nigromaculatus,58,1.8
2023-LCS-NWA-,2023-LCS-NWA-080823-004A,8-Aug-23,8,9-Aug-23,St. Clair NWA - East Cell SCU,42.36695,-82.40346,Pomoxis nigromaculatus,60,2.6
2023-LCS-NWA-,2023-LCS-NWA-080823-004A,8-Aug-23,8,9-Aug-23,St. Clair NWA - East Cell SCU,42.36695,-82.40346,Pomoxis nigromaculatus,59,2.5
2023-LCS-NWA-,2023-LCS-NWA-080823-004A,8-Aug-23,8,9-Aug-23,St. Clair NWA - East Cell SCU,42.36695,-82.40346,Pomoxis nigromaculatus,139,39.8
2023-LCS-NWA-,2023-LCS-NWA-080823-004A,8-Aug-23,8,9-Aug-23,St. Clair NWA - East Cell SCU,42.36695,-82.40346,Pomoxis nigromaculatus,51,1.6
2023-LCS-NWA-,2023-LCS-NWA-080823-004A,8-Aug-23,8,9-Aug-23,St. Clair NWA - East Cell SCU,42.36695,-82.40346,Pomoxis nigromaculatus,129,31.8
2023-LCS-NWA-,2023-LCS-NWA-080823-004A,8-Aug-23,8,9-Aug-23,St. Clair NWA - East Cell SCU,42.36695,-82.40346,Pomoxis nigromaculatus,61,2.7
2023-LCS-NWA-,2023-LCS-NWA-080823-004A,8-Aug-23,8,9-Aug-23,St. Clair NWA - East Cell SCU,42.36695,-82.40346,Pomoxis nigromaculatus,57,2
2023-LCS-NWA-,2023-LCS-NWA-080823-004A,8-Aug-23,8,9-Aug-23,St. Clair NWA - East Cell SCU,42.36695,-82.40346,Pomoxis nigromaculatus,58,2.2
2023-LCS-NWA-,2023-LCS-NWA-080823-004A,8-Aug-23,8,9-Aug-23,St. Clair NWA - East Cell SCU,42.36695,-82.40346,Pomoxis nigromaculatus,59,2.2
2023-LCS-NWA-,2023-LCS-NWA-080823-004A,8-Aug-23,8,9-Aug-23,St. Clair NWA - East Cell SCU,42.36695,-82.40346,Micropterus nigricans,153,51.7
2023-LCS-NWA-,2023-LCS-NWA-080823-004A,8-Aug-23,8,9-Aug-23,St. Clair NWA - East Cell SCU,42.36695,-82.40346,Micropterus nigricans,79,5.7
2023-LCS-NWA-,2023-LCS-NWA-080823-004A,8-Aug-23,8,9-Aug-23,St. Clair NWA - East Cell SCU,42.36695,-82.40346,Micropterus nigricans,72,4.3
2023-LCS-NWA-,2023-LCS-NWA-080823-004A,8-Aug-23,8,9-Aug-23,St. Clair NWA - East Cell SCU,42.36695,-82.40346,Micropterus nigricans,120,20.5
2023-LCS-NWA-,2023-LCS-NWA-080823-004A,8-Aug-23,8,9-Aug-23,St. Clair NWA - East Cell SCU,42.36695,-82.40346,Micropterus nigricans,234,195.3
2023-LCS-NWA-,2023-LCS-NWA-080823-004A,8-Aug-23,8,9-Aug-23,St. Clair NWA - East Cell SCU,42.36695,-82.40346,Notemigonus crysoleucas,47,0.8
2023-LCS-NWA-,2023-LCS-NWA-080823-004A,8-Aug-23,8,9-Aug-23,St. Clair NWA - East Cell SCU,42.36695,-82.40346,Notemigonus crysoleucas,53,1.3
2023-LCS-NWA-,2023-LCS-NWA-080823-004A,8-Aug-23,8,9-Aug-23,St. Clair NWA - East Cell SCU,42.36695,-82.40346,Lepomis gibbosus,136,44.8
2023-LCS-NWA-,2023-LCS-NWA-080823-004A,8-Aug-23,8,9-Aug-23,St. Clair NWA - East Cell SCU,42.36695,-82.40346,Lepomis gibbosus,69,51.3
2023-LCS-NWA-,2023-LCS-NWA-080823-004A,8-Aug-23,8,9-Aug-23,St. Clair NWA - East Cell SCU,42.36695,-82.40346,Lepomis gibbosus,131,48.7
2023-LCS-NWA-,2023-LCS-NWA-080823-004A,8-Aug-23,8,9-Aug-23,St. Clair NWA - East Cell SCU,42.36695,-82.40346,Lepomis gibbosus,140,61.1
2023-LCS-NWA-,2023-LCS-NWA-080823-004A,8-Aug-23,8,9-Aug-23,St. Clair NWA - East Cell SCU,42.36695,-82.40346,Lepomis gibbosus,124,37.6
2023-LCS-NWA-,2023-LCS-NWA-080823-004A,8-Aug-23,8,9-Aug-23,St. Clair NWA - East Cell SCU,42.36695,-82.40346,Umbra limi,27,0
2023-LCS-NWA-,2023-LCS-NWA-080823-004A,8-Aug-23,8,9-Aug-23,St. Clair NWA - East Cell SCU,42.36695,-82.40346,Erimyzon sucetta,47,1.3
2023-LCS-NWA-,2023-LCS-NWA-080823-004A,8-Aug-23,8,9-Aug-23,St. Clair NWA - East Cell SCU,42.36695,-82.40346,Erimyzon sucetta,49,1.3
2023-LCS-NWA-,2023-LCS-NWA-080823-004A,8-Aug-23,8,9-Aug-23,St. Clair NWA - East Cell SCU,42.36695,-82.40346,Erimyzon sucetta,43,0.8
2023-LCS-NWA-,2023-LCS-NWA-080823-004A,8-Aug-23,8,9-Aug-23,St. Clair NWA - East Cell SCU,42.36695,-82.40346,Erimyzon sucetta,35,0.5
2023-LCS-NWA-,2023-LCS-NWA-080823-004A,8-Aug-23,8,9-Aug-23,St. Clair NWA - East Cell SCU,42.36695,-82.40346,Erimyzon sucetta,41,0.7
2023-LCS-NWA-,2023-LCS-NWA-080823-004A,8-Aug-23,8,9-Aug-23,St. Clair NWA - East Cell SCU,42.36695,-82.40346,Erimyzon sucetta,44,0.8
2023-LCS-NWA-,2023-LCS-NWA-080823-004A,8-Aug-23,8,9-Aug-23,St. Clair NWA - East Cell SCU,42.36695,-82.40346,Erimyzon sucetta,45,1.1
2023-LCS-NWA-,2023-LCS-NWA-080823-004A,8-Aug-23,8,9-Aug-23,St. Clair NWA - East Cell SCU,42.36695,-82.40346,Erimyzon sucetta,40,0.7
2023-LCS-NWA-,2023-LCS-NWA-080823-004A,8-Aug-23,8,9-Aug-23,St. Clair NWA - East Cell SCU,42.36695,-82.40346,Erimyzon sucetta,39,0.6
2023-LCS-NWA-,2023-LCS-NWA-080823-004A,8-Aug-23,8,9-Aug-23,St. Clair NWA - East Cell SCU,42.36695,-82.40346,Erimyzon sucetta,49,1.4
2023-LCS-NWA-,2023-LCS-NWA-080823-004A,8-Aug-23,8,9-Aug-23,St. Clair NWA - East Cell SCU,42.36695,-82.40346,Erimyzon sucetta,46,0.9
2023-LCS-NWA-,2023-LCS-NWA-080823-004A,8-Aug-23,8,9-Aug-23,St. Clair NWA - East Cell SCU,42.36695,-82.40346,Erimyzon sucetta,48,1.1
2023-LCS-NWA-,2023-LCS-NWA-080823-004A,8-Aug-23,8,9-Aug-23,St. Clair NWA - East Cell SCU,42.36695,-82.40346,Ameiurus melas,306,351
2023-LCS-NWA-,2023-LCS-NWA-080823-004A,8-Aug-23,8,9-Aug-23,St. Clair NWA - East Cell SCU,42.36695,-82.40346,Amia ocellicauda,454,869.5
2023-LCS-NWA-,2023-LCS-NWA-080823-005A,8-Aug-23,8,9-Aug-23,St. Clair NWA - East Cell SCU,42.3652,-82.4044,Amia ocellicauda,385,492.5
2023-LCS-NWA-,2023-LCS-NWA-080823-005A,8-Aug-23,8,9-Aug-23,St. Clair NWA - East Cell SCU,42.3652,-82.4044,Micropterus nigricans,237,198.5
2023-LCS-NWA-,2023-LCS-NWA-080823-005A,8-Aug-23,8,9-Aug-23,St. Clair NWA - East Cell SCU,42.3652,-82.4044,Micropterus nigricans,160,57.8
2023-LCS-NWA-,2023-LCS-NWA-080823-005A,8-Aug-23,8,9-Aug-23,St. Clair NWA - East Cell SCU,42.3652,-82.4044,Micropterus nigricans,142,36.7
2023-LCS-NWA-,2023-LCS-NWA-080823-005A,8-Aug-23,8,9-Aug-23,St. Clair NWA - East Cell SCU,42.3652,-82.4044,Micropterus nigricans,140,36
2023-LCS-NWA-,2023-LCS-NWA-080823-005A,8-Aug-23,8,9-Aug-23,St. Clair NWA - East Cell SCU,42.3652,-82.4044,Pomoxis nigromaculatus,203,151.2
2023-LCS-NWA-,2023-LCS-NWA-080823-005A,8-Aug-23,8,9-Aug-23,St. Clair NWA - East Cell SCU,42.3652,-82.4044,Lepomis gibbosus,120,31.4
2023-LCS-NWA-,2023-LCS-NWA-080823-005A,8-Aug-23,8,9-Aug-23,St. Clair NWA - East Cell SCU,42.3652,-82.4044,Lepomis gibbosus,159,80.1
2023-LCS-NWA-,2023-LCS-NWA-080823-005A,8-Aug-23,8,9-Aug-23,St. Clair NWA - East Cell SCU,42.3652,-82.4044,Lepomis gibbosus,131,46.6
2023-LCS-NWA-,2023-LCS-NWA-080823-005A,8-Aug-23,8,9-Aug-23,St. Clair NWA - East Cell SCU,42.3652,-82.4044,Lepomis gibbosus,140,59.3
2023-LCS-NWA-,2023-LCS-NWA-080823-005A,8-Aug-23,8,9-Aug-23,St. Clair NWA - East Cell SCU,42.3652,-82.4044,Lepomis gibbosus,133,49
2023-LCS-NWA-,2023-LCS-NWA-080823-005A,8-Aug-23,8,9-Aug-23,St. Clair NWA - East Cell SCU,42.3652,-82.4044,Lepomis gibbosus,118,31.8
2023-LCS-NWA-,2023-LCS-NWA-080823-005A,8-Aug-23,8,9-Aug-23,St. Clair NWA - East Cell SCU,42.3652,-82.4044,Lepomis gibbosus,126,38.7
2023-LCS-NWA-,2023-LCS-NWA-080823-005A,8-Aug-23,8,9-Aug-23,St. Clair NWA - East Cell SCU,42.3652,-82.4044,Erimyzon sucetta,209,133.8
2023-LCS-NWA-,2023-LCS-NWA-090823-001A,9-Aug-23,8,10-Aug-23,St. Clair NWA - East Cell SCU,42.37432,-82.39981,Pomoxis nigromaculatus,223,180
2023-LCS-NWA-,2023-LCS-NWA-090823-001A,9-Aug-23,8,10-Aug-23,St. Clair NWA - East Cell SCU,42.37432,-82.39981,Pomoxis nigromaculatus,217,161.1
2023-LCS-NWA-,2023-LCS-NWA-090823-001A,9-Aug-23,8,10-Aug-23,St. Clair NWA - East Cell SCU,42.37432,-82.39981,Pomoxis nigromaculatus,233,178.2
2023-LCS-NWA-,2023-LCS-NWA-090823-001A,9-Aug-23,8,10-Aug-23,St. Clair NWA - East Cell SCU,42.37432,-82.39981,Pomoxis nigromaculatus,140,43.8
2023-LCS-NWA-,2023-LCS-NWA-090823-001A,9-Aug-23,8,10-Aug-23,St. Clair NWA - East Cell SCU,42.37432,-82.39981,Pomoxis nigromaculatus,113,19.7
2023-LCS-NWA-,2023-LCS-NWA-090823-001A,9-Aug-23,8,10-Aug-23,St. Clair NWA - East Cell SCU,42.37432,-82.39981,Pomoxis nigromaculatus,38,0.9
2023-LCS-NWA-,2023-LCS-NWA-090823-001A,9-Aug-23,8,10-Aug-23,St. Clair NWA - East Cell SCU,42.37432,-82.39981,Lepomis macrochirus,37,0.7
2023-LCS-NWA-,2023-LCS-NWA-090823-001A,9-Aug-23,8,10-Aug-23,St. Clair NWA - East Cell SCU,42.37432,-82.39981,Lepomis macrochirus,33,0.5
2023-LCS-NWA-,2023-LCS-NWA-090823-001A,9-Aug-23,8,10-Aug-23,St. Clair NWA - East Cell SCU,42.37432,-82.39981,Lepomis macrochirus,156,81.7
2023-LCS-NWA-,2023-LCS-NWA-090823-001A,9-Aug-23,8,10-Aug-23,St. Clair NWA - East Cell SCU,42.37432,-82.39981,Lepomis macrochirus,171,118.9
2023-LCS-NWA-,2023-LCS-NWA-090823-001A,9-Aug-23,8,10-Aug-23,St. Clair NWA - East Cell SCU,42.37432,-82.39981,Lepomis macrochirus,177,114.9
2023-LCS-NWA-,2023-LCS-NWA-090823-001A,9-Aug-23,8,10-Aug-23,St. Clair NWA - East Cell SCU,42.37432,-82.39981,Lepomis macrochirus,39,0.9
2023-LCS-NWA-,2023-LCS-NWA-090823-001A,9-Aug-23,8,10-Aug-23,St. Clair NWA - East Cell SCU,42.37432,-82.39981,Lepomis macrochirus,34,0.5
2023-LCS-NWA-,2023-LCS-NWA-090823-001A,9-Aug-23,8,10-Aug-23,St. Clair NWA - East Cell SCU,42.37432,-82.39981,Lepomis macrochirus,34,0.5
2023-LCS-NWA-,2023-LCS-NWA-090823-001A,9-Aug-23,8,10-Aug-23,St. Clair NWA - East Cell SCU,42.37432,-82.39981,Notemigonus crysoleucas,94,6.9
2023-LCS-NWA-,2023-LCS-NWA-090823-001A,9-Aug-23,8,10-Aug-23,St. Clair NWA - East Cell SCU,42.37432,-82.39981,Lepomis sp,28,0.2
2023-LCS-NWA-,2023-LCS-NWA-090823-001A,9-Aug-23,8,10-Aug-23,St. Clair NWA - East Cell SCU,42.37432,-82.39981,Lepomis sp,20,0
2023-LCS-NWA-,2023-LCS-NWA-090823-001A,9-Aug-23,8,10-Aug-23,St. Clair NWA - East Cell SCU,42.37432,-82.39981,Lepomis sp,29,0.4
2023-LCS-NWA-,2023-LCS-NWA-090823-001A,9-Aug-23,8,10-Aug-23,St. Clair NWA - East Cell SCU,42.37432,-82.39981,Lepomis sp,29,0.3
2023-LCS-NWA-,2023-LCS-NWA-090823-001A,9-Aug-23,8,10-Aug-23,St. Clair NWA - East Cell SCU,42.37432,-82.39981,Lepomis sp,21,0
2023-LCS-NWA-,2023-LCS-NWA-090823-001A,9-Aug-23,8,10-Aug-23,St. Clair NWA - East Cell SCU,42.37432,-82.39981,Lepomis sp,30,0.5
2023-LCS-NWA-,2023-LCS-NWA-090823-001A,9-Aug-23,8,10-Aug-23,St. Clair NWA - East Cell SCU,42.37432,-82.39981,Lepomis sp,28,0.3
2023-LCS-NWA-,2023-LCS-NWA-090823-001A,9-Aug-23,8,10-Aug-23,St. Clair NWA - East Cell SCU,42.37432,-82.39981,Lepomis sp,22,0
2023-LCS-NWA-,2023-LCS-NWA-090823-001A,9-Aug-23,8,10-Aug-23,St. Clair NWA - East Cell SCU,42.37432,-82.39981,Lepomis gibbosus,44,1.3
2023-LCS-NWA-,2023-LCS-NWA-090823-001A,9-Aug-23,8,10-Aug-23,St. Clair NWA - East Cell SCU,42.37432,-82.39981,Lepomis gibbosus,127,41.1
2023-LCS-NWA-,2023-LCS-NWA-090823-001A,9-Aug-23,8,10-Aug-23,St. Clair NWA - East Cell SCU,42.37432,-82.39981,Lepomis gibbosus,76,8.2
2023-LCS-NWA-,2023-LCS-NWA-090823-001A,9-Aug-23,8,10-Aug-23,St. Clair NWA - East Cell SCU,42.37432,-82.39981,Lepomis gibbosus,75,7.8
2023-LCS-NWA-,2023-LCS-NWA-090823-001A,9-Aug-23,8,10-Aug-23,St. Clair NWA - East Cell SCU,42.37432,-82.39981,Lepomis gibbosus,78,8.8
2023-LCS-NWA-,2023-LCS-NWA-090823-002A,9-Aug-23,8,10-Aug-23,St. Clair NWA - East Cell SCU,42.37138,-82.40026,Lepomis gibbosus,162,97.2
2023-LCS-NWA-,2023-LCS-NWA-090823-002A,9-Aug-23,8,10-Aug-23,St. Clair NWA - East Cell SCU,42.37138,-82.40026,Lepomis gibbosus,69,5.5
2023-LCS-NWA-,2023-LCS-NWA-090823-002A,9-Aug-23,8,10-Aug-23,St. Clair NWA - East Cell SCU,42.37138,-82.40026,Lepomis gibbosus,78,9.1
2023-LCS-NWA-,2023-LCS-NWA-090823-002A,9-Aug-23,8,10-Aug-23,St. Clair NWA - East Cell SCU,42.37138,-82.40026,Lepomis gibbosus,136,46.8
2023-LCS-NWA-,2023-LCS-NWA-090823-002A,9-Aug-23,8,10-Aug-23,St. Clair NWA - East Cell SCU,42.37138,-82.40026,Lepomis gibbosus,121,38.2
2023-LCS-NWA-,2023-LCS-NWA-090823-002A,9-Aug-23,8,10-Aug-23,St. Clair NWA - East Cell SCU,42.37138,-82.40026,Lepomis gibbosus,72,7.2
2023-LCS-NWA-,2023-LCS-NWA-090823-002A,9-Aug-23,8,10-Aug-23,St. Clair NWA - East Cell SCU,42.37138,-82.40026,Lepomis gibbosus,164,106.1
2023-LCS-NWA-,2023-LCS-NWA-090823-002A,9-Aug-23,8,10-Aug-23,St. Clair NWA - East Cell SCU,42.37138,-82.40026,Lepomis gibbosus,83,11
2023-LCS-NWA-,2023-LCS-NWA-090823-002A,9-Aug-23,8,10-Aug-23,St. Clair NWA - East Cell SCU,42.37138,-82.40026,Lepomis gibbosus,69,5.7
2023-LCS-NWA-,2023-LCS-NWA-090823-002A,9-Aug-23,8,10-Aug-23,St. Clair NWA - East Cell SCU,42.37138,-82.40026,Lepomis gibbosus,169,106.3
2023-LCS-NWA-,2023-LCS-NWA-090823-002A,9-Aug-23,8,10-Aug-23,St. Clair NWA - East Cell SCU,42.37138,-82.40026,Lepomis macrochirus,41,1
2023-LCS-NWA-,2023-LCS-NWA-090823-002A,9-Aug-23,8,10-Aug-23,St. Clair NWA - East Cell SCU,42.37138,-82.40026,Lepomis macrochirus,33,0.6
2023-LCS-NWA-,2023-LCS-NWA-090823-002A,9-Aug-23,8,10-Aug-23,St. Clair NWA - East Cell SCU,42.37138,-82.40026,Lepomis macrochirus,41,1.1
2023-LCS-NWA-,2023-LCS-NWA-090823-002A,9-Aug-23,8,10-Aug-23,St. Clair NWA - East Cell SCU,42.37138,-82.40026,Lepomis macrochirus,34,0.6
2023-LCS-NWA-,2023-LCS-NWA-090823-002A,9-Aug-23,8,10-Aug-23,St. Clair NWA - East Cell SCU,42.37138,-82.40026,Lepomis macrochirus,36,0.7
2023-LCS-NWA-,2023-LCS-NWA-090823-002A,9-Aug-23,8,10-Aug-23,St. Clair NWA - East Cell SCU,42.37138,-82.40026,Lepomis macrochirus,43,1.3
2023-LCS-NWA-,2023-LCS-NWA-090823-002A,9-Aug-23,8,10-Aug-23,St. Clair NWA - East Cell SCU,42.37138,-82.40026,Lepomis macrochirus,37,0.8
2023-LCS-NWA-,2023-LCS-NWA-090823-002A,9-Aug-23,8,10-Aug-23,St. Clair NWA - East Cell SCU,42.37138,-82.40026,Lepomis macrochirus,42,1.3
2023-LCS-NWA-,2023-LCS-NWA-090823-002A,9-Aug-23,8,10-Aug-23,St. Clair NWA - East Cell SCU,42.37138,-82.40026,Lepomis macrochirus,36,0.9
2023-LCS-NWA-,2023-LCS-NWA-090823-002A,9-Aug-23,8,10-Aug-23,St. Clair NWA - East Cell SCU,42.37138,-82.40026,Lepomis macrochirus,38,0.8
2023-LCS-NWA-,2023-LCS-NWA-090823-002A,9-Aug-23,8,10-Aug-23,St. Clair NWA - East Cell SCU,42.37138,-82.40026,Lepomis macrochirus,33,0.7
2023-LCS-NWA-,2023-LCS-NWA-090823-002A,9-Aug-23,8,10-Aug-23,St. Clair NWA - East Cell SCU,42.37138,-82.40026,Micropterus nigricans,185,83.4
2023-LCS-NWA-,2023-LCS-NWA-090823-002A,9-Aug-23,8,10-Aug-23,St. Clair NWA - East Cell SCU,42.37138,-82.40026,Micropterus nigricans,66,3.4
2023-LCS-NWA-,2023-LCS-NWA-090823-002A,9-Aug-23,8,10-Aug-23,St. Clair NWA - East Cell SCU,42.37138,-82.40026,Micropterus nigricans,70,4.3
2023-LCS-NWA-,2023-LCS-NWA-090823-002A,9-Aug-23,8,10-Aug-23,St. Clair NWA - East Cell SCU,42.37138,-82.40026,Micropterus nigricans,294,330.5
2023-LCS-NWA-,2023-LCS-NWA-090823-002A,9-Aug-23,8,10-Aug-23,St. Clair NWA - East Cell SCU,42.37138,-82.40026,Notemigonus crysoleucas,50,0.9
2023-LCS-NWA-,2023-LCS-NWA-090823-002A,9-Aug-23,8,10-Aug-23,St. Clair NWA - East Cell SCU,42.37138,-82.40026,Umbra limi,29,0.3
2023-LCS-NWA-,2023-LCS-NWA-090823-002A,9-Aug-23,8,10-Aug-23,St. Clair NWA - East Cell SCU,42.37138,-82.40026,Umbra limi,38,0.4
2023-LCS-NWA-,2023-LCS-NWA-090823-002A,9-Aug-23,8,10-Aug-23,St. Clair NWA - East Cell SCU,42.37138,-82.40026,Pomoxis nigromaculatus,57,2.4
2023-LCS-NWA-,2023-LCS-NWA-090823-002A,9-Aug-23,8,10-Aug-23,St. Clair NWA - East Cell SCU,42.37138,-82.40026,Lepomis sp,35,0.7
2023-LCS-NWA-,2023-LCS-NWA-090823-003A,9-Aug-23,8,10-Aug-23,St. Clair NWA - East Cell SCU,42.36848,-82.40214,Lepomis gibbosus,66,4.7
2023-LCS-NWA-,2023-LCS-NWA-090823-003A,9-Aug-23,8,10-Aug-23,St. Clair NWA - East Cell SCU,42.36848,-82.40214,Lepomis gibbosus,68,5.2
2023-LCS-NWA-,2023-LCS-NWA-090823-003A,9-Aug-23,8,10-Aug-23,St. Clair NWA - East Cell SCU,42.36848,-82.40214,Lepomis gibbosus,69,5.6
2023-LCS-NWA-,2023-LCS-NWA-090823-003A,9-Aug-23,8,10-Aug-23,St. Clair NWA - East Cell SCU,42.36848,-82.40214,Lepomis gibbosus,81,9.9
2023-LCS-NWA-,2023-LCS-NWA-090823-003A,9-Aug-23,8,10-Aug-23,St. Clair NWA - East Cell SCU,42.36848,-82.40214,Pomoxis nigromaculatus,66,3.5
2023-LCS-NWA-,2023-LCS-NWA-090823-003A,9-Aug-23,8,10-Aug-23,St. Clair NWA - East Cell SCU,42.36848,-82.40214,Pomoxis nigromaculatus,58,2.1
2023-LCS-NWA-,2023-LCS-NWA-090823-003A,9-Aug-23,8,10-Aug-23,St. Clair NWA - East Cell SCU,42.36848,-82.40214,Pomoxis nigromaculatus,64,3.5
2023-LCS-NWA-,2023-LCS-NWA-090823-003A,9-Aug-23,8,10-Aug-23,St. Clair NWA - East Cell SCU,42.36848,-82.40214,Pomoxis nigromaculatus,174,85.7
2023-LCS-NWA-,2023-LCS-NWA-090823-003A,9-Aug-23,8,10-Aug-23,St. Clair NWA - East Cell SCU,42.36848,-82.40214,Pomoxis nigromaculatus,123,25.7
2023-LCS-NWA-,2023-LCS-NWA-090823-003A,9-Aug-23,8,10-Aug-23,St. Clair NWA - East Cell SCU,42.36848,-82.40214,Lepomis macrochirus,37,0.8
2023-LCS-NWA-,2023-LCS-NWA-090823-003A,9-Aug-23,8,10-Aug-23,St. Clair NWA - East Cell SCU,42.36848,-82.40214,Lepomis sp,34,0.5
2023-LCS-NWA-,2023-LCS-NWA-090823-003A,9-Aug-23,8,10-Aug-23,St. Clair NWA - East Cell SCU,42.36848,-82.40214,Lepomis sp,30,0.3
2023-LCS-NWA-,2023-LCS-NWA-090823-003A,9-Aug-23,8,10-Aug-23,St. Clair NWA - East Cell SCU,42.36848,-82.40214,Micropterus nigricans,50,1.4
2023-LCS-NWA-,2023-LCS-NWA-090823-003A,9-Aug-23,8,10-Aug-23,St. Clair NWA - East Cell SCU,42.36848,-82.40214,Amia ocellicauda,464,856.5
2023-LCS-NWA-,2023-LCS-NWA-090823-004A,9-Aug-23,8,10-Aug-23,St. Clair NWA - East Cell SCU,42.36789,-82.40285,Lepomis gibbosus,84,10.8
2023-LCS-NWA-,2023-LCS-NWA-090823-004A,9-Aug-23,8,10-Aug-23,St. Clair NWA - East Cell SCU,42.36789,-82.40285,Pomoxis nigromaculatus,225,197.6
2023-LCS-NWA-,2023-LCS-NWA-090823-004A,9-Aug-23,8,10-Aug-23,St. Clair NWA - East Cell SCU,42.36789,-82.40285,Pomoxis nigromaculatus,114,19.5
2023-LCS-NWA-,2023-LCS-NWA-090823-004A,9-Aug-23,8,10-Aug-23,St. Clair NWA - East Cell SCU,42.36789,-82.40285,Umbra limi,47,1.3
2023-LCS-NWA-,2023-LCS-NWA-090823-004A,9-Aug-23,8,10-Aug-23,St. Clair NWA - East Cell SCU,42.36789,-82.40285,Umbra limi,-1,-1
2023-LCS-NWA-,2023-LCS-NWA-090823-004A,9-Aug-23,8,10-Aug-23,St. Clair NWA - East Cell SCU,42.36789,-82.40285,Ameiurus melas,294,426
2023-LCS-NWA-,2023-LCS-NWA-090823-005A,9-Aug-23,8,10-Aug-23,St. Clair NWA - East Cell SCU,42.36626,-82.4038,Lepomis gibbosus,102,19.3
2023-LCS-NWA-,2023-LCS-NWA-090823-005A,9-Aug-23,8,10-Aug-23,St. Clair NWA - East Cell SCU,42.36626,-82.4038,Lepomis gibbosus,127,39.8
2023-LCS-NWA-,2023-LCS-NWA-090823-005A,9-Aug-23,8,10-Aug-23,St. Clair NWA - East Cell SCU,42.36626,-82.4038,Lepomis gibbosus,114,29.4
2023-LCS-NWA-,2023-LCS-NWA-090823-005A,9-Aug-23,8,10-Aug-23,St. Clair NWA - East Cell SCU,42.36626,-82.4038,Lepomis gibbosus,128,40.7
2023-LCS-NWA-,2023-LCS-NWA-090823-005A,9-Aug-23,8,10-Aug-23,St. Clair NWA - East Cell SCU,42.36626,-82.4038,Lepomis gibbosus,84,11
2023-LCS-NWA-,2023-LCS-NWA-090823-005A,9-Aug-23,8,10-Aug-23,St. Clair NWA - East Cell SCU,42.36626,-82.4038,Lepomis gibbosus,115,30.5
2023-LCS-NWA-,2023-LCS-NWA-090823-005A,9-Aug-23,8,10-Aug-23,St. Clair NWA - East Cell SCU,42.36626,-82.4038,Lepomis gibbosus,117,32.2
2023-LCS-NWA-,2023-LCS-NWA-090823-005A,9-Aug-23,8,10-Aug-23,St. Clair NWA - East Cell SCU,42.36626,-82.4038,Lepomis gibbosus,117,30.6
2023-LCS-NWA-,2023-LCS-NWA-090823-005A,9-Aug-23,8,10-Aug-23,St. Clair NWA - East Cell SCU,42.36626,-82.4038,Lepomis gibbosus,134,50.7
2023-LCS-NWA-,2023-LCS-NWA-090823-005A,9-Aug-23,8,10-Aug-23,St. Clair NWA - East Cell SCU,42.36626,-82.4038,Lepomis gibbosus,87,11.4
2023-LCS-NWA-,2023-LCS-NWA-090823-005A,9-Aug-23,8,10-Aug-23,St. Clair NWA - East Cell SCU,42.36626,-82.4038,Lepomis gibbosus,120,32.4
2023-LCS-NWA-,2023-LCS-NWA-090823-005A,9-Aug-23,8,10-Aug-23,St. Clair NWA - East Cell SCU,42.36626,-82.4038,Lepomis gibbosus,107,23.6
2023-LCS-NWA-,2023-LCS-NWA-090823-005A,9-Aug-23,8,10-Aug-23,St. Clair NWA - East Cell SCU,42.36626,-82.4038,Lepomis gibbosus,124,36.4
2023-LCS-NWA-,2023-LCS-NWA-090823-005A,9-Aug-23,8,10-Aug-23,St. Clair NWA - East Cell SCU,42.36626,-82.4038,Lepomis gibbosus,115,27.4
2023-LCS-NWA-,2023-LCS-NWA-090823-005A,9-Aug-23,8,10-Aug-23,St. Clair NWA - East Cell SCU,42.36626,-82.4038,Lepomis gibbosus,133,49.2
2023-LCS-NWA-,2023-LCS-NWA-090823-005A,9-Aug-23,8,10-Aug-23,St. Clair NWA - East Cell SCU,42.36626,-82.4038,Lepomis gibbosus,116,30.8
2023-LCS-NWA-,2023-LCS-NWA-090823-005A,9-Aug-23,8,10-Aug-23,St. Clair NWA - East Cell SCU,42.36626,-82.4038,Lepomis gibbosus,129,41.9
2023-LCS-NWA-,2023-LCS-NWA-090823-005A,9-Aug-23,8,10-Aug-23,St. Clair NWA - East Cell SCU,42.36626,-82.4038,Lepomis macrochirus,99,17.7
2023-LCS-NWA-,2023-LCS-NWA-090823-005A,9-Aug-23,8,10-Aug-23,St. Clair NWA - East Cell SCU,42.36626,-82.4038,Lepomis macrochirus,-1,-1
2023-LCS-NWA-,2023-LCS-NWA-090823-005A,9-Aug-23,8,10-Aug-23,St. Clair NWA - East Cell SCU,42.36626,-82.4038,Micropterus nigricans,193,94.6
2023-LCS-NWA-,2023-LCS-NWA-090823-005A,9-Aug-23,8,10-Aug-23,St. Clair NWA - East Cell SCU,42.36626,-82.4038,Micropterus nigricans,162,48.6
2023-LCS-NWA-,2023-LCS-NWA-090823-005A,9-Aug-23,8,10-Aug-23,St. Clair NWA - East Cell SCU,42.36626,-82.4038,Micropterus nigricans,67,3.8
2023-LCS-NWA-,2023-LCS-NWA-090823-005A,9-Aug-23,8,10-Aug-23,St. Clair NWA - East Cell SCU,42.36626,-82.4038,Micropterus nigricans,61,2.8
2023-LCS-NWA-,2023-LCS-NWA-090823-005A,9-Aug-23,8,10-Aug-23,St. Clair NWA - East Cell SCU,42.36626,-82.4038,Umbra limi,38,0.6
2023-LCS-NWA-,2023-LCS-NWA-090823-005A,9-Aug-23,8,10-Aug-23,St. Clair NWA - East Cell SCU,42.36626,-82.4038,Amia ocellicauda,410,574.5
2023-LCS-NWA-,2023-LCS-NWA-090823-005A,9-Aug-23,8,10-Aug-23,St. Clair NWA - East Cell SCU,42.36626,-82.4038,Amia ocellicauda,407,544
2023-LCS-NWA-,2023-LCS-NWA-090823-006A,9-Aug-23,8,10-Aug-23,St. Clair NWA - East Cell SCU,42.3645,-82.40466,Amia ocellicauda,576,1544
2023-LCS-NWA-,2023-LCS-NWA-090823-006A,9-Aug-23,8,10-Aug-23,St. Clair NWA - East Cell SCU,42.3645,-82.40466,Amia ocellicauda,388,479
2023-LCS-NWA-,2023-LCS-NWA-090823-006A,9-Aug-23,8,10-Aug-23,St. Clair NWA - East Cell SCU,42.3645,-82.40466,Amia ocellicauda,423,697
2023-LCS-NWA-,2023-LCS-NWA-090823-006A,9-Aug-23,8,10-Aug-23,St. Clair NWA - East Cell SCU,42.3645,-82.40466,Lepomis macrochirus,179,116.7
2023-LCS-NWA-,2023-LCS-NWA-090823-006A,9-Aug-23,8,10-Aug-23,St. Clair NWA - East Cell SCU,42.3645,-82.40466,Lepomis gibbosus,113,29.8
2023-LCS-NWA-,2023-LCS-NWA-090823-006A,9-Aug-23,8,10-Aug-23,St. Clair NWA - East Cell SCU,42.3645,-82.40466,Lepomis gibbosus,139,50.2
2023-LCS-NWA-,2023-LCS-NWA-090823-006A,9-Aug-23,8,10-Aug-23,St. Clair NWA - East Cell SCU,42.3645,-82.40466,Lepomis gibbosus,121,35.4
2023-LCS-NWA-,2023-LCS-NWA-090823-006A,9-Aug-23,8,10-Aug-23,St. Clair NWA - East Cell SCU,42.3645,-82.40466,Lepomis gibbosus,141,52
2023-LCS-NWA-,2023-LCS-NWA-090823-006A,9-Aug-23,8,10-Aug-23,St. Clair NWA - East Cell SCU,42.3645,-82.40466,Lepomis gibbosus,120,34.8
2023-LCS-NWA-,2023-LCS-NWA-090823-006A,9-Aug-23,8,10-Aug-23,St. Clair NWA - East Cell SCU,42.3645,-82.40466,Lepomis gibbosus,118,31
2023-LCS-NWA-,2023-LCS-NWA-100823-001A,10-Aug-23,8,11-Aug-23,St. Clair NWA - East Cell SCU,42.3778,-82.40118,Lepomis gibbosus,65,5
2023-LCS-NWA-,2023-LCS-NWA-100823-001A,10-Aug-23,8,11-Aug-23,St. Clair NWA - East Cell SCU,42.3778,-82.40118,Lepomis sp,35,0.6
2023-LCS-NWA-,2023-LCS-NWA-100823-001A,10-Aug-23,8,11-Aug-23,St. Clair NWA - East Cell SCU,42.3778,-82.40118,Lepomis sp,29,0.3
2023-LCS-NWA-,2023-LCS-NWA-100823-001A,10-Aug-23,8,11-Aug-23,St. Clair NWA - East Cell SCU,42.3778,-82.40118,Lepomis sp,34,0.6
2023-LCS-NWA-,2023-LCS-NWA-100823-001A,10-Aug-23,8,11-Aug-23,St. Clair NWA - East Cell SCU,42.3778,-82.40118,Lepomis sp,35,0.5
2023-LCS-NWA-,2023-LCS-NWA-100823-001A,10-Aug-23,8,11-Aug-23,St. Clair NWA - East Cell SCU,42.3778,-82.40118,Pomoxis nigromaculatus,66,3.4
2023-LCS-NWA-,2023-LCS-NWA-100823-001A,10-Aug-23,8,11-Aug-23,St. Clair NWA - East Cell SCU,42.3778,-82.40118,Pomoxis nigromaculatus,64,3
2023-LCS-NWA-,2023-LCS-NWA-100823-001A,10-Aug-23,8,11-Aug-23,St. Clair NWA - East Cell SCU,42.3778,-82.40118,Pomoxis nigromaculatus,211,158.3
2023-LCS-NWA-,2023-LCS-NWA-100823-001A,10-Aug-23,8,11-Aug-23,St. Clair NWA - East Cell SCU,42.3778,-82.40118,Pomoxis nigromaculatus,203,141.8
2023-LCS-NWA-,2023-LCS-NWA-100823-001A,10-Aug-23,8,11-Aug-23,St. Clair NWA - East Cell SCU,42.3778,-82.40118,Pomoxis nigromaculatus,232,202.8
2023-LCS-NWA-,2023-LCS-NWA-100823-001A,10-Aug-23,8,11-Aug-23,St. Clair NWA - East Cell SCU,42.3778,-82.40118,Lepomis macrochirus,38,0.8
2023-LCS-NWA-,2023-LCS-NWA-100823-001A,10-Aug-23,8,11-Aug-23,St. Clair NWA - East Cell SCU,42.3778,-82.40118,Ameiurus melas,304,417
2023-LCS-NWA-,2023-LCS-NWA-100823-002A,10-Aug-23,8,11-Aug-23,St. Clair NWA - East Cell SCU,42.37521,-82.39992,Lepomis macrochirus,53,2.3
2023-LCS-NWA-,2023-LCS-NWA-100823-002A,10-Aug-23,8,11-Aug-23,St. Clair NWA - East Cell SCU,42.37521,-82.39992,Lepomis macrochirus,45,1.5
2023-LCS-NWA-,2023-LCS-NWA-100823-002A,10-Aug-23,8,11-Aug-23,St. Clair NWA - East Cell SCU,42.37521,-82.39992,Lepomis macrochirus,30,0.4
2023-LCS-NWA-,2023-LCS-NWA-100823-002A,10-Aug-23,8,11-Aug-23,St. Clair NWA - East Cell SCU,42.37521,-82.39992,Lepomis macrochirus,29,0.3
2023-LCS-NWA-,2023-LCS-NWA-100823-002A,10-Aug-23,8,11-Aug-23,St. Clair NWA - East Cell SCU,42.37521,-82.39992,Lepomis macrochirus,45,1.5
2023-LCS-NWA-,2023-LCS-NWA-100823-002A,10-Aug-23,8,11-Aug-23,St. Clair NWA - East Cell SCU,42.37521,-82.39992,Lepomis macrochirus,41,0.9
2023-LCS-NWA-,2023-LCS-NWA-100823-002A,10-Aug-23,8,11-Aug-23,St. Clair NWA - East Cell SCU,42.37521,-82.39992,Lepomis macrochirus,34,0.4
2023-LCS-NWA-,2023-LCS-NWA-100823-002A,10-Aug-23,8,11-Aug-23,St. Clair NWA - East Cell SCU,42.37521,-82.39992,Lepomis macrochirus,38,0.8
2023-LCS-NWA-,2023-LCS-NWA-100823-002A,10-Aug-23,8,11-Aug-23,St. Clair NWA - East Cell SCU,42.37521,-82.39992,Lepomis macrochirus,28,0.3
2023-LCS-NWA-,2023-LCS-NWA-100823-002A,10-Aug-23,8,11-Aug-23,St. Clair NWA - East Cell SCU,42.37521,-82.39992,Lepomis macrochirus,34,0.2
2023-LCS-NWA-,2023-LCS-NWA-100823-002A,10-Aug-23,8,11-Aug-23,St. Clair NWA - East Cell SCU,42.37521,-82.39992,Lepomis macrochirus,129,43.1
2023-LCS-NWA-,2023-LCS-NWA-100823-002A,10-Aug-23,8,11-Aug-23,St. Clair NWA - East Cell SCU,42.37521,-82.39992,Lepomis macrochirus,42,0.9
2023-LCS-NWA-,2023-LCS-NWA-100823-002A,10-Aug-23,8,11-Aug-23,St. Clair NWA - East Cell SCU,42.37521,-82.39992,Lepomis macrochirus,38,0.7
2023-LCS-NWA-,2023-LCS-NWA-100823-002A,10-Aug-23,8,11-Aug-23,St. Clair NWA - East Cell SCU,42.37521,-82.39992,Lepomis macrochirus,42,0.9
2023-LCS-NWA-,2023-LCS-NWA-100823-002A,10-Aug-23,8,11-Aug-23,St. Clair NWA - East Cell SCU,42.37521,-82.39992,Lepomis macrochirus,41,0.9
2023-LCS-NWA-,2023-LCS-NWA-100823-002A,10-Aug-23,8,11-Aug-23,St. Clair NWA - East Cell SCU,42.37521,-82.39992,Lepomis macrochirus,41,0.8
2023-LCS-NWA-,2023-LCS-NWA-100823-002A,10-Aug-23,8,11-Aug-23,St. Clair NWA - East Cell SCU,42.37521,-82.39992,Lepomis macrochirus,37,0.8
2023-LCS-NWA-,2023-LCS-NWA-100823-002A,10-Aug-23,8,11-Aug-23,St. Clair NWA - East Cell SCU,42.37521,-82.39992,Lepomis macrochirus,42,1
2023-LCS-NWA-,2023-LCS-NWA-100823-002A,10-Aug-23,8,11-Aug-23,St. Clair NWA - East Cell SCU,42.37521,-82.39992,Lepomis macrochirus,33,0.5
2023-LCS-NWA-,2023-LCS-NWA-100823-002A,10-Aug-23,8,11-Aug-23,St. Clair NWA - East Cell SCU,42.37521,-82.39992,Lepomis macrochirus,35,0.6
2023-LCS-NWA-,2023-LCS-NWA-100823-002A,10-Aug-23,8,11-Aug-23,St. Clair NWA - East Cell SCU,42.37521,-82.39992,Lepomis macrochirus,37,0.7
2023-LCS-NWA-,2023-LCS-NWA-100823-002A,10-Aug-23,8,11-Aug-23,St. Clair NWA - East Cell SCU,42.37521,-82.39992,Lepomis macrochirus,37,0.5
2023-LCS-NWA-,2023-LCS-NWA-100823-002A,10-Aug-23,8,11-Aug-23,St. Clair NWA - East Cell SCU,42.37521,-82.39992,Lepomis macrochirus,37,0.8
2023-LCS-NWA-,2023-LCS-NWA-100823-002A,10-Aug-23,8,11-Aug-23,St. Clair NWA - East Cell SCU,42.37521,-82.39992,Lepomis macrochirus,38,0.6
2023-LCS-NWA-,2023-LCS-NWA-100823-002A,10-Aug-23,8,11-Aug-23,St. Clair NWA - East Cell SCU,42.37521,-82.39992,Lepomis macrochirus,31,0.3
2023-LCS-NWA-,2023-LCS-NWA-100823-002A,10-Aug-23,8,11-Aug-23,St. Clair NWA - East Cell SCU,42.37521,-82.39992,Lepomis macrochirus,39,1
2023-LCS-NWA-,2023-LCS-NWA-100823-002A,10-Aug-23,8,11-Aug-23,St. Clair NWA - East Cell SCU,42.37521,-82.39992,Lepomis macrochirus,30,0.3
2023-LCS-NWA-,2023-LCS-NWA-100823-002A,10-Aug-23,8,11-Aug-23,St. Clair NWA - East Cell SCU,42.37521,-82.39992,Lepomis macrochirus,36,0.5
2023-LCS-NWA-,2023-LCS-NWA-100823-002A,10-Aug-23,8,11-Aug-23,St. Clair NWA - East Cell SCU,42.37521,-82.39992,Lepomis macrochirus,43,0.8
2023-LCS-NWA-,2023-LCS-NWA-100823-002A,10-Aug-23,8,11-Aug-23,St. Clair NWA - East Cell SCU,42.37521,-82.39992,Lepomis macrochirus,42,1.5
2023-LCS-NWA-,2023-LCS-NWA-100823-002A,10-Aug-23,8,11-Aug-23,St. Clair NWA - East Cell SCU,42.37521,-82.39992,Lepomis macrochirus,40,0.8
2023-LCS-NWA-,2023-LCS-NWA-100823-002A,10-Aug-23,8,11-Aug-23,St. Clair NWA - East Cell SCU,42.37521,-82.39992,Lepomis macrochirus,35,0.8
2023-LCS-NWA-,2023-LCS-NWA-100823-002A,10-Aug-23,8,11-Aug-23,St. Clair NWA - East Cell SCU,42.37521,-82.39992,Lepomis macrochirus,38,0.7
2023-LCS-NWA-,2023-LCS-NWA-100823-002A,10-Aug-23,8,11-Aug-23,St. Clair NWA - East Cell SCU,42.37521,-82.39992,Lepomis macrochirus,36,0.7
2023-LCS-NWA-,2023-LCS-NWA-100823-002A,10-Aug-23,8,11-Aug-23,St. Clair NWA - East Cell SCU,42.37521,-82.39992,Lepomis sp,31,0.3
2023-LCS-NWA-,2023-LCS-NWA-100823-002A,10-Aug-23,8,11-Aug-23,St. Clair NWA - East Cell SCU,42.37521,-82.39992,Lepomis sp,24,0
2023-LCS-NWA-,2023-LCS-NWA-100823-002A,10-Aug-23,8,11-Aug-23,St. Clair NWA - East Cell SCU,42.37521,-82.39992,Lepomis sp,29,0.3
2023-LCS-NWA-,2023-LCS-NWA-100823-002A,10-Aug-23,8,11-Aug-23,St. Clair NWA - East Cell SCU,42.37521,-82.39992,Lepomis sp,31,0.3
2023-LCS-NWA-,2023-LCS-NWA-100823-002A,10-Aug-23,8,11-Aug-23,St. Clair NWA - East Cell SCU,42.37521,-82.39992,Lepomis sp,31,0.5
2023-LCS-NWA-,2023-LCS-NWA-100823-002A,10-Aug-23,8,11-Aug-23,St. Clair NWA - East Cell SCU,42.37521,-82.39992,Lepomis sp,44,1.2
2023-LCS-NWA-,2023-LCS-NWA-100823-002A,10-Aug-23,8,11-Aug-23,St. Clair NWA - East Cell SCU,42.37521,-82.39992,Lepomis sp,30,0.2
2023-LCS-NWA-,2023-LCS-NWA-100823-002A,10-Aug-23,8,11-Aug-23,St. Clair NWA - East Cell SCU,42.37521,-82.39992,Lepomis sp,38,0.6
2023-LCS-NWA-,2023-LCS-NWA-100823-002A,10-Aug-23,8,11-Aug-23,St. Clair NWA - East Cell SCU,42.37521,-82.39992,Lepomis sp,25,0
2023-LCS-NWA-,2023-LCS-NWA-100823-002A,10-Aug-23,8,11-Aug-23,St. Clair NWA - East Cell SCU,42.37521,-82.39992,Lepomis sp,28,0.2
2023-LCS-NWA-,2023-LCS-NWA-100823-002A,10-Aug-23,8,11-Aug-23,St. Clair NWA - East Cell SCU,42.37521,-82.39992,Lepomis sp,27,0.3
2023-LCS-NWA-,2023-LCS-NWA-100823-002A,10-Aug-23,8,11-Aug-23,St. Clair NWA - East Cell SCU,42.37521,-82.39992,Lepomis sp,36,0.4
2023-LCS-NWA-,2023-LCS-NWA-100823-002A,10-Aug-23,8,11-Aug-23,St. Clair NWA - East Cell SCU,42.37521,-82.39992,Lepomis sp,33,0.4
2023-LCS-NWA-,2023-LCS-NWA-100823-002A,10-Aug-23,8,11-Aug-23,St. Clair NWA - East Cell SCU,42.37521,-82.39992,Lepomis sp,22,0
2023-LCS-NWA-,2023-LCS-NWA-100823-002A,10-Aug-23,8,11-Aug-23,St. Clair NWA - East Cell SCU,42.37521,-82.39992,Lepomis sp,38,0.8
2023-LCS-NWA-,2023-LCS-NWA-100823-002A,10-Aug-23,8,11-Aug-23,St. Clair NWA - East Cell SCU,42.37521,-82.39992,Lepomis sp,29,0.3
2023-LCS-NWA-,2023-LCS-NWA-100823-002A,10-Aug-23,8,11-Aug-23,St. Clair NWA - East Cell SCU,42.37521,-82.39992,Lepomis sp,40,0.6
2023-LCS-NWA-,2023-LCS-NWA-100823-002A,10-Aug-23,8,11-Aug-23,St. Clair NWA - East Cell SCU,42.37521,-82.39992,Lepomis sp,23,0
2023-LCS-NWA-,2023-LCS-NWA-100823-002A,10-Aug-23,8,11-Aug-23,St. Clair NWA - East Cell SCU,42.37521,-82.39992,Lepomis sp,23,0
2023-LCS-NWA-,2023-LCS-NWA-100823-002A,10-Aug-23,8,11-Aug-23,St. Clair NWA - East Cell SCU,42.37521,-82.39992,Lepomis sp,36,0.6
2023-LCS-NWA-,2023-LCS-NWA-100823-002A,10-Aug-23,8,11-Aug-23,St. Clair NWA - East Cell SCU,42.37521,-82.39992,Lepomis sp,24,0
2023-LCS-NWA-,2023-LCS-NWA-100823-002A,10-Aug-23,8,11-Aug-23,St. Clair NWA - East Cell SCU,42.37521,-82.39992,Lepomis sp,20,0
2023-LCS-NWA-,2023-LCS-NWA-100823-002A,10-Aug-23,8,11-Aug-23,St. Clair NWA - East Cell SCU,42.37521,-82.39992,Lepomis sp,23,0
2023-LCS-NWA-,2023-LCS-NWA-100823-002A,10-Aug-23,8,11-Aug-23,St. Clair NWA - East Cell SCU,42.37521,-82.39992,Lepomis sp,28,0.2
2023-LCS-NWA-,2023-LCS-NWA-100823-002A,10-Aug-23,8,11-Aug-23,St. Clair NWA - East Cell SCU,42.37521,-82.39992,Lepomis sp,34,0.4
2023-LCS-NWA-,2023-LCS-NWA-100823-002A,10-Aug-23,8,11-Aug-23,St. Clair NWA - East Cell SCU,42.37521,-82.39992,Lepomis sp,35,0.6
2023-LCS-NWA-,2023-LCS-NWA-100823-002A,10-Aug-23,8,11-Aug-23,St. Clair NWA - East Cell SCU,42.37521,-82.39992,Lepomis sp,35,0.5
2023-LCS-NWA-,2023-LCS-NWA-100823-002A,10-Aug-23,8,11-Aug-23,St. Clair NWA - East Cell SCU,42.37521,-82.39992,Lepomis sp,29,0.3
2023-LCS-NWA-,2023-LCS-NWA-100823-002A,10-Aug-23,8,11-Aug-23,St. Clair NWA - East Cell SCU,42.37521,-82.39992,Lepomis sp,36,0.7
2023-LCS-NWA-,2023-LCS-NWA-100823-002A,10-Aug-23,8,11-Aug-23,St. Clair NWA - East Cell SCU,42.37521,-82.39992,Lepomis sp,34,0.7
2023-LCS-NWA-,2023-LCS-NWA-100823-002A,10-Aug-23,8,11-Aug-23,St. Clair NWA - East Cell SCU,42.37521,-82.39992,Lepomis sp,27,0.3
2023-LCS-NWA-,2023-LCS-NWA-100823-002A,10-Aug-23,8,11-Aug-23,St. Clair NWA - East Cell SCU,42.37521,-82.39992,Lepomis sp,31,0.3
2023-LCS-NWA-,2023-LCS-NWA-100823-002A,10-Aug-23,8,11-Aug-23,St. Clair NWA - East Cell SCU,42.37521,-82.39992,Lepomis sp,24,0
2023-LCS-NWA-,2023-LCS-NWA-100823-002A,10-Aug-23,8,11-Aug-23,St. Clair NWA - East Cell SCU,42.37521,-82.39992,Lepomis sp,34,0.5
2023-LCS-NWA-,2023-LCS-NWA-100823-002A,10-Aug-23,8,11-Aug-23,St. Clair NWA - East Cell SCU,42.37521,-82.39992,Lepomis sp,39,0.7
2023-LCS-NWA-,2023-LCS-NWA-100823-002A,10-Aug-23,8,11-Aug-23,St. Clair NWA - East Cell SCU,42.37521,-82.39992,Lepomis sp,31,0.3
2023-LCS-NWA-,2023-LCS-NWA-100823-002A,10-Aug-23,8,11-Aug-23,St. Clair NWA - East Cell SCU,42.37521,-82.39992,Lepomis sp,34,0.6
2023-LCS-NWA-,2023-LCS-NWA-100823-002A,10-Aug-23,8,11-Aug-23,St. Clair NWA - East Cell SCU,42.37521,-82.39992,Lepomis sp,38,0.8
2023-LCS-NWA-,2023-LCS-NWA-100823-002A,10-Aug-23,8,11-Aug-23,St. Clair NWA - East Cell SCU,42.37521,-82.39992,Lepomis sp,20,0
2023-LCS-NWA-,2023-LCS-NWA-100823-002A,10-Aug-23,8,11-Aug-23,St. Clair NWA - East Cell SCU,42.37521,-82.39992,Lepomis sp,24,0
2023-LCS-NWA-,2023-LCS-NWA-100823-002A,10-Aug-23,8,11-Aug-23,St. Clair NWA - East Cell SCU,42.37521,-82.39992,Lepomis sp,23,0.3
2023-LCS-NWA-,2023-LCS-NWA-100823-002A,10-Aug-23,8,11-Aug-23,St. Clair NWA - East Cell SCU,42.37521,-82.39992,Lepomis sp,38,0.8
2023-LCS-NWA-,2023-LCS-NWA-100823-002A,10-Aug-23,8,11-Aug-23,St. Clair NWA - East Cell SCU,42.37521,-82.39992,Lepomis sp,34,0.5
2023-LCS-NWA-,2023-LCS-NWA-100823-002A,10-Aug-23,8,11-Aug-23,St. Clair NWA - East Cell SCU,42.37521,-82.39992,Lepomis sp,34,0.3
2023-LCS-NWA-,2023-LCS-NWA-100823-002A,10-Aug-23,8,11-Aug-23,St. Clair NWA - East Cell SCU,42.37521,-82.39992,Lepomis sp,33,0.4
2023-LCS-NWA-,2023-LCS-NWA-100823-002A,10-Aug-23,8,11-Aug-23,St. Clair NWA - East Cell SCU,42.37521,-82.39992,Lepomis sp,28,0.2
2023-LCS-NWA-,2023-LCS-NWA-100823-002A,10-Aug-23,8,11-Aug-23,St. Clair NWA - East Cell SCU,42.37521,-82.39992,Lepomis sp,21,0
2023-LCS-NWA-,2023-LCS-NWA-100823-002A,10-Aug-23,8,11-Aug-23,St. Clair NWA - East Cell SCU,42.37521,-82.39992,Lepomis sp,29,0.4
2023-LCS-NWA-,2023-LCS-NWA-100823-002A,10-Aug-23,8,11-Aug-23,St. Clair NWA - East Cell SCU,42.37521,-82.39992,Lepomis sp,39,0.6
2023-LCS-NWA-,2023-LCS-NWA-100823-002A,10-Aug-23,8,11-Aug-23,St. Clair NWA - East Cell SCU,42.37521,-82.39992,Lepomis sp,21,0
2023-LCS-NWA-,2023-LCS-NWA-100823-002A,10-Aug-23,8,11-Aug-23,St. Clair NWA - East Cell SCU,42.37521,-82.39992,Lepomis sp,31,0.4
2023-LCS-NWA-,2023-LCS-NWA-100823-002A,10-Aug-23,8,11-Aug-23,St. Clair NWA - East Cell SCU,42.37521,-82.39992,Lepomis sp,35,0.5
2023-LCS-NWA-,2023-LCS-NWA-100823-002A,10-Aug-23,8,11-Aug-23,St. Clair NWA - East Cell SCU,42.37521,-82.39992,Lepomis sp,24,0
2023-LCS-NWA-,2023-LCS-NWA-100823-002A,10-Aug-23,8,11-Aug-23,St. Clair NWA - East Cell SCU,42.37521,-82.39992,Lepomis sp,30,0.3
2023-LCS-NWA-,2023-LCS-NWA-100823-002A,10-Aug-23,8,11-Aug-23,St. Clair NWA - East Cell SCU,42.37521,-82.39992,Lepomis sp,38,0.5
2023-LCS-NWA-,2023-LCS-NWA-100823-002A,10-Aug-23,8,11-Aug-23,St. Clair NWA - East Cell SCU,42.37521,-82.39992,Lepomis sp,24,0
2023-LCS-NWA-,2023-LCS-NWA-100823-002A,10-Aug-23,8,11-Aug-23,St. Clair NWA - East Cell SCU,42.37521,-82.39992,Lepomis sp,20,0
2023-LCS-NWA-,2023-LCS-NWA-100823-002A,10-Aug-23,8,11-Aug-23,St. Clair NWA - East Cell SCU,42.37521,-82.39992,Lepomis sp,25,0
2023-LCS-NWA-,2023-LCS-NWA-100823-002A,10-Aug-23,8,11-Aug-23,St. Clair NWA - East Cell SCU,42.37521,-82.39992,Lepomis sp,32,0.5
2023-LCS-NWA-,2023-LCS-NWA-100823-002A,10-Aug-23,8,11-Aug-23,St. Clair NWA - East Cell SCU,42.37521,-82.39992,Lepomis sp,34,0.5
2023-LCS-NWA-,2023-LCS-NWA-100823-002A,10-Aug-23,8,11-Aug-23,St. Clair NWA - East Cell SCU,42.37521,-82.39992,Lepomis sp,35,0.6
2023-LCS-NWA-,2023-LCS-NWA-100823-002A,10-Aug-23,8,11-Aug-23,St. Clair NWA - East Cell SCU,42.37521,-82.39992,Lepomis sp,35,0.7
2023-LCS-NWA-,2023-LCS-NWA-100823-002A,10-Aug-23,8,11-Aug-23,St. Clair NWA - East Cell SCU,42.37521,-82.39992,Lepomis sp,22,0
2023-LCS-NWA-,2023-LCS-NWA-100823-002A,10-Aug-23,8,11-Aug-23,St. Clair NWA - East Cell SCU,42.37521,-82.39992,Lepomis sp,39,0.9
2023-LCS-NWA-,2023-LCS-NWA-100823-002A,10-Aug-23,8,11-Aug-23,St. Clair NWA - East Cell SCU,42.37521,-82.39992,Lepomis sp,25,0
2023-LCS-NWA-,2023-LCS-NWA-100823-002A,10-Aug-23,8,11-Aug-23,St. Clair NWA - East Cell SCU,42.37521,-82.39992,Lepomis sp,24,0
2023-LCS-NWA-,2023-LCS-NWA-100823-002A,10-Aug-23,8,11-Aug-23,St. Clair NWA - East Cell SCU,42.37521,-82.39992,Lepomis sp,23,0
2023-LCS-NWA-,2023-LCS-NWA-100823-002A,10-Aug-23,8,11-Aug-23,St. Clair NWA - East Cell SCU,42.37521,-82.39992,Lepomis sp,22,0
2023-LCS-NWA-,2023-LCS-NWA-100823-002A,10-Aug-23,8,11-Aug-23,St. Clair NWA - East Cell SCU,42.37521,-82.39992,Lepomis sp,28,0.3
2023-LCS-NWA-,2023-LCS-NWA-100823-002A,10-Aug-23,8,11-Aug-23,St. Clair NWA - East Cell SCU,42.37521,-82.39992,Lepomis sp,24,0
2023-LCS-NWA-,2023-LCS-NWA-100823-002A,10-Aug-23,8,11-Aug-23,St. Clair NWA - East Cell SCU,42.37521,-82.39992,Lepomis sp,24,0
2023-LCS-NWA-,2023-LCS-NWA-100823-002A,10-Aug-23,8,11-Aug-23,St. Clair NWA - East Cell SCU,42.37521,-82.39992,Lepomis sp,22,0
2023-LCS-NWA-,2023-LCS-NWA-100823-002A,10-Aug-23,8,11-Aug-23,St. Clair NWA - East Cell SCU,42.37521,-82.39992,Lepomis sp,27,0
2023-LCS-NWA-,2023-LCS-NWA-100823-002A,10-Aug-23,8,11-Aug-23,St. Clair NWA - East Cell SCU,42.37521,-82.39992,Lepomis sp,27,0
2023-LCS-NWA-,2023-LCS-NWA-100823-002A,10-Aug-23,8,11-Aug-23,St. Clair NWA - East Cell SCU,42.37521,-82.39992,Lepomis sp,25,0
2023-LCS-NWA-,2023-LCS-NWA-100823-002A,10-Aug-23,8,11-Aug-23,St. Clair NWA - East Cell SCU,42.37521,-82.39992,Lepomis sp,23,0
2023-LCS-NWA-,2023-LCS-NWA-100823-002A,10-Aug-23,8,11-Aug-23,St. Clair NWA - East Cell SCU,42.37521,-82.39992,Lepomis sp,22,0
2023-LCS-NWA-,2023-LCS-NWA-100823-002A,10-Aug-23,8,11-Aug-23,St. Clair NWA - East Cell SCU,42.37521,-82.39992,Lepomis sp,25,0
2023-LCS-NWA-,2023-LCS-NWA-100823-002A,10-Aug-23,8,11-Aug-23,St. Clair NWA - East Cell SCU,42.37521,-82.39992,Lepomis sp,35,0.6
2023-LCS-NWA-,2023-LCS-NWA-100823-002A,10-Aug-23,8,11-Aug-23,St. Clair NWA - East Cell SCU,42.37521,-82.39992,Lepomis sp,20,0
2023-LCS-NWA-,2023-LCS-NWA-100823-002A,10-Aug-23,8,11-Aug-23,St. Clair NWA - East Cell SCU,42.37521,-82.39992,Lepomis sp,35,0.5
2023-LCS-NWA-,2023-LCS-NWA-100823-002A,10-Aug-23,8,11-Aug-23,St. Clair NWA - East Cell SCU,42.37521,-82.39992,Lepomis sp,25,0
2023-LCS-NWA-,2023-LCS-NWA-100823-002A,10-Aug-23,8,11-Aug-23,St. Clair NWA - East Cell SCU,42.37521,-82.39992,Lepomis sp,31,0.3
2023-LCS-NWA-,2023-LCS-NWA-100823-002A,10-Aug-23,8,11-Aug-23,St. Clair NWA - East Cell SCU,42.37521,-82.39992,Lepomis sp,33,0.3
2023-LCS-NWA-,2023-LCS-NWA-100823-002A,10-Aug-23,8,11-Aug-23,St. Clair NWA - East Cell SCU,42.37521,-82.39992,Lepomis sp,26,0
2023-LCS-NWA-,2023-LCS-NWA-100823-002A,10-Aug-23,8,11-Aug-23,St. Clair NWA - East Cell SCU,42.37521,-82.39992,Lepomis sp,22,0
2023-LCS-NWA-,2023-LCS-NWA-100823-002A,10-Aug-23,8,11-Aug-23,St. Clair NWA - East Cell SCU,42.37521,-82.39992,Lepomis sp,23,0
2023-LCS-NWA-,2023-LCS-NWA-100823-002A,10-Aug-23,8,11-Aug-23,St. Clair NWA - East Cell SCU,42.37521,-82.39992,Lepomis sp,33,0.4
2023-LCS-NWA-,2023-LCS-NWA-100823-002A,10-Aug-23,8,11-Aug-23,St. Clair NWA - East Cell SCU,42.37521,-82.39992,Lepomis sp,25,0.2
2023-LCS-NWA-,2023-LCS-NWA-100823-002A,10-Aug-23,8,11-Aug-23,St. Clair NWA - East Cell SCU,42.37521,-82.39992,Lepomis sp,33,0.5
2023-LCS-NWA-,2023-LCS-NWA-100823-002A,10-Aug-23,8,11-Aug-23,St. Clair NWA - East Cell SCU,42.37521,-82.39992,Lepomis sp,23,0
2023-LCS-NWA-,2023-LCS-NWA-100823-002A,10-Aug-23,8,11-Aug-23,St. Clair NWA - East Cell SCU,42.37521,-82.39992,Lepomis sp,23,0
2023-LCS-NWA-,2023-LCS-NWA-100823-002A,10-Aug-23,8,11-Aug-23,St. Clair NWA - East Cell SCU,42.37521,-82.39992,Lepomis sp,22,0
2023-LCS-NWA-,2023-LCS-NWA-100823-002A,10-Aug-23,8,11-Aug-23,St. Clair NWA - East Cell SCU,42.37521,-82.39992,Lepomis sp,34,0.4
2023-LCS-NWA-,2023-LCS-NWA-100823-002A,10-Aug-23,8,11-Aug-23,St. Clair NWA - East Cell SCU,42.37521,-82.39992,Lepomis sp,24,0
2023-LCS-NWA-,2023-LCS-NWA-100823-002A,10-Aug-23,8,11-Aug-23,St. Clair NWA - East Cell SCU,42.37521,-82.39992,Lepomis sp,28,0.2
2023-LCS-NWA-,2023-LCS-NWA-100823-002A,10-Aug-23,8,11-Aug-23,St. Clair NWA - East Cell SCU,42.37521,-82.39992,Lepomis sp,22,0
2023-LCS-NWA-,2023-LCS-NWA-100823-002A,10-Aug-23,8,11-Aug-23,St. Clair NWA - East Cell SCU,42.37521,-82.39992,Lepomis sp,31,0.4
2023-LCS-NWA-,2023-LCS-NWA-100823-002A,10-Aug-23,8,11-Aug-23,St. Clair NWA - East Cell SCU,42.37521,-82.39992,Lepomis sp,24,0
2023-LCS-NWA-,2023-LCS-NWA-100823-002A,10-Aug-23,8,11-Aug-23,St. Clair NWA - East Cell SCU,42.37521,-82.39992,Lepomis sp,19,0
2023-LCS-NWA-,2023-LCS-NWA-100823-002A,10-Aug-23,8,11-Aug-23,St. Clair NWA - East Cell SCU,42.37521,-82.39992,Lepomis sp,31,0.4
2023-LCS-NWA-,2023-LCS-NWA-100823-002A,10-Aug-23,8,11-Aug-23,St. Clair NWA - East Cell SCU,42.37521,-82.39992,Lepomis sp,22,0
2023-LCS-NWA-,2023-LCS-NWA-100823-002A,10-Aug-23,8,11-Aug-23,St. Clair NWA - East Cell SCU,42.37521,-82.39992,Lepomis sp,22,0
2023-LCS-NWA-,2023-LCS-NWA-100823-002A,10-Aug-23,8,11-Aug-23,St. Clair NWA - East Cell SCU,42.37521,-82.39992,Lepomis sp,23,0
2023-LCS-NWA-,2023-LCS-NWA-100823-002A,10-Aug-23,8,11-Aug-23,St. Clair NWA - East Cell SCU,42.37521,-82.39992,Notemigonus crysoleucas,96,7.6
2023-LCS-NWA-,2023-LCS-NWA-100823-002A,10-Aug-23,8,11-Aug-23,St. Clair NWA - East Cell SCU,42.37521,-82.39992,Notemigonus crysoleucas,126,18
2023-LCS-NWA-,2023-LCS-NWA-100823-002A,10-Aug-23,8,11-Aug-23,St. Clair NWA - East Cell SCU,42.37521,-82.39992,Micropterus nigricans,62,3.2
2023-LCS-NWA-,2023-LCS-NWA-100823-002A,10-Aug-23,8,11-Aug-23,St. Clair NWA - East Cell SCU,42.37521,-82.39992,Pomoxis nigromaculatus,246,225.5
2023-LCS-NWA-,2023-LCS-NWA-100823-002A,10-Aug-23,8,11-Aug-23,St. Clair NWA - East Cell SCU,42.37521,-82.39992,Pomoxis nigromaculatus,230,181
2023-LCS-NWA-,2023-LCS-NWA-100823-002A,10-Aug-23,8,11-Aug-23,St. Clair NWA - East Cell SCU,42.37521,-82.39992,Pomoxis nigromaculatus,183,95.5
2023-LCS-NWA-,2023-LCS-NWA-100823-002A,10-Aug-23,8,11-Aug-23,St. Clair NWA - East Cell SCU,42.37521,-82.39992,Pomoxis nigromaculatus,220,180
2023-LCS-NWA-,2023-LCS-NWA-100823-002A,10-Aug-23,8,11-Aug-23,St. Clair NWA - East Cell SCU,42.37521,-82.39992,Lepomis gibbosus,47,2
2023-LCS-NWA-,2023-LCS-NWA-100823-002A,10-Aug-23,8,11-Aug-23,St. Clair NWA - East Cell SCU,42.37521,-82.39992,Lepomis gibbosus,69,6.5
2023-LCS-NWA-,2023-LCS-NWA-100823-002A,10-Aug-23,8,11-Aug-23,St. Clair NWA - East Cell SCU,42.37521,-82.39992,Lepomis gibbosus,120,39
2023-LCS-NWA-,2023-LCS-NWA-100823-002A,10-Aug-23,8,11-Aug-23,St. Clair NWA - East Cell SCU,42.37521,-82.39992,Lepomis gibbosus,183,129.5
2023-LCS-NWA-,2023-LCS-NWA-100823-003A,10-Aug-23,8,11-Aug-23,St. Clair NWA - East Cell SCU,42.37379,-82.39931,Notemigonus crysoleucas,100,8
2023-LCS-NWA-,2023-LCS-NWA-100823-003A,10-Aug-23,8,11-Aug-23,St. Clair NWA - East Cell SCU,42.37379,-82.39931,Notemigonus crysoleucas,-1,-1
2023-LCS-NWA-,2023-LCS-NWA-100823-003A,10-Aug-23,8,11-Aug-23,St. Clair NWA - East Cell SCU,42.37379,-82.39931,Lepomis sp,37,0.8
2023-LCS-NWA-,2023-LCS-NWA-100823-003A,10-Aug-23,8,11-Aug-23,St. Clair NWA - East Cell SCU,42.37379,-82.39931,Lepomis sp,34,0.7
2023-LCS-NWA-,2023-LCS-NWA-100823-003A,10-Aug-23,8,11-Aug-23,St. Clair NWA - East Cell SCU,42.37379,-82.39931,Lepomis sp,37,0.6
2023-LCS-NWA-,2023-LCS-NWA-100823-003A,10-Aug-23,8,11-Aug-23,St. Clair NWA - East Cell SCU,42.37379,-82.39931,Lepomis sp,37,0.8
2023-LCS-NWA-,2023-LCS-NWA-100823-003A,10-Aug-23,8,11-Aug-23,St. Clair NWA - East Cell SCU,42.37379,-82.39931,Lepomis sp,32,0.6
2023-LCS-NWA-,2023-LCS-NWA-100823-003A,10-Aug-23,8,11-Aug-23,St. Clair NWA - East Cell SCU,42.37379,-82.39931,Lepomis gibbosus,160,88.7
2023-LCS-NWA-,2023-LCS-NWA-100823-003A,10-Aug-23,8,11-Aug-23,St. Clair NWA - East Cell SCU,42.37379,-82.39931,Micropterus nigricans,71,
2023-LCS-NWA-,2023-LCS-NWA-100823-003A,10-Aug-23,8,11-Aug-23,St. Clair NWA - East Cell SCU,42.37379,-82.39931,Lepomis macrochirus,39,1.1
2023-LCS-NWA-,2023-LCS-NWA-100823-003A,10-Aug-23,8,11-Aug-23,St. Clair NWA - East Cell SCU,42.37379,-82.39931,Lepomis macrochirus,104,20.6
2023-LCS-NWA-,2023-LCS-NWA-100823-003A,10-Aug-23,8,11-Aug-23,St. Clair NWA - East Cell SCU,42.37379,-82.39931,Pomoxis nigromaculatus,181,89.5
2023-LCS-NWA-,2023-LCS-NWA-100823-003A,10-Aug-23,8,11-Aug-23,St. Clair NWA - East Cell SCU,42.37379,-82.39931,Pomoxis nigromaculatus,127,166.8
2023-LCS-NWA-,2023-LCS-NWA-100823-003A,10-Aug-23,8,11-Aug-23,St. Clair NWA - East Cell SCU,42.37379,-82.39931,Pomoxis nigromaculatus,242,220.8
2023-LCS-NWA-,2023-LCS-NWA-100823-003A,10-Aug-23,8,11-Aug-23,St. Clair NWA - East Cell SCU,42.37379,-82.39931,Ameiurus melas,291,390
2023-LCS-NWA-,2023-LCS-NWA-100823-003A,10-Aug-23,8,11-Aug-23,St. Clair NWA - East Cell SCU,42.37379,-82.39931,Amia ocellicauda,591,1156
2023-LCS-NWA-,2023-LCS-NWA-100823-004A,10-Aug-23,8,11-Aug-23,St. Clair NWA - East Cell SCU,42.37284,-82.39887,Pomoxis nigromaculatus,137,40
2023-LCS-NWA-,2023-LCS-NWA-100823-004A,10-Aug-23,8,11-Aug-23,St. Clair NWA - East Cell SCU,42.37284,-82.39887,Pomoxis nigromaculatus,65,2.9
2023-LCS-NWA-,2023-LCS-NWA-100823-004A,10-Aug-23,8,11-Aug-23,St. Clair NWA - East Cell SCU,42.37284,-82.39887,Micropterus nigricans,65,3.6
2023-LCS-NWA-,2023-LCS-NWA-100823-004A,10-Aug-23,8,11-Aug-23,St. Clair NWA - East Cell SCU,42.37284,-82.39887,Micropterus nigricans,64,2.9
2023-LCS-NWA-,2023-LCS-NWA-100823-004A,10-Aug-23,8,11-Aug-23,St. Clair NWA - East Cell SCU,42.37284,-82.39887,Lepomis macrochirus,184,126.2
2023-LCS-NWA-,2023-LCS-NWA-100823-004A,10-Aug-23,8,11-Aug-23,St. Clair NWA - East Cell SCU,42.37284,-82.39887,Lepomis macrochirus,35,0.5
2023-LCS-NWA-,2023-LCS-NWA-100823-004A,10-Aug-23,8,11-Aug-23,St. Clair NWA - East Cell SCU,42.37284,-82.39887,Lepomis macrochirus,36,0.7
2023-LCS-NWA-,2023-LCS-NWA-100823-004A,10-Aug-23,8,11-Aug-23,St. Clair NWA - East Cell SCU,42.37284,-82.39887,Lepomis macrochirus,35,0.6
2023-LCS-NWA-,2023-LCS-NWA-100823-004A,10-Aug-23,8,11-Aug-23,St. Clair NWA - East Cell SCU,42.37284,-82.39887,Lepomis macrochirus,35,0.7
2023-LCS-NWA-,2023-LCS-NWA-100823-004A,10-Aug-23,8,11-Aug-23,St. Clair NWA - East Cell SCU,42.37284,-82.39887,Notemigonus crysoleucas,64,1
2023-LCS-NWA-,2023-LCS-NWA-100823-004A,10-Aug-23,8,11-Aug-23,St. Clair NWA - East Cell SCU,42.37284,-82.39887,Notemigonus crysoleucas,63,1.9
2023-LCS-NWA-,2023-LCS-NWA-100823-004A,10-Aug-23,8,11-Aug-23,St. Clair NWA - East Cell SCU,42.37284,-82.39887,Notemigonus crysoleucas,54,1.2
2023-LCS-NWA-,2023-LCS-NWA-100823-004A,10-Aug-23,8,11-Aug-23,St. Clair NWA - East Cell SCU,42.37284,-82.39887,Notemigonus crysoleucas,56,1.4
2023-LCS-NWA-,2023-LCS-NWA-100823-004A,10-Aug-23,8,11-Aug-23,St. Clair NWA - East Cell SCU,42.37284,-82.39887,Notemigonus crysoleucas,60,1.5
2023-LCS-NWA-,2023-LCS-NWA-100823-004A,10-Aug-23,8,11-Aug-23,St. Clair NWA - East Cell SCU,42.37284,-82.39887,Notemigonus crysoleucas,52,0.9
2023-LCS-NWA-,2023-LCS-NWA-100823-004A,10-Aug-23,8,11-Aug-23,St. Clair NWA - East Cell SCU,42.37284,-82.39887,Notemigonus crysoleucas,55,1.1
2023-LCS-NWA-,2023-LCS-NWA-100823-004A,10-Aug-23,8,11-Aug-23,St. Clair NWA - East Cell SCU,42.37284,-82.39887,Notemigonus crysoleucas,56,1.4
2023-LCS-NWA-,2023-LCS-NWA-100823-004A,10-Aug-23,8,11-Aug-23,St. Clair NWA - East Cell SCU,42.37284,-82.39887,Notemigonus crysoleucas,60,1.4
2023-LCS-NWA-,2023-LCS-NWA-100823-004A,10-Aug-23,8,11-Aug-23,St. Clair NWA - East Cell SCU,42.37284,-82.39887,Notemigonus crysoleucas,54,1.2
2023-LCS-NWA-,2023-LCS-NWA-100823-004A,10-Aug-23,8,11-Aug-23,St. Clair NWA - East Cell SCU,42.37284,-82.39887,Notemigonus crysoleucas,56,1.4
2023-LCS-NWA-,2023-LCS-NWA-100823-004A,10-Aug-23,8,11-Aug-23,St. Clair NWA - East Cell SCU,42.37284,-82.39887,Notemigonus crysoleucas,56,1.3
2023-LCS-NWA-,2023-LCS-NWA-100823-004A,10-Aug-23,8,11-Aug-23,St. Clair NWA - East Cell SCU,42.37284,-82.39887,Notemigonus crysoleucas,52,1.1
2023-LCS-NWA-,2023-LCS-NWA-100823-004A,10-Aug-23,8,11-Aug-23,St. Clair NWA - East Cell SCU,42.37284,-82.39887,Notemigonus crysoleucas,56,1.4
2023-LCS-NWA-,2023-LCS-NWA-100823-004A,10-Aug-23,8,11-Aug-23,St. Clair NWA - East Cell SCU,42.37284,-82.39887,Notemigonus crysoleucas,53,1.1
2023-LCS-NWA-,2023-LCS-NWA-100823-004A,10-Aug-23,8,11-Aug-23,St. Clair NWA - East Cell SCU,42.37284,-82.39887,Notemigonus crysoleucas,56,1.2
2023-LCS-NWA-,2023-LCS-NWA-100823-004A,10-Aug-23,8,11-Aug-23,St. Clair NWA - East Cell SCU,42.37284,-82.39887,Notemigonus crysoleucas,49,0.9
2023-LCS-NWA-,2023-LCS-NWA-100823-004A,10-Aug-23,8,11-Aug-23,St. Clair NWA - East Cell SCU,42.37284,-82.39887,Notemigonus crysoleucas,54,1.2
2023-LCS-NWA-,2023-LCS-NWA-100823-004A,10-Aug-23,8,11-Aug-23,St. Clair NWA - East Cell SCU,42.37284,-82.39887,Notemigonus crysoleucas,54,1.1
2023-LCS-NWA-,2023-LCS-NWA-100823-004A,10-Aug-23,8,11-Aug-23,St. Clair NWA - East Cell SCU,42.37284,-82.39887,Notemigonus crysoleucas,49,0.8
2023-LCS-NWA-,2023-LCS-NWA-100823-004A,10-Aug-23,8,11-Aug-23,St. Clair NWA - East Cell SCU,42.37284,-82.39887,Lepomis gibbosus,143,65.1
2023-LCS-NWA-,2023-LCS-NWA-100823-004A,10-Aug-23,8,11-Aug-23,St. Clair NWA - East Cell SCU,42.37284,-82.39887,Lepomis gibbosus,159,87.3
2023-LCS-NWA-,2023-LCS-NWA-100823-004A,10-Aug-23,8,11-Aug-23,St. Clair NWA - East Cell SCU,42.37284,-82.39887,Lepomis gibbosus,163,90.7
2023-LCS-NWA-,2023-LCS-NWA-100823-004A,10-Aug-23,8,11-Aug-23,St. Clair NWA - East Cell SCU,42.37284,-82.39887,Lepomis gibbosus,110,23.8
2023-LCS-NWA-,2023-LCS-NWA-100823-004A,10-Aug-23,8,11-Aug-23,St. Clair NWA - East Cell SCU,42.37284,-82.39887,Lepomis gibbosus,35,0.7
2023-LCS-NWA-,2023-LCS-NWA-100823-004A,10-Aug-23,8,11-Aug-23,St. Clair NWA - East Cell SCU,42.37284,-82.39887,Lepomis gibbosus,125,36.4
2023-LCS-NWA-,2023-LCS-NWA-100823-004A,10-Aug-23,8,11-Aug-23,St. Clair NWA - East Cell SCU,42.37284,-82.39887,Lepomis gibbosus,106,20.8
2023-LCS-NWA-,2023-LCS-NWA-100823-004A,10-Aug-23,8,11-Aug-23,St. Clair NWA - East Cell SCU,42.37284,-82.39887,Lepomis gibbosus,107,31.7
2023-LCS-NWA-,2023-LCS-NWA-100823-004A,10-Aug-23,8,11-Aug-23,St. Clair NWA - East Cell SCU,42.37284,-82.39887,Lepomis gibbosus,42,1.2
2023-LCS-NWA-,2023-LCS-NWA-100823-004A,10-Aug-23,8,11-Aug-23,St. Clair NWA - East Cell SCU,42.37284,-82.39887,Esox lucius,373,266
2023-LCS-NWA-,2023-LCS-NWA-100823-005A,10-Aug-23,8,11-Aug-23,St. Clair NWA - East Cell SCU,42.36972,-82.40112,Ameiurus melas,324,393.5
2023-LCS-NWA-,2023-LCS-NWA-100823-005A,10-Aug-23,8,11-Aug-23,St. Clair NWA - East Cell SCU,42.36972,-82.40112,Ameiurus melas,323,438.5
2023-LCS-NWA-,2023-LCS-NWA-100823-005A,10-Aug-23,8,11-Aug-23,St. Clair NWA - East Cell SCU,42.36972,-82.40112,Ameiurus melas,330,486.5
2023-LCS-NWA-,2023-LCS-NWA-100823-005A,10-Aug-23,8,11-Aug-23,St. Clair NWA - East Cell SCU,42.36972,-82.40112,Ameiurus melas,317,486.5
2023-LCS-NWA-,2023-LCS-NWA-100823-005A,10-Aug-23,8,11-Aug-23,St. Clair NWA - East Cell SCU,42.36972,-82.40112,Ameiurus melas,291,310.5
2023-LCS-NWA-,2023-LCS-NWA-100823-005A,10-Aug-23,8,11-Aug-23,St. Clair NWA - East Cell SCU,42.36972,-82.40112,Ameiurus melas,317,457.5
2023-LCS-NWA-,2023-LCS-NWA-100823-005A,10-Aug-23,8,11-Aug-23,St. Clair NWA - East Cell SCU,42.36972,-82.40112,Ameiurus melas,300,358
2023-LCS-NWA-,2023-LCS-NWA-100823-005A,10-Aug-23,8,11-Aug-23,St. Clair NWA - East Cell SCU,42.36972,-82.40112,Micropterus nigricans,223,161
2023-LCS-NWA-,2023-LCS-NWA-100823-005A,10-Aug-23,8,11-Aug-23,St. Clair NWA - East Cell SCU,42.36972,-82.40112,Lepomis gibbosus,135,48.5
2023-LCS-NWA-,2023-LCS-NWA-100823-005A,10-Aug-23,8,11-Aug-23,St. Clair NWA - East Cell SCU,42.36972,-82.40112,Lepomis gibbosus,139,51
2023-LCS-NWA-,2023-LCS-NWA-100823-005A,10-Aug-23,8,11-Aug-23,St. Clair NWA - East Cell SCU,42.36972,-82.40112,Lepomis gibbosus,131,47
2023-LCS-NWA-,2023-LCS-NWA-100823-005A,10-Aug-23,8,11-Aug-23,St. Clair NWA - East Cell SCU,42.36972,-82.40112,Lepomis gibbosus,182,113.5
2023-LCS-NWA-,2023-LCS-NWA-100823-005A,10-Aug-23,8,11-Aug-23,St. Clair NWA - East Cell SCU,42.36972,-82.40112,Amia ocellicauda,464,893
2023-LCS-NWA-,2023-LCS-NWA-100823-006A,10-Aug-23,8,11-Aug-23,St. Clair NWA - East Cell SCU,42.37606,-82.39867,Carassius auratus X Cyprinus carpio,95,12.3
2023-LCS-NWA-,2023-LCS-NWA-100823-006A,10-Aug-23,8,11-Aug-23,St. Clair NWA - East Cell SCU,42.37606,-82.39867,Lepomis macrochirus,110,27.6
2023-LCS-NWA-,2023-LCS-NWA-100823-006A,10-Aug-23,8,11-Aug-23,St. Clair NWA - East Cell SCU,42.37606,-82.39867,Lepomis macrochirus,38,0.8
2023-LCS-NWA-,2023-LCS-NWA-100823-006A,10-Aug-23,8,11-Aug-23,St. Clair NWA - East Cell SCU,42.37606,-82.39867,Lepomis macrochirus,92,13.9
2023-LCS-NWA-,2023-LCS-NWA-100823-006A,10-Aug-23,8,11-Aug-23,St. Clair NWA - East Cell SCU,42.37606,-82.39867,Lepomis macrochirus,39,0.9
2023-LCS-NWA-,2023-LCS-NWA-100823-006A,10-Aug-23,8,11-Aug-23,St. Clair NWA - East Cell SCU,42.37606,-82.39867,Lepomis macrochirus,42,1.1
2023-LCS-NWA-,2023-LCS-NWA-100823-006A,10-Aug-23,8,11-Aug-23,St. Clair NWA - East Cell SCU,42.37606,-82.39867,Lepomis macrochirus,39,0.9
2023-LCS-NWA-,2023-LCS-NWA-100823-006A,10-Aug-23,8,11-Aug-23,St. Clair NWA - East Cell SCU,42.37606,-82.39867,Lepomis macrochirus,38,0.7
2023-LCS-NWA-,2023-LCS-NWA-100823-006A,10-Aug-23,8,11-Aug-23,St. Clair NWA - East Cell SCU,42.37606,-82.39867,Lepomis macrochirus,41,1
2023-LCS-NWA-,2023-LCS-NWA-100823-006A,10-Aug-23,8,11-Aug-23,St. Clair NWA - East Cell SCU,42.37606,-82.39867,Lepomis macrochirus,40,0.8
2023-LCS-NWA-,2023-LCS-NWA-100823-006A,10-Aug-23,8,11-Aug-23,St. Clair NWA - East Cell SCU,42.37606,-82.39867,Lepomis macrochirus,43,1.3
2023-LCS-NWA-,2023-LCS-NWA-100823-006A,10-Aug-23,8,11-Aug-23,St. Clair NWA - East Cell SCU,42.37606,-82.39867,Lepomis macrochirus,37,0.6
2023-LCS-NWA-,2023-LCS-NWA-100823-006A,10-Aug-23,8,11-Aug-23,St. Clair NWA - East Cell SCU,42.37606,-82.39867,Lepomis macrochirus,37,0.6
2023-LCS-NWA-,2023-LCS-NWA-100823-006A,10-Aug-23,8,11-Aug-23,St. Clair NWA - East Cell SCU,42.37606,-82.39867,Notemigonus crysoleucas,111,10.5
2023-LCS-NWA-,2023-LCS-NWA-100823-006A,10-Aug-23,8,11-Aug-23,St. Clair NWA - East Cell SCU,42.37606,-82.39867,Lepomis gibbosus,94,14.6
2023-LCS-NWA-,2023-LCS-NWA-100823-006A,10-Aug-23,8,11-Aug-23,St. Clair NWA - East Cell SCU,42.37606,-82.39867,Lepomis gibbosus,126,40.4
2023-LCS-NWA-,2023-LCS-NWA-100823-006A,10-Aug-23,8,11-Aug-23,St. Clair NWA - East Cell SCU,42.37606,-82.39867,Lepomis gibbosus,161,43.8
2023-LCS-NWA-,2023-LCS-NWA-100823-006A,10-Aug-23,8,11-Aug-23,St. Clair NWA - East Cell SCU,42.37606,-82.39867,Lepomis gibbosus,106,20.7
2023-LCS-NWA-,2023-LCS-NWA-100823-006A,10-Aug-23,8,11-Aug-23,St. Clair NWA - East Cell SCU,42.37606,-82.39867,Lepomis gibbosus,39,0.9
2023-LCS-NWA-,2023-LCS-NWA-100823-006A,10-Aug-23,8,11-Aug-23,St. Clair NWA - East Cell SCU,42.37606,-82.39867,Lepomis gibbosus,107,24.4
2023-LCS-NWA-,2023-LCS-NWA-100823-006A,10-Aug-23,8,11-Aug-23,St. Clair NWA - East Cell SCU,42.37606,-82.39867,Lepomis gibbosus,115,29.8
2023-LCS-NWA-,2023-LCS-NWA-100823-006A,10-Aug-23,8,11-Aug-23,St. Clair NWA - East Cell SCU,42.37606,-82.39867,Lepomis gibbosus,125,41.3
2023-LCS-NWA-,2023-LCS-NWA-100823-006A,10-Aug-23,8,11-Aug-23,St. Clair NWA - East Cell SCU,42.37606,-82.39867,Lepomis gibbosus,174,115.3
2023-LCS-NWA-,2023-LCS-NWA-100823-006A,10-Aug-23,8,11-Aug-23,St. Clair NWA - East Cell SCU,42.37606,-82.39867,Lepomis gibbosus,75,7.1
2023-LCS-NWA-,2023-LCS-NWA-100823-006A,10-Aug-23,8,11-Aug-23,St. Clair NWA - East Cell SCU,42.37606,-82.39867,Lepomis gibbosus,71,5.8
2023-LCS-NWA-,2023-LCS-NWA-100823-006A,10-Aug-23,8,11-Aug-23,St. Clair NWA - East Cell SCU,42.37606,-82.39867,Lepomis gibbosus,42,1.1
2023-LCS-NWA-,2023-LCS-NWA-100823-006A,10-Aug-23,8,11-Aug-23,St. Clair NWA - East Cell SCU,42.37606,-82.39867,Micropterus nigricans,63,3.1
2023-LCS-NWA-,2023-LCS-NWA-100823-006A,10-Aug-23,8,11-Aug-23,St. Clair NWA - East Cell SCU,42.37606,-82.39867,Micropterus nigricans,65,3.6
2023-LCS-NWA-,2023-LCS-NWA-100823-006A,10-Aug-23,8,11-Aug-23,St. Clair NWA - East Cell SCU,42.37606,-82.39867,Micropterus nigricans,54,1.9
2023-LCS-NWA-,2023-LCS-NWA-100823-006A,10-Aug-23,8,11-Aug-23,St. Clair NWA - East Cell SCU,42.37606,-82.39867,Micropterus nigricans,60,3.1
2023-LCS-NWA-,2023-LCS-NWA-100823-006A,10-Aug-23,8,11-Aug-23,St. Clair NWA - East Cell SCU,42.37606,-82.39867,Micropterus nigricans,69,3.9
2023-LCS-NWA-,2023-LCS-NWA-100823-006A,10-Aug-23,8,11-Aug-23,St. Clair NWA - East Cell SCU,42.37606,-82.39867,Micropterus nigricans,71,4.8
2023-LCS-NWA-,2023-LCS-NWA-100823-006A,10-Aug-23,8,11-Aug-23,St. Clair NWA - East Cell SCU,42.37606,-82.39867,Micropterus nigricans,65,3.4
2023-LCS-NWA-,2023-LCS-NWA-100823-006A,10-Aug-23,8,11-Aug-23,St. Clair NWA - East Cell SCU,42.37606,-82.39867,Lepomis sp,38,0.9
2023-LCS-NWA-,2023-LCS-NWA-100823-006A,10-Aug-23,8,11-Aug-23,St. Clair NWA - East Cell SCU,42.37606,-82.39867,Lepomis sp,32,0.4
2023-LCS-NWA-,2023-LCS-NWA-100823-006A,10-Aug-23,8,11-Aug-23,St. Clair NWA - East Cell SCU,42.37606,-82.39867,Lepomis sp,36,0.8
2023-LCS-NWA-,2023-LCS-NWA-100823-006A,10-Aug-23,8,11-Aug-23,St. Clair NWA - East Cell SCU,42.37606,-82.39867,Lepomis sp,36,0.5
2023-LCS-NWA-,2023-LCS-NWA-100823-006A,10-Aug-23,8,11-Aug-23,St. Clair NWA - East Cell SCU,42.37606,-82.39867,Lepomis sp,37,0.7
2023-LCS-NWA-,2023-LCS-NWA-100823-006A,10-Aug-23,8,11-Aug-23,St. Clair NWA - East Cell SCU,42.37606,-82.39867,Lepomis sp,37,0.7
2023-LCS-NWA-,2023-LCS-NWA-100823-006A,10-Aug-23,8,11-Aug-23,St. Clair NWA - East Cell SCU,42.37606,-82.39867,Lepomis sp,32,0.5
2023-LCS-NWA-,2023-LCS-NWA-100823-006A,10-Aug-23,8,11-Aug-23,St. Clair NWA - East Cell SCU,42.37606,-82.39867,Lepomis sp,35,0.8
2023-LCS-NWA-,2023-LCS-NWA-100823-006A,10-Aug-23,8,11-Aug-23,St. Clair NWA - East Cell SCU,42.37606,-82.39867,Lepomis sp,38,0.8
2023-LCS-NWA-,2023-LCS-NWA-100823-006A,10-Aug-23,8,11-Aug-23,St. Clair NWA - East Cell SCU,42.37606,-82.39867,Lepomis sp,33,0.4
2023-LCS-NWA-,2023-LCS-NWA-100823-006A,10-Aug-23,8,11-Aug-23,St. Clair NWA - East Cell SCU,42.37606,-82.39867,Lepomis sp,34,0.5
2023-LCS-NWA-,2023-LCS-NWA-100823-006A,10-Aug-23,8,11-Aug-23,St. Clair NWA - East Cell SCU,42.37606,-82.39867,Lepomis sp,37,0.8
2023-LCS-NWA-,2023-LCS-NWA-100823-006A,10-Aug-23,8,11-Aug-23,St. Clair NWA - East Cell SCU,42.37606,-82.39867,Lepomis sp,32,0.5
2023-LCS-NWA-,2023-LCS-NWA-100823-006A,10-Aug-23,8,11-Aug-23,St. Clair NWA - East Cell SCU,42.37606,-82.39867,Lepomis sp,30,0
2023-LCS-NWA-,2023-LCS-NWA-100823-006A,10-Aug-23,8,11-Aug-23,St. Clair NWA - East Cell SCU,42.37606,-82.39867,Lepomis sp,34,0.5
2023-LCS-NWA-,2023-LCS-NWA-100823-006A,10-Aug-23,8,11-Aug-23,St. Clair NWA - East Cell SCU,42.37606,-82.39867,Lepomis sp,34,0.4
2023-LCS-NWA-,2023-LCS-NWA-100823-006A,10-Aug-23,8,11-Aug-23,St. Clair NWA - East Cell SCU,42.37606,-82.39867,Lepomis sp,34,0.5
2023-LCS-NWA-,2023-LCS-NWA-100823-006A,10-Aug-23,8,11-Aug-23,St. Clair NWA - East Cell SCU,42.37606,-82.39867,Carassius auratus,284,415
2023-LCS-NWA-,2023-LCS-NWA-140823-001A,14-Aug-23,8,15-Aug-23,St. Clair NWA - East Cell SCU,42.36402,-82.40488,Lepomis gibbosus,140,58.1
2023-LCS-NWA-,2023-LCS-NWA-140823-001A,14-Aug-23,8,15-Aug-23,St. Clair NWA - East Cell SCU,42.36402,-82.40488,Lepomis gibbosus,73,6.3
2023-LCS-NWA-,2023-LCS-NWA-140823-001A,14-Aug-23,8,15-Aug-23,St. Clair NWA - East Cell SCU,42.36402,-82.40488,Lepomis gibbosus,196,185
2023-LCS-NWA-,2023-LCS-NWA-140823-001A,14-Aug-23,8,15-Aug-23,St. Clair NWA - East Cell SCU,42.36402,-82.40488,Ameiurus melas,260,56.5
2023-LCS-NWA-,2023-LCS-NWA-140823-001A,14-Aug-23,8,15-Aug-23,St. Clair NWA - East Cell SCU,42.36402,-82.40488,Ameiurus melas,285,186.7
2023-LCS-NWA-,2023-LCS-NWA-140823-001A,14-Aug-23,8,15-Aug-23,St. Clair NWA - East Cell SCU,42.36402,-82.40488,Micropterus nigricans,69,4.7
2023-LCS-NWA-,2023-LCS-NWA-140823-001A,14-Aug-23,8,15-Aug-23,St. Clair NWA - East Cell SCU,42.36402,-82.40488,Umbra limi,43,0.8
2023-LCS-NWA-,2023-LCS-NWA-140823-001A,14-Aug-23,8,15-Aug-23,St. Clair NWA - East Cell SCU,42.36402,-82.40488,Amia ocellicauda,576,2010
2023-LCS-NWA-,2023-LCS-NWA-140823-002A,14-Aug-23,8,15-Aug-23,St. Clair NWA - East Cell SCU,42.36334,-82.40481,Notemigonus crysoleucas,49,1
2023-LCS-NWA-,2023-LCS-NWA-140823-002A,14-Aug-23,8,15-Aug-23,St. Clair NWA - East Cell SCU,42.36334,-82.40481,Notemigonus crysoleucas,48,0.7
2023-LCS-NWA-,2023-LCS-NWA-140823-002A,14-Aug-23,8,15-Aug-23,St. Clair NWA - East Cell SCU,42.36334,-82.40481,Notemigonus crysoleucas,50,0.9
2023-LCS-NWA-,2023-LCS-NWA-140823-002A,14-Aug-23,8,15-Aug-23,St. Clair NWA - East Cell SCU,42.36334,-82.40481,Notemigonus crysoleucas,52,0.9
2023-LCS-NWA-,2023-LCS-NWA-140823-002A,14-Aug-23,8,15-Aug-23,St. Clair NWA - East Cell SCU,42.36334,-82.40481,Notemigonus crysoleucas,53,0.9
2023-LCS-NWA-,2023-LCS-NWA-140823-002A,14-Aug-23,8,15-Aug-23,St. Clair NWA - East Cell SCU,42.36334,-82.40481,Notemigonus crysoleucas,48,0.7
2023-LCS-NWA-,2023-LCS-NWA-140823-002A,14-Aug-23,8,15-Aug-23,St. Clair NWA - East Cell SCU,42.36334,-82.40481,Notemigonus crysoleucas,51,0.8
2023-LCS-NWA-,2023-LCS-NWA-140823-002A,14-Aug-23,8,15-Aug-23,St. Clair NWA - East Cell SCU,42.36334,-82.40481,Notemigonus crysoleucas,48,0.7
2023-LCS-NWA-,2023-LCS-NWA-140823-002A,14-Aug-23,8,15-Aug-23,St. Clair NWA - East Cell SCU,42.36334,-82.40481,Notemigonus crysoleucas,51,0.9
2023-LCS-NWA-,2023-LCS-NWA-140823-002A,14-Aug-23,8,15-Aug-23,St. Clair NWA - East Cell SCU,42.36334,-82.40481,Notemigonus crysoleucas,49,0.9
2023-LCS-NWA-,2023-LCS-NWA-140823-002A,14-Aug-23,8,15-Aug-23,St. Clair NWA - East Cell SCU,42.36334,-82.40481,Notemigonus crysoleucas,48,0.7
2023-LCS-NWA-,2023-LCS-NWA-140823-002A,14-Aug-23,8,15-Aug-23,St. Clair NWA - East Cell SCU,42.36334,-82.40481,Notemigonus crysoleucas,49,0.8
2023-LCS-NWA-,2023-LCS-NWA-140823-002A,14-Aug-23,8,15-Aug-23,St. Clair NWA - East Cell SCU,42.36334,-82.40481,Notemigonus crysoleucas,53,0.8
2023-LCS-NWA-,2023-LCS-NWA-140823-002A,14-Aug-23,8,15-Aug-23,St. Clair NWA - East Cell SCU,42.36334,-82.40481,Notemigonus crysoleucas,55,1.1
2023-LCS-NWA-,2023-LCS-NWA-140823-002A,14-Aug-23,8,15-Aug-23,St. Clair NWA - East Cell SCU,42.36334,-82.40481,Notemigonus crysoleucas,54,1.1
2023-LCS-NWA-,2023-LCS-NWA-140823-002A,14-Aug-23,8,15-Aug-23,St. Clair NWA - East Cell SCU,42.36334,-82.40481,Notemigonus crysoleucas,48,0.7
2023-LCS-NWA-,2023-LCS-NWA-140823-002A,14-Aug-23,8,15-Aug-23,St. Clair NWA - East Cell SCU,42.36334,-82.40481,Notemigonus crysoleucas,47,0.7
2023-LCS-NWA-,2023-LCS-NWA-140823-002A,14-Aug-23,8,15-Aug-23,St. Clair NWA - East Cell SCU,42.36334,-82.40481,Notemigonus crysoleucas,52,0.7
2023-LCS-NWA-,2023-LCS-NWA-140823-002A,14-Aug-23,8,15-Aug-23,St. Clair NWA - East Cell SCU,42.36334,-82.40481,Notemigonus crysoleucas,54,1
2023-LCS-NWA-,2023-LCS-NWA-140823-002A,14-Aug-23,8,15-Aug-23,St. Clair NWA - East Cell SCU,42.36334,-82.40481,Notemigonus crysoleucas,53,0.8
2023-LCS-NWA-,2023-LCS-NWA-140823-002A,14-Aug-23,8,15-Aug-23,St. Clair NWA - East Cell SCU,42.36334,-82.40481,Notemigonus crysoleucas,48,0.8
2023-LCS-NWA-,2023-LCS-NWA-140823-002A,14-Aug-23,8,15-Aug-23,St. Clair NWA - East Cell SCU,42.36334,-82.40481,Notemigonus crysoleucas,52,0.9
2023-LCS-NWA-,2023-LCS-NWA-140823-002A,14-Aug-23,8,15-Aug-23,St. Clair NWA - East Cell SCU,42.36334,-82.40481,Notemigonus crysoleucas,50,0.6
2023-LCS-NWA-,2023-LCS-NWA-140823-002A,14-Aug-23,8,15-Aug-23,St. Clair NWA - East Cell SCU,42.36334,-82.40481,Notemigonus crysoleucas,49,0.8
2023-LCS-NWA-,2023-LCS-NWA-140823-002A,14-Aug-23,8,15-Aug-23,St. Clair NWA - East Cell SCU,42.36334,-82.40481,Notemigonus crysoleucas,54,1
2023-LCS-NWA-,2023-LCS-NWA-140823-002A,14-Aug-23,8,15-Aug-23,St. Clair NWA - East Cell SCU,42.36334,-82.40481,Notemigonus crysoleucas,53,0.9
2023-LCS-NWA-,2023-LCS-NWA-140823-002A,14-Aug-23,8,15-Aug-23,St. Clair NWA - East Cell SCU,42.36334,-82.40481,Notemigonus crysoleucas,50,1.1
2023-LCS-NWA-,2023-LCS-NWA-140823-002A,14-Aug-23,8,15-Aug-23,St. Clair NWA - East Cell SCU,42.36334,-82.40481,Lepomis sp,105,28.2
2023-LCS-NWA-,2023-LCS-NWA-140823-002A,14-Aug-23,8,15-Aug-23,St. Clair NWA - East Cell SCU,42.36334,-82.40481,Lepomis sp,35,0.6
2023-LCS-NWA-,2023-LCS-NWA-140823-002A,14-Aug-23,8,15-Aug-23,St. Clair NWA - East Cell SCU,42.36334,-82.40481,Lepomis sp,36,0.7
2023-LCS-NWA-,2023-LCS-NWA-140823-002A,14-Aug-23,8,15-Aug-23,St. Clair NWA - East Cell SCU,42.36334,-82.40481,Lepomis sp,41,1.3
2023-LCS-NWA-,2023-LCS-NWA-140823-002A,14-Aug-23,8,15-Aug-23,St. Clair NWA - East Cell SCU,42.36334,-82.40481,Lepomis gibbosus,124,39.4
2023-LCS-NWA-,2023-LCS-NWA-140823-002A,14-Aug-23,8,15-Aug-23,St. Clair NWA - East Cell SCU,42.36334,-82.40481,Lepomis gibbosus,80,9.6
2023-LCS-NWA-,2023-LCS-NWA-140823-002A,14-Aug-23,8,15-Aug-23,St. Clair NWA - East Cell SCU,42.36334,-82.40481,Lepomis gibbosus,142,48.1
2023-LCS-NWA-,2023-LCS-NWA-140823-002A,14-Aug-23,8,15-Aug-23,St. Clair NWA - East Cell SCU,42.36334,-82.40481,Lepomis gibbosus,124,34.9
2023-LCS-NWA-,2023-LCS-NWA-140823-002A,14-Aug-23,8,15-Aug-23,St. Clair NWA - East Cell SCU,42.36334,-82.40481,Lepomis gibbosus,124,32
2023-LCS-NWA-,2023-LCS-NWA-140823-002A,14-Aug-23,8,15-Aug-23,St. Clair NWA - East Cell SCU,42.36334,-82.40481,Lepomis gibbosus,66,5.3
2023-LCS-NWA-,2023-LCS-NWA-140823-002A,14-Aug-23,8,15-Aug-23,St. Clair NWA - East Cell SCU,42.36334,-82.40481,Lepomis gibbosus,71,6
2023-LCS-NWA-,2023-LCS-NWA-140823-002A,14-Aug-23,8,15-Aug-23,St. Clair NWA - East Cell SCU,42.36334,-82.40481,Lepomis gibbosus,76,7.8
2023-LCS-NWA-,2023-LCS-NWA-140823-002A,14-Aug-23,8,15-Aug-23,St. Clair NWA - East Cell SCU,42.36334,-82.40481,Umbra limi,40,0.5
2023-LCS-NWA-,2023-LCS-NWA-140823-002A,14-Aug-23,8,15-Aug-23,St. Clair NWA - East Cell SCU,42.36334,-82.40481,Micropterus nigricans,59,2.6
2023-LCS-NWA-,2023-LCS-NWA-140823-002A,14-Aug-23,8,15-Aug-23,St. Clair NWA - East Cell SCU,42.36334,-82.40481,Erimyzon sucetta,50,1.3
2023-LCS-NWA-,2023-LCS-NWA-140823-002A,14-Aug-23,8,15-Aug-23,St. Clair NWA - East Cell SCU,42.36334,-82.40481,Erimyzon sucetta,53,1.7
2023-LCS-NWA-,2023-LCS-NWA-140823-002A,14-Aug-23,8,15-Aug-23,St. Clair NWA - East Cell SCU,42.36334,-82.40481,Erimyzon sucetta,55,1.7
2023-LCS-NWA-,2023-LCS-NWA-140823-002A,14-Aug-23,8,15-Aug-23,St. Clair NWA - East Cell SCU,42.36334,-82.40481,Amia ocellicauda,532,1430
2023-LCS-NWA-,2023-LCS-NWA-140823-003A,14-Aug-23,8,15-Aug-23,St. Clair NWA - East Cell SCU,42.36224,-82.4049,Pomoxis nigromaculatus,249,280
2023-LCS-NWA-,2023-LCS-NWA-140823-003A,14-Aug-23,8,15-Aug-23,St. Clair NWA - East Cell SCU,42.36224,-82.4049,Pomoxis nigromaculatus,129,28.6
2023-LCS-NWA-,2023-LCS-NWA-140823-003A,14-Aug-23,8,15-Aug-23,St. Clair NWA - East Cell SCU,42.36224,-82.4049,Lepomis macrochirus,188,155.6
2023-LCS-NWA-,2023-LCS-NWA-140823-003A,14-Aug-23,8,15-Aug-23,St. Clair NWA - East Cell SCU,42.36224,-82.4049,Lepomis macrochirus,37,1
2023-LCS-NWA-,2023-LCS-NWA-140823-003A,14-Aug-23,8,15-Aug-23,St. Clair NWA - East Cell SCU,42.36224,-82.4049,Micropterus nigricans,82,6.8
2023-LCS-NWA-,2023-LCS-NWA-140823-003A,14-Aug-23,8,15-Aug-23,St. Clair NWA - East Cell SCU,42.36224,-82.4049,Lepomis gibbosus,118,32
2023-LCS-NWA-,2023-LCS-NWA-140823-003A,14-Aug-23,8,15-Aug-23,St. Clair NWA - East Cell SCU,42.36224,-82.4049,Lepomis gibbosus,74,7.2
2023-LCS-NWA-,2023-LCS-NWA-140823-003A,14-Aug-23,8,15-Aug-23,St. Clair NWA - East Cell SCU,42.36224,-82.4049,Lepomis gibbosus,143,62.8
2023-LCS-NWA-,2023-LCS-NWA-140823-003A,14-Aug-23,8,15-Aug-23,St. Clair NWA - East Cell SCU,42.36224,-82.4049,Lepomis gibbosus,109,25.4
2023-LCS-NWA-,2023-LCS-NWA-140823-003A,14-Aug-23,8,15-Aug-23,St. Clair NWA - East Cell SCU,42.36224,-82.4049,Lepomis gibbosus,113,27.7
2023-LCS-NWA-,2023-LCS-NWA-140823-003A,14-Aug-23,8,15-Aug-23,St. Clair NWA - East Cell SCU,42.36224,-82.4049,Lepomis gibbosus,73,7.1
2023-LCS-NWA-,2023-LCS-NWA-140823-003A,14-Aug-23,8,15-Aug-23,St. Clair NWA - East Cell SCU,42.36224,-82.4049,Lepomis gibbosus,63,5.1
2023-LCS-NWA-,2023-LCS-NWA-140823-003A,14-Aug-23,8,15-Aug-23,St. Clair NWA - East Cell SCU,42.36224,-82.4049,Lepomis gibbosus,87,11.5
2023-LCS-NWA-,2023-LCS-NWA-140823-003A,14-Aug-23,8,15-Aug-23,St. Clair NWA - East Cell SCU,42.36224,-82.4049,Lepomis gibbosus,118,29.6
2023-LCS-NWA-,2023-LCS-NWA-140823-003A,14-Aug-23,8,15-Aug-23,St. Clair NWA - East Cell SCU,42.36224,-82.4049,Lepomis gibbosus,83,10.4
2023-LCS-NWA-,2023-LCS-NWA-140823-003A,14-Aug-23,8,15-Aug-23,St. Clair NWA - East Cell SCU,42.36224,-82.4049,Lepomis gibbosus,41,1
2023-LCS-NWA-,2023-LCS-NWA-140823-003A,14-Aug-23,8,15-Aug-23,St. Clair NWA - East Cell SCU,42.36224,-82.4049,Lepomis gibbosus,44,1.4
2023-LCS-NWA-,2023-LCS-NWA-140823-003A,14-Aug-23,8,15-Aug-23,St. Clair NWA - East Cell SCU,42.36224,-82.4049,Lepomis sp,17,0.9
2023-LCS-NWA-,2023-LCS-NWA-140823-003A,14-Aug-23,8,15-Aug-23,St. Clair NWA - East Cell SCU,42.36224,-82.4049,Lepomis sp,44,1.4
2023-LCS-NWA-,2023-LCS-NWA-140823-003A,14-Aug-23,8,15-Aug-23,St. Clair NWA - East Cell SCU,42.36224,-82.4049,Lepomis sp,36,0.7
2023-LCS-NWA-,2023-LCS-NWA-140823-003A,14-Aug-23,8,15-Aug-23,St. Clair NWA - East Cell SCU,42.36224,-82.4049,Lepomis sp,35,0.7
2023-LCS-NWA-,2023-LCS-NWA-140823-003A,14-Aug-23,8,15-Aug-23,St. Clair NWA - East Cell SCU,42.36224,-82.4049,Lepomis sp,38,0.9
2023-LCS-NWA-,2023-LCS-NWA-140823-003A,14-Aug-23,8,15-Aug-23,St. Clair NWA - East Cell SCU,42.36224,-82.4049,Lepomis sp,34,0.7
2023-LCS-NWA-,2023-LCS-NWA-140823-003A,14-Aug-23,8,15-Aug-23,St. Clair NWA - East Cell SCU,42.36224,-82.4049,Lepomis sp,38,0.8
2023-LCS-NWA-,2023-LCS-NWA-140823-004A,14-Aug-23,8,15-Aug-23,St. Clair NWA - East Cell SCU,42.36126,-82.40477,Lepomis sp,37,0.7
2023-LCS-NWA-,2023-LCS-NWA-140823-004A,14-Aug-23,8,15-Aug-23,St. Clair NWA - East Cell SCU,42.36126,-82.40477,Lepomis sp,38,0.7
2023-LCS-NWA-,2023-LCS-NWA-140823-004A,14-Aug-23,8,15-Aug-23,St. Clair NWA - East Cell SCU,42.36126,-82.40477,Lepomis sp,38,0.8
2023-LCS-NWA-,2023-LCS-NWA-140823-004A,14-Aug-23,8,15-Aug-23,St. Clair NWA - East Cell SCU,42.36126,-82.40477,Lepomis sp,33,0.3
2023-LCS-NWA-,2023-LCS-NWA-140823-004A,14-Aug-23,8,15-Aug-23,St. Clair NWA - East Cell SCU,42.36126,-82.40477,Lepomis sp,37,0.9
2023-LCS-NWA-,2023-LCS-NWA-140823-004A,14-Aug-23,8,15-Aug-23,St. Clair NWA - East Cell SCU,42.36126,-82.40477,Lepomis sp,29,0.3
2023-LCS-NWA-,2023-LCS-NWA-140823-004A,14-Aug-23,8,15-Aug-23,St. Clair NWA - East Cell SCU,42.36126,-82.40477,Lepomis sp,40,1
2023-LCS-NWA-,2023-LCS-NWA-140823-004A,14-Aug-23,8,15-Aug-23,St. Clair NWA - East Cell SCU,42.36126,-82.40477,Lepomis sp,32,0.3
2023-LCS-NWA-,2023-LCS-NWA-140823-004A,14-Aug-23,8,15-Aug-23,St. Clair NWA - East Cell SCU,42.36126,-82.40477,Lepomis sp,32,0.5
2023-LCS-NWA-,2023-LCS-NWA-140823-004A,14-Aug-23,8,15-Aug-23,St. Clair NWA - East Cell SCU,42.36126,-82.40477,Lepomis sp,31,0.4
2023-LCS-NWA-,2023-LCS-NWA-140823-004A,14-Aug-23,8,15-Aug-23,St. Clair NWA - East Cell SCU,42.36126,-82.40477,Lepomis sp,40,1
2023-LCS-NWA-,2023-LCS-NWA-140823-004A,14-Aug-23,8,15-Aug-23,St. Clair NWA - East Cell SCU,42.36126,-82.40477,Lepomis sp,37,0.8
2023-LCS-NWA-,2023-LCS-NWA-140823-004A,14-Aug-23,8,15-Aug-23,St. Clair NWA - East Cell SCU,42.36126,-82.40477,Lepomis sp,25,0
2023-LCS-NWA-,2023-LCS-NWA-140823-004A,14-Aug-23,8,15-Aug-23,St. Clair NWA - East Cell SCU,42.36126,-82.40477,Lepomis sp,31,0.3
2023-LCS-NWA-,2023-LCS-NWA-140823-004A,14-Aug-23,8,15-Aug-23,St. Clair NWA - East Cell SCU,42.36126,-82.40477,Lepomis sp,32,0.5
2023-LCS-NWA-,2023-LCS-NWA-140823-004A,14-Aug-23,8,15-Aug-23,St. Clair NWA - East Cell SCU,42.36126,-82.40477,Lepomis sp,38,1
2023-LCS-NWA-,2023-LCS-NWA-140823-004A,14-Aug-23,8,15-Aug-23,St. Clair NWA - East Cell SCU,42.36126,-82.40477,Lepomis gibbosus,40,0.9
2023-LCS-NWA-,2023-LCS-NWA-140823-004A,14-Aug-23,8,15-Aug-23,St. Clair NWA - East Cell SCU,42.36126,-82.40477,Lepomis gibbosus,40,1
2023-LCS-NWA-,2023-LCS-NWA-140823-004A,14-Aug-23,8,15-Aug-23,St. Clair NWA - East Cell SCU,42.36126,-82.40477,Lepomis gibbosus,37,0.8
2023-LCS-NWA-,2023-LCS-NWA-140823-004A,14-Aug-23,8,15-Aug-23,St. Clair NWA - East Cell SCU,42.36126,-82.40477,Lepomis gibbosus,34,0.6
2023-LCS-NWA-,2023-LCS-NWA-140823-004A,14-Aug-23,8,15-Aug-23,St. Clair NWA - East Cell SCU,42.36126,-82.40477,Lepomis gibbosus,39,0.8
2023-LCS-NWA-,2023-LCS-NWA-140823-004A,14-Aug-23,8,15-Aug-23,St. Clair NWA - East Cell SCU,42.36126,-82.40477,Lepomis gibbosus,37,0.6
2023-LCS-NWA-,2023-LCS-NWA-140823-004A,14-Aug-23,8,15-Aug-23,St. Clair NWA - East Cell SCU,42.36126,-82.40477,Lepomis gibbosus,36,0.7
2023-LCS-NWA-,2023-LCS-NWA-140823-004A,14-Aug-23,8,15-Aug-23,St. Clair NWA - East Cell SCU,42.36126,-82.40477,Lepomis gibbosus,33,0.5
2023-LCS-NWA-,2023-LCS-NWA-140823-004A,14-Aug-23,8,15-Aug-23,St. Clair NWA - East Cell SCU,42.36126,-82.40477,Lepomis gibbosus,42,1
2023-LCS-NWA-,2023-LCS-NWA-140823-004A,14-Aug-23,8,15-Aug-23,St. Clair NWA - East Cell SCU,42.36126,-82.40477,Lepomis gibbosus,39,0.9
2023-LCS-NWA-,2023-LCS-NWA-140823-004A,14-Aug-23,8,15-Aug-23,St. Clair NWA - East Cell SCU,42.36126,-82.40477,Lepomis gibbosus,35,0.7
2023-LCS-NWA-,2023-LCS-NWA-140823-004A,14-Aug-23,8,15-Aug-23,St. Clair NWA - East Cell SCU,42.36126,-82.40477,Lepomis gibbosus,41,0.9
2023-LCS-NWA-,2023-LCS-NWA-140823-004A,14-Aug-23,8,15-Aug-23,St. Clair NWA - East Cell SCU,42.36126,-82.40477,Lepomis gibbosus,124,38.4
2023-LCS-NWA-,2023-LCS-NWA-140823-004A,14-Aug-23,8,15-Aug-23,St. Clair NWA - East Cell SCU,42.36126,-82.40477,Lepomis gibbosus,68,5
2023-LCS-NWA-,2023-LCS-NWA-140823-004A,14-Aug-23,8,15-Aug-23,St. Clair NWA - East Cell SCU,42.36126,-82.40477,Lepomis gibbosus,69,5.4
2023-LCS-NWA-,2023-LCS-NWA-140823-004A,14-Aug-23,8,15-Aug-23,St. Clair NWA - East Cell SCU,42.36126,-82.40477,Lepomis gibbosus,121,31
2023-LCS-NWA-,2023-LCS-NWA-140823-004A,14-Aug-23,8,15-Aug-23,St. Clair NWA - East Cell SCU,42.36126,-82.40477,Lepomis gibbosus,73,5.9
2023-LCS-NWA-,2023-LCS-NWA-140823-004A,14-Aug-23,8,15-Aug-23,St. Clair NWA - East Cell SCU,42.36126,-82.40477,Lepomis gibbosus,62,3.5
2023-LCS-NWA-,2023-LCS-NWA-140823-004A,14-Aug-23,8,15-Aug-23,St. Clair NWA - East Cell SCU,42.36126,-82.40477,Pomoxis nigromaculatus,51,1.6
2023-LCS-NWA-,2023-LCS-NWA-140823-004A,14-Aug-23,8,15-Aug-23,St. Clair NWA - East Cell SCU,42.36126,-82.40477,Amia ocellicauda,536,1380
2023-LCS-NWA-,2023-LCS-NWA-140823-004A,14-Aug-23,8,15-Aug-23,St. Clair NWA - East Cell SCU,42.36126,-82.40477,Erimyzon sucetta,52,1.4
2023-LCS-NWA-,2023-LCS-NWA-140823-004A,14-Aug-23,8,15-Aug-23,St. Clair NWA - East Cell SCU,42.36126,-82.40477,Erimyzon sucetta,60,2.4
2023-LCS-NWA-,2023-LCS-NWA-140823-005A,14-Aug-23,8,15-Aug-23,St. Clair NWA - East Cell SCU,42.36026,-82.40524,Notemigonus crysoleucas,50,0.8
2023-LCS-NWA-,2023-LCS-NWA-140823-005A,14-Aug-23,8,15-Aug-23,St. Clair NWA - East Cell SCU,42.36026,-82.40524,Notemigonus crysoleucas,49,0.8
2023-LCS-NWA-,2023-LCS-NWA-140823-005A,14-Aug-23,8,15-Aug-23,St. Clair NWA - East Cell SCU,42.36026,-82.40524,Notemigonus crysoleucas,51,0.9
2023-LCS-NWA-,2023-LCS-NWA-140823-005A,14-Aug-23,8,15-Aug-23,St. Clair NWA - East Cell SCU,42.36026,-82.40524,Notemigonus crysoleucas,54,0.7
2023-LCS-NWA-,2023-LCS-NWA-140823-005A,14-Aug-23,8,15-Aug-23,St. Clair NWA - East Cell SCU,42.36026,-82.40524,Notemigonus crysoleucas,52,0.9
2023-LCS-NWA-,2023-LCS-NWA-140823-005A,14-Aug-23,8,15-Aug-23,St. Clair NWA - East Cell SCU,42.36026,-82.40524,Notemigonus crysoleucas,55,1
2023-LCS-NWA-,2023-LCS-NWA-140823-005A,14-Aug-23,8,15-Aug-23,St. Clair NWA - East Cell SCU,42.36026,-82.40524,Notemigonus crysoleucas,51,0.8
2023-LCS-NWA-,2023-LCS-NWA-140823-005A,14-Aug-23,8,15-Aug-23,St. Clair NWA - East Cell SCU,42.36026,-82.40524,Notemigonus crysoleucas,55,1.1
2023-LCS-NWA-,2023-LCS-NWA-140823-005A,14-Aug-23,8,15-Aug-23,St. Clair NWA - East Cell SCU,42.36026,-82.40524,Notemigonus crysoleucas,53,0.9
2023-LCS-NWA-,2023-LCS-NWA-140823-005A,14-Aug-23,8,15-Aug-23,St. Clair NWA - East Cell SCU,42.36026,-82.40524,Notemigonus crysoleucas,49,0.7
2023-LCS-NWA-,2023-LCS-NWA-140823-005A,14-Aug-23,8,15-Aug-23,St. Clair NWA - East Cell SCU,42.36026,-82.40524,Notemigonus crysoleucas,56,1.1
2023-LCS-NWA-,2023-LCS-NWA-140823-005A,14-Aug-23,8,15-Aug-23,St. Clair NWA - East Cell SCU,42.36026,-82.40524,Lepomis gibbosus,41,0.8
2023-LCS-NWA-,2023-LCS-NWA-140823-005A,14-Aug-23,8,15-Aug-23,St. Clair NWA - East Cell SCU,42.36026,-82.40524,Lepomis gibbosus,31,0.4
2023-LCS-NWA-,2023-LCS-NWA-140823-005A,14-Aug-23,8,15-Aug-23,St. Clair NWA - East Cell SCU,42.36026,-82.40524,Lepomis gibbosus,39,0.8
2023-LCS-NWA-,2023-LCS-NWA-140823-005A,14-Aug-23,8,15-Aug-23,St. Clair NWA - East Cell SCU,42.36026,-82.40524,Lepomis gibbosus,35,0.5
2023-LCS-NWA-,2023-LCS-NWA-140823-005A,14-Aug-23,8,15-Aug-23,St. Clair NWA - East Cell SCU,42.36026,-82.40524,Lepomis gibbosus,32,0.3
2023-LCS-NWA-,2023-LCS-NWA-140823-005A,14-Aug-23,8,15-Aug-23,St. Clair NWA - East Cell SCU,42.36026,-82.40524,Lepomis gibbosus,38,0.8
2023-LCS-NWA-,2023-LCS-NWA-140823-005A,14-Aug-23,8,15-Aug-23,St. Clair NWA - East Cell SCU,42.36026,-82.40524,Lepomis gibbosus,35,0.5
2023-LCS-NWA-,2023-LCS-NWA-140823-005A,14-Aug-23,8,15-Aug-23,St. Clair NWA - East Cell SCU,42.36026,-82.40524,Lepomis macrochirus,35,0.5
2023-LCS-NWA-,2023-LCS-NWA-140823-005A,14-Aug-23,8,15-Aug-23,St. Clair NWA - East Cell SCU,42.36026,-82.40524,Pomoxis nigromaculatus,194,1178
2023-LCS-NWA-,2023-LCS-NWA-140823-005A,14-Aug-23,8,15-Aug-23,St. Clair NWA - East Cell SCU,42.36026,-82.40524,Micropterus nigricans,64,3.1
2023-LCS-NWA-,2023-LCS-NWA-140823-005A,14-Aug-23,8,15-Aug-23,St. Clair NWA - East Cell SCU,42.36026,-82.40524,Micropterus nigricans,55,2.2
2023-LCS-NWA-,2023-LCS-NWA-140823-005A,14-Aug-23,8,15-Aug-23,St. Clair NWA - East Cell SCU,42.36026,-82.40524,Amia ocellicauda,415,580
2023-LCS-NWA-,2023-LCS-NWA-140823-005A,14-Aug-23,8,15-Aug-23,St. Clair NWA - East Cell SCU,42.36026,-82.40524,Amia ocellicauda,471,780
2023-LCS-NWA-,2023-LCS-NWA-140823-005A,14-Aug-23,8,15-Aug-23,St. Clair NWA - East Cell SCU,42.36026,-82.40524,Amia ocellicauda,418,660
2023-LCS-NWA-,2023-LCS-NWA-140823-005A,14-Aug-23,8,15-Aug-23,St. Clair NWA - East Cell SCU,42.36026,-82.40524,Carassius auratus X Cyprinus carpio,507,1780
2023-LCS-NWA-,2023-LCS-NWA-140823-005A,14-Aug-23,8,15-Aug-23,St. Clair NWA - East Cell SCU,42.36026,-82.40524,Ameiurus nebulosus,291,172
2023-LCS-NWA-,2023-LCS-NWA-140823-005A,14-Aug-23,8,15-Aug-23,St. Clair NWA - East Cell SCU,42.36026,-82.40524,Lepomis sp,37,0.6
2023-LCS-NWA-,2023-LCS-NWA-140823-006A,14-Aug-23,8,15-Aug-23,St. Clair NWA - East Cell SCU,42.3626,-82.40299,Pomoxis nigromaculatus,54,1.6
2023-LCS-NWA-,2023-LCS-NWA-140823-006A,14-Aug-23,8,15-Aug-23,St. Clair NWA - East Cell SCU,42.3626,-82.40299,Pomoxis nigromaculatus,61,2.3
2023-LCS-NWA-,2023-LCS-NWA-150823-001A,15-Aug-23,8,16-Aug-23,St. Clair NWA - East Cell SCU,42.36613,-82.39956,Micropterus nigricans,77,6.7
2023-LCS-NWA-,2023-LCS-NWA-150823-001A,15-Aug-23,8,16-Aug-23,St. Clair NWA - East Cell SCU,42.36613,-82.39956,Lepomis gibbosus,77,6.4
2023-LCS-NWA-,2023-LCS-NWA-150823-001A,15-Aug-23,8,16-Aug-23,St. Clair NWA - East Cell SCU,42.36613,-82.39956,Umbra limi,42,0.8
2023-LCS-NWA-,2023-LCS-NWA-150823-002A,15-Aug-23,8,16-Aug-23,St. Clair NWA - East Cell SCU,42.36676,-82.39813,Amia ocellicauda,482,1030
2023-LCS-NWA-,2023-LCS-NWA-150823-002A,15-Aug-23,8,16-Aug-23,St. Clair NWA - East Cell SCU,42.36676,-82.39813,Amia ocellicauda,469,760
2023-LCS-NWA-,2023-LCS-NWA-150823-002A,15-Aug-23,8,16-Aug-23,St. Clair NWA - East Cell SCU,42.36676,-82.39813,Lepomis gibbosus,33,0.4
2023-LCS-NWA-,2023-LCS-NWA-150823-002A,15-Aug-23,8,16-Aug-23,St. Clair NWA - East Cell SCU,42.36676,-82.39813,Lepomis gibbosus,61,3.4
2023-LCS-NWA-,2023-LCS-NWA-150823-002A,15-Aug-23,8,16-Aug-23,St. Clair NWA - East Cell SCU,42.36676,-82.39813,Lepomis gibbosus,68,4.7
2023-LCS-NWA-,2023-LCS-NWA-150823-002A,15-Aug-23,8,16-Aug-23,St. Clair NWA - East Cell SCU,42.36676,-82.39813,Lepomis gibbosus,59,3.2
2023-LCS-NWA-,2023-LCS-NWA-150823-002A,15-Aug-23,8,16-Aug-23,St. Clair NWA - East Cell SCU,42.36676,-82.39813,Lepomis gibbosus,39,0.8
2023-LCS-NWA-,2023-LCS-NWA-150823-002A,15-Aug-23,8,16-Aug-23,St. Clair NWA - East Cell SCU,42.36676,-82.39813,Lepomis gibbosus,31,0.4
2023-LCS-NWA-,2023-LCS-NWA-150823-002A,15-Aug-23,8,16-Aug-23,St. Clair NWA - East Cell SCU,42.36676,-82.39813,Lepomis gibbosus,38,0.8
2023-LCS-NWA-,2023-LCS-NWA-150823-002A,15-Aug-23,8,16-Aug-23,St. Clair NWA - East Cell SCU,42.36676,-82.39813,Lepomis gibbosus,34,0.7
2023-LCS-NWA-,2023-LCS-NWA-150823-002A,15-Aug-23,8,16-Aug-23,St. Clair NWA - East Cell SCU,42.36676,-82.39813,Lepomis gibbosus,33,0.7
2023-LCS-NWA-,2023-LCS-NWA-150823-002A,15-Aug-23,8,16-Aug-23,St. Clair NWA - East Cell SCU,42.36676,-82.39813,Lepomis sp,29,0.3
2023-LCS-NWA-,2023-LCS-NWA-150823-002A,15-Aug-23,8,16-Aug-23,St. Clair NWA - East Cell SCU,42.36676,-82.39813,Lepomis sp,34,0.3
2023-LCS-NWA-,2023-LCS-NWA-150823-002A,15-Aug-23,8,16-Aug-23,St. Clair NWA - East Cell SCU,42.36676,-82.39813,Lepomis sp,31,0.5
2023-LCS-NWA-,2023-LCS-NWA-150823-002A,15-Aug-23,8,16-Aug-23,St. Clair NWA - East Cell SCU,42.36676,-82.39813,Lepomis sp,33,0.4
2023-LCS-NWA-,2023-LCS-NWA-150823-002A,15-Aug-23,8,16-Aug-23,St. Clair NWA - East Cell SCU,42.36676,-82.39813,Lepomis sp,29,0.4
2023-LCS-NWA-,2023-LCS-NWA-150823-002A,15-Aug-23,8,16-Aug-23,St. Clair NWA - East Cell SCU,42.36676,-82.39813,Lepomis sp,35,0.7
2023-LCS-NWA-,2023-LCS-NWA-150823-002A,15-Aug-23,8,16-Aug-23,St. Clair NWA - East Cell SCU,42.36676,-82.39813,Lepomis sp,30,0.4
2023-LCS-NWA-,2023-LCS-NWA-150823-002A,15-Aug-23,8,16-Aug-23,St. Clair NWA - East Cell SCU,42.36676,-82.39813,Lepomis sp,33,0.7
2023-LCS-NWA-,2023-LCS-NWA-150823-002A,15-Aug-23,8,16-Aug-23,St. Clair NWA - East Cell SCU,42.36676,-82.39813,Lepomis sp,32,0.5
2023-LCS-NWA-,2023-LCS-NWA-150823-002A,15-Aug-23,8,16-Aug-23,St. Clair NWA - East Cell SCU,42.36676,-82.39813,Lepomis sp,36,0.7
2023-LCS-NWA-,2023-LCS-NWA-150823-002A,15-Aug-23,8,16-Aug-23,St. Clair NWA - East Cell SCU,42.36676,-82.39813,Lepomis sp,30,0.3
2023-LCS-NWA-,2023-LCS-NWA-150823-002A,15-Aug-23,8,16-Aug-23,St. Clair NWA - East Cell SCU,42.36676,-82.39813,Lepomis sp,36,0.6
2023-LCS-NWA-,2023-LCS-NWA-150823-002A,15-Aug-23,8,16-Aug-23,St. Clair NWA - East Cell SCU,42.36676,-82.39813,Notemigonus crysoleucas,53,1
2023-LCS-NWA-,2023-LCS-NWA-150823-002A,15-Aug-23,8,16-Aug-23,St. Clair NWA - East Cell SCU,42.36676,-82.39813,Notemigonus crysoleucas,56,1.1
2023-LCS-NWA-,2023-LCS-NWA-150823-002A,15-Aug-23,8,16-Aug-23,St. Clair NWA - East Cell SCU,42.36676,-82.39813,Notemigonus crysoleucas,47,0.5
2023-LCS-NWA-,2023-LCS-NWA-150823-002A,15-Aug-23,8,16-Aug-23,St. Clair NWA - East Cell SCU,42.36676,-82.39813,Pomoxis nigromaculatus,59,2.4
2023-LCS-NWA-,2023-LCS-NWA-150823-003A,15-Aug-23,8,16-Aug-23,St. Clair NWA - East Cell SCU,42.36727,-82.39663,Pomoxis nigromaculatus,143,39.7
2023-LCS-NWA-,2023-LCS-NWA-150823-003A,15-Aug-23,8,16-Aug-23,St. Clair NWA - East Cell SCU,42.36727,-82.39663,Pomoxis nigromaculatus,147,40.2
2023-LCS-NWA-,2023-LCS-NWA-150823-003A,15-Aug-23,8,16-Aug-23,St. Clair NWA - East Cell SCU,42.36727,-82.39663,Pomoxis nigromaculatus,145,42.5
2023-LCS-NWA-,2023-LCS-NWA-150823-003A,15-Aug-23,8,16-Aug-23,St. Clair NWA - East Cell SCU,42.36727,-82.39663,Pomoxis nigromaculatus,129,33.6
2023-LCS-NWA-,2023-LCS-NWA-150823-003A,15-Aug-23,8,16-Aug-23,St. Clair NWA - East Cell SCU,42.36727,-82.39663,Pomoxis nigromaculatus,61,2.9
2023-LCS-NWA-,2023-LCS-NWA-150823-003A,15-Aug-23,8,16-Aug-23,St. Clair NWA - East Cell SCU,42.36727,-82.39663,Amia ocellicauda,394,610
2023-LCS-NWA-,2023-LCS-NWA-150823-003A,15-Aug-23,8,16-Aug-23,St. Clair NWA - East Cell SCU,42.36727,-82.39663,Amia ocellicauda,419,680
2023-LCS-NWA-,2023-LCS-NWA-150823-003A,15-Aug-23,8,16-Aug-23,St. Clair NWA - East Cell SCU,42.36727,-82.39663,Lepomis gibbosus,97,14.3
2023-LCS-NWA-,2023-LCS-NWA-150823-003A,15-Aug-23,8,16-Aug-23,St. Clair NWA - East Cell SCU,42.36727,-82.39663,Lepomis gibbosus,112,26.1
2023-LCS-NWA-,2023-LCS-NWA-150823-003A,15-Aug-23,8,16-Aug-23,St. Clair NWA - East Cell SCU,42.36727,-82.39663,Lepomis gibbosus,76,7.2
2023-LCS-NWA-,2023-LCS-NWA-150823-003A,15-Aug-23,8,16-Aug-23,St. Clair NWA - East Cell SCU,42.36727,-82.39663,Lepomis gibbosus,81,9.5
2023-LCS-NWA-,2023-LCS-NWA-150823-003A,15-Aug-23,8,16-Aug-23,St. Clair NWA - East Cell SCU,42.36727,-82.39663,Lepomis gibbosus,77,7
2023-LCS-NWA-,2023-LCS-NWA-150823-003A,15-Aug-23,8,16-Aug-23,St. Clair NWA - East Cell SCU,42.36727,-82.39663,Lepomis gibbosus,66,4.5
2023-LCS-NWA-,2023-LCS-NWA-150823-003A,15-Aug-23,8,16-Aug-23,St. Clair NWA - East Cell SCU,42.36727,-82.39663,Lepomis gibbosus,74,6.6
2023-LCS-NWA-,2023-LCS-NWA-150823-003A,15-Aug-23,8,16-Aug-23,St. Clair NWA - East Cell SCU,42.36727,-82.39663,Lepomis gibbosus,75,7.3
2023-LCS-NWA-,2023-LCS-NWA-150823-003A,15-Aug-23,8,16-Aug-23,St. Clair NWA - East Cell SCU,42.36727,-82.39663,Lepomis gibbosus,75,8.1
2023-LCS-NWA-,2023-LCS-NWA-150823-003A,15-Aug-23,8,16-Aug-23,St. Clair NWA - East Cell SCU,42.36727,-82.39663,Lepomis gibbosus,81,8.4
2023-LCS-NWA-,2023-LCS-NWA-150823-003A,15-Aug-23,8,16-Aug-23,St. Clair NWA - East Cell SCU,42.36727,-82.39663,Lepomis gibbosus,118,35.1
2023-LCS-NWA-,2023-LCS-NWA-150823-003A,15-Aug-23,8,16-Aug-23,St. Clair NWA - East Cell SCU,42.36727,-82.39663,Lepomis gibbosus,81,8.6
2023-LCS-NWA-,2023-LCS-NWA-150823-003A,15-Aug-23,8,16-Aug-23,St. Clair NWA - East Cell SCU,42.36727,-82.39663,Lepomis gibbosus,96,15.8
2023-LCS-NWA-,2023-LCS-NWA-150823-003A,15-Aug-23,8,16-Aug-23,St. Clair NWA - East Cell SCU,42.36727,-82.39663,Lepomis gibbosus,67,7
2023-LCS-NWA-,2023-LCS-NWA-150823-003A,15-Aug-23,8,16-Aug-23,St. Clair NWA - East Cell SCU,42.36727,-82.39663,Lepomis gibbosus,65,5.2
2023-LCS-NWA-,2023-LCS-NWA-150823-003A,15-Aug-23,8,16-Aug-23,St. Clair NWA - East Cell SCU,42.36727,-82.39663,Lepomis gibbosus,76,7.4
2023-LCS-NWA-,2023-LCS-NWA-150823-003A,15-Aug-23,8,16-Aug-23,St. Clair NWA - East Cell SCU,42.36727,-82.39663,Lepomis gibbosus,75,7.2
2023-LCS-NWA-,2023-LCS-NWA-150823-003A,15-Aug-23,8,16-Aug-23,St. Clair NWA - East Cell SCU,42.36727,-82.39663,Lepomis gibbosus,87,10.5
2023-LCS-NWA-,2023-LCS-NWA-150823-003A,15-Aug-23,8,16-Aug-23,St. Clair NWA - East Cell SCU,42.36727,-82.39663,Lepomis gibbosus,87,9.7
2023-LCS-NWA-,2023-LCS-NWA-150823-003A,15-Aug-23,8,16-Aug-23,St. Clair NWA - East Cell SCU,42.36727,-82.39663,Lepomis gibbosus,77,5.9
2023-LCS-NWA-,2023-LCS-NWA-150823-003A,15-Aug-23,8,16-Aug-23,St. Clair NWA - East Cell SCU,42.36727,-82.39663,Lepomis gibbosus,87,11.1
2023-LCS-NWA-,2023-LCS-NWA-150823-003A,15-Aug-23,8,16-Aug-23,St. Clair NWA - East Cell SCU,42.36727,-82.39663,Lepomis gibbosus,64,4.2
2023-LCS-NWA-,2023-LCS-NWA-150823-003A,15-Aug-23,8,16-Aug-23,St. Clair NWA - East Cell SCU,42.36727,-82.39663,Lepomis gibbosus,76,8.1
2023-LCS-NWA-,2023-LCS-NWA-150823-003A,15-Aug-23,8,16-Aug-23,St. Clair NWA - East Cell SCU,42.36727,-82.39663,Lepomis gibbosus,62,3.8
2023-LCS-NWA-,2023-LCS-NWA-150823-003A,15-Aug-23,8,16-Aug-23,St. Clair NWA - East Cell SCU,42.36727,-82.39663,Lepomis gibbosus,66,5.2
2023-LCS-NWA-,2023-LCS-NWA-150823-003A,15-Aug-23,8,16-Aug-23,St. Clair NWA - East Cell SCU,42.36727,-82.39663,Lepomis gibbosus,72,7.1
2023-LCS-NWA-,2023-LCS-NWA-150823-003A,15-Aug-23,8,16-Aug-23,St. Clair NWA - East Cell SCU,42.36727,-82.39663,Lepomis gibbosus,76,8.3
2023-LCS-NWA-,2023-LCS-NWA-150823-003A,15-Aug-23,8,16-Aug-23,St. Clair NWA - East Cell SCU,42.36727,-82.39663,Lepomis gibbosus,119,25.3
2023-LCS-NWA-,2023-LCS-NWA-150823-003A,15-Aug-23,8,16-Aug-23,St. Clair NWA - East Cell SCU,42.36727,-82.39663,Lepomis gibbosus,76,7.8
2023-LCS-NWA-,2023-LCS-NWA-150823-003A,15-Aug-23,8,16-Aug-23,St. Clair NWA - East Cell SCU,42.36727,-82.39663,Lepomis gibbosus,87,11.3
2023-LCS-NWA-,2023-LCS-NWA-150823-003A,15-Aug-23,8,16-Aug-23,St. Clair NWA - East Cell SCU,42.36727,-82.39663,Lepomis gibbosus,75,7.3
2023-LCS-NWA-,2023-LCS-NWA-150823-003A,15-Aug-23,8,16-Aug-23,St. Clair NWA - East Cell SCU,42.36727,-82.39663,Lepomis gibbosus,69,5.9
2023-LCS-NWA-,2023-LCS-NWA-150823-003A,15-Aug-23,8,16-Aug-23,St. Clair NWA - East Cell SCU,42.36727,-82.39663,Lepomis gibbosus,67,4.9
2023-LCS-NWA-,2023-LCS-NWA-150823-003A,15-Aug-23,8,16-Aug-23,St. Clair NWA - East Cell SCU,42.36727,-82.39663,Lepomis gibbosus,76,6.4
2023-LCS-NWA-,2023-LCS-NWA-150823-003A,15-Aug-23,8,16-Aug-23,St. Clair NWA - East Cell SCU,42.36727,-82.39663,Lepomis gibbosus,82,9.9
2023-LCS-NWA-,2023-LCS-NWA-150823-003A,15-Aug-23,8,16-Aug-23,St. Clair NWA - East Cell SCU,42.36727,-82.39663,Lepomis gibbosus,88,11.8
2023-LCS-NWA-,2023-LCS-NWA-150823-003A,15-Aug-23,8,16-Aug-23,St. Clair NWA - East Cell SCU,42.36727,-82.39663,Lepomis sp,38,0.9
2023-LCS-NWA-,2023-LCS-NWA-150823-003A,15-Aug-23,8,16-Aug-23,St. Clair NWA - East Cell SCU,42.36727,-82.39663,Lepomis sp,44,1.3
2023-LCS-NWA-,2023-LCS-NWA-150823-003A,15-Aug-23,8,16-Aug-23,St. Clair NWA - East Cell SCU,42.36727,-82.39663,Notemigonus crysoleucas,79,3.2
2023-LCS-NWA-,2023-LCS-NWA-150823-003A,15-Aug-23,8,16-Aug-23,St. Clair NWA - East Cell SCU,42.36727,-82.39663,Micropterus nigricans,66,3.3
2023-LCS-NWA-,2023-LCS-NWA-150823-003A,15-Aug-23,8,16-Aug-23,St. Clair NWA - East Cell SCU,42.36727,-82.39663,Cyprinus carpio,66,3.9
2023-LCS-NWA-,2023-LCS-NWA-150823-005A,15-Aug-23,8,16-Aug-23,St. Clair NWA - East Cell SCU,42.36876,-82.39487,Lepomis gibbosus,112,27.3
2023-LCS-NWA-,2023-LCS-NWA-150823-005A,15-Aug-23,8,16-Aug-23,St. Clair NWA - East Cell SCU,42.36876,-82.39487,Lepomis gibbosus,114,11.8
2023-LCS-NWA-,2023-LCS-NWA-150823-005A,15-Aug-23,8,16-Aug-23,St. Clair NWA - East Cell SCU,42.36876,-82.39487,Lepomis gibbosus,81,7.4
2023-LCS-NWA-,2023-LCS-NWA-150823-005A,15-Aug-23,8,16-Aug-23,St. Clair NWA - East Cell SCU,42.36876,-82.39487,Notemigonus crysoleucas,46,0.7
2023-LCS-NWA-,2023-LCS-NWA-150823-005A,15-Aug-23,8,16-Aug-23,St. Clair NWA - East Cell SCU,42.36876,-82.39487,Notemigonus crysoleucas,50,0.8
2023-LCS-NWA-,2023-LCS-NWA-150823-005A,15-Aug-23,8,16-Aug-23,St. Clair NWA - East Cell SCU,42.36876,-82.39487,Micropterus nigricans,94,12.1
2023-LCS-NWA-,2023-LCS-NWA-150823-005A,15-Aug-23,8,16-Aug-23,St. Clair NWA - East Cell SCU,42.36876,-82.39487,Micropterus nigricans,73,5
2023-LCS-NWA-,2023-LCS-NWA-150823-005A,15-Aug-23,8,16-Aug-23,St. Clair NWA - East Cell SCU,42.36876,-82.39487,Umbra limi,89,6.9
2023-LCS-NWA-,2023-LCS-NWA-150823-005A,15-Aug-23,8,16-Aug-23,St. Clair NWA - East Cell SCU,42.36876,-82.39487,Carassius auratus,69,4.8
2023-LCS-NWA-,2023-LCS-NWA-150823-005A,15-Aug-23,8,16-Aug-23,St. Clair NWA - East Cell SCU,42.36876,-82.39487,Carassius auratus,66,3.8
2023-LCS-NWA-,2023-LCS-NWA-150823-005A,15-Aug-23,8,16-Aug-23,St. Clair NWA - East Cell SCU,42.36876,-82.39487,Carassius auratus,69,5.1
2023-LCS-NWA-,2023-LCS-NWA-150823-004A,15-Aug-23,8,16-Aug-23,St. Clair NWA - East Cell SCU,42.36764,-82.39662,Pomoxis nigromaculatus,58,2.2
2023-LCS-NWA-,2023-LCS-NWA-150823-004A,15-Aug-23,8,16-Aug-23,St. Clair NWA - East Cell SCU,42.36764,-82.39662,Pomoxis nigromaculatus,60,2.7
2023-LCS-NWA-,2023-LCS-NWA-150823-004A,15-Aug-23,8,16-Aug-23,St. Clair NWA - East Cell SCU,42.36764,-82.39662,Pomoxis nigromaculatus,136,40
2023-LCS-NWA-,2023-LCS-NWA-150823-004A,15-Aug-23,8,16-Aug-23,St. Clair NWA - East Cell SCU,42.36764,-82.39662,Pomoxis nigromaculatus,145,44.3
2023-LCS-NWA-,2023-LCS-NWA-150823-004A,15-Aug-23,8,16-Aug-23,St. Clair NWA - East Cell SCU,42.36764,-82.39662,Amia ocellicauda,448,840
2023-LCS-NWA-,2023-LCS-NWA-150823-004A,15-Aug-23,8,16-Aug-23,St. Clair NWA - East Cell SCU,42.36764,-82.39662,Lepomis gibbosus,69,5.6
2023-LCS-NWA-,2023-LCS-NWA-150823-004A,15-Aug-23,8,16-Aug-23,St. Clair NWA - East Cell SCU,42.36764,-82.39662,Lepomis gibbosus,79,8.8
2023-LCS-NWA-,2023-LCS-NWA-150823-004A,15-Aug-23,8,16-Aug-23,St. Clair NWA - East Cell SCU,42.36764,-82.39662,Lepomis gibbosus,69,5.2
2023-LCS-NWA-,2023-LCS-NWA-150823-004A,15-Aug-23,8,16-Aug-23,St. Clair NWA - East Cell SCU,42.36764,-82.39662,Lepomis gibbosus,78,7.7
2023-LCS-NWA-,2023-LCS-NWA-150823-004A,15-Aug-23,8,16-Aug-23,St. Clair NWA - East Cell SCU,42.36764,-82.39662,Lepomis gibbosus,74,6.7
2023-LCS-NWA-,2023-LCS-NWA-150823-004A,15-Aug-23,8,16-Aug-23,St. Clair NWA - East Cell SCU,42.36764,-82.39662,Lepomis gibbosus,82,9.9
2023-LCS-NWA-,2023-LCS-NWA-150823-004A,15-Aug-23,8,16-Aug-23,St. Clair NWA - East Cell SCU,42.36764,-82.39662,Lepomis gibbosus,137,51.7
2023-LCS-NWA-,2023-LCS-NWA-150823-004A,15-Aug-23,8,16-Aug-23,St. Clair NWA - East Cell SCU,42.36764,-82.39662,Lepomis sp,30,0.4
2023-LCS-NWA-,2023-LCS-NWA-150823-004A,15-Aug-23,8,16-Aug-23,St. Clair NWA - East Cell SCU,42.36764,-82.39662,Micropterus nigricans,73,4.8
2023-LCS-NWA-,2023-LCS-NWA-150823-004A,15-Aug-23,8,16-Aug-23,St. Clair NWA - East Cell SCU,42.36764,-82.39662,Micropterus nigricans,72,6
2023-LCS-NWA-,2023-LCS-NWA-150823-004A,15-Aug-23,8,16-Aug-23,St. Clair NWA - East Cell SCU,42.36764,-82.39662,Carassius auratus,-1,
2023-LCS-NWA-,2023-LCS-NWA-150823-004A,15-Aug-23,8,16-Aug-23,St. Clair NWA - East Cell SCU,42.36764,-82.39662,Carassius auratus,140,49.1
2023-LCS-NWA-,2023-LCS-NWA-150823-004A,15-Aug-23,8,16-Aug-23,St. Clair NWA - East Cell SCU,42.36764,-82.39662,Carassius auratus,69,4.9
2023-LCS-NWA-,2023-LCS-NWA-150823-004A,15-Aug-23,8,16-Aug-23,St. Clair NWA - East Cell SCU,42.36764,-82.39662,Carassius auratus,54,2.2
2023-LCS-NWA-,2023-LCS-NWA-150823-004A,15-Aug-23,8,16-Aug-23,St. Clair NWA - East Cell SCU,42.36764,-82.39662,Carassius auratus,54,1.9
2023-LCS-NWA-,2023-LCS-NWA-210823-001A,21-Aug-23,8,22-Aug-23,St. Clair NWA - West Cell SCU,42.36379,-82.40715,Pomoxis nigromaculatus,149,19.4
2023-LCS-NWA-,2023-LCS-NWA-210823-001A,21-Aug-23,8,22-Aug-23,St. Clair NWA - West Cell SCU,42.36379,-82.40715,Pomoxis nigromaculatus,190,110.1
2023-LCS-NWA-,2023-LCS-NWA-210823-001A,21-Aug-23,8,22-Aug-23,St. Clair NWA - West Cell SCU,42.36379,-82.40715,Amia ocellicauda,379,460
2023-LCS-NWA-,2023-LCS-NWA-210823-001A,21-Aug-23,8,22-Aug-23,St. Clair NWA - West Cell SCU,42.36379,-82.40715,Amia ocellicauda,460,690
2023-LCS-NWA-,2023-LCS-NWA-210823-001A,21-Aug-23,8,22-Aug-23,St. Clair NWA - West Cell SCU,42.36379,-82.40715,Amia ocellicauda,536,1300
2023-LCS-NWA-,2023-LCS-NWA-210823-001A,21-Aug-23,8,22-Aug-23,St. Clair NWA - West Cell SCU,42.36379,-82.40715,Erimyzon sucetta,57,2
2023-LCS-NWA-,2023-LCS-NWA-210823-001A,21-Aug-23,8,22-Aug-23,St. Clair NWA - West Cell SCU,42.36379,-82.40715,Erimyzon sucetta,52,1.2
2023-LCS-NWA-,2023-LCS-NWA-210823-001A,21-Aug-23,8,22-Aug-23,St. Clair NWA - West Cell SCU,42.36379,-82.40715,Erimyzon sucetta,54,1.7
2023-LCS-NWA-,2023-LCS-NWA-210823-001A,21-Aug-23,8,22-Aug-23,St. Clair NWA - West Cell SCU,42.36379,-82.40715,Erimyzon sucetta,58,1.9
2023-LCS-NWA-,2023-LCS-NWA-210823-001A,21-Aug-23,8,22-Aug-23,St. Clair NWA - West Cell SCU,42.36379,-82.40715,Erimyzon sucetta,56,1.7
2023-LCS-NWA-,2023-LCS-NWA-210823-001A,21-Aug-23,8,22-Aug-23,St. Clair NWA - West Cell SCU,42.36379,-82.40715,Erimyzon sucetta,55,1.8
2023-LCS-NWA-,2023-LCS-NWA-210823-001A,21-Aug-23,8,22-Aug-23,St. Clair NWA - West Cell SCU,42.36379,-82.40715,Erimyzon sucetta,45,1.1
2023-LCS-NWA-,2023-LCS-NWA-210823-001A,21-Aug-23,8,22-Aug-23,St. Clair NWA - West Cell SCU,42.36379,-82.40715,Erimyzon sucetta,54,1.6
2023-LCS-NWA-,2023-LCS-NWA-210823-001A,21-Aug-23,8,22-Aug-23,St. Clair NWA - West Cell SCU,42.36379,-82.40715,Erimyzon sucetta,52,1.4
2023-LCS-NWA-,2023-LCS-NWA-210823-001A,21-Aug-23,8,22-Aug-23,St. Clair NWA - West Cell SCU,42.36379,-82.40715,Erimyzon sucetta,53,1.5
2023-LCS-NWA-,2023-LCS-NWA-210823-001A,21-Aug-23,8,22-Aug-23,St. Clair NWA - West Cell SCU,42.36379,-82.40715,Erimyzon sucetta,56,1.8
2023-LCS-NWA-,2023-LCS-NWA-210823-001A,21-Aug-23,8,22-Aug-23,St. Clair NWA - West Cell SCU,42.36379,-82.40715,Erimyzon sucetta,47,1.2
2023-LCS-NWA-,2023-LCS-NWA-210823-001A,21-Aug-23,8,22-Aug-23,St. Clair NWA - West Cell SCU,42.36379,-82.40715,Erimyzon sucetta,59,2.1
2023-LCS-NWA-,2023-LCS-NWA-210823-001A,21-Aug-23,8,22-Aug-23,St. Clair NWA - West Cell SCU,42.36379,-82.40715,Erimyzon sucetta,50,1.1
2023-LCS-NWA-,2023-LCS-NWA-210823-001A,21-Aug-23,8,22-Aug-23,St. Clair NWA - West Cell SCU,42.36379,-82.40715,Erimyzon sucetta,49,1.3
2023-LCS-NWA-,2023-LCS-NWA-210823-001A,21-Aug-23,8,22-Aug-23,St. Clair NWA - West Cell SCU,42.36379,-82.40715,Erimyzon sucetta,179,82.2
2023-LCS-NWA-,2023-LCS-NWA-210823-001A,21-Aug-23,8,22-Aug-23,St. Clair NWA - West Cell SCU,42.36379,-82.40715,Erimyzon sucetta,51,1.4
2023-LCS-NWA-,2023-LCS-NWA-210823-001A,21-Aug-23,8,22-Aug-23,St. Clair NWA - West Cell SCU,42.36379,-82.40715,Erimyzon sucetta,53,1.4
2023-LCS-NWA-,2023-LCS-NWA-210823-001A,21-Aug-23,8,22-Aug-23,St. Clair NWA - West Cell SCU,42.36379,-82.40715,Erimyzon sucetta,53,1.4
2023-LCS-NWA-,2023-LCS-NWA-210823-001A,21-Aug-23,8,22-Aug-23,St. Clair NWA - West Cell SCU,42.36379,-82.40715,Erimyzon sucetta,50,1.1
2023-LCS-NWA-,2023-LCS-NWA-210823-001A,21-Aug-23,8,22-Aug-23,St. Clair NWA - West Cell SCU,42.36379,-82.40715,Erimyzon sucetta,49,1.2
2023-LCS-NWA-,2023-LCS-NWA-210823-001A,21-Aug-23,8,22-Aug-23,St. Clair NWA - West Cell SCU,42.36379,-82.40715,Erimyzon sucetta,55,1.9
2023-LCS-NWA-,2023-LCS-NWA-210823-001A,21-Aug-23,8,22-Aug-23,St. Clair NWA - West Cell SCU,42.36379,-82.40715,Erimyzon sucetta,55,1.7
2023-LCS-NWA-,2023-LCS-NWA-210823-001A,21-Aug-23,8,22-Aug-23,St. Clair NWA - West Cell SCU,42.36379,-82.40715,Erimyzon sucetta,49,1.3
2023-LCS-NWA-,2023-LCS-NWA-210823-001A,21-Aug-23,8,22-Aug-23,St. Clair NWA - West Cell SCU,42.36379,-82.40715,Erimyzon sucetta,52,1.6
2023-LCS-NWA-,2023-LCS-NWA-210823-001A,21-Aug-23,8,22-Aug-23,St. Clair NWA - West Cell SCU,42.36379,-82.40715,Erimyzon sucetta,54,1.8
2023-LCS-NWA-,2023-LCS-NWA-210823-001A,21-Aug-23,8,22-Aug-23,St. Clair NWA - West Cell SCU,42.36379,-82.40715,Erimyzon sucetta,52,1.6
2023-LCS-NWA-,2023-LCS-NWA-210823-001A,21-Aug-23,8,22-Aug-23,St. Clair NWA - West Cell SCU,42.36379,-82.40715,Erimyzon sucetta,56,2
2023-LCS-NWA-,2023-LCS-NWA-210823-001A,21-Aug-23,8,22-Aug-23,St. Clair NWA - West Cell SCU,42.36379,-82.40715,Erimyzon sucetta,49,1.2
2023-LCS-NWA-,2023-LCS-NWA-210823-001A,21-Aug-23,8,22-Aug-23,St. Clair NWA - West Cell SCU,42.36379,-82.40715,Erimyzon sucetta,58,2
2023-LCS-NWA-,2023-LCS-NWA-210823-001A,21-Aug-23,8,22-Aug-23,St. Clair NWA - West Cell SCU,42.36379,-82.40715,Erimyzon sucetta,52,1.5
2023-LCS-NWA-,2023-LCS-NWA-210823-001A,21-Aug-23,8,22-Aug-23,St. Clair NWA - West Cell SCU,42.36379,-82.40715,Erimyzon sucetta,57,1.9
2023-LCS-NWA-,2023-LCS-NWA-210823-001A,21-Aug-23,8,22-Aug-23,St. Clair NWA - West Cell SCU,42.36379,-82.40715,Erimyzon sucetta,58,2
2023-LCS-NWA-,2023-LCS-NWA-210823-001A,21-Aug-23,8,22-Aug-23,St. Clair NWA - West Cell SCU,42.36379,-82.40715,Erimyzon sucetta,56,1.7
2023-LCS-NWA-,2023-LCS-NWA-210823-001A,21-Aug-23,8,22-Aug-23,St. Clair NWA - West Cell SCU,42.36379,-82.40715,Erimyzon sucetta,45,0.9
2023-LCS-NWA-,2023-LCS-NWA-210823-001A,21-Aug-23,8,22-Aug-23,St. Clair NWA - West Cell SCU,42.36379,-82.40715,Erimyzon sucetta,54,1.7
2023-LCS-NWA-,2023-LCS-NWA-210823-001A,21-Aug-23,8,22-Aug-23,St. Clair NWA - West Cell SCU,42.36379,-82.40715,Erimyzon sucetta,47,1
2023-LCS-NWA-,2023-LCS-NWA-210823-001A,21-Aug-23,8,22-Aug-23,St. Clair NWA - West Cell SCU,42.36379,-82.40715,Erimyzon sucetta,58,1.8
2023-LCS-NWA-,2023-LCS-NWA-210823-001A,21-Aug-23,8,22-Aug-23,St. Clair NWA - West Cell SCU,42.36379,-82.40715,Erimyzon sucetta,60,2.1
2023-LCS-NWA-,2023-LCS-NWA-210823-001A,21-Aug-23,8,22-Aug-23,St. Clair NWA - West Cell SCU,42.36379,-82.40715,Erimyzon sucetta,176,76
2023-LCS-NWA-,2023-LCS-NWA-210823-001A,21-Aug-23,8,22-Aug-23,St. Clair NWA - West Cell SCU,42.36379,-82.40715,Lepomis gibbosus,46,4.5
2023-LCS-NWA-,2023-LCS-NWA-210823-001A,21-Aug-23,8,22-Aug-23,St. Clair NWA - West Cell SCU,42.36379,-82.40715,Lepomis gibbosus,41,1
2023-LCS-NWA-,2023-LCS-NWA-210823-001A,21-Aug-23,8,22-Aug-23,St. Clair NWA - West Cell SCU,42.36379,-82.40715,Lepomis gibbosus,130,41.1
2023-LCS-NWA-,2023-LCS-NWA-210823-001A,21-Aug-23,8,22-Aug-23,St. Clair NWA - West Cell SCU,42.36379,-82.40715,Lepomis gibbosus,75,7.6
2023-LCS-NWA-,2023-LCS-NWA-210823-001A,21-Aug-23,8,22-Aug-23,St. Clair NWA - West Cell SCU,42.36379,-82.40715,Lepomis gibbosus,88,11.6
2023-LCS-NWA-,2023-LCS-NWA-210823-001A,21-Aug-23,8,22-Aug-23,St. Clair NWA - West Cell SCU,42.36379,-82.40715,Lepomis gibbosus,90,12.4
2023-LCS-NWA-,2023-LCS-NWA-210823-001A,21-Aug-23,8,22-Aug-23,St. Clair NWA - West Cell SCU,42.36379,-82.40715,Lepomis gibbosus,125,37
2023-LCS-NWA-,2023-LCS-NWA-210823-001A,21-Aug-23,8,22-Aug-23,St. Clair NWA - West Cell SCU,42.36379,-82.40715,Lepomis gibbosus,41,0.9
2023-LCS-NWA-,2023-LCS-NWA-210823-001A,21-Aug-23,8,22-Aug-23,St. Clair NWA - West Cell SCU,42.36379,-82.40715,Lepomis gibbosus,64,4.8
2023-LCS-NWA-,2023-LCS-NWA-210823-001A,21-Aug-23,8,22-Aug-23,St. Clair NWA - West Cell SCU,42.36379,-82.40715,Lepomis gibbosus,135,46.5
2023-LCS-NWA-,2023-LCS-NWA-210823-001A,21-Aug-23,8,22-Aug-23,St. Clair NWA - West Cell SCU,42.36379,-82.40715,Lepomis gibbosus,82,9.8
2023-LCS-NWA-,2023-LCS-NWA-210823-001A,21-Aug-23,8,22-Aug-23,St. Clair NWA - West Cell SCU,42.36379,-82.40715,Lepomis gibbosus,186,130.9
2023-LCS-NWA-,2023-LCS-NWA-210823-001A,21-Aug-23,8,22-Aug-23,St. Clair NWA - West Cell SCU,42.36379,-82.40715,Lepomis gibbosus,45,1.3
2023-LCS-NWA-,2023-LCS-NWA-210823-001A,21-Aug-23,8,22-Aug-23,St. Clair NWA - West Cell SCU,42.36379,-82.40715,Lepomis gibbosus,133,44.2
2023-LCS-NWA-,2023-LCS-NWA-210823-001A,21-Aug-23,8,22-Aug-23,St. Clair NWA - West Cell SCU,42.36379,-82.40715,Lepomis gibbosus,47,1.9
2023-LCS-NWA-,2023-LCS-NWA-210823-001A,21-Aug-23,8,22-Aug-23,St. Clair NWA - West Cell SCU,42.36379,-82.40715,Lepomis gibbosus,133,43
2023-LCS-NWA-,2023-LCS-NWA-210823-001A,21-Aug-23,8,22-Aug-23,St. Clair NWA - West Cell SCU,42.36379,-82.40715,Lepomis gibbosus,38,1
2023-LCS-NWA-,2023-LCS-NWA-210823-001A,21-Aug-23,8,22-Aug-23,St. Clair NWA - West Cell SCU,42.36379,-82.40715,Lepomis gibbosus,124,36.5
2023-LCS-NWA-,2023-LCS-NWA-210823-001A,21-Aug-23,8,22-Aug-23,St. Clair NWA - West Cell SCU,42.36379,-82.40715,Lepomis gibbosus,82,9.7
2023-LCS-NWA-,2023-LCS-NWA-210823-001A,21-Aug-23,8,22-Aug-23,St. Clair NWA - West Cell SCU,42.36379,-82.40715,Lepomis gibbosus,143,61.9
2023-LCS-NWA-,2023-LCS-NWA-210823-001A,21-Aug-23,8,22-Aug-23,St. Clair NWA - West Cell SCU,42.36379,-82.40715,Lepomis gibbosus,126,38.3
2023-LCS-NWA-,2023-LCS-NWA-210823-001A,21-Aug-23,8,22-Aug-23,St. Clair NWA - West Cell SCU,42.36379,-82.40715,Lepomis gibbosus,153,76.3
2023-LCS-NWA-,2023-LCS-NWA-210823-001A,21-Aug-23,8,22-Aug-23,St. Clair NWA - West Cell SCU,42.36379,-82.40715,Lepomis gibbosus,115,25.9
2023-LCS-NWA-,2023-LCS-NWA-210823-001A,21-Aug-23,8,22-Aug-23,St. Clair NWA - West Cell SCU,42.36379,-82.40715,Lepomis gibbosus,84,11.1
2023-LCS-NWA-,2023-LCS-NWA-210823-001A,21-Aug-23,8,22-Aug-23,St. Clair NWA - West Cell SCU,42.36379,-82.40715,Lepomis gibbosus,180,132
2023-LCS-NWA-,2023-LCS-NWA-210823-001A,21-Aug-23,8,22-Aug-23,St. Clair NWA - West Cell SCU,42.36379,-82.40715,Lepomis gibbosus,130,44.9
2023-LCS-NWA-,2023-LCS-NWA-210823-001A,21-Aug-23,8,22-Aug-23,St. Clair NWA - West Cell SCU,42.36379,-82.40715,Lepomis gibbosus,77,7.8
2023-LCS-NWA-,2023-LCS-NWA-210823-001A,21-Aug-23,8,22-Aug-23,St. Clair NWA - West Cell SCU,42.36379,-82.40715,Lepomis gibbosus,188,145
2023-LCS-NWA-,2023-LCS-NWA-210823-001A,21-Aug-23,8,22-Aug-23,St. Clair NWA - West Cell SCU,42.36379,-82.40715,Lepomis gibbosus,65,4.3
2023-LCS-NWA-,2023-LCS-NWA-210823-001A,21-Aug-23,8,22-Aug-23,St. Clair NWA - West Cell SCU,42.36379,-82.40715,Lepomis gibbosus,128,45.3
2023-LCS-NWA-,2023-LCS-NWA-210823-001A,21-Aug-23,8,22-Aug-23,St. Clair NWA - West Cell SCU,42.36379,-82.40715,Lepomis gibbosus,146,62
2023-LCS-NWA-,2023-LCS-NWA-210823-001A,21-Aug-23,8,22-Aug-23,St. Clair NWA - West Cell SCU,42.36379,-82.40715,Lepomis gibbosus,94,14.4
2023-LCS-NWA-,2023-LCS-NWA-210823-001A,21-Aug-23,8,22-Aug-23,St. Clair NWA - West Cell SCU,42.36379,-82.40715,Lepomis gibbosus,81,11.3
2023-LCS-NWA-,2023-LCS-NWA-210823-001A,21-Aug-23,8,22-Aug-23,St. Clair NWA - West Cell SCU,42.36379,-82.40715,Lepomis gibbosus,120,32.2
2023-LCS-NWA-,2023-LCS-NWA-210823-001A,21-Aug-23,8,22-Aug-23,St. Clair NWA - West Cell SCU,42.36379,-82.40715,Lepomis gibbosus,127,40.5
2023-LCS-NWA-,2023-LCS-NWA-210823-001A,21-Aug-23,8,22-Aug-23,St. Clair NWA - West Cell SCU,42.36379,-82.40715,Lepomis gibbosus,45,1.4
2023-LCS-NWA-,2023-LCS-NWA-210823-001A,21-Aug-23,8,22-Aug-23,St. Clair NWA - West Cell SCU,42.36379,-82.40715,Lepomis gibbosus,49,2.1
2023-LCS-NWA-,2023-LCS-NWA-210823-001A,21-Aug-23,8,22-Aug-23,St. Clair NWA - West Cell SCU,42.36379,-82.40715,Lepomis gibbosus,43,1.1
2023-LCS-NWA-,2023-LCS-NWA-210823-001A,21-Aug-23,8,22-Aug-23,St. Clair NWA - West Cell SCU,42.36379,-82.40715,Lepomis gibbosus,42,1.1
2023-LCS-NWA-,2023-LCS-NWA-210823-001A,21-Aug-23,8,22-Aug-23,St. Clair NWA - West Cell SCU,42.36379,-82.40715,Lepomis gibbosus,41,1
2023-LCS-NWA-,2023-LCS-NWA-210823-001A,21-Aug-23,8,22-Aug-23,St. Clair NWA - West Cell SCU,42.36379,-82.40715,Lepomis gibbosus,44,1.3
2023-LCS-NWA-,2023-LCS-NWA-210823-001A,21-Aug-23,8,22-Aug-23,St. Clair NWA - West Cell SCU,42.36379,-82.40715,Lepomis gibbosus,39,0.9
2023-LCS-NWA-,2023-LCS-NWA-210823-001A,21-Aug-23,8,22-Aug-23,St. Clair NWA - West Cell SCU,42.36379,-82.40715,Lepomis gibbosus,41,1
2023-LCS-NWA-,2023-LCS-NWA-210823-001A,21-Aug-23,8,22-Aug-23,St. Clair NWA - West Cell SCU,42.36379,-82.40715,Lepomis gibbosus,43,1.3
2023-LCS-NWA-,2023-LCS-NWA-210823-001A,21-Aug-23,8,22-Aug-23,St. Clair NWA - West Cell SCU,42.36379,-82.40715,Lepomis gibbosus,38,0.9
2023-LCS-NWA-,2023-LCS-NWA-210823-001A,21-Aug-23,8,22-Aug-23,St. Clair NWA - West Cell SCU,42.36379,-82.40715,Lepomis gibbosus,44,1.2
2023-LCS-NWA-,2023-LCS-NWA-210823-001A,21-Aug-23,8,22-Aug-23,St. Clair NWA - West Cell SCU,42.36379,-82.40715,Lepomis gibbosus,37,0.9
2023-LCS-NWA-,2023-LCS-NWA-210823-001A,21-Aug-23,8,22-Aug-23,St. Clair NWA - West Cell SCU,42.36379,-82.40715,Lepomis gibbosus,39,0.9
2023-LCS-NWA-,2023-LCS-NWA-210823-001A,21-Aug-23,8,22-Aug-23,St. Clair NWA - West Cell SCU,42.36379,-82.40715,Lepomis sp,36,0.6
2023-LCS-NWA-,2023-LCS-NWA-210823-001A,21-Aug-23,8,22-Aug-23,St. Clair NWA - West Cell SCU,42.36379,-82.40715,Lepomis sp,35,0.7
2023-LCS-NWA-,2023-LCS-NWA-210823-001A,21-Aug-23,8,22-Aug-23,St. Clair NWA - West Cell SCU,42.36379,-82.40715,Lepomis sp,43,1.1
2023-LCS-NWA-,2023-LCS-NWA-210823-001A,21-Aug-23,8,22-Aug-23,St. Clair NWA - West Cell SCU,42.36379,-82.40715,Lepomis sp,35,0.5
2023-LCS-NWA-,2023-LCS-NWA-210823-001A,21-Aug-23,8,22-Aug-23,St. Clair NWA - West Cell SCU,42.36379,-82.40715,Lepomis sp,41,1.1
2023-LCS-NWA-,2023-LCS-NWA-210823-001A,21-Aug-23,8,22-Aug-23,St. Clair NWA - West Cell SCU,42.36379,-82.40715,Lepomis sp,41,1
2023-LCS-NWA-,2023-LCS-NWA-210823-001A,21-Aug-23,8,22-Aug-23,St. Clair NWA - West Cell SCU,42.36379,-82.40715,Lepomis sp,37,0.9
2023-LCS-NWA-,2023-LCS-NWA-210823-001A,21-Aug-23,8,22-Aug-23,St. Clair NWA - West Cell SCU,42.36379,-82.40715,Lepomis sp,39,1
2023-LCS-NWA-,2023-LCS-NWA-210823-001A,21-Aug-23,8,22-Aug-23,St. Clair NWA - West Cell SCU,42.36379,-82.40715,Lepomis sp,38,1.1
2023-LCS-NWA-,2023-LCS-NWA-210823-001A,21-Aug-23,8,22-Aug-23,St. Clair NWA - West Cell SCU,42.36379,-82.40715,Lepomis sp,43,1.1
2023-LCS-NWA-,2023-LCS-NWA-210823-001A,21-Aug-23,8,22-Aug-23,St. Clair NWA - West Cell SCU,42.36379,-82.40715,Lepomis sp,43,1.6
2023-LCS-NWA-,2023-LCS-NWA-210823-001A,21-Aug-23,8,22-Aug-23,St. Clair NWA - West Cell SCU,42.36379,-82.40715,Lepomis sp,40,1
2023-LCS-NWA-,2023-LCS-NWA-210823-001A,21-Aug-23,8,22-Aug-23,St. Clair NWA - West Cell SCU,42.36379,-82.40715,Lepomis sp,36,0.6
2023-LCS-NWA-,2023-LCS-NWA-210823-001A,21-Aug-23,8,22-Aug-23,St. Clair NWA - West Cell SCU,42.36379,-82.40715,Lepomis sp,36,1.2
2023-LCS-NWA-,2023-LCS-NWA-210823-001A,21-Aug-23,8,22-Aug-23,St. Clair NWA - West Cell SCU,42.36379,-82.40715,Lepomis sp,38,1.3
2023-LCS-NWA-,2023-LCS-NWA-210823-001A,21-Aug-23,8,22-Aug-23,St. Clair NWA - West Cell SCU,42.36379,-82.40715,Lepomis sp,47,1.6
2023-LCS-NWA-,2023-LCS-NWA-210823-001A,21-Aug-23,8,22-Aug-23,St. Clair NWA - West Cell SCU,42.36379,-82.40715,Lepomis sp,49,0.7
2023-LCS-NWA-,2023-LCS-NWA-210823-001A,21-Aug-23,8,22-Aug-23,St. Clair NWA - West Cell SCU,42.36379,-82.40715,Lepomis sp,38,0.8
2023-LCS-NWA-,2023-LCS-NWA-210823-001A,21-Aug-23,8,22-Aug-23,St. Clair NWA - West Cell SCU,42.36379,-82.40715,Lepomis sp,42,1.1
2023-LCS-NWA-,2023-LCS-NWA-210823-001A,21-Aug-23,8,22-Aug-23,St. Clair NWA - West Cell SCU,42.36379,-82.40715,Lepomis sp,40,1
2023-LCS-NWA-,2023-LCS-NWA-210823-001A,21-Aug-23,8,22-Aug-23,St. Clair NWA - West Cell SCU,42.36379,-82.40715,Lepomis sp,35,0.8
2023-LCS-NWA-,2023-LCS-NWA-210823-001A,21-Aug-23,8,22-Aug-23,St. Clair NWA - West Cell SCU,42.36379,-82.40715,Lepomis sp,37,0.8
2023-LCS-NWA-,2023-LCS-NWA-210823-001A,21-Aug-23,8,22-Aug-23,St. Clair NWA - West Cell SCU,42.36379,-82.40715,Lepomis sp,33,0.6
2023-LCS-NWA-,2023-LCS-NWA-210823-001A,21-Aug-23,8,22-Aug-23,St. Clair NWA - West Cell SCU,42.36379,-82.40715,Lepomis sp,40,0.9
2023-LCS-NWA-,2023-LCS-NWA-210823-001A,21-Aug-23,8,22-Aug-23,St. Clair NWA - West Cell SCU,42.36379,-82.40715,Lepomis sp,38,0.9
2023-LCS-NWA-,2023-LCS-NWA-210823-001A,21-Aug-23,8,22-Aug-23,St. Clair NWA - West Cell SCU,42.36379,-82.40715,Lepomis sp,36,0.6
2023-LCS-NWA-,2023-LCS-NWA-210823-001A,21-Aug-23,8,22-Aug-23,St. Clair NWA - West Cell SCU,42.36379,-82.40715,Lepomis sp,37,0.7
2023-LCS-NWA-,2023-LCS-NWA-210823-001A,21-Aug-23,8,22-Aug-23,St. Clair NWA - West Cell SCU,42.36379,-82.40715,Lepomis sp,29,0.4
2023-LCS-NWA-,2023-LCS-NWA-210823-001A,21-Aug-23,8,22-Aug-23,St. Clair NWA - West Cell SCU,42.36379,-82.40715,Lepomis sp,39,0.9
2023-LCS-NWA-,2023-LCS-NWA-210823-001A,21-Aug-23,8,22-Aug-23,St. Clair NWA - West Cell SCU,42.36379,-82.40715,Lepomis sp,37,0.9
2023-LCS-NWA-,2023-LCS-NWA-210823-001A,21-Aug-23,8,22-Aug-23,St. Clair NWA - West Cell SCU,42.36379,-82.40715,Lepomis sp,32,0.4
2023-LCS-NWA-,2023-LCS-NWA-210823-001A,21-Aug-23,8,22-Aug-23,St. Clair NWA - West Cell SCU,42.36379,-82.40715,Lepomis macrochirus,41,1.1
2023-LCS-NWA-,2023-LCS-NWA-210823-001A,21-Aug-23,8,22-Aug-23,St. Clair NWA - West Cell SCU,42.36379,-82.40715,Lepomis macrochirus,41,1
2023-LCS-NWA-,2023-LCS-NWA-210823-001A,21-Aug-23,8,22-Aug-23,St. Clair NWA - West Cell SCU,42.36379,-82.40715,Lepomis macrochirus,43,1
2023-LCS-NWA-,2023-LCS-NWA-210823-001A,21-Aug-23,8,22-Aug-23,St. Clair NWA - West Cell SCU,42.36379,-82.40715,Lepomis macrochirus,45,1.2
2023-LCS-NWA-,2023-LCS-NWA-210823-001A,21-Aug-23,8,22-Aug-23,St. Clair NWA - West Cell SCU,42.36379,-82.40715,Lepomis macrochirus,39,0.9
2023-LCS-NWA-,2023-LCS-NWA-210823-001A,21-Aug-23,8,22-Aug-23,St. Clair NWA - West Cell SCU,42.36379,-82.40715,Lepomis macrochirus,36,0.9
2023-LCS-NWA-,2023-LCS-NWA-210823-001A,21-Aug-23,8,22-Aug-23,St. Clair NWA - West Cell SCU,42.36379,-82.40715,Lepomis macrochirus,146,61.4
2023-LCS-NWA-,2023-LCS-NWA-210823-001A,21-Aug-23,8,22-Aug-23,St. Clair NWA - West Cell SCU,42.36379,-82.40715,Lepomis macrochirus,37,0.8
2023-LCS-NWA-,2023-LCS-NWA-210823-001A,21-Aug-23,8,22-Aug-23,St. Clair NWA - West Cell SCU,42.36379,-82.40715,Lepomis macrochirus,89,11.9
2023-LCS-NWA-,2023-LCS-NWA-210823-001A,21-Aug-23,8,22-Aug-23,St. Clair NWA - West Cell SCU,42.36379,-82.40715,Lepomis macrochirus,139,49.7
2023-LCS-NWA-,2023-LCS-NWA-210823-001A,21-Aug-23,8,22-Aug-23,St. Clair NWA - West Cell SCU,42.36379,-82.40715,Lepomis macrochirus,167,98.7
2023-LCS-NWA-,2023-LCS-NWA-210823-001A,21-Aug-23,8,22-Aug-23,St. Clair NWA - West Cell SCU,42.36379,-82.40715,Lepomis macrochirus,147,54.5
2023-LCS-NWA-,2023-LCS-NWA-210823-001A,21-Aug-23,8,22-Aug-23,St. Clair NWA - West Cell SCU,42.36379,-82.40715,Lepomis macrochirus,44,1.3
2023-LCS-NWA-,2023-LCS-NWA-210823-001A,21-Aug-23,8,22-Aug-23,St. Clair NWA - West Cell SCU,42.36379,-82.40715,Lepomis macrochirus,176,119.2
2023-LCS-NWA-,2023-LCS-NWA-210823-001A,21-Aug-23,8,22-Aug-23,St. Clair NWA - West Cell SCU,42.36379,-82.40715,Lepomis macrochirus,83,10.2
2023-LCS-NWA-,2023-LCS-NWA-210823-001A,21-Aug-23,8,22-Aug-23,St. Clair NWA - West Cell SCU,42.36379,-82.40715,Lepomis macrochirus,162,90.8
2023-LCS-NWA-,2023-LCS-NWA-210823-001A,21-Aug-23,8,22-Aug-23,St. Clair NWA - West Cell SCU,42.36379,-82.40715,Lepomis macrochirus,177,123.7
2023-LCS-NWA-,2023-LCS-NWA-210823-001A,21-Aug-23,8,22-Aug-23,St. Clair NWA - West Cell SCU,42.36379,-82.40715,Lepomis macrochirus,95,16.3
2023-LCS-NWA-,2023-LCS-NWA-210823-001A,21-Aug-23,8,22-Aug-23,St. Clair NWA - West Cell SCU,42.36379,-82.40715,Lepomis macrochirus,158,83.8
2023-LCS-NWA-,2023-LCS-NWA-210823-001A,21-Aug-23,8,22-Aug-23,St. Clair NWA - West Cell SCU,42.36379,-82.40715,Lepomis macrochirus,91,15.4
2023-LCS-NWA-,2023-LCS-NWA-210823-001A,21-Aug-23,8,22-Aug-23,St. Clair NWA - West Cell SCU,42.36379,-82.40715,Lepomis macrochirus,49,1.9
2023-LCS-NWA-,2023-LCS-NWA-210823-001A,21-Aug-23,8,22-Aug-23,St. Clair NWA - West Cell SCU,42.36379,-82.40715,Lepomis macrochirus,44,1.3
2023-LCS-NWA-,2023-LCS-NWA-210823-001A,21-Aug-23,8,22-Aug-23,St. Clair NWA - West Cell SCU,42.36379,-82.40715,Lepomis macrochirus,46,1.4
2023-LCS-NWA-,2023-LCS-NWA-210823-001A,21-Aug-23,8,22-Aug-23,St. Clair NWA - West Cell SCU,42.36379,-82.40715,Lepomis macrochirus,41,0.9
2023-LCS-NWA-,2023-LCS-NWA-210823-001A,21-Aug-23,8,22-Aug-23,St. Clair NWA - West Cell SCU,42.36379,-82.40715,Lepomis macrochirus,40,1
2023-LCS-NWA-,2023-LCS-NWA-210823-001A,21-Aug-23,8,22-Aug-23,St. Clair NWA - West Cell SCU,42.36379,-82.40715,Lepomis macrochirus,40,1.1
2023-LCS-NWA-,2023-LCS-NWA-210823-001A,21-Aug-23,8,22-Aug-23,St. Clair NWA - West Cell SCU,42.36379,-82.40715,Lepomis macrochirus,32,0.5
2023-LCS-NWA-,2023-LCS-NWA-210823-001A,21-Aug-23,8,22-Aug-23,St. Clair NWA - West Cell SCU,42.36379,-82.40715,Lepomis macrochirus,40,1.1
2023-LCS-NWA-,2023-LCS-NWA-210823-001A,21-Aug-23,8,22-Aug-23,St. Clair NWA - West Cell SCU,42.36379,-82.40715,Lepomis macrochirus,45,1.3
2023-LCS-NWA-,2023-LCS-NWA-210823-001A,21-Aug-23,8,22-Aug-23,St. Clair NWA - West Cell SCU,42.36379,-82.40715,Lepomis macrochirus,33,0.6
2023-LCS-NWA-,2023-LCS-NWA-210823-001A,21-Aug-23,8,22-Aug-23,St. Clair NWA - West Cell SCU,42.36379,-82.40715,Lepomis macrochirus,38,0.8
2023-LCS-NWA-,2023-LCS-NWA-210823-001A,21-Aug-23,8,22-Aug-23,St. Clair NWA - West Cell SCU,42.36379,-82.40715,Lepomis macrochirus,38,0.9
2023-LCS-NWA-,2023-LCS-NWA-210823-001A,21-Aug-23,8,22-Aug-23,St. Clair NWA - West Cell SCU,42.36379,-82.40715,Lepomis macrochirus,38,0.9
2023-LCS-NWA-,2023-LCS-NWA-210823-001A,21-Aug-23,8,22-Aug-23,St. Clair NWA - West Cell SCU,42.36379,-82.40715,Lepomis macrochirus,40,0.9
2023-LCS-NWA-,2023-LCS-NWA-210823-001A,21-Aug-23,8,22-Aug-23,St. Clair NWA - West Cell SCU,42.36379,-82.40715,Lepomis macrochirus,37,0.8
2023-LCS-NWA-,2023-LCS-NWA-210823-001A,21-Aug-23,8,22-Aug-23,St. Clair NWA - West Cell SCU,42.36379,-82.40715,Lepomis macrochirus,39,1
2023-LCS-NWA-,2023-LCS-NWA-210823-001A,21-Aug-23,8,22-Aug-23,St. Clair NWA - West Cell SCU,42.36379,-82.40715,Lepomis macrochirus,42,1
2023-LCS-NWA-,2023-LCS-NWA-210823-001A,21-Aug-23,8,22-Aug-23,St. Clair NWA - West Cell SCU,42.36379,-82.40715,Lepomis macrochirus,38,0.7
2023-LCS-NWA-,2023-LCS-NWA-210823-001A,21-Aug-23,8,22-Aug-23,St. Clair NWA - West Cell SCU,42.36379,-82.40715,Lepomis macrochirus,40,0.9
2023-LCS-NWA-,2023-LCS-NWA-210823-001A,21-Aug-23,8,22-Aug-23,St. Clair NWA - West Cell SCU,42.36379,-82.40715,Lepomis macrochirus,44,1.2
2023-LCS-NWA-,2023-LCS-NWA-210823-001A,21-Aug-23,8,22-Aug-23,St. Clair NWA - West Cell SCU,42.36379,-82.40715,Lepomis macrochirus,37,0.7
2023-LCS-NWA-,2023-LCS-NWA-210823-001A,21-Aug-23,8,22-Aug-23,St. Clair NWA - West Cell SCU,42.36379,-82.40715,Lepomis macrochirus,36,0.8
2023-LCS-NWA-,2023-LCS-NWA-210823-001A,21-Aug-23,8,22-Aug-23,St. Clair NWA - West Cell SCU,42.36379,-82.40715,Lepomis macrochirus,34,0.7
2023-LCS-NWA-,2023-LCS-NWA-210823-001A,21-Aug-23,8,22-Aug-23,St. Clair NWA - West Cell SCU,42.36379,-82.40715,Notemigonus crysoleucas,55,1.3
2023-LCS-NWA-,2023-LCS-NWA-210823-001A,21-Aug-23,8,22-Aug-23,St. Clair NWA - West Cell SCU,42.36379,-82.40715,Notemigonus crysoleucas,53,1
2023-LCS-NWA-,2023-LCS-NWA-210823-001A,21-Aug-23,8,22-Aug-23,St. Clair NWA - West Cell SCU,42.36379,-82.40715,Notemigonus crysoleucas,55,1.3
2023-LCS-NWA-,2023-LCS-NWA-210823-001A,21-Aug-23,8,22-Aug-23,St. Clair NWA - West Cell SCU,42.36379,-82.40715,Notemigonus crysoleucas,57,1.6
2023-LCS-NWA-,2023-LCS-NWA-210823-001A,21-Aug-23,8,22-Aug-23,St. Clair NWA - West Cell SCU,42.36379,-82.40715,Notemigonus crysoleucas,54,1
2023-LCS-NWA-,2023-LCS-NWA-210823-001A,21-Aug-23,8,22-Aug-23,St. Clair NWA - West Cell SCU,42.36379,-82.40715,Notemigonus crysoleucas,62,1.7
2023-LCS-NWA-,2023-LCS-NWA-210823-001A,21-Aug-23,8,22-Aug-23,St. Clair NWA - West Cell SCU,42.36379,-82.40715,Notemigonus crysoleucas,61,1.8
2023-LCS-NWA-,2023-LCS-NWA-210823-001A,21-Aug-23,8,22-Aug-23,St. Clair NWA - West Cell SCU,42.36379,-82.40715,Notemigonus crysoleucas,56,1.4
2023-LCS-NWA-,2023-LCS-NWA-210823-001A,21-Aug-23,8,22-Aug-23,St. Clair NWA - West Cell SCU,42.36379,-82.40715,Notemigonus crysoleucas,55,1.3
2023-LCS-NWA-,2023-LCS-NWA-210823-001A,21-Aug-23,8,22-Aug-23,St. Clair NWA - West Cell SCU,42.36379,-82.40715,Notemigonus crysoleucas,54,1.1
2023-LCS-NWA-,2023-LCS-NWA-210823-001A,21-Aug-23,8,22-Aug-23,St. Clair NWA - West Cell SCU,42.36379,-82.40715,Notemigonus crysoleucas,52,0.9
2023-LCS-NWA-,2023-LCS-NWA-210823-001A,21-Aug-23,8,22-Aug-23,St. Clair NWA - West Cell SCU,42.36379,-82.40715,Notemigonus crysoleucas,53,1.3
2023-LCS-NWA-,2023-LCS-NWA-210823-001A,21-Aug-23,8,22-Aug-23,St. Clair NWA - West Cell SCU,42.36379,-82.40715,Notemigonus crysoleucas,45,0.7
2023-LCS-NWA-,2023-LCS-NWA-210823-001A,21-Aug-23,8,22-Aug-23,St. Clair NWA - West Cell SCU,42.36379,-82.40715,Notemigonus crysoleucas,54,1
2023-LCS-NWA-,2023-LCS-NWA-210823-001A,21-Aug-23,8,22-Aug-23,St. Clair NWA - West Cell SCU,42.36379,-82.40715,Notemigonus crysoleucas,48,0.7
2023-LCS-NWA-,2023-LCS-NWA-210823-001A,21-Aug-23,8,22-Aug-23,St. Clair NWA - West Cell SCU,42.36379,-82.40715,Notemigonus crysoleucas,51,0.9
2023-LCS-NWA-,2023-LCS-NWA-210823-001A,21-Aug-23,8,22-Aug-23,St. Clair NWA - West Cell SCU,42.36379,-82.40715,Notemigonus crysoleucas,56,1.3
2023-LCS-NWA-,2023-LCS-NWA-210823-001A,21-Aug-23,8,22-Aug-23,St. Clair NWA - West Cell SCU,42.36379,-82.40715,Notemigonus crysoleucas,52,0.8
2023-LCS-NWA-,2023-LCS-NWA-210823-001A,21-Aug-23,8,22-Aug-23,St. Clair NWA - West Cell SCU,42.36379,-82.40715,Notemigonus crysoleucas,56,1.4
2023-LCS-NWA-,2023-LCS-NWA-210823-001A,21-Aug-23,8,22-Aug-23,St. Clair NWA - West Cell SCU,42.36379,-82.40715,Notemigonus crysoleucas,53,0.9
2023-LCS-NWA-,2023-LCS-NWA-210823-001A,21-Aug-23,8,22-Aug-23,St. Clair NWA - West Cell SCU,42.36379,-82.40715,Notemigonus crysoleucas,55,0.9
2023-LCS-NWA-,2023-LCS-NWA-210823-001A,21-Aug-23,8,22-Aug-23,St. Clair NWA - West Cell SCU,42.36379,-82.40715,Micropterus nigricans,62,3
2023-LCS-NWA-,2023-LCS-NWA-210823-001A,21-Aug-23,8,22-Aug-23,St. Clair NWA - West Cell SCU,42.36379,-82.40715,Micropterus nigricans,67,3.4
2023-LCS-NWA-,2023-LCS-NWA-210823-001A,21-Aug-23,8,22-Aug-23,St. Clair NWA - West Cell SCU,42.36379,-82.40715,Micropterus nigricans,76,3.6
2023-LCS-NWA-,2023-LCS-NWA-210823-001A,21-Aug-23,8,22-Aug-23,St. Clair NWA - West Cell SCU,42.36379,-82.40715,Micropterus nigricans,65,3.7
2023-LCS-NWA-,2023-LCS-NWA-210823-001A,21-Aug-23,8,22-Aug-23,St. Clair NWA - West Cell SCU,42.36379,-82.40715,Micropterus nigricans,61,2.8
2023-LCS-NWA-,2023-LCS-NWA-210823-001A,21-Aug-23,8,22-Aug-23,St. Clair NWA - West Cell SCU,42.36379,-82.40715,Micropterus nigricans,54,1.9
2023-LCS-NWA-,2023-LCS-NWA-210823-001A,21-Aug-23,8,22-Aug-23,St. Clair NWA - West Cell SCU,42.36379,-82.40715,Micropterus nigricans,55,2.2
2023-LCS-NWA-,2023-LCS-NWA-210823-001A,21-Aug-23,8,22-Aug-23,St. Clair NWA - West Cell SCU,42.36379,-82.40715,Micropterus nigricans,60,2.8
2023-LCS-NWA-,2023-LCS-NWA-210823-001A,21-Aug-23,8,22-Aug-23,St. Clair NWA - West Cell SCU,42.36379,-82.40715,Micropterus nigricans,55,2.6
2023-LCS-NWA-,2023-LCS-NWA-220823-001A,22-Aug-23,8,23-Aug-23,St. Clair NWA - West Cell SCU,42.36795,-82.40908,Pomoxis nigromaculatus,247,244.1
2023-LCS-NWA-,2023-LCS-NWA-220823-001A,22-Aug-23,8,23-Aug-23,St. Clair NWA - West Cell SCU,42.36795,-82.40908,Amia ocellicauda,440,750
2023-LCS-NWA-,2023-LCS-NWA-220823-001A,22-Aug-23,8,23-Aug-23,St. Clair NWA - West Cell SCU,42.36795,-82.40908,Amia ocellicauda,525,1500
2023-LCS-NWA-,2023-LCS-NWA-220823-001A,22-Aug-23,8,23-Aug-23,St. Clair NWA - West Cell SCU,42.36795,-82.40908,Amia ocellicauda,430,670
2023-LCS-NWA-,2023-LCS-NWA-220823-001A,22-Aug-23,8,23-Aug-23,St. Clair NWA - West Cell SCU,42.36795,-82.40908,Amia ocellicauda,475,910
2023-LCS-NWA-,2023-LCS-NWA-220823-001A,22-Aug-23,8,23-Aug-23,St. Clair NWA - West Cell SCU,42.36795,-82.40908,Lepomis gibbosus,170,103.2
2023-LCS-NWA-,2023-LCS-NWA-220823-001A,22-Aug-23,8,23-Aug-23,St. Clair NWA - West Cell SCU,42.36795,-82.40908,Lepomis gibbosus,163,90.2
2023-LCS-NWA-,2023-LCS-NWA-220823-001A,22-Aug-23,8,23-Aug-23,St. Clair NWA - West Cell SCU,42.36795,-82.40908,Lepomis gibbosus,133,44.8
2023-LCS-NWA-,2023-LCS-NWA-220823-001A,22-Aug-23,8,23-Aug-23,St. Clair NWA - West Cell SCU,42.36795,-82.40908,Lepomis gibbosus,69,5.2
2023-LCS-NWA-,2023-LCS-NWA-220823-001A,22-Aug-23,8,23-Aug-23,St. Clair NWA - West Cell SCU,42.36795,-82.40908,Lepomis gibbosus,63,4
2023-LCS-NWA-,2023-LCS-NWA-220823-001A,22-Aug-23,8,23-Aug-23,St. Clair NWA - West Cell SCU,42.36795,-82.40908,Lepomis gibbosus,64,4.1
2023-LCS-NWA-,2023-LCS-NWA-220823-001A,22-Aug-23,8,23-Aug-23,St. Clair NWA - West Cell SCU,42.36795,-82.40908,Lepomis gibbosus,75,6.3
2023-LCS-NWA-,2023-LCS-NWA-220823-001A,22-Aug-23,8,23-Aug-23,St. Clair NWA - West Cell SCU,42.36795,-82.40908,Lepomis gibbosus,39,0.6
2023-LCS-NWA-,2023-LCS-NWA-220823-001A,22-Aug-23,8,23-Aug-23,St. Clair NWA - West Cell SCU,42.36795,-82.40908,Lepomis sp,33,0.5
2023-LCS-NWA-,2023-LCS-NWA-220823-001A,22-Aug-23,8,23-Aug-23,St. Clair NWA - West Cell SCU,42.36795,-82.40908,Lepomis sp,39,0.8
2023-LCS-NWA-,2023-LCS-NWA-220823-001A,22-Aug-23,8,23-Aug-23,St. Clair NWA - West Cell SCU,42.36795,-82.40908,Ameiurus nebulosus,274,330
2023-LCS-NWA-,2023-LCS-NWA-220823-001A,22-Aug-23,8,23-Aug-23,St. Clair NWA - West Cell SCU,42.36795,-82.40908,Ameiurus nebulosus,296,430
2023-LCS-NWA-,2023-LCS-NWA-220823-002A,22-Aug-23,8,23-Aug-23,St. Clair NWA - West Cell SCU,42.36927,-82.40747,Lepomis macrochirus,41,1
2023-LCS-NWA-,2023-LCS-NWA-220823-002A,22-Aug-23,8,23-Aug-23,St. Clair NWA - West Cell SCU,42.36927,-82.40747,Lepomis macrochirus,40,1
2023-LCS-NWA-,2023-LCS-NWA-220823-002A,22-Aug-23,8,23-Aug-23,St. Clair NWA - West Cell SCU,42.36927,-82.40747,Lepomis macrochirus,35,0.5
2023-LCS-NWA-,2023-LCS-NWA-220823-002A,22-Aug-23,8,23-Aug-23,St. Clair NWA - West Cell SCU,42.36927,-82.40747,Lepomis macrochirus,101,20.3
2023-LCS-NWA-,2023-LCS-NWA-220823-002A,22-Aug-23,8,23-Aug-23,St. Clair NWA - West Cell SCU,42.36927,-82.40747,Lepomis macrochirus,184,129.4
2023-LCS-NWA-,2023-LCS-NWA-220823-002A,22-Aug-23,8,23-Aug-23,St. Clair NWA - West Cell SCU,42.36927,-82.40747,Amia ocellicauda,495,1190
2023-LCS-NWA-,2023-LCS-NWA-220823-002A,22-Aug-23,8,23-Aug-23,St. Clair NWA - West Cell SCU,42.36927,-82.40747,Amia ocellicauda,522,1530
2023-LCS-NWA-,2023-LCS-NWA-220823-002A,22-Aug-23,8,23-Aug-23,St. Clair NWA - West Cell SCU,42.36927,-82.40747,Erimyzon sucetta,70,3.8
2023-LCS-NWA-,2023-LCS-NWA-220823-002A,22-Aug-23,8,23-Aug-23,St. Clair NWA - West Cell SCU,42.36927,-82.40747,Erimyzon sucetta,58,1.9
2023-LCS-NWA-,2023-LCS-NWA-220823-002A,22-Aug-23,8,23-Aug-23,St. Clair NWA - West Cell SCU,42.36927,-82.40747,Erimyzon sucetta,58,1.5
2023-LCS-NWA-,2023-LCS-NWA-220823-002A,22-Aug-23,8,23-Aug-23,St. Clair NWA - West Cell SCU,42.36927,-82.40747,Erimyzon sucetta,62,2.9
2023-LCS-NWA-,2023-LCS-NWA-220823-002A,22-Aug-23,8,23-Aug-23,St. Clair NWA - West Cell SCU,42.36927,-82.40747,Lepomis gibbosus,32,0.4
2023-LCS-NWA-,2023-LCS-NWA-220823-002A,22-Aug-23,8,23-Aug-23,St. Clair NWA - West Cell SCU,42.36927,-82.40747,Lepomis gibbosus,43,1.4
2023-LCS-NWA-,2023-LCS-NWA-220823-002A,22-Aug-23,8,23-Aug-23,St. Clair NWA - West Cell SCU,42.36927,-82.40747,Lepomis gibbosus,34,0.6
2023-LCS-NWA-,2023-LCS-NWA-220823-002A,22-Aug-23,8,23-Aug-23,St. Clair NWA - West Cell SCU,42.36927,-82.40747,Lepomis gibbosus,37,0.7
2023-LCS-NWA-,2023-LCS-NWA-220823-002A,22-Aug-23,8,23-Aug-23,St. Clair NWA - West Cell SCU,42.36927,-82.40747,Lepomis gibbosus,32,1
2023-LCS-NWA-,2023-LCS-NWA-220823-002A,22-Aug-23,8,23-Aug-23,St. Clair NWA - West Cell SCU,42.36927,-82.40747,Lepomis gibbosus,40,1
2023-LCS-NWA-,2023-LCS-NWA-220823-002A,22-Aug-23,8,23-Aug-23,St. Clair NWA - West Cell SCU,42.36927,-82.40747,Lepomis gibbosus,42,1
2023-LCS-NWA-,2023-LCS-NWA-220823-002A,22-Aug-23,8,23-Aug-23,St. Clair NWA - West Cell SCU,42.36927,-82.40747,Lepomis gibbosus,39,1
2023-LCS-NWA-,2023-LCS-NWA-220823-002A,22-Aug-23,8,23-Aug-23,St. Clair NWA - West Cell SCU,42.36927,-82.40747,Lepomis gibbosus,40,1
2023-LCS-NWA-,2023-LCS-NWA-220823-002A,22-Aug-23,8,23-Aug-23,St. Clair NWA - West Cell SCU,42.36927,-82.40747,Lepomis gibbosus,86,11.6
2023-LCS-NWA-,2023-LCS-NWA-220823-002A,22-Aug-23,8,23-Aug-23,St. Clair NWA - West Cell SCU,42.36927,-82.40747,Lepomis gibbosus,74,7.8
2023-LCS-NWA-,2023-LCS-NWA-220823-002A,22-Aug-23,8,23-Aug-23,St. Clair NWA - West Cell SCU,42.36927,-82.40747,Lepomis gibbosus,39,0.8
2023-LCS-NWA-,2023-LCS-NWA-220823-002A,22-Aug-23,8,23-Aug-23,St. Clair NWA - West Cell SCU,42.36927,-82.40747,Lepomis gibbosus,42,1.1
2023-LCS-NWA-,2023-LCS-NWA-220823-002A,22-Aug-23,8,23-Aug-23,St. Clair NWA - West Cell SCU,42.36927,-82.40747,Lepomis gibbosus,40,0.9
2023-LCS-NWA-,2023-LCS-NWA-220823-002A,22-Aug-23,8,23-Aug-23,St. Clair NWA - West Cell SCU,42.36927,-82.40747,Lepomis gibbosus,34,0.7
2023-LCS-NWA-,2023-LCS-NWA-220823-002A,22-Aug-23,8,23-Aug-23,St. Clair NWA - West Cell SCU,42.36927,-82.40747,Lepomis gibbosus,44,1.3
2023-LCS-NWA-,2023-LCS-NWA-220823-002A,22-Aug-23,8,23-Aug-23,St. Clair NWA - West Cell SCU,42.36927,-82.40747,Lepomis gibbosus,35,0.9
2023-LCS-NWA-,2023-LCS-NWA-220823-002A,22-Aug-23,8,23-Aug-23,St. Clair NWA - West Cell SCU,42.36927,-82.40747,Lepomis sp,32,0.5
2023-LCS-NWA-,2023-LCS-NWA-220823-002A,22-Aug-23,8,23-Aug-23,St. Clair NWA - West Cell SCU,42.36927,-82.40747,Lepomis sp,35,0.7
2023-LCS-NWA-,2023-LCS-NWA-220823-002A,22-Aug-23,8,23-Aug-23,St. Clair NWA - West Cell SCU,42.36927,-82.40747,Lepomis sp,40,0.9
2023-LCS-NWA-,2023-LCS-NWA-220823-002A,22-Aug-23,8,23-Aug-23,St. Clair NWA - West Cell SCU,42.36927,-82.40747,Lepomis sp,29,0.4
2023-LCS-NWA-,2023-LCS-NWA-220823-002A,22-Aug-23,8,23-Aug-23,St. Clair NWA - West Cell SCU,42.36927,-82.40747,Lepomis sp,40,0.7
2023-LCS-NWA-,2023-LCS-NWA-220823-002A,22-Aug-23,8,23-Aug-23,St. Clair NWA - West Cell SCU,42.36927,-82.40747,Lepomis sp,34,0.6
2023-LCS-NWA-,2023-LCS-NWA-220823-002A,22-Aug-23,8,23-Aug-23,St. Clair NWA - West Cell SCU,42.36927,-82.40747,Lepomis sp,23,0
2023-LCS-NWA-,2023-LCS-NWA-220823-002A,22-Aug-23,8,23-Aug-23,St. Clair NWA - West Cell SCU,42.36927,-82.40747,Lepomis sp,30,0.4
2023-LCS-NWA-,2023-LCS-NWA-220823-002A,22-Aug-23,8,23-Aug-23,St. Clair NWA - West Cell SCU,42.36927,-82.40747,Lepomis sp,34,0.6
2023-LCS-NWA-,2023-LCS-NWA-220823-002A,22-Aug-23,8,23-Aug-23,St. Clair NWA - West Cell SCU,42.36927,-82.40747,Lepomis sp,27,0
2023-LCS-NWA-,2023-LCS-NWA-220823-002A,22-Aug-23,8,23-Aug-23,St. Clair NWA - West Cell SCU,42.36927,-82.40747,Lepomis sp,24,0
2023-LCS-NWA-,2023-LCS-NWA-220823-002A,22-Aug-23,8,23-Aug-23,St. Clair NWA - West Cell SCU,42.36927,-82.40747,Lepomis sp,24,0
2023-LCS-NWA-,2023-LCS-NWA-220823-002A,22-Aug-23,8,23-Aug-23,St. Clair NWA - West Cell SCU,42.36927,-82.40747,Lepomis sp,24,0
2023-LCS-NWA-,2023-LCS-NWA-220823-002A,22-Aug-23,8,23-Aug-23,St. Clair NWA - West Cell SCU,42.36927,-82.40747,Lepomis sp,43,1.2
2023-LCS-NWA-,2023-LCS-NWA-220823-002A,22-Aug-23,8,23-Aug-23,St. Clair NWA - West Cell SCU,42.36927,-82.40747,Lepomis sp,43,1.2
2023-LCS-NWA-,2023-LCS-NWA-220823-002A,22-Aug-23,8,23-Aug-23,St. Clair NWA - West Cell SCU,42.36927,-82.40747,Lepomis sp,36,0.7
2023-LCS-NWA-,2023-LCS-NWA-220823-002A,22-Aug-23,8,23-Aug-23,St. Clair NWA - West Cell SCU,42.36927,-82.40747,Lepomis sp,38,0.8
2023-LCS-NWA-,2023-LCS-NWA-220823-002A,22-Aug-23,8,23-Aug-23,St. Clair NWA - West Cell SCU,42.36927,-82.40747,Lepomis sp,30,0.3
2023-LCS-NWA-,2023-LCS-NWA-220823-002A,22-Aug-23,8,23-Aug-23,St. Clair NWA - West Cell SCU,42.36927,-82.40747,Lepomis sp,24,0
2023-LCS-NWA-,2023-LCS-NWA-220823-002A,22-Aug-23,8,23-Aug-23,St. Clair NWA - West Cell SCU,42.36927,-82.40747,Lepomis sp,28,0.4
2023-LCS-NWA-,2023-LCS-NWA-220823-002A,22-Aug-23,8,23-Aug-23,St. Clair NWA - West Cell SCU,42.36927,-82.40747,Lepomis sp,37,1.6
2023-LCS-NWA-,2023-LCS-NWA-220823-002A,22-Aug-23,8,23-Aug-23,St. Clair NWA - West Cell SCU,42.36927,-82.40747,Lepomis sp,30,0.4
2023-LCS-NWA-,2023-LCS-NWA-220823-002A,22-Aug-23,8,23-Aug-23,St. Clair NWA - West Cell SCU,42.36927,-82.40747,Lepomis sp,35,0.8
2023-LCS-NWA-,2023-LCS-NWA-220823-002A,22-Aug-23,8,23-Aug-23,St. Clair NWA - West Cell SCU,42.36927,-82.40747,Lepomis sp,31,0.4
2023-LCS-NWA-,2023-LCS-NWA-220823-002A,22-Aug-23,8,23-Aug-23,St. Clair NWA - West Cell SCU,42.36927,-82.40747,Lepomis sp,30,0.3
2023-LCS-NWA-,2023-LCS-NWA-220823-002A,22-Aug-23,8,23-Aug-23,St. Clair NWA - West Cell SCU,42.36927,-82.40747,Lepomis sp,33,0.3
2023-LCS-NWA-,2023-LCS-NWA-220823-002A,22-Aug-23,8,23-Aug-23,St. Clair NWA - West Cell SCU,42.36927,-82.40747,Lepomis sp,36,0.7
2023-LCS-NWA-,2023-LCS-NWA-220823-002A,22-Aug-23,8,23-Aug-23,St. Clair NWA - West Cell SCU,42.36927,-82.40747,Lepomis sp,25,0
2023-LCS-NWA-,2023-LCS-NWA-220823-002A,22-Aug-23,8,23-Aug-23,St. Clair NWA - West Cell SCU,42.36927,-82.40747,Lepomis sp,25,0
2023-LCS-NWA-,2023-LCS-NWA-220823-002A,22-Aug-23,8,23-Aug-23,St. Clair NWA - West Cell SCU,42.36927,-82.40747,Lepomis sp,25,0
2023-LCS-NWA-,2023-LCS-NWA-220823-002A,22-Aug-23,8,23-Aug-23,St. Clair NWA - West Cell SCU,42.36927,-82.40747,Lepomis sp,39,0.9
2023-LCS-NWA-,2023-LCS-NWA-220823-002A,22-Aug-23,8,23-Aug-23,St. Clair NWA - West Cell SCU,42.36927,-82.40747,Lepomis sp,26,0
2023-LCS-NWA-,2023-LCS-NWA-220823-002A,22-Aug-23,8,23-Aug-23,St. Clair NWA - West Cell SCU,42.36927,-82.40747,Lepomis sp,28,0.3
2023-LCS-NWA-,2023-LCS-NWA-220823-002A,22-Aug-23,8,23-Aug-23,St. Clair NWA - West Cell SCU,42.36927,-82.40747,Lepomis sp,30,0
2023-LCS-NWA-,2023-LCS-NWA-220823-002A,22-Aug-23,8,23-Aug-23,St. Clair NWA - West Cell SCU,42.36927,-82.40747,Lepomis sp,35,0.4
2023-LCS-NWA-,2023-LCS-NWA-220823-002A,22-Aug-23,8,23-Aug-23,St. Clair NWA - West Cell SCU,42.36927,-82.40747,Lepomis sp,35,0.7
2023-LCS-NWA-,2023-LCS-NWA-220823-002A,22-Aug-23,8,23-Aug-23,St. Clair NWA - West Cell SCU,42.36927,-82.40747,Lepomis sp,29,0.3
2023-LCS-NWA-,2023-LCS-NWA-220823-002A,22-Aug-23,8,23-Aug-23,St. Clair NWA - West Cell SCU,42.36927,-82.40747,Lepomis sp,25,0
2023-LCS-NWA-,2023-LCS-NWA-220823-002A,22-Aug-23,8,23-Aug-23,St. Clair NWA - West Cell SCU,42.36927,-82.40747,Lepomis sp,22,0
2023-LCS-NWA-,2023-LCS-NWA-220823-002A,22-Aug-23,8,23-Aug-23,St. Clair NWA - West Cell SCU,42.36927,-82.40747,Lepomis sp,23,0
2023-LCS-NWA-,2023-LCS-NWA-220823-002A,22-Aug-23,8,23-Aug-23,St. Clair NWA - West Cell SCU,42.36927,-82.40747,Lepomis sp,42,1.1
2023-LCS-NWA-,2023-LCS-NWA-220823-002A,22-Aug-23,8,23-Aug-23,St. Clair NWA - West Cell SCU,42.36927,-82.40747,Lepomis sp,37,0.8
2023-LCS-NWA-,2023-LCS-NWA-220823-002A,22-Aug-23,8,23-Aug-23,St. Clair NWA - West Cell SCU,42.36927,-82.40747,Lepomis sp,35,0.6
2023-LCS-NWA-,2023-LCS-NWA-220823-002A,22-Aug-23,8,23-Aug-23,St. Clair NWA - West Cell SCU,42.36927,-82.40747,Lepomis sp,44,1.2
2023-LCS-NWA-,2023-LCS-NWA-220823-002A,22-Aug-23,8,23-Aug-23,St. Clair NWA - West Cell SCU,42.36927,-82.40747,Lepomis sp,33,0.4
2023-LCS-NWA-,2023-LCS-NWA-220823-002A,22-Aug-23,8,23-Aug-23,St. Clair NWA - West Cell SCU,42.36927,-82.40747,Lepomis sp,39,1.1
2023-LCS-NWA-,2023-LCS-NWA-220823-002A,22-Aug-23,8,23-Aug-23,St. Clair NWA - West Cell SCU,42.36927,-82.40747,Lepomis sp,23,0.3
2023-LCS-NWA-,2023-LCS-NWA-220823-002A,22-Aug-23,8,23-Aug-23,St. Clair NWA - West Cell SCU,42.36927,-82.40747,Lepomis sp,42,1.1
2023-LCS-NWA-,2023-LCS-NWA-220823-002A,22-Aug-23,8,23-Aug-23,St. Clair NWA - West Cell SCU,42.36927,-82.40747,Lepomis sp,24,0
2023-LCS-NWA-,2023-LCS-NWA-220823-002A,22-Aug-23,8,23-Aug-23,St. Clair NWA - West Cell SCU,42.36927,-82.40747,Lepomis sp,25,0
2023-LCS-NWA-,2023-LCS-NWA-220823-002A,22-Aug-23,8,23-Aug-23,St. Clair NWA - West Cell SCU,42.36927,-82.40747,Lepomis sp,33,0.5
2023-LCS-NWA-,2023-LCS-NWA-220823-002A,22-Aug-23,8,23-Aug-23,St. Clair NWA - West Cell SCU,42.36927,-82.40747,Lepomis sp,31,0.3
2023-LCS-NWA-,2023-LCS-NWA-220823-002A,22-Aug-23,8,23-Aug-23,St. Clair NWA - West Cell SCU,42.36927,-82.40747,Lepomis sp,36,0.4
2023-LCS-NWA-,2023-LCS-NWA-220823-002A,22-Aug-23,8,23-Aug-23,St. Clair NWA - West Cell SCU,42.36927,-82.40747,Lepomis sp,40,1.1
2023-LCS-NWA-,2023-LCS-NWA-220823-002A,22-Aug-23,8,23-Aug-23,St. Clair NWA - West Cell SCU,42.36927,-82.40747,Lepomis sp,27,0
2023-LCS-NWA-,2023-LCS-NWA-220823-002A,22-Aug-23,8,23-Aug-23,St. Clair NWA - West Cell SCU,42.36927,-82.40747,Lepomis sp,29,0.2
2023-LCS-NWA-,2023-LCS-NWA-220823-002A,22-Aug-23,8,23-Aug-23,St. Clair NWA - West Cell SCU,42.36927,-82.40747,Lepomis sp,23,0
2023-LCS-NWA-,2023-LCS-NWA-220823-002A,22-Aug-23,8,23-Aug-23,St. Clair NWA - West Cell SCU,42.36927,-82.40747,Lepomis sp,27,0
2023-LCS-NWA-,2023-LCS-NWA-220823-002A,22-Aug-23,8,23-Aug-23,St. Clair NWA - West Cell SCU,42.36927,-82.40747,Lepomis sp,31,0.3
2023-LCS-NWA-,2023-LCS-NWA-220823-002A,22-Aug-23,8,23-Aug-23,St. Clair NWA - West Cell SCU,42.36927,-82.40747,Lepomis sp,31,0.5
2023-LCS-NWA-,2023-LCS-NWA-220823-002A,22-Aug-23,8,23-Aug-23,St. Clair NWA - West Cell SCU,42.36927,-82.40747,Lepomis sp,28,0.3
2023-LCS-NWA-,2023-LCS-NWA-220823-002A,22-Aug-23,8,23-Aug-23,St. Clair NWA - West Cell SCU,42.36927,-82.40747,Lepomis sp,26,0.3
2023-LCS-NWA-,2023-LCS-NWA-220823-002A,22-Aug-23,8,23-Aug-23,St. Clair NWA - West Cell SCU,42.36927,-82.40747,Lepomis sp,34,0.5
2023-LCS-NWA-,2023-LCS-NWA-220823-002A,22-Aug-23,8,23-Aug-23,St. Clair NWA - West Cell SCU,42.36927,-82.40747,Lepomis sp,30,0.3
2023-LCS-NWA-,2023-LCS-NWA-220823-002A,22-Aug-23,8,23-Aug-23,St. Clair NWA - West Cell SCU,42.36927,-82.40747,Lepomis sp,21,0
2023-LCS-NWA-,2023-LCS-NWA-220823-002A,22-Aug-23,8,23-Aug-23,St. Clair NWA - West Cell SCU,42.36927,-82.40747,Lepomis sp,32,0.4
2023-LCS-NWA-,2023-LCS-NWA-220823-002A,22-Aug-23,8,23-Aug-23,St. Clair NWA - West Cell SCU,42.36927,-82.40747,Lepomis sp,26,0
2023-LCS-NWA-,2023-LCS-NWA-220823-002A,22-Aug-23,8,23-Aug-23,St. Clair NWA - West Cell SCU,42.36927,-82.40747,Lepomis sp,30,0.3
2023-LCS-NWA-,2023-LCS-NWA-220823-002A,22-Aug-23,8,23-Aug-23,St. Clair NWA - West Cell SCU,42.36927,-82.40747,Lepomis sp,25,0
2023-LCS-NWA-,2023-LCS-NWA-220823-002A,22-Aug-23,8,23-Aug-23,St. Clair NWA - West Cell SCU,42.36927,-82.40747,Lepomis sp,35,0.4
2023-LCS-NWA-,2023-LCS-NWA-220823-002A,22-Aug-23,8,23-Aug-23,St. Clair NWA - West Cell SCU,42.36927,-82.40747,Lepomis sp,24,-1
2023-LCS-NWA-,2023-LCS-NWA-220823-002A,22-Aug-23,8,23-Aug-23,St. Clair NWA - West Cell SCU,42.36927,-82.40747,Lepomis sp,46,1.5
2023-LCS-NWA-,2023-LCS-NWA-220823-002A,22-Aug-23,8,23-Aug-23,St. Clair NWA - West Cell SCU,42.36927,-82.40747,Lepomis sp,40,1
2023-LCS-NWA-,2023-LCS-NWA-220823-002A,22-Aug-23,8,23-Aug-23,St. Clair NWA - West Cell SCU,42.36927,-82.40747,Lepomis sp,30,0.3
2023-LCS-NWA-,2023-LCS-NWA-220823-002A,22-Aug-23,8,23-Aug-23,St. Clair NWA - West Cell SCU,42.36927,-82.40747,Lepomis sp,29,0.4
2023-LCS-NWA-,2023-LCS-NWA-220823-002A,22-Aug-23,8,23-Aug-23,St. Clair NWA - West Cell SCU,42.36927,-82.40747,Lepomis sp,34,0.3
2023-LCS-NWA-,2023-LCS-NWA-220823-002A,22-Aug-23,8,23-Aug-23,St. Clair NWA - West Cell SCU,42.36927,-82.40747,Lepomis sp,39,0.7
2023-LCS-NWA-,2023-LCS-NWA-220823-002A,22-Aug-23,8,23-Aug-23,St. Clair NWA - West Cell SCU,42.36927,-82.40747,Lepomis sp,36,0.7
2023-LCS-NWA-,2023-LCS-NWA-220823-002A,22-Aug-23,8,23-Aug-23,St. Clair NWA - West Cell SCU,42.36927,-82.40747,Lepomis sp,34,0.6
2023-LCS-NWA-,2023-LCS-NWA-220823-002A,22-Aug-23,8,23-Aug-23,St. Clair NWA - West Cell SCU,42.36927,-82.40747,Lepomis sp,29,0.4
2023-LCS-NWA-,2023-LCS-NWA-220823-002A,22-Aug-23,8,23-Aug-23,St. Clair NWA - West Cell SCU,42.36927,-82.40747,Lepomis sp,29,0.2
2023-LCS-NWA-,2023-LCS-NWA-220823-002A,22-Aug-23,8,23-Aug-23,St. Clair NWA - West Cell SCU,42.36927,-82.40747,Lepomis sp,26,0
2023-LCS-NWA-,2023-LCS-NWA-220823-002A,22-Aug-23,8,23-Aug-23,St. Clair NWA - West Cell SCU,42.36927,-82.40747,Micropterus nigricans,56,2.5
2023-LCS-NWA-,2023-LCS-NWA-220823-003A,22-Aug-23,8,23-Aug-23,St. Clair NWA - West Cell SCU,42.37135,-82.40923,Pomoxis nigromaculatus,195,130.1
2023-LCS-NWA-,2023-LCS-NWA-220823-003A,22-Aug-23,8,23-Aug-23,St. Clair NWA - West Cell SCU,42.37135,-82.40923,Pomoxis nigromaculatus,147,46.2
2023-LCS-NWA-,2023-LCS-NWA-220823-003A,22-Aug-23,8,23-Aug-23,St. Clair NWA - West Cell SCU,42.37135,-82.40923,Amia ocellicauda,466,900
2023-LCS-NWA-,2023-LCS-NWA-220823-003A,22-Aug-23,8,23-Aug-23,St. Clair NWA - West Cell SCU,42.37135,-82.40923,Amia ocellicauda,559,1280
2023-LCS-NWA-,2023-LCS-NWA-220823-003A,22-Aug-23,8,23-Aug-23,St. Clair NWA - West Cell SCU,42.37135,-82.40923,Amia ocellicauda,405,840
2023-LCS-NWA-,2023-LCS-NWA-220823-003A,22-Aug-23,8,23-Aug-23,St. Clair NWA - West Cell SCU,42.37135,-82.40923,Amia ocellicauda,525,1520
2023-LCS-NWA-,2023-LCS-NWA-220823-003A,22-Aug-23,8,23-Aug-23,St. Clair NWA - West Cell SCU,42.37135,-82.40923,Amia ocellicauda,559,1440
2023-LCS-NWA-,2023-LCS-NWA-220823-003A,22-Aug-23,8,23-Aug-23,St. Clair NWA - West Cell SCU,42.37135,-82.40923,Lepomis gibbosus,70,5.8
2023-LCS-NWA-,2023-LCS-NWA-220823-003A,22-Aug-23,8,23-Aug-23,St. Clair NWA - West Cell SCU,42.37135,-82.40923,Lepomis gibbosus,76,76
2023-LCS-NWA-,2023-LCS-NWA-220823-004A,22-Aug-23,8,23-Aug-23,St. Clair NWA - West Cell SCU,42.37011,-82.41009,Lepomis gibbosus,72,6.8
2023-LCS-NWA-,2023-LCS-NWA-220823-004A,22-Aug-23,8,23-Aug-23,St. Clair NWA - West Cell SCU,42.37011,-82.41009,Lepomis gibbosus,70,6.1
2023-LCS-NWA-,2023-LCS-NWA-220823-004A,22-Aug-23,8,23-Aug-23,St. Clair NWA - West Cell SCU,42.37011,-82.41009,Lepomis gibbosus,75,8.1
2023-LCS-NWA-,2023-LCS-NWA-220823-004A,22-Aug-23,8,23-Aug-23,St. Clair NWA - West Cell SCU,42.37011,-82.41009,Lepomis gibbosus,74,6.9
2023-LCS-NWA-,2023-LCS-NWA-220823-004A,22-Aug-23,8,23-Aug-23,St. Clair NWA - West Cell SCU,42.37011,-82.41009,Lepomis gibbosus,68,4.8
2023-LCS-NWA-,2023-LCS-NWA-220823-004A,22-Aug-23,8,23-Aug-23,St. Clair NWA - West Cell SCU,42.37011,-82.41009,Lepomis gibbosus,80,9.2
2023-LCS-NWA-,2023-LCS-NWA-220823-004A,22-Aug-23,8,23-Aug-23,St. Clair NWA - West Cell SCU,42.37011,-82.41009,Lepomis gibbosus,72,6.7
2023-LCS-NWA-,2023-LCS-NWA-220823-004A,22-Aug-23,8,23-Aug-23,St. Clair NWA - West Cell SCU,42.37011,-82.41009,Lepomis gibbosus,44,1.4
2023-LCS-NWA-,2023-LCS-NWA-220823-004A,22-Aug-23,8,23-Aug-23,St. Clair NWA - West Cell SCU,42.37011,-82.41009,Lepomis gibbosus,84,9.4
2023-LCS-NWA-,2023-LCS-NWA-220823-004A,22-Aug-23,8,23-Aug-23,St. Clair NWA - West Cell SCU,42.37011,-82.41009,Lepomis gibbosus,78,8
2023-LCS-NWA-,2023-LCS-NWA-220823-004A,22-Aug-23,8,23-Aug-23,St. Clair NWA - West Cell SCU,42.37011,-82.41009,Lepomis gibbosus,82,8.9
2023-LCS-NWA-,2023-LCS-NWA-220823-004A,22-Aug-23,8,23-Aug-23,St. Clair NWA - West Cell SCU,42.37011,-82.41009,Lepomis gibbosus,42,1.2
2023-LCS-NWA-,2023-LCS-NWA-220823-004A,22-Aug-23,8,23-Aug-23,St. Clair NWA - West Cell SCU,42.37011,-82.41009,Lepomis gibbosus,36,0.6
2023-LCS-NWA-,2023-LCS-NWA-220823-004A,22-Aug-23,8,23-Aug-23,St. Clair NWA - West Cell SCU,42.37011,-82.41009,Lepomis gibbosus,40,1.9
2023-LCS-NWA-,2023-LCS-NWA-220823-005A,22-Aug-23,8,23-Aug-23,St. Clair NWA - West Cell SCU,42.37214,-82.411,Lepomis macrochirus,152,73.1
2023-LCS-NWA-,2023-LCS-NWA-220823-005A,22-Aug-23,8,23-Aug-23,St. Clair NWA - West Cell SCU,42.37214,-82.411,Lepomis macrochirus,86,10.4
2023-LCS-NWA-,2023-LCS-NWA-220823-005A,22-Aug-23,8,23-Aug-23,St. Clair NWA - West Cell SCU,42.37214,-82.411,Lepomis macrochirus,181,151.5
2023-LCS-NWA-,2023-LCS-NWA-220823-005A,22-Aug-23,8,23-Aug-23,St. Clair NWA - West Cell SCU,42.37214,-82.411,Amia ocellicauda,327,290
2023-LCS-NWA-,2023-LCS-NWA-220823-005A,22-Aug-23,8,23-Aug-23,St. Clair NWA - West Cell SCU,42.37214,-82.411,Amia ocellicauda,448,800
2023-LCS-NWA-,2023-LCS-NWA-220823-005A,22-Aug-23,8,23-Aug-23,St. Clair NWA - West Cell SCU,42.37214,-82.411,Amia ocellicauda,408,530
2023-LCS-NWA-,2023-LCS-NWA-220823-005A,22-Aug-23,8,23-Aug-23,St. Clair NWA - West Cell SCU,42.37214,-82.411,Lepomis gibbosus,33,0.5
2023-LCS-NWA-,2023-LCS-NWA-220823-005A,22-Aug-23,8,23-Aug-23,St. Clair NWA - West Cell SCU,42.37214,-82.411,Lepomis gibbosus,45,1.4
2023-LCS-NWA-,2023-LCS-NWA-220823-005A,22-Aug-23,8,23-Aug-23,St. Clair NWA - West Cell SCU,42.37214,-82.411,Lepomis gibbosus,130,40.4
2023-LCS-NWA-,2023-LCS-NWA-220823-005A,22-Aug-23,8,23-Aug-23,St. Clair NWA - West Cell SCU,42.37214,-82.411,Lepomis gibbosus,186,163.4
2023-LCS-NWA-,2023-LCS-NWA-220823-005A,22-Aug-23,8,23-Aug-23,St. Clair NWA - West Cell SCU,42.37214,-82.411,Lepomis gibbosus,143,65.7
2023-LCS-NWA-,2023-LCS-NWA-220823-005A,22-Aug-23,8,23-Aug-23,St. Clair NWA - West Cell SCU,42.37214,-82.411,Lepomis gibbosus,41,1
2023-LCS-NWA-,2023-LCS-NWA-220823-005A,22-Aug-23,8,23-Aug-23,St. Clair NWA - West Cell SCU,42.37214,-82.411,Lepomis sp,45,1.05
2023-LCS-NWA-,2023-LCS-NWA-220823-005A,22-Aug-23,8,23-Aug-23,St. Clair NWA - West Cell SCU,42.37214,-82.411,Lepomis sp,33,0.6
2023-LCS-NWA-,2023-LCS-NWA-220823-005A,22-Aug-23,8,23-Aug-23,St. Clair NWA - West Cell SCU,42.37214,-82.411,Lepomis sp,31,0.5
2023-LCS-NWA-,2023-LCS-NWA-220823-005A,22-Aug-23,8,23-Aug-23,St. Clair NWA - West Cell SCU,42.37214,-82.411,Micropterus nigricans,90,8.3
2023-LCS-NWA-,2023-LCS-NWA-220823-005A,22-Aug-23,8,23-Aug-23,St. Clair NWA - West Cell SCU,42.37214,-82.411,Micropterus nigricans,90,8.62
2023-LCS-NWA-,2023-LCS-NWA-220823-006A,22-Aug-23,8,23-Aug-23,St. Clair NWA - West Cell SCU,42.37067,-82.41209,Pomoxis nigromaculatus,73,4.1
2023-LCS-NWA-,2023-LCS-NWA-220823-006A,22-Aug-23,8,23-Aug-23,St. Clair NWA - West Cell SCU,42.37067,-82.41209,Lepomis gibbosus,140,60.4
2023-LCS-NWA-,2023-LCS-NWA-220823-006A,22-Aug-23,8,23-Aug-23,St. Clair NWA - West Cell SCU,42.37067,-82.41209,Lepomis gibbosus,97,17.9
2023-LCS-NWA-,2023-LCS-NWA-220823-006A,22-Aug-23,8,23-Aug-23,St. Clair NWA - West Cell SCU,42.37067,-82.41209,Cyprinus carpio,533,2200
2023-LCS-NWA-,2023-LCS-NWA-240823-001A,24-Aug-23,8,25-Aug-23,St. Clair NWA - West Cell SCU,42.36759,-82.4148,Pomoxis nigromaculatus,228,210
2023-LCS-NWA-,2023-LCS-NWA-240823-001A,24-Aug-23,8,25-Aug-23,St. Clair NWA - West Cell SCU,42.36759,-82.4148,Pomoxis nigromaculatus,247,230
2023-LCS-NWA-,2023-LCS-NWA-240823-001A,24-Aug-23,8,25-Aug-23,St. Clair NWA - West Cell SCU,42.36759,-82.4148,Pomoxis nigromaculatus,230,210
2023-LCS-NWA-,2023-LCS-NWA-240823-001A,24-Aug-23,8,25-Aug-23,St. Clair NWA - West Cell SCU,42.36759,-82.4148,Pomoxis nigromaculatus,190,110
2023-LCS-NWA-,2023-LCS-NWA-240823-001A,24-Aug-23,8,25-Aug-23,St. Clair NWA - West Cell SCU,42.36759,-82.4148,Pomoxis nigromaculatus,224,200
2023-LCS-NWA-,2023-LCS-NWA-240823-001A,24-Aug-23,8,25-Aug-23,St. Clair NWA - West Cell SCU,42.36759,-82.4148,Pomoxis nigromaculatus,206,160
2023-LCS-NWA-,2023-LCS-NWA-240823-001A,24-Aug-23,8,25-Aug-23,St. Clair NWA - West Cell SCU,42.36759,-82.4148,Pomoxis nigromaculatus,226,180
2023-LCS-NWA-,2023-LCS-NWA-240823-001A,24-Aug-23,8,25-Aug-23,St. Clair NWA - West Cell SCU,42.36759,-82.4148,Pomoxis nigromaculatus,248,260
2023-LCS-NWA-,2023-LCS-NWA-240823-001A,24-Aug-23,8,25-Aug-23,St. Clair NWA - West Cell SCU,42.36759,-82.4148,Pomoxis nigromaculatus,225,180
2023-LCS-NWA-,2023-LCS-NWA-240823-001A,24-Aug-23,8,25-Aug-23,St. Clair NWA - West Cell SCU,42.36759,-82.4148,Pomoxis nigromaculatus,206,150
2023-LCS-NWA-,2023-LCS-NWA-240823-001A,24-Aug-23,8,25-Aug-23,St. Clair NWA - West Cell SCU,42.36759,-82.4148,Pomoxis nigromaculatus,215,160
2023-LCS-NWA-,2023-LCS-NWA-240823-001A,24-Aug-23,8,25-Aug-23,St. Clair NWA - West Cell SCU,42.36759,-82.4148,Pomoxis nigromaculatus,242,220
2023-LCS-NWA-,2023-LCS-NWA-240823-001A,24-Aug-23,8,25-Aug-23,St. Clair NWA - West Cell SCU,42.36759,-82.4148,Lepomis macrochirus,144,57.6
2023-LCS-NWA-,2023-LCS-NWA-240823-001A,24-Aug-23,8,25-Aug-23,St. Clair NWA - West Cell SCU,42.36759,-82.4148,Lepomis macrochirus,198,170
2023-LCS-NWA-,2023-LCS-NWA-240823-001A,24-Aug-23,8,25-Aug-23,St. Clair NWA - West Cell SCU,42.36759,-82.4148,Lepomis macrochirus,209,210
2023-LCS-NWA-,2023-LCS-NWA-240823-001A,24-Aug-23,8,25-Aug-23,St. Clair NWA - West Cell SCU,42.36759,-82.4148,Amia ocellicauda,610,1860
2023-LCS-NWA-,2023-LCS-NWA-240823-001A,24-Aug-23,8,25-Aug-23,St. Clair NWA - West Cell SCU,42.36759,-82.4148,Amia ocellicauda,577,1690
2023-LCS-NWA-,2023-LCS-NWA-240823-001A,24-Aug-23,8,25-Aug-23,St. Clair NWA - West Cell SCU,42.36759,-82.4148,Amia ocellicauda,583,1670
2023-LCS-NWA-,2023-LCS-NWA-240823-001A,24-Aug-23,8,25-Aug-23,St. Clair NWA - West Cell SCU,42.36759,-82.4148,Amia ocellicauda,514,1170
2023-LCS-NWA-,2023-LCS-NWA-240823-001A,24-Aug-23,8,25-Aug-23,St. Clair NWA - West Cell SCU,42.36759,-82.4148,Amia ocellicauda,462,860
2023-LCS-NWA-,2023-LCS-NWA-240823-001A,24-Aug-23,8,25-Aug-23,St. Clair NWA - West Cell SCU,42.36759,-82.4148,Lepomis gibbosus,171,112.4
2023-LCS-NWA-,2023-LCS-NWA-240823-001A,24-Aug-23,8,25-Aug-23,St. Clair NWA - West Cell SCU,42.36759,-82.4148,Lepomis gibbosus,169,101
2023-LCS-NWA-,2023-LCS-NWA-240823-001A,24-Aug-23,8,25-Aug-23,St. Clair NWA - West Cell SCU,42.36759,-82.4148,Lepomis gibbosus,178,122
2023-LCS-NWA-,2023-LCS-NWA-240823-001A,24-Aug-23,8,25-Aug-23,St. Clair NWA - West Cell SCU,42.36759,-82.4148,Lepomis gibbosus,163,88
2023-LCS-NWA-,2023-LCS-NWA-240823-001A,24-Aug-23,8,25-Aug-23,St. Clair NWA - West Cell SCU,42.36759,-82.4148,Lepomis gibbosus,164,96.5
2023-LCS-NWA-,2023-LCS-NWA-240823-001A,24-Aug-23,8,25-Aug-23,St. Clair NWA - West Cell SCU,42.36759,-82.4148,Lepomis gibbosus,185,158.4
2023-LCS-NWA-,2023-LCS-NWA-240823-001A,24-Aug-23,8,25-Aug-23,St. Clair NWA - West Cell SCU,42.36759,-82.4148,Lepomis gibbosus,151,76.2
2023-LCS-NWA-,2023-LCS-NWA-240823-001A,24-Aug-23,8,25-Aug-23,St. Clair NWA - West Cell SCU,42.36759,-82.4148,Lepomis gibbosus,157,92.2
2023-LCS-NWA-,2023-LCS-NWA-240823-001A,24-Aug-23,8,25-Aug-23,St. Clair NWA - West Cell SCU,42.36759,-82.4148,Lepomis gibbosus,161,105.4
2023-LCS-NWA-,2023-LCS-NWA-240823-001A,24-Aug-23,8,25-Aug-23,St. Clair NWA - West Cell SCU,42.36759,-82.4148,Lepomis gibbosus,163,84.4
2023-LCS-NWA-,2023-LCS-NWA-240823-001A,24-Aug-23,8,25-Aug-23,St. Clair NWA - West Cell SCU,42.36759,-82.4148,Lepomis gibbosus,167,101.8
2023-LCS-NWA-,2023-LCS-NWA-240823-001A,24-Aug-23,8,25-Aug-23,St. Clair NWA - West Cell SCU,42.36759,-82.4148,Lepomis gibbosus,168,98
2023-LCS-NWA-,2023-LCS-NWA-240823-001A,24-Aug-23,8,25-Aug-23,St. Clair NWA - West Cell SCU,42.36759,-82.4148,Lepomis gibbosus,162,100.1
2023-LCS-NWA-,2023-LCS-NWA-240823-001A,24-Aug-23,8,25-Aug-23,St. Clair NWA - West Cell SCU,42.36759,-82.4148,Lepomis gibbosus,174,112.4
2023-LCS-NWA-,2023-LCS-NWA-240823-001A,24-Aug-23,8,25-Aug-23,St. Clair NWA - West Cell SCU,42.36759,-82.4148,Lepomis gibbosus,158,75.6
2023-LCS-NWA-,2023-LCS-NWA-240823-001A,24-Aug-23,8,25-Aug-23,St. Clair NWA - West Cell SCU,42.36759,-82.4148,Lepomis gibbosus,171,111.4
2023-LCS-NWA-,2023-LCS-NWA-240823-001A,24-Aug-23,8,25-Aug-23,St. Clair NWA - West Cell SCU,42.36759,-82.4148,Lepomis gibbosus,173,114.1
2023-LCS-NWA-,2023-LCS-NWA-240823-001A,24-Aug-23,8,25-Aug-23,St. Clair NWA - West Cell SCU,42.36759,-82.4148,Lepomis gibbosus,180,148.5
2023-LCS-NWA-,2023-LCS-NWA-240823-001A,24-Aug-23,8,25-Aug-23,St. Clair NWA - West Cell SCU,42.36759,-82.4148,Lepomis gibbosus,180,121.1
2023-LCS-NWA-,2023-LCS-NWA-240823-001A,24-Aug-23,8,25-Aug-23,St. Clair NWA - West Cell SCU,42.36759,-82.4148,Lepomis gibbosus,160,93.9
2023-LCS-NWA-,2023-LCS-NWA-240823-001A,24-Aug-23,8,25-Aug-23,St. Clair NWA - West Cell SCU,42.36759,-82.4148,Lepomis gibbosus,160,96.8
2023-LCS-NWA-,2023-LCS-NWA-240823-001A,24-Aug-23,8,25-Aug-23,St. Clair NWA - West Cell SCU,42.36759,-82.4148,Lepomis gibbosus,150,77.3
2023-LCS-NWA-,2023-LCS-NWA-240823-001A,24-Aug-23,8,25-Aug-23,St. Clair NWA - West Cell SCU,42.36759,-82.4148,Lepomis gibbosus,150,69.4
2023-LCS-NWA-,2023-LCS-NWA-240823-001A,24-Aug-23,8,25-Aug-23,St. Clair NWA - West Cell SCU,42.36759,-82.4148,Lepomis gibbosus,167,97.6
2023-LCS-NWA-,2023-LCS-NWA-240823-001A,24-Aug-23,8,25-Aug-23,St. Clair NWA - West Cell SCU,42.36759,-82.4148,Lepomis gibbosus,155,70.5
2023-LCS-NWA-,2023-LCS-NWA-240823-001A,24-Aug-23,8,25-Aug-23,St. Clair NWA - West Cell SCU,42.36759,-82.4148,Lepomis gibbosus,-1,-1
2023-LCS-NWA-,2023-LCS-NWA-240823-001A,24-Aug-23,8,25-Aug-23,St. Clair NWA - West Cell SCU,42.36759,-82.4148,Lepomis gibbosus,152,75.2
2023-LCS-NWA-,2023-LCS-NWA-240823-001A,24-Aug-23,8,25-Aug-23,St. Clair NWA - West Cell SCU,42.36759,-82.4148,Lepomis gibbosus,154,76
2023-LCS-NWA-,2023-LCS-NWA-240823-001A,24-Aug-23,8,25-Aug-23,St. Clair NWA - West Cell SCU,42.36759,-82.4148,Lepomis gibbosus,140,60
2023-LCS-NWA-,2023-LCS-NWA-240823-001A,24-Aug-23,8,25-Aug-23,St. Clair NWA - West Cell SCU,42.36759,-82.4148,Lepomis gibbosus,166,92.3
2023-LCS-NWA-,2023-LCS-NWA-240823-001A,24-Aug-23,8,25-Aug-23,St. Clair NWA - West Cell SCU,42.36759,-82.4148,Lepomis gibbosus,161,97.7
2023-LCS-NWA-,2023-LCS-NWA-240823-001A,24-Aug-23,8,25-Aug-23,St. Clair NWA - West Cell SCU,42.36759,-82.4148,Lepomis gibbosus,183,164.2
2023-LCS-NWA-,2023-LCS-NWA-240823-001A,24-Aug-23,8,25-Aug-23,St. Clair NWA - West Cell SCU,42.36759,-82.4148,Lepomis gibbosus,176,136.8
2023-LCS-NWA-,2023-LCS-NWA-240823-001A,24-Aug-23,8,25-Aug-23,St. Clair NWA - West Cell SCU,42.36759,-82.4148,Lepomis gibbosus,160,87
2023-LCS-NWA-,2023-LCS-NWA-240823-001A,24-Aug-23,8,25-Aug-23,St. Clair NWA - West Cell SCU,42.36759,-82.4148,Lepomis gibbosus,170,104.4
2023-LCS-NWA-,2023-LCS-NWA-240823-001A,24-Aug-23,8,25-Aug-23,St. Clair NWA - West Cell SCU,42.36759,-82.4148,Lepomis gibbosus,160,90.8
2023-LCS-NWA-,2023-LCS-NWA-240823-001A,24-Aug-23,8,25-Aug-23,St. Clair NWA - West Cell SCU,42.36759,-82.4148,Lepomis gibbosus,156,77.4
2023-LCS-NWA-,2023-LCS-NWA-240823-001A,24-Aug-23,8,25-Aug-23,St. Clair NWA - West Cell SCU,42.36759,-82.4148,Lepomis gibbosus,187,130
2023-LCS-NWA-,2023-LCS-NWA-240823-001A,24-Aug-23,8,25-Aug-23,St. Clair NWA - West Cell SCU,42.36759,-82.4148,Lepomis gibbosus,180,110
2023-LCS-NWA-,2023-LCS-NWA-240823-001A,24-Aug-23,8,25-Aug-23,St. Clair NWA - West Cell SCU,42.36759,-82.4148,Lepomis gibbosus,170,110
2023-LCS-NWA-,2023-LCS-NWA-240823-001A,24-Aug-23,8,25-Aug-23,St. Clair NWA - West Cell SCU,42.36759,-82.4148,Lepomis gibbosus,160,90
2023-LCS-NWA-,2023-LCS-NWA-240823-001A,24-Aug-23,8,25-Aug-23,St. Clair NWA - West Cell SCU,42.36759,-82.4148,Lepomis gibbosus,155,80
2023-LCS-NWA-,2023-LCS-NWA-240823-001A,24-Aug-23,8,25-Aug-23,St. Clair NWA - West Cell SCU,42.36759,-82.4148,Lepomis gibbosus,150,70
2023-LCS-NWA-,2023-LCS-NWA-240823-001A,24-Aug-23,8,25-Aug-23,St. Clair NWA - West Cell SCU,42.36759,-82.4148,Lepomis gibbosus,177,120
2023-LCS-NWA-,2023-LCS-NWA-240823-001A,24-Aug-23,8,25-Aug-23,St. Clair NWA - West Cell SCU,42.36759,-82.4148,Lepomis gibbosus,146,70
2023-LCS-NWA-,2023-LCS-NWA-240823-001A,24-Aug-23,8,25-Aug-23,St. Clair NWA - West Cell SCU,42.36759,-82.4148,Micropterus nigricans,318,460
2023-LCS-NWA-,2023-LCS-NWA-240823-001A,24-Aug-23,8,25-Aug-23,St. Clair NWA - West Cell SCU,42.36759,-82.4148,Ameiurus melas,318,430
2023-LCS-NWA-,2023-LCS-NWA-240823-001A,24-Aug-23,8,25-Aug-23,St. Clair NWA - West Cell SCU,42.36759,-82.4148,Ameiurus natalis,296,410
2023-LCS-NWA-,2023-LCS-NWA-240823-002A,24-Aug-23,8,25-Aug-23,St. Clair NWA - West Cell SCU,42.36676,-82.41392,Pomoxis nigromaculatus,197,120
2023-LCS-NWA-,2023-LCS-NWA-240823-002A,24-Aug-23,8,25-Aug-23,St. Clair NWA - West Cell SCU,42.36676,-82.41392,Lepomis macrochirus,39,0.75
2023-LCS-NWA-,2023-LCS-NWA-240823-002A,24-Aug-23,8,25-Aug-23,St. Clair NWA - West Cell SCU,42.36676,-82.41392,Lepomis macrochirus,37,0.66
2023-LCS-NWA-,2023-LCS-NWA-240823-002A,24-Aug-23,8,25-Aug-23,St. Clair NWA - West Cell SCU,42.36676,-82.41392,Amia ocellicauda,580,1750
2023-LCS-NWA-,2023-LCS-NWA-240823-002A,24-Aug-23,8,25-Aug-23,St. Clair NWA - West Cell SCU,42.36676,-82.41392,Erimyzon sucetta,52,1.06
2023-LCS-NWA-,2023-LCS-NWA-240823-002A,24-Aug-23,8,25-Aug-23,St. Clair NWA - West Cell SCU,42.36676,-82.41392,Erimyzon sucetta,49,1.03
2023-LCS-NWA-,2023-LCS-NWA-240823-002A,24-Aug-23,8,25-Aug-23,St. Clair NWA - West Cell SCU,42.36676,-82.41392,Erimyzon sucetta,51,1.17
2023-LCS-NWA-,2023-LCS-NWA-240823-002A,24-Aug-23,8,25-Aug-23,St. Clair NWA - West Cell SCU,42.36676,-82.41392,Erimyzon sucetta,54,1.26
2023-LCS-NWA-,2023-LCS-NWA-240823-002A,24-Aug-23,8,25-Aug-23,St. Clair NWA - West Cell SCU,42.36676,-82.41392,Lepomis gibbosus,45,1.22
2023-LCS-NWA-,2023-LCS-NWA-240823-002A,24-Aug-23,8,25-Aug-23,St. Clair NWA - West Cell SCU,42.36676,-82.41392,Lepomis gibbosus,46,1.36
2023-LCS-NWA-,2023-LCS-NWA-240823-002A,24-Aug-23,8,25-Aug-23,St. Clair NWA - West Cell SCU,42.36676,-82.41392,Lepomis gibbosus,36,0.69
2023-LCS-NWA-,2023-LCS-NWA-240823-002A,24-Aug-23,8,25-Aug-23,St. Clair NWA - West Cell SCU,42.36676,-82.41392,Lepomis gibbosus,48,1.55
2023-LCS-NWA-,2023-LCS-NWA-240823-002A,24-Aug-23,8,25-Aug-23,St. Clair NWA - West Cell SCU,42.36676,-82.41392,Lepomis gibbosus,44,1.21
2023-LCS-NWA-,2023-LCS-NWA-240823-002A,24-Aug-23,8,25-Aug-23,St. Clair NWA - West Cell SCU,42.36676,-82.41392,Lepomis gibbosus,45,1.3
2023-LCS-NWA-,2023-LCS-NWA-240823-002A,24-Aug-23,8,25-Aug-23,St. Clair NWA - West Cell SCU,42.36676,-82.41392,Lepomis gibbosus,36,0.61
2023-LCS-NWA-,2023-LCS-NWA-240823-002A,24-Aug-23,8,25-Aug-23,St. Clair NWA - West Cell SCU,42.36676,-82.41392,Lepomis gibbosus,38,0.88
2023-LCS-NWA-,2023-LCS-NWA-240823-002A,24-Aug-23,8,25-Aug-23,St. Clair NWA - West Cell SCU,42.36676,-82.41392,Lepomis gibbosus,34,0.57
2023-LCS-NWA-,2023-LCS-NWA-240823-002A,24-Aug-23,8,25-Aug-23,St. Clair NWA - West Cell SCU,42.36676,-82.41392,Lepomis gibbosus,39,0.88
2023-LCS-NWA-,2023-LCS-NWA-240823-002A,24-Aug-23,8,25-Aug-23,St. Clair NWA - West Cell SCU,42.36676,-82.41392,Lepomis gibbosus,35,0.6
2023-LCS-NWA-,2023-LCS-NWA-240823-002A,24-Aug-23,8,25-Aug-23,St. Clair NWA - West Cell SCU,42.36676,-82.41392,Lepomis gibbosus,37,0.59
2023-LCS-NWA-,2023-LCS-NWA-240823-002A,24-Aug-23,8,25-Aug-23,St. Clair NWA - West Cell SCU,42.36676,-82.41392,Lepomis gibbosus,185,150
2023-LCS-NWA-,2023-LCS-NWA-240823-002A,24-Aug-23,8,25-Aug-23,St. Clair NWA - West Cell SCU,42.36676,-82.41392,Lepomis gibbosus,172,100
2023-LCS-NWA-,2023-LCS-NWA-240823-002A,24-Aug-23,8,25-Aug-23,St. Clair NWA - West Cell SCU,42.36676,-82.41392,Lepomis gibbosus,153,70
2023-LCS-NWA-,2023-LCS-NWA-240823-002A,24-Aug-23,8,25-Aug-23,St. Clair NWA - West Cell SCU,42.36676,-82.41392,Lepomis gibbosus,47,1.59
2023-LCS-NWA-,2023-LCS-NWA-240823-002A,24-Aug-23,8,25-Aug-23,St. Clair NWA - West Cell SCU,42.36676,-82.41392,Lepomis gibbosus,40,0.87
2023-LCS-NWA-,2023-LCS-NWA-240823-002A,24-Aug-23,8,25-Aug-23,St. Clair NWA - West Cell SCU,42.36676,-82.41392,Lepomis gibbosus,37,0.71
2023-LCS-NWA-,2023-LCS-NWA-240823-002A,24-Aug-23,8,25-Aug-23,St. Clair NWA - West Cell SCU,42.36676,-82.41392,Lepomis gibbosus,32,0.4
2023-LCS-NWA-,2023-LCS-NWA-240823-002A,24-Aug-23,8,25-Aug-23,St. Clair NWA - West Cell SCU,42.36676,-82.41392,Lepomis gibbosus,39,0.73
2023-LCS-NWA-,2023-LCS-NWA-240823-002A,24-Aug-23,8,25-Aug-23,St. Clair NWA - West Cell SCU,42.36676,-82.41392,Lepomis sp,35,0.55
2023-LCS-NWA-,2023-LCS-NWA-240823-002A,24-Aug-23,8,25-Aug-23,St. Clair NWA - West Cell SCU,42.36676,-82.41392,Lepomis sp,42,1.04
2023-LCS-NWA-,2023-LCS-NWA-240823-002A,24-Aug-23,8,25-Aug-23,St. Clair NWA - West Cell SCU,42.36676,-82.41392,Lepomis sp,37,0.66
2023-LCS-NWA-,2023-LCS-NWA-240823-002A,24-Aug-23,8,25-Aug-23,St. Clair NWA - West Cell SCU,42.36676,-82.41392,Lepomis sp,34,0.62
2023-LCS-NWA-,2023-LCS-NWA-240823-002A,24-Aug-23,8,25-Aug-23,St. Clair NWA - West Cell SCU,42.36676,-82.41392,Lepomis sp,36,0.62
2023-LCS-NWA-,2023-LCS-NWA-240823-004A,24-Aug-23,8,25-Aug-23,St. Clair NWA - West Cell SCU,42.36609,-82.41207,Pomoxis nigromaculatus,282,180
2023-LCS-NWA-,2023-LCS-NWA-240823-004A,24-Aug-23,8,25-Aug-23,St. Clair NWA - West Cell SCU,42.36609,-82.41207,Lepomis macrochirus,190,130
2023-LCS-NWA-,2023-LCS-NWA-240823-004A,24-Aug-23,8,25-Aug-23,St. Clair NWA - West Cell SCU,42.36609,-82.41207,Lepomis gibbosus,94,14.37
2023-LCS-NWA-,2023-LCS-NWA-240823-004A,24-Aug-23,8,25-Aug-23,St. Clair NWA - West Cell SCU,42.36609,-82.41207,Lepomis gibbosus,44,1.25
2023-LCS-NWA-,2023-LCS-NWA-240823-004A,24-Aug-23,8,25-Aug-23,St. Clair NWA - West Cell SCU,42.36609,-82.41207,Lepomis gibbosus,143,55.6
2023-LCS-NWA-,2023-LCS-NWA-240823-004A,24-Aug-23,8,25-Aug-23,St. Clair NWA - West Cell SCU,42.36609,-82.41207,Lepomis gibbosus,45,1.29
2023-LCS-NWA-,2023-LCS-NWA-240823-004A,24-Aug-23,8,25-Aug-23,St. Clair NWA - West Cell SCU,42.36609,-82.41207,Lepomis gibbosus,44,1.12
2023-LCS-NWA-,2023-LCS-NWA-240823-004A,24-Aug-23,8,25-Aug-23,St. Clair NWA - West Cell SCU,42.36609,-82.41207,Lepomis gibbosus,45,1.32
2023-LCS-NWA-,2023-LCS-NWA-240823-004A,24-Aug-23,8,25-Aug-23,St. Clair NWA - West Cell SCU,42.36609,-82.41207,Lepomis gibbosus,43,1.01
2023-LCS-NWA-,2023-LCS-NWA-240823-005A,24-Aug-23,8,25-Aug-23,St. Clair NWA - West Cell SCU,42.36522,-82.41214,Pomoxis nigromaculatus,230,210
2023-LCS-NWA-,2023-LCS-NWA-240823-005A,24-Aug-23,8,25-Aug-23,St. Clair NWA - West Cell SCU,42.36522,-82.41214,Pomoxis nigromaculatus,195,120
2023-LCS-NWA-,2023-LCS-NWA-240823-005A,24-Aug-23,8,25-Aug-23,St. Clair NWA - West Cell SCU,42.36522,-82.41214,Pomoxis nigromaculatus,157,60
2023-LCS-NWA-,2023-LCS-NWA-240823-005A,24-Aug-23,8,25-Aug-23,St. Clair NWA - West Cell SCU,42.36522,-82.41214,Lepomis macrochirus,138,50
2023-LCS-NWA-,2023-LCS-NWA-240823-005A,24-Aug-23,8,25-Aug-23,St. Clair NWA - West Cell SCU,42.36522,-82.41214,Lepomis macrochirus,154,70
2023-LCS-NWA-,2023-LCS-NWA-240823-005A,24-Aug-23,8,25-Aug-23,St. Clair NWA - West Cell SCU,42.36522,-82.41214,Lepomis macrochirus,125,40
2023-LCS-NWA-,2023-LCS-NWA-240823-005A,24-Aug-23,8,25-Aug-23,St. Clair NWA - West Cell SCU,42.36522,-82.41214,Lepomis macrochirus,150,70
2023-LCS-NWA-,2023-LCS-NWA-240823-005A,24-Aug-23,8,25-Aug-23,St. Clair NWA - West Cell SCU,42.36522,-82.41214,Lepomis macrochirus,189,160
2023-LCS-NWA-,2023-LCS-NWA-240823-005A,24-Aug-23,8,25-Aug-23,St. Clair NWA - West Cell SCU,42.36522,-82.41214,Lepomis macrochirus,186,150
2023-LCS-NWA-,2023-LCS-NWA-240823-005A,24-Aug-23,8,25-Aug-23,St. Clair NWA - West Cell SCU,42.36522,-82.41214,Amia ocellicauda,432,650
2023-LCS-NWA-,2023-LCS-NWA-240823-005A,24-Aug-23,8,25-Aug-23,St. Clair NWA - West Cell SCU,42.36522,-82.41214,Amia ocellicauda,454,1390
2023-LCS-NWA-,2023-LCS-NWA-240823-005A,24-Aug-23,8,25-Aug-23,St. Clair NWA - West Cell SCU,42.36522,-82.41214,Amia ocellicauda,423,590
2023-LCS-NWA-,2023-LCS-NWA-240823-005A,24-Aug-23,8,25-Aug-23,St. Clair NWA - West Cell SCU,42.36522,-82.41214,Erimyzon sucetta,177,81.2
2023-LCS-NWA-,2023-LCS-NWA-240823-005A,24-Aug-23,8,25-Aug-23,St. Clair NWA - West Cell SCU,42.36522,-82.41214,Lepomis gibbosus,46,1.48
2023-LCS-NWA-,2023-LCS-NWA-240823-005A,24-Aug-23,8,25-Aug-23,St. Clair NWA - West Cell SCU,42.36522,-82.41214,Lepomis gibbosus,141,60
2023-LCS-NWA-,2023-LCS-NWA-240823-005A,24-Aug-23,8,25-Aug-23,St. Clair NWA - West Cell SCU,42.36522,-82.41214,Lepomis gibbosus,195,170
2023-LCS-NWA-,2023-LCS-NWA-240823-005A,24-Aug-23,8,25-Aug-23,St. Clair NWA - West Cell SCU,42.36522,-82.41214,Lepomis gibbosus,154,80
2023-LCS-NWA-,2023-LCS-NWA-240823-005A,24-Aug-23,8,25-Aug-23,St. Clair NWA - West Cell SCU,42.36522,-82.41214,Lepomis gibbosus,157,80
2023-LCS-NWA-,2023-LCS-NWA-240823-005A,24-Aug-23,8,25-Aug-23,St. Clair NWA - West Cell SCU,42.36522,-82.41214,Lepomis gibbosus,164,90
2023-LCS-NWA-,2023-LCS-NWA-240823-005A,24-Aug-23,8,25-Aug-23,St. Clair NWA - West Cell SCU,42.36522,-82.41214,Lepomis gibbosus,157,90
2023-LCS-NWA-,2023-LCS-NWA-240823-005A,24-Aug-23,8,25-Aug-23,St. Clair NWA - West Cell SCU,42.36522,-82.41214,Lepomis gibbosus,160,90
2023-LCS-NWA-,2023-LCS-NWA-240823-005A,24-Aug-23,8,25-Aug-23,St. Clair NWA - West Cell SCU,42.36522,-82.41214,Lepomis gibbosus,155,70
2023-LCS-NWA-,2023-LCS-NWA-240823-005A,24-Aug-23,8,25-Aug-23,St. Clair NWA - West Cell SCU,42.36522,-82.41214,Lepomis gibbosus,160,90
2023-LCS-NWA-,2023-LCS-NWA-240823-005A,24-Aug-23,8,25-Aug-23,St. Clair NWA - West Cell SCU,42.36522,-82.41214,Lepomis gibbosus,160,80
2023-LCS-NWA-,2023-LCS-NWA-240823-005A,24-Aug-23,8,25-Aug-23,St. Clair NWA - West Cell SCU,42.36522,-82.41214,Lepomis gibbosus,150,70
2023-LCS-NWA-,2023-LCS-NWA-240823-005A,24-Aug-23,8,25-Aug-23,St. Clair NWA - West Cell SCU,42.36522,-82.41214,Lepomis gibbosus,145,60
2023-LCS-NWA-,2023-LCS-NWA-240823-005A,24-Aug-23,8,25-Aug-23,St. Clair NWA - West Cell SCU,42.36522,-82.41214,Lepomis gibbosus,167,90
2023-LCS-NWA-,2023-LCS-NWA-240823-005A,24-Aug-23,8,25-Aug-23,St. Clair NWA - West Cell SCU,42.36522,-82.41214,Lepomis gibbosus,178,130
2023-LCS-NWA-,2023-LCS-NWA-240823-005A,24-Aug-23,8,25-Aug-23,St. Clair NWA - West Cell SCU,42.36522,-82.41214,Micropterus nigricans,308,400
2023-LCS-NWA-,2023-LCS-NWA-240823-005A,24-Aug-23,8,25-Aug-23,St. Clair NWA - West Cell SCU,42.36522,-82.41214,Ameiurus melas,315,430
2023-LCS-NWA-,2023-LCS-NWA-240823-005A,24-Aug-23,8,25-Aug-23,St. Clair NWA - West Cell SCU,42.36522,-82.41214,Ameiurus melas,215,330
2023-LCS-NWA-,2023-LCS-NWA-240823-006A,24-Aug-23,8,25-Aug-23,St. Clair NWA - West Cell SCU,42.36607,-82.41318,Pomoxis nigromaculatus,230,190
2023-LCS-NWA-,2023-LCS-NWA-240823-006A,24-Aug-23,8,25-Aug-23,St. Clair NWA - West Cell SCU,42.36607,-82.41318,Amia ocellicauda,450,790
2023-LCS-NWA-,2023-LCS-NWA-240823-006A,24-Aug-23,8,25-Aug-23,St. Clair NWA - West Cell SCU,42.36607,-82.41318,Amia ocellicauda,394,530
2023-LCS-NWA-,2023-LCS-NWA-240823-006A,24-Aug-23,8,25-Aug-23,St. Clair NWA - West Cell SCU,42.36607,-82.41318,Amia ocellicauda,403,520
2023-LCS-NWA-,2023-LCS-NWA-240823-006A,24-Aug-23,8,25-Aug-23,St. Clair NWA - West Cell SCU,42.36607,-82.41318,Amia ocellicauda,412,580
2023-LCS-NWA-,2023-LCS-NWA-240823-006A,24-Aug-23,8,25-Aug-23,St. Clair NWA - West Cell SCU,42.36607,-82.41318,Amia ocellicauda,451,700
2023-LCS-NWA-,2023-LCS-NWA-240823-006A,24-Aug-23,8,25-Aug-23,St. Clair NWA - West Cell SCU,42.36607,-82.41318,Amia ocellicauda,417,590
2023-LCS-NWA-,2023-LCS-NWA-240823-006A,24-Aug-23,8,25-Aug-23,St. Clair NWA - West Cell SCU,42.36607,-82.41318,Amia ocellicauda,493,830
2023-LCS-NWA-,2023-LCS-NWA-240823-006A,24-Aug-23,8,25-Aug-23,St. Clair NWA - West Cell SCU,42.36607,-82.41318,Amia ocellicauda,455,820
2023-LCS-NWA-,2023-LCS-NWA-240823-006A,24-Aug-23,8,25-Aug-23,St. Clair NWA - West Cell SCU,42.36607,-82.41318,Lepomis gibbosus,142,40
2023-LCS-NWA-,2023-LCS-NWA-240823-006A,24-Aug-23,8,25-Aug-23,St. Clair NWA - West Cell SCU,42.36607,-82.41318,Lepomis gibbosus,103,19.42
2023-LCS-NWA-,2023-LCS-NWA-240823-006A,24-Aug-23,8,25-Aug-23,St. Clair NWA - West Cell SCU,42.36607,-82.41318,Lepomis gibbosus,165,80
2023-LCS-NWA-,2023-LCS-NWA-240823-006A,24-Aug-23,8,25-Aug-23,St. Clair NWA - West Cell SCU,42.36607,-82.41318,Lepomis gibbosus,148,50
2023-LCS-NWA-,2023-LCS-NWA-240823-006A,24-Aug-23,8,25-Aug-23,St. Clair NWA - West Cell SCU,42.36607,-82.41318,Lepomis gibbosus,186,150
2023-LCS-NWA-,2023-LCS-NWA-240823-006A,24-Aug-23,8,25-Aug-23,St. Clair NWA - West Cell SCU,42.36607,-82.41318,Lepomis gibbosus,184,150
2023-LCS-NWA-,2023-LCS-NWA-240823-006A,24-Aug-23,8,25-Aug-23,St. Clair NWA - West Cell SCU,42.36607,-82.41318,Lepomis gibbosus,125,40
2023-LCS-NWA-,2023-LCS-NWA-240823-006A,24-Aug-23,8,25-Aug-23,St. Clair NWA - West Cell SCU,42.36607,-82.41318,Lepomis gibbosus,147,60
2023-LCS-NWA-,2023-LCS-NWA-240823-006A,24-Aug-23,8,25-Aug-23,St. Clair NWA - West Cell SCU,42.36607,-82.41318,Lepomis gibbosus,160,90
2023-LCS-NWA-,2023-LCS-NWA-240823-006A,24-Aug-23,8,25-Aug-23,St. Clair NWA - West Cell SCU,42.36607,-82.41318,Lepomis gibbosus,159,80
2023-LCS-NWA-,2023-LCS-NWA-240823-006A,24-Aug-23,8,25-Aug-23,St. Clair NWA - West Cell SCU,42.36607,-82.41318,Lepomis gibbosus,146,50
2023-LCS-NWA-,2023-LCS-NWA-240823-006A,24-Aug-23,8,25-Aug-23,St. Clair NWA - West Cell SCU,42.36607,-82.41318,Ameiurus melas,316,470
2023-LCS-NWA-,2023-LCS-NWA-280823-001A,28-Aug-23,8,29-Aug-23,St. Clair NWA - West Cell SCU,42.36739,-82.40714,Pomoxis nigromaculatus,76,5.48
2023-LCS-NWA-,2023-LCS-NWA-280823-001A,28-Aug-23,8,29-Aug-23,St. Clair NWA - West Cell SCU,42.36739,-82.40714,Pomoxis nigromaculatus,176,58.13
2023-LCS-NWA-,2023-LCS-NWA-280823-001A,28-Aug-23,8,29-Aug-23,St. Clair NWA - West Cell SCU,42.36739,-82.40714,Pomoxis nigromaculatus,212,140
2023-LCS-NWA-,2023-LCS-NWA-280823-001A,28-Aug-23,8,29-Aug-23,St. Clair NWA - West Cell SCU,42.36739,-82.40714,Pomoxis nigromaculatus,140,36.8
2023-LCS-NWA-,2023-LCS-NWA-280823-001A,28-Aug-23,8,29-Aug-23,St. Clair NWA - West Cell SCU,42.36739,-82.40714,Lepomis macrochirus,154,68.21
2023-LCS-NWA-,2023-LCS-NWA-280823-001A,28-Aug-23,8,29-Aug-23,St. Clair NWA - West Cell SCU,42.36739,-82.40714,Lepomis macrochirus,133,44.3
2023-LCS-NWA-,2023-LCS-NWA-280823-001A,28-Aug-23,8,29-Aug-23,St. Clair NWA - West Cell SCU,42.36739,-82.40714,Lepomis macrochirus,136,47.77
2023-LCS-NWA-,2023-LCS-NWA-280823-001A,28-Aug-23,8,29-Aug-23,St. Clair NWA - West Cell SCU,42.36739,-82.40714,Lepomis macrochirus,155,76.43
2023-LCS-NWA-,2023-LCS-NWA-280823-001A,28-Aug-23,8,29-Aug-23,St. Clair NWA - West Cell SCU,42.36739,-82.40714,Lepomis macrochirus,146,56.86
2023-LCS-NWA-,2023-LCS-NWA-280823-001A,28-Aug-23,8,29-Aug-23,St. Clair NWA - West Cell SCU,42.36739,-82.40714,Amia ocellicauda,432,720
2023-LCS-NWA-,2023-LCS-NWA-280823-001A,28-Aug-23,8,29-Aug-23,St. Clair NWA - West Cell SCU,42.36739,-82.40714,Erimyzon sucetta,125,24.24
2023-LCS-NWA-,2023-LCS-NWA-280823-001A,28-Aug-23,8,29-Aug-23,St. Clair NWA - West Cell SCU,42.36739,-82.40714,Erimyzon sucetta,125,25.97
2023-LCS-NWA-,2023-LCS-NWA-280823-001A,28-Aug-23,8,29-Aug-23,St. Clair NWA - West Cell SCU,42.36739,-82.40714,Erimyzon sucetta,242,170
2023-LCS-NWA-,2023-LCS-NWA-280823-001A,28-Aug-23,8,29-Aug-23,St. Clair NWA - West Cell SCU,42.36739,-82.40714,Lepomis gibbosus,88,12.37
2023-LCS-NWA-,2023-LCS-NWA-280823-001A,28-Aug-23,8,29-Aug-23,St. Clair NWA - West Cell SCU,42.36739,-82.40714,Lepomis gibbosus,111,25.88
2023-LCS-NWA-,2023-LCS-NWA-280823-001A,28-Aug-23,8,29-Aug-23,St. Clair NWA - West Cell SCU,42.36739,-82.40714,Lepomis gibbosus,88,11.75
2023-LCS-NWA-,2023-LCS-NWA-280823-001A,28-Aug-23,8,29-Aug-23,St. Clair NWA - West Cell SCU,42.36739,-82.40714,Lepomis gibbosus,67,4.5
2023-LCS-NWA-,2023-LCS-NWA-280823-001A,28-Aug-23,8,29-Aug-23,St. Clair NWA - West Cell SCU,42.36739,-82.40714,Lepomis gibbosus,159,70
2023-LCS-NWA-,2023-LCS-NWA-280823-001A,28-Aug-23,8,29-Aug-23,St. Clair NWA - West Cell SCU,42.36739,-82.40714,Lepomis gibbosus,77,7.86
2023-LCS-NWA-,2023-LCS-NWA-280823-001A,28-Aug-23,8,29-Aug-23,St. Clair NWA - West Cell SCU,42.36739,-82.40714,Lepomis gibbosus,128,39.11
2023-LCS-NWA-,2023-LCS-NWA-280823-001A,28-Aug-23,8,29-Aug-23,St. Clair NWA - West Cell SCU,42.36739,-82.40714,Lepomis gibbosus,125,37.16
2023-LCS-NWA-,2023-LCS-NWA-280823-001A,28-Aug-23,8,29-Aug-23,St. Clair NWA - West Cell SCU,42.36739,-82.40714,Lepomis gibbosus,155,65.28
2023-LCS-NWA-,2023-LCS-NWA-280823-001A,28-Aug-23,8,29-Aug-23,St. Clair NWA - West Cell SCU,42.36739,-82.40714,Lepomis gibbosus,147,63.93
2023-LCS-NWA-,2023-LCS-NWA-280823-001A,28-Aug-23,8,29-Aug-23,St. Clair NWA - West Cell SCU,42.36739,-82.40714,Lepomis gibbosus,146,60
2023-LCS-NWA-,2023-LCS-NWA-280823-001A,28-Aug-23,8,29-Aug-23,St. Clair NWA - West Cell SCU,42.36739,-82.40714,Lepomis gibbosus,184,120
2023-LCS-NWA-,2023-LCS-NWA-280823-001A,28-Aug-23,8,29-Aug-23,St. Clair NWA - West Cell SCU,42.36739,-82.40714,Lepomis gibbosus,128,41.23
2023-LCS-NWA-,2023-LCS-NWA-280823-001A,28-Aug-23,8,29-Aug-23,St. Clair NWA - West Cell SCU,42.36739,-82.40714,Lepomis gibbosus,42,1.06
2023-LCS-NWA-,2023-LCS-NWA-280823-001A,28-Aug-23,8,29-Aug-23,St. Clair NWA - West Cell SCU,42.36739,-82.40714,Lepomis sp,35,0.68
2023-LCS-NWA-,2023-LCS-NWA-280823-002A,28-Aug-23,8,29-Aug-23,St. Clair NWA - West Cell SCU,42.36606,-82.40672,Lepomis macrochirus,44,1.13
2023-LCS-NWA-,2023-LCS-NWA-280823-002A,28-Aug-23,8,29-Aug-23,St. Clair NWA - West Cell SCU,42.36606,-82.40672,Lepomis macrochirus,43,1.09
2023-LCS-NWA-,2023-LCS-NWA-280823-002A,28-Aug-23,8,29-Aug-23,St. Clair NWA - West Cell SCU,42.36606,-82.40672,Lepomis macrochirus,150,60
2023-LCS-NWA-,2023-LCS-NWA-280823-002A,28-Aug-23,8,29-Aug-23,St. Clair NWA - West Cell SCU,42.36606,-82.40672,Amia ocellicauda,545,1180
2023-LCS-NWA-,2023-LCS-NWA-280823-002A,28-Aug-23,8,29-Aug-23,St. Clair NWA - West Cell SCU,42.36606,-82.40672,Amia ocellicauda,477,880
2023-LCS-NWA-,2023-LCS-NWA-280823-002A,28-Aug-23,8,29-Aug-23,St. Clair NWA - West Cell SCU,42.36606,-82.40672,Amia ocellicauda,538,1270
2023-LCS-NWA-,2023-LCS-NWA-280823-002A,28-Aug-23,8,29-Aug-23,St. Clair NWA - West Cell SCU,42.36606,-82.40672,Amia ocellicauda,452,780
2023-LCS-NWA-,2023-LCS-NWA-280823-002A,28-Aug-23,8,29-Aug-23,St. Clair NWA - West Cell SCU,42.36606,-82.40672,Amia ocellicauda,546,1370
2023-LCS-NWA-,2023-LCS-NWA-280823-002A,28-Aug-23,8,29-Aug-23,St. Clair NWA - West Cell SCU,42.36606,-82.40672,Amia ocellicauda,558,1740
2023-LCS-NWA-,2023-LCS-NWA-280823-002A,28-Aug-23,8,29-Aug-23,St. Clair NWA - West Cell SCU,42.36606,-82.40672,Amia ocellicauda,550,1460
2023-LCS-NWA-,2023-LCS-NWA-280823-002A,28-Aug-23,8,29-Aug-23,St. Clair NWA - West Cell SCU,42.36606,-82.40672,Lepomis sp,25,0.15
2023-LCS-NWA-,2023-LCS-NWA-280823-002A,28-Aug-23,8,29-Aug-23,St. Clair NWA - West Cell SCU,42.36606,-82.40672,Lepomis sp,22,0.15
2023-LCS-NWA-,2023-LCS-NWA-280823-002A,28-Aug-23,8,29-Aug-23,St. Clair NWA - West Cell SCU,42.36606,-82.40672,Lepomis sp,26,0.22
2023-LCS-NWA-,2023-LCS-NWA-280823-002A,28-Aug-23,8,29-Aug-23,St. Clair NWA - West Cell SCU,42.36606,-82.40672,Lepomis sp,32,0.42
2023-LCS-NWA-,2023-LCS-NWA-280823-003A,28-Aug-23,8,29-Aug-23,St. Clair NWA - West Cell SCU,42.36773,-82.40578,Pomoxis nigromaculatus,241,220
2023-LCS-NWA-,2023-LCS-NWA-280823-003A,28-Aug-23,8,29-Aug-23,St. Clair NWA - West Cell SCU,42.36773,-82.40578,Pomoxis nigromaculatus,240,210
2023-LCS-NWA-,2023-LCS-NWA-280823-003A,28-Aug-23,8,29-Aug-23,St. Clair NWA - West Cell SCU,42.36773,-82.40578,Pomoxis nigromaculatus,145,50
2023-LCS-NWA-,2023-LCS-NWA-280823-003A,28-Aug-23,8,29-Aug-23,St. Clair NWA - West Cell SCU,42.36773,-82.40578,Pomoxis nigromaculatus,65,3.44
2023-LCS-NWA-,2023-LCS-NWA-280823-003A,28-Aug-23,8,29-Aug-23,St. Clair NWA - West Cell SCU,42.36773,-82.40578,Lepomis macrochirus,167,80
2023-LCS-NWA-,2023-LCS-NWA-280823-003A,28-Aug-23,8,29-Aug-23,St. Clair NWA - West Cell SCU,42.36773,-82.40578,Lepomis macrochirus,180,120
2023-LCS-NWA-,2023-LCS-NWA-280823-003A,28-Aug-23,8,29-Aug-23,St. Clair NWA - West Cell SCU,42.36773,-82.40578,Lepomis macrochirus,144,60
2023-LCS-NWA-,2023-LCS-NWA-280823-003A,28-Aug-23,8,29-Aug-23,St. Clair NWA - West Cell SCU,42.36773,-82.40578,Lepomis macrochirus,144,50
2023-LCS-NWA-,2023-LCS-NWA-280823-003A,28-Aug-23,8,29-Aug-23,St. Clair NWA - West Cell SCU,42.36773,-82.40578,Lepomis macrochirus,150,60
2023-LCS-NWA-,2023-LCS-NWA-280823-003A,28-Aug-23,8,29-Aug-23,St. Clair NWA - West Cell SCU,42.36773,-82.40578,Amia ocellicauda,443,750
2023-LCS-NWA-,2023-LCS-NWA-280823-003A,28-Aug-23,8,29-Aug-23,St. Clair NWA - West Cell SCU,42.36773,-82.40578,Amia ocellicauda,411,600
2023-LCS-NWA-,2023-LCS-NWA-280823-003A,28-Aug-23,8,29-Aug-23,St. Clair NWA - West Cell SCU,42.36773,-82.40578,Amia ocellicauda,485,990
2023-LCS-NWA-,2023-LCS-NWA-280823-003A,28-Aug-23,8,29-Aug-23,St. Clair NWA - West Cell SCU,42.36773,-82.40578,Lepomis gibbosus,130,44.03
2023-LCS-NWA-,2023-LCS-NWA-280823-003A,28-Aug-23,8,29-Aug-23,St. Clair NWA - West Cell SCU,42.36773,-82.40578,Lepomis gibbosus,86,11.53
2023-LCS-NWA-,2023-LCS-NWA-280823-003A,28-Aug-23,8,29-Aug-23,St. Clair NWA - West Cell SCU,42.36773,-82.40578,Lepomis gibbosus,128,39.16
2023-LCS-NWA-,2023-LCS-NWA-280823-003A,28-Aug-23,8,29-Aug-23,St. Clair NWA - West Cell SCU,42.36773,-82.40578,Lepomis gibbosus,163,60
2023-LCS-NWA-,2023-LCS-NWA-280823-003A,28-Aug-23,8,29-Aug-23,St. Clair NWA - West Cell SCU,42.36773,-82.40578,Lepomis gibbosus,160,70
2023-LCS-NWA-,2023-LCS-NWA-280823-003A,28-Aug-23,8,29-Aug-23,St. Clair NWA - West Cell SCU,42.36773,-82.40578,Notemigonus crysoleucas,105,10.94
2023-LCS-NWA-,2023-LCS-NWA-280823-004A,28-Aug-23,8,29-Aug-23,St. Clair NWA - West Cell SCU,42.36996,-82.40524,Pomoxis nigromaculatus,229,0.19
2023-LCS-NWA-,2023-LCS-NWA-280823-004A,28-Aug-23,8,29-Aug-23,St. Clair NWA - West Cell SCU,42.36996,-82.40524,Lepomis macrochirus,35,0.62
2023-LCS-NWA-,2023-LCS-NWA-280823-004A,28-Aug-23,8,29-Aug-23,St. Clair NWA - West Cell SCU,42.36996,-82.40524,Lepomis macrochirus,174,110
2023-LCS-NWA-,2023-LCS-NWA-280823-004A,28-Aug-23,8,29-Aug-23,St. Clair NWA - West Cell SCU,42.36996,-82.40524,Lepomis macrochirus,180,130
2023-LCS-NWA-,2023-LCS-NWA-280823-004A,28-Aug-23,8,29-Aug-23,St. Clair NWA - West Cell SCU,42.36996,-82.40524,Lepomis macrochirus,35,0.64
2023-LCS-NWA-,2023-LCS-NWA-280823-004A,28-Aug-23,8,29-Aug-23,St. Clair NWA - West Cell SCU,42.36996,-82.40524,Lepomis macrochirus,49,1.78
2023-LCS-NWA-,2023-LCS-NWA-280823-004A,28-Aug-23,8,29-Aug-23,St. Clair NWA - West Cell SCU,42.36996,-82.40524,Lepomis macrochirus,39,0.83
2023-LCS-NWA-,2023-LCS-NWA-280823-004A,28-Aug-23,8,29-Aug-23,St. Clair NWA - West Cell SCU,42.36996,-82.40524,Amia ocellicauda,634,1850
2023-LCS-NWA-,2023-LCS-NWA-280823-004A,28-Aug-23,8,29-Aug-23,St. Clair NWA - West Cell SCU,42.36996,-82.40524,Amia ocellicauda,578,1690
2023-LCS-NWA-,2023-LCS-NWA-280823-004A,28-Aug-23,8,29-Aug-23,St. Clair NWA - West Cell SCU,42.36996,-82.40524,Amia ocellicauda,585,1870
2023-LCS-NWA-,2023-LCS-NWA-280823-004A,28-Aug-23,8,29-Aug-23,St. Clair NWA - West Cell SCU,42.36996,-82.40524,Amia ocellicauda,550,1420
2023-LCS-NWA-,2023-LCS-NWA-280823-004A,28-Aug-23,8,29-Aug-23,St. Clair NWA - West Cell SCU,42.36996,-82.40524,Amia ocellicauda,530,1280
2023-LCS-NWA-,2023-LCS-NWA-280823-004A,28-Aug-23,8,29-Aug-23,St. Clair NWA - West Cell SCU,42.36996,-82.40524,Lepomis gibbosus,39,0.89
2023-LCS-NWA-,2023-LCS-NWA-280823-004A,28-Aug-23,8,29-Aug-23,St. Clair NWA - West Cell SCU,42.36996,-82.40524,Lepomis gibbosus,36,0.64
2023-LCS-NWA-,2023-LCS-NWA-280823-004A,28-Aug-23,8,29-Aug-23,St. Clair NWA - West Cell SCU,42.36996,-82.40524,Lepomis sp,37,0.85
2023-LCS-NWA-,2023-LCS-NWA-280823-004A,28-Aug-23,8,29-Aug-23,St. Clair NWA - West Cell SCU,42.36996,-82.40524,Lepomis sp,37,0.77
2023-LCS-NWA-,2023-LCS-NWA-280823-004A,28-Aug-23,8,29-Aug-23,St. Clair NWA - West Cell SCU,42.36996,-82.40524,Lepomis sp,38,1.02
2023-LCS-NWA-,2023-LCS-NWA-280823-004A,28-Aug-23,8,29-Aug-23,St. Clair NWA - West Cell SCU,42.36996,-82.40524,Lepomis sp,28,0.37
2023-LCS-NWA-,2023-LCS-NWA-280823-004A,28-Aug-23,8,29-Aug-23,St. Clair NWA - West Cell SCU,42.36996,-82.40524,Lepomis sp,30,0.36
2023-LCS-NWA-,2023-LCS-NWA-280823-004A,28-Aug-23,8,29-Aug-23,St. Clair NWA - West Cell SCU,42.36996,-82.40524,Lepomis sp,32,0.45
2023-LCS-NWA-,2023-LCS-NWA-280823-004A,28-Aug-23,8,29-Aug-23,St. Clair NWA - West Cell SCU,42.36996,-82.40524,Lepomis sp,50,1.85
2023-LCS-NWA-,2023-LCS-NWA-280823-004A,28-Aug-23,8,29-Aug-23,St. Clair NWA - West Cell SCU,42.36996,-82.40524,Lepomis sp,35,0.57
2023-LCS-NWA-,2023-LCS-NWA-280823-005A,28-Aug-23,8,29-Aug-23,St. Clair NWA - West Cell SCU,42.37241,-82.40548,Lepomis macrochirus,96,13.75
2023-LCS-NWA-,2023-LCS-NWA-280823-005A,28-Aug-23,8,29-Aug-23,St. Clair NWA - West Cell SCU,42.37241,-82.40548,Amia ocellicauda,349,350
2023-LCS-NWA-,2023-LCS-NWA-280823-005A,28-Aug-23,8,29-Aug-23,St. Clair NWA - West Cell SCU,42.37241,-82.40548,Amia ocellicauda,561,1630
2023-LCS-NWA-,2023-LCS-NWA-280823-005A,28-Aug-23,8,29-Aug-23,St. Clair NWA - West Cell SCU,42.37241,-82.40548,Lepomis gibbosus,84,10.85
2023-LCS-NWA-,2023-LCS-NWA-280823-005A,28-Aug-23,8,29-Aug-23,St. Clair NWA - West Cell SCU,42.37241,-82.40548,Lepomis gibbosus,73,6.34
2023-LCS-NWA-,2023-LCS-NWA-280823-005A,28-Aug-23,8,29-Aug-23,St. Clair NWA - West Cell SCU,42.37241,-82.40548,Lepomis gibbosus,52,2.31
2023-LCS-NWA-,2023-LCS-NWA-280823-005A,28-Aug-23,8,29-Aug-23,St. Clair NWA - West Cell SCU,42.37241,-82.40548,Lepomis gibbosus,135,46.87
2023-LCS-NWA-,2023-LCS-NWA-280823-006A,28-Aug-23,8,29-Aug-23,St. Clair NWA - West Cell SCU,42.3723,-82.40321,Amia ocellicauda,466,300
2023-LCS-NWA-,2023-LCS-NWA-280823-006A,28-Aug-23,8,29-Aug-23,St. Clair NWA - West Cell SCU,42.3723,-82.40321,Erimyzon sucetta,138,34.07
2023-LCS-NWA-,2023-LCS-NWA-280823-006A,28-Aug-23,8,29-Aug-23,St. Clair NWA - West Cell SCU,42.3723,-82.40321,Lepomis gibbosus,84,10.86
2023-LCS-NWA-,2023-LCS-NWA-280823-006A,28-Aug-23,8,29-Aug-23,St. Clair NWA - West Cell SCU,42.3723,-82.40321,Lepomis gibbosus,111,24.08
2023-LCS-NWA-,2023-LCS-NWA-280823-006A,28-Aug-23,8,29-Aug-23,St. Clair NWA - West Cell SCU,42.3723,-82.40321,Lepomis gibbosus,75,6.82
2023-LCS-NWA-,2023-LCS-NWA-280823-006A,28-Aug-23,8,29-Aug-23,St. Clair NWA - West Cell SCU,42.3723,-82.40321,Lepomis gibbosus,84,10.3
2023-LCS-NWA-,2023-LCS-NWA-280823-006A,28-Aug-23,8,29-Aug-23,St. Clair NWA - West Cell SCU,42.3723,-82.40321,Lepomis gibbosus,72,6.15
2023-LCS-NWA-,2023-LCS-NWA-280823-006A,28-Aug-23,8,29-Aug-23,St. Clair NWA - West Cell SCU,42.3723,-82.40321,Lepomis gibbosus,120,33.44
2023-LCS-NWA-,2023-LCS-NWA-280823-006A,28-Aug-23,8,29-Aug-23,St. Clair NWA - West Cell SCU,42.3723,-82.40321,Lepomis gibbosus,40,0.95
2023-LCS-NWA-,2023-LCS-NWA-280823-006A,28-Aug-23,8,29-Aug-23,St. Clair NWA - West Cell SCU,42.3723,-82.40321,Lepomis gibbosus,72,6.24
2023-LCS-NWA-,2023-LCS-NWA-280823-006A,28-Aug-23,8,29-Aug-23,St. Clair NWA - West Cell SCU,42.3723,-82.40321,Notemigonus crysoleucas,115,11.68
2023-LCS-NWA-,2023-LCS-NWA-280823-006A,28-Aug-23,8,29-Aug-23,St. Clair NWA - West Cell SCU,42.3723,-82.40321,Micropterus nigricans,101,12.36
2023-LCS-NWA-,2023-LCS-NWA-290823-001A,29-Aug-23,8,30-Aug-23,St. Clair NWA - West Cell SCU,42.37495,-82.40376,Pomoxis nigromaculatus,225,180
2023-LCS-NWA-,2023-LCS-NWA-290823-001A,29-Aug-23,8,30-Aug-23,St. Clair NWA - West Cell SCU,42.37495,-82.40376,Lepomis macrochirus,150,75.67
2023-LCS-NWA-,2023-LCS-NWA-290823-001A,29-Aug-23,8,30-Aug-23,St. Clair NWA - West Cell SCU,42.37495,-82.40376,Lepomis macrochirus,143,59.92
2023-LCS-NWA-,2023-LCS-NWA-290823-001A,29-Aug-23,8,30-Aug-23,St. Clair NWA - West Cell SCU,42.37495,-82.40376,Lepomis macrochirus,145,58.97
2023-LCS-NWA-,2023-LCS-NWA-290823-001A,29-Aug-23,8,30-Aug-23,St. Clair NWA - West Cell SCU,42.37495,-82.40376,Lepomis macrochirus,107,22.8
2023-LCS-NWA-,2023-LCS-NWA-290823-001A,29-Aug-23,8,30-Aug-23,St. Clair NWA - West Cell SCU,42.37495,-82.40376,Amia ocellicauda,410,620
2023-LCS-NWA-,2023-LCS-NWA-290823-001A,29-Aug-23,8,30-Aug-23,St. Clair NWA - West Cell SCU,42.37495,-82.40376,Amia ocellicauda,400,510
2023-LCS-NWA-,2023-LCS-NWA-290823-001A,29-Aug-23,8,30-Aug-23,St. Clair NWA - West Cell SCU,42.37495,-82.40376,Amia ocellicauda,495,1050
2023-LCS-NWA-,2023-LCS-NWA-290823-001A,29-Aug-23,8,30-Aug-23,St. Clair NWA - West Cell SCU,42.37495,-82.40376,Lepomis gibbosus,154,74.77
2023-LCS-NWA-,2023-LCS-NWA-290823-001A,29-Aug-23,8,30-Aug-23,St. Clair NWA - West Cell SCU,42.37495,-82.40376,Lepomis gibbosus,176,130
2023-LCS-NWA-,2023-LCS-NWA-290823-001A,29-Aug-23,8,30-Aug-23,St. Clair NWA - West Cell SCU,42.37495,-82.40376,Lepomis gibbosus,142,57.61
2023-LCS-NWA-,2023-LCS-NWA-290823-001A,29-Aug-23,8,30-Aug-23,St. Clair NWA - West Cell SCU,42.37495,-82.40376,Lepomis gibbosus,119,31.07
2023-LCS-NWA-,2023-LCS-NWA-290823-001A,29-Aug-23,8,30-Aug-23,St. Clair NWA - West Cell SCU,42.37495,-82.40376,Lepomis gibbosus,81,8.71
2023-LCS-NWA-,2023-LCS-NWA-290823-001A,29-Aug-23,8,30-Aug-23,St. Clair NWA - West Cell SCU,42.37495,-82.40376,Lepomis gibbosus,147,65.68
2023-LCS-NWA-,2023-LCS-NWA-290823-001A,29-Aug-23,8,30-Aug-23,St. Clair NWA - West Cell SCU,42.37495,-82.40376,Lepomis gibbosus,115,29.59
2023-LCS-NWA-,2023-LCS-NWA-290823-002A,29-Aug-23,8,30-Aug-23,St. Clair NWA - West Cell SCU,42.37534,-82.40486,Lepomis gibbosus,78,8.68
2023-LCS-NWA-,2023-LCS-NWA-290823-002A,29-Aug-23,8,30-Aug-23,St. Clair NWA - West Cell SCU,42.37534,-82.40486,Lepomis gibbosus,67,4.98
2023-LCS-NWA-,2023-LCS-NWA-290823-002A,29-Aug-23,8,30-Aug-23,St. Clair NWA - West Cell SCU,42.37534,-82.40486,Lepomis gibbosus,78,8.39
2023-LCS-NWA-,2023-LCS-NWA-290823-002A,29-Aug-23,8,30-Aug-23,St. Clair NWA - West Cell SCU,42.37534,-82.40486,Notemigonus crysoleucas,54,1.05
2023-LCS-NWA-,2023-LCS-NWA-290823-003A,29-Aug-23,8,30-Aug-23,St. Clair NWA - West Cell SCU,42.37422,-82.4047,Pomoxis nigromaculatus,258,270
2023-LCS-NWA-,2023-LCS-NWA-290823-003A,29-Aug-23,8,30-Aug-23,St. Clair NWA - West Cell SCU,42.37422,-82.4047,Pomoxis nigromaculatus,160,50
2023-LCS-NWA-,2023-LCS-NWA-290823-003A,29-Aug-23,8,30-Aug-23,St. Clair NWA - West Cell SCU,42.37422,-82.4047,Pomoxis nigromaculatus,197,130
2023-LCS-NWA-,2023-LCS-NWA-290823-003A,29-Aug-23,8,30-Aug-23,St. Clair NWA - West Cell SCU,42.37422,-82.4047,Lepomis macrochirus,167,80
2023-LCS-NWA-,2023-LCS-NWA-290823-003A,29-Aug-23,8,30-Aug-23,St. Clair NWA - West Cell SCU,42.37422,-82.4047,Lepomis macrochirus,173,100
2023-LCS-NWA-,2023-LCS-NWA-290823-003A,29-Aug-23,8,30-Aug-23,St. Clair NWA - West Cell SCU,42.37422,-82.4047,Lepomis macrochirus,183,120
2023-LCS-NWA-,2023-LCS-NWA-290823-003A,29-Aug-23,8,30-Aug-23,St. Clair NWA - West Cell SCU,42.37422,-82.4047,Lepomis macrochirus,160,90
2023-LCS-NWA-,2023-LCS-NWA-290823-003A,29-Aug-23,8,30-Aug-23,St. Clair NWA - West Cell SCU,42.37422,-82.4047,Lepomis macrochirus,110,25.18
2023-LCS-NWA-,2023-LCS-NWA-290823-003A,29-Aug-23,8,30-Aug-23,St. Clair NWA - West Cell SCU,42.37422,-82.4047,Lepomis macrochirus,35,0.68
2023-LCS-NWA-,2023-LCS-NWA-290823-003A,29-Aug-23,8,30-Aug-23,St. Clair NWA - West Cell SCU,42.37422,-82.4047,Lepomis macrochirus,44,1.15
2023-LCS-NWA-,2023-LCS-NWA-290823-003A,29-Aug-23,8,30-Aug-23,St. Clair NWA - West Cell SCU,42.37422,-82.4047,Lepomis macrochirus,39,0.88
2023-LCS-NWA-,2023-LCS-NWA-290823-003A,29-Aug-23,8,30-Aug-23,St. Clair NWA - West Cell SCU,42.37422,-82.4047,Amia ocellicauda,505,1040
2023-LCS-NWA-,2023-LCS-NWA-290823-003A,29-Aug-23,8,30-Aug-23,St. Clair NWA - West Cell SCU,42.37422,-82.4047,Erimyzon sucetta,210,110
2023-LCS-NWA-,2023-LCS-NWA-290823-003A,29-Aug-23,8,30-Aug-23,St. Clair NWA - West Cell SCU,42.37422,-82.4047,Lepomis gibbosus,163,80
2023-LCS-NWA-,2023-LCS-NWA-290823-003A,29-Aug-23,8,30-Aug-23,St. Clair NWA - West Cell SCU,42.37422,-82.4047,Lepomis gibbosus,42,1.03
2023-LCS-NWA-,2023-LCS-NWA-290823-003A,29-Aug-23,8,30-Aug-23,St. Clair NWA - West Cell SCU,42.37422,-82.4047,Lepomis gibbosus,42,1.16
2023-LCS-NWA-,2023-LCS-NWA-290823-003A,29-Aug-23,8,30-Aug-23,St. Clair NWA - West Cell SCU,42.37422,-82.4047,Lepomis gibbosus,40,1
2023-LCS-NWA-,2023-LCS-NWA-290823-003A,29-Aug-23,8,30-Aug-23,St. Clair NWA - West Cell SCU,42.37422,-82.4047,Lepomis gibbosus,40,0.92
2023-LCS-NWA-,2023-LCS-NWA-290823-003A,29-Aug-23,8,30-Aug-23,St. Clair NWA - West Cell SCU,42.37422,-82.4047,Lepomis sp,35,0.75
2023-LCS-NWA-,2023-LCS-NWA-290823-003A,29-Aug-23,8,30-Aug-23,St. Clair NWA - West Cell SCU,42.37422,-82.4047,Lepomis sp,33,0.58
2023-LCS-NWA-,2023-LCS-NWA-290823-003A,29-Aug-23,8,30-Aug-23,St. Clair NWA - West Cell SCU,42.37422,-82.4047,Micropterus nigricans,312,390
2023-LCS-NWA-,2023-LCS-NWA-290823-004A,29-Aug-23,8,30-Aug-23,St. Clair NWA - West Cell SCU,42.37802,-82.40212,Pomoxis nigromaculatus,69,4.55
2023-LCS-NWA-,2023-LCS-NWA-290823-004A,29-Aug-23,8,30-Aug-23,St. Clair NWA - West Cell SCU,42.37802,-82.40212,Lepomis macrochirus,44,1.25
2023-LCS-NWA-,2023-LCS-NWA-290823-004A,29-Aug-23,8,30-Aug-23,St. Clair NWA - West Cell SCU,42.37802,-82.40212,Lepomis macrochirus,39,0.71
2023-LCS-NWA-,2023-LCS-NWA-290823-004A,29-Aug-23,8,30-Aug-23,St. Clair NWA - West Cell SCU,42.37802,-82.40212,Lepomis gibbosus,65,4.65
2023-LCS-NWA-,2023-LCS-NWA-290823-004A,29-Aug-23,8,30-Aug-23,St. Clair NWA - West Cell SCU,42.37802,-82.40212,Lepomis gibbosus,69,5.55
2023-LCS-NWA-,2023-LCS-NWA-290823-004A,29-Aug-23,8,30-Aug-23,St. Clair NWA - West Cell SCU,42.37802,-82.40212,Lepomis gibbosus,60,3.45
2023-LCS-NWA-,2023-LCS-NWA-290823-004A,29-Aug-23,8,30-Aug-23,St. Clair NWA - West Cell SCU,42.37802,-82.40212,Lepomis gibbosus,75,7.09
2023-LCS-NWA-,2023-LCS-NWA-290823-004A,29-Aug-23,8,30-Aug-23,St. Clair NWA - West Cell SCU,42.37802,-82.40212,Lepomis gibbosus,39,0.87
2023-LCS-NWA-,2023-LCS-NWA-290823-004A,29-Aug-23,8,30-Aug-23,St. Clair NWA - West Cell SCU,42.37802,-82.40212,Lepomis sp,41,1.08
2023-LCS-NWA-,2023-LCS-NWA-290823-005A,29-Aug-23,8,30-Aug-23,St. Clair NWA - West Cell SCU,42.37666,-82.40328,Pomoxis nigromaculatus,65,3.58
2023-LCS-NWA-,2023-LCS-NWA-290823-005A,29-Aug-23,8,30-Aug-23,St. Clair NWA - West Cell SCU,42.37666,-82.40328,Pomoxis nigromaculatus,62,2.83
2023-LCS-NWA-,2023-LCS-NWA-290823-005A,29-Aug-23,8,30-Aug-23,St. Clair NWA - West Cell SCU,42.37666,-82.40328,Lepomis macrochirus,99,17.64
2023-LCS-NWA-,2023-LCS-NWA-290823-005A,29-Aug-23,8,30-Aug-23,St. Clair NWA - West Cell SCU,42.37666,-82.40328,Lepomis macrochirus,102,18.78
2023-LCS-NWA-,2023-LCS-NWA-290823-005A,29-Aug-23,8,30-Aug-23,St. Clair NWA - West Cell SCU,42.37666,-82.40328,Lepomis macrochirus,86,10.98
2023-LCS-NWA-,2023-LCS-NWA-290823-005A,29-Aug-23,8,30-Aug-23,St. Clair NWA - West Cell SCU,42.37666,-82.40328,Lepomis macrochirus,143,50
2023-LCS-NWA-,2023-LCS-NWA-290823-005A,29-Aug-23,8,30-Aug-23,St. Clair NWA - West Cell SCU,42.37666,-82.40328,Lepomis macrochirus,175,120
2023-LCS-NWA-,2023-LCS-NWA-290823-005A,29-Aug-23,8,30-Aug-23,St. Clair NWA - West Cell SCU,42.37666,-82.40328,Erimyzon sucetta,122,22.8
2023-LCS-NWA-,2023-LCS-NWA-290823-005A,29-Aug-23,8,30-Aug-23,St. Clair NWA - West Cell SCU,42.37666,-82.40328,Lepomis gibbosus,110,25.5
2023-LCS-NWA-,2023-LCS-NWA-290823-005A,29-Aug-23,8,30-Aug-23,St. Clair NWA - West Cell SCU,42.37666,-82.40328,Lepomis gibbosus,83,10.05
2023-LCS-NWA-,2023-LCS-NWA-290823-005A,29-Aug-23,8,30-Aug-23,St. Clair NWA - West Cell SCU,42.37666,-82.40328,Lepomis gibbosus,84,10.55
2023-LCS-NWA-,2023-LCS-NWA-290823-005A,29-Aug-23,8,30-Aug-23,St. Clair NWA - West Cell SCU,42.37666,-82.40328,Lepomis gibbosus,177,120
2023-LCS-NWA-,2023-LCS-NWA-290823-005A,29-Aug-23,8,30-Aug-23,St. Clair NWA - West Cell SCU,42.37666,-82.40328,Lepomis gibbosus,184,160
2023-LCS-NWA-,2023-LCS-NWA-290823-005A,29-Aug-23,8,30-Aug-23,St. Clair NWA - West Cell SCU,42.37666,-82.40328,Lepomis gibbosus,149,70
2023-LCS-NWA-,2023-LCS-NWA-290823-005A,29-Aug-23,8,30-Aug-23,St. Clair NWA - West Cell SCU,42.37666,-82.40328,Lepomis gibbosus,138,50
2023-LCS-NWA-,2023-LCS-NWA-290823-005A,29-Aug-23,8,30-Aug-23,St. Clair NWA - West Cell SCU,42.37666,-82.40328,Lepomis gibbosus,134,40
2023-LCS-NWA-,2023-LCS-NWA-290823-005A,29-Aug-23,8,30-Aug-23,St. Clair NWA - West Cell SCU,42.37666,-82.40328,Lepomis gibbosus,143,60
2023-LCS-NWA-,2023-LCS-NWA-290823-005A,29-Aug-23,8,30-Aug-23,St. Clair NWA - West Cell SCU,42.37666,-82.40328,Lepomis gibbosus,121,40
2023-LCS-NWA-,2023-LCS-NWA-290823-005A,29-Aug-23,8,30-Aug-23,St. Clair NWA - West Cell SCU,42.37666,-82.40328,Lepomis gibbosus,84,10.13
2023-LCS-NWA-,2023-LCS-NWA-290823-005A,29-Aug-23,8,30-Aug-23,St. Clair NWA - West Cell SCU,42.37666,-82.40328,Umbra limi,27,0.19
2023-LCS-NWA-,2023-LCS-NWA-290823-005A,29-Aug-23,8,30-Aug-23,St. Clair NWA - West Cell SCU,42.37666,-82.40328,Umbra limi,27,0.19
2023-LCS-NWA-,2023-LCS-NWA-290823-005A,29-Aug-23,8,30-Aug-23,St. Clair NWA - West Cell SCU,42.37666,-82.40328,Lepomis gibbosus X Lepomis macrochirus,109,23.58
2023-LCS-NWA-,2023-LCS-NWA-290823-005A,29-Aug-23,8,30-Aug-23,St. Clair NWA - West Cell SCU,42.37666,-82.40328,Ameiurus melas,125,24
2023-LCS-NWA-,2023-LCS-NWA-290823-006A,29-Aug-23,8,30-Aug-23,St. Clair NWA - West Cell SCU,42.37509,-82.40617,Pomoxis nigromaculatus,240,220
2023-LCS-NWA-,2023-LCS-NWA-290823-006A,29-Aug-23,8,30-Aug-23,St. Clair NWA - West Cell SCU,42.37509,-82.40617,Lepomis macrochirus,173,110
2023-LCS-NWA-,2023-LCS-NWA-290823-006A,29-Aug-23,8,30-Aug-23,St. Clair NWA - West Cell SCU,42.37509,-82.40617,Lepomis macrochirus,77,8.5
2023-LCS-NWA-,2023-LCS-NWA-290823-006A,29-Aug-23,8,30-Aug-23,St. Clair NWA - West Cell SCU,42.37509,-82.40617,Lepomis macrochirus,39,0.7
2023-LCS-NWA-,2023-LCS-NWA-290823-006A,29-Aug-23,8,30-Aug-23,St. Clair NWA - West Cell SCU,42.37509,-82.40617,Erimyzon sucetta,50,1.4
2023-LCS-NWA-,2023-LCS-NWA-290823-006A,29-Aug-23,8,30-Aug-23,St. Clair NWA - West Cell SCU,42.37509,-82.40617,Erimyzon sucetta,49,1.4
2023-LCS-NWA-,2023-LCS-NWA-290823-006A,29-Aug-23,8,30-Aug-23,St. Clair NWA - West Cell SCU,42.37509,-82.40617,Erimyzon sucetta,50,1.4
2023-LCS-NWA-,2023-LCS-NWA-290823-006A,29-Aug-23,8,30-Aug-23,St. Clair NWA - West Cell SCU,42.37509,-82.40617,Erimyzon sucetta,173,70.2
2023-LCS-NWA-,2023-LCS-NWA-290823-006A,29-Aug-23,8,30-Aug-23,St. Clair NWA - West Cell SCU,42.37509,-82.40617,Lepomis gibbosus,147,73.4
2023-LCS-NWA-,2023-LCS-NWA-290823-006A,29-Aug-23,8,30-Aug-23,St. Clair NWA - West Cell SCU,42.37509,-82.40617,Lepomis gibbosus,188,150.4
2023-LCS-NWA-,2023-LCS-NWA-290823-006A,29-Aug-23,8,30-Aug-23,St. Clair NWA - West Cell SCU,42.37509,-82.40617,Lepomis gibbosus,153,78.1
2023-LCS-NWA-,2023-LCS-NWA-290823-006A,29-Aug-23,8,30-Aug-23,St. Clair NWA - West Cell SCU,42.37509,-82.40617,Lepomis gibbosus,135,46.4
2023-LCS-NWA-,2023-LCS-NWA-290823-006A,29-Aug-23,8,30-Aug-23,St. Clair NWA - West Cell SCU,42.37509,-82.40617,Lepomis gibbosus,156,79.3
2023-LCS-NWA-,2023-LCS-NWA-290823-006A,29-Aug-23,8,30-Aug-23,St. Clair NWA - West Cell SCU,42.37509,-82.40617,Lepomis gibbosus,128,39.2
2023-LCS-NWA-,2023-LCS-NWA-290823-006A,29-Aug-23,8,30-Aug-23,St. Clair NWA - West Cell SCU,42.37509,-82.40617,Lepomis gibbosus,64,4.7
2023-LCS-NWA-,2023-LCS-NWA-290823-006A,29-Aug-23,8,30-Aug-23,St. Clair NWA - West Cell SCU,42.37509,-82.40617,Lepomis gibbosus,67,5
2023-LCS-NWA-,2023-LCS-NWA-290823-006A,29-Aug-23,8,30-Aug-23,St. Clair NWA - West Cell SCU,42.37509,-82.40617,Lepomis gibbosus,44,1.3
2023-LCS-NWA-,2023-LCS-NWA-290823-006A,29-Aug-23,8,30-Aug-23,St. Clair NWA - West Cell SCU,42.37509,-82.40617,Lepomis sp,39,1.2
2023-LCS-NWA-,2023-LCS-NWA-290823-006A,29-Aug-23,8,30-Aug-23,St. Clair NWA - West Cell SCU,42.37509,-82.40617,Lepomis sp,37,0.9
2023-LCS-NWA-,2023-LCS-NWA-290823-006A,29-Aug-23,8,30-Aug-23,St. Clair NWA - West Cell SCU,42.37509,-82.40617,Lepomis sp,29,0
2023-LCS-NWA-,2023-LCS-NWA-290823-006A,29-Aug-23,8,30-Aug-23,St. Clair NWA - West Cell SCU,42.37509,-82.40617,Notemigonus crysoleucas,128,18.6
2023-LCS-NWA-,2023-LCS-NWA-290823-006A,29-Aug-23,8,30-Aug-23,St. Clair NWA - West Cell SCU,42.37509,-82.40617,Notemigonus crysoleucas,105,8.5
2023-LCS-NWA-,2023-LCS-NWA-290823-006A,29-Aug-23,8,30-Aug-23,St. Clair NWA - West Cell SCU,42.37509,-82.40617,Notemigonus crysoleucas,103,8.9
2023-LCS-NWA-,2023-LCS-NWA-290823-006A,29-Aug-23,8,30-Aug-23,St. Clair NWA - West Cell SCU,42.37509,-82.40617,Notemigonus crysoleucas,118,13.8
2023-LCS-NWA-,2023-LCS-NWA-290823-006A,29-Aug-23,8,30-Aug-23,St. Clair NWA - West Cell SCU,42.37509,-82.40617,Notemigonus crysoleucas,103,8.9
2023-LCS-NWA-,2023-LCS-NWA-290823-006A,29-Aug-23,8,30-Aug-23,St. Clair NWA - West Cell SCU,42.37509,-82.40617,Notemigonus crysoleucas,110,9.7
2023-LCS-NWA-,2023-LCS-NWA-290823-006A,29-Aug-23,8,30-Aug-23,St. Clair NWA - West Cell SCU,42.37509,-82.40617,Notemigonus crysoleucas,107,9.7
2023-LCS-NWA-,2023-LCS-NWA-290823-006A,29-Aug-23,8,30-Aug-23,St. Clair NWA - West Cell SCU,42.37509,-82.40617,Notemigonus crysoleucas,112,10.9
2023-LCS-NWA-,2023-LCS-NWA-290823-006A,29-Aug-23,8,30-Aug-23,St. Clair NWA - West Cell SCU,42.37509,-82.40617,Notemigonus crysoleucas,110,10.2
2023-LCS-NWA-,2023-LCS-NWA-290823-006A,29-Aug-23,8,30-Aug-23,St. Clair NWA - West Cell SCU,42.37509,-82.40617,Notemigonus crysoleucas,107,10.4
2023-LCS-NWA-,2023-LCS-NWA-290823-006A,29-Aug-23,8,30-Aug-23,St. Clair NWA - West Cell SCU,42.37509,-82.40617,Notemigonus crysoleucas,112,12.1
2023-LCS-NWA-,2023-LCS-NWA-290823-006A,29-Aug-23,8,30-Aug-23,St. Clair NWA - West Cell SCU,42.37509,-82.40617,Notemigonus crysoleucas,94,7
2023-LCS-NWA-,2023-LCS-NWA-290823-006A,29-Aug-23,8,30-Aug-23,St. Clair NWA - West Cell SCU,42.37509,-82.40617,Notemigonus crysoleucas,110,10.4
2023-LCS-NWA-,2023-LCS-NWA-290823-006A,29-Aug-23,8,30-Aug-23,St. Clair NWA - West Cell SCU,42.37509,-82.40617,Notemigonus crysoleucas,103,8
2023-LCS-NWA-,2023-LCS-NWA-290823-006A,29-Aug-23,8,30-Aug-23,St. Clair NWA - West Cell SCU,42.37509,-82.40617,Notemigonus crysoleucas,110,10.5
2023-LCS-NWA-,2023-LCS-NWA-290823-006A,29-Aug-23,8,30-Aug-23,St. Clair NWA - West Cell SCU,42.37509,-82.40617,Notemigonus crysoleucas,118,13.3
2023-LCS-NWA-,2023-LCS-NWA-290823-006A,29-Aug-23,8,30-Aug-23,St. Clair NWA - West Cell SCU,42.37509,-82.40617,Notemigonus crysoleucas,101,8
2023-LCS-NWA-,2023-LCS-NWA-290823-006A,29-Aug-23,8,30-Aug-23,St. Clair NWA - West Cell SCU,42.37509,-82.40617,Notemigonus crysoleucas,111,10.5
2023-LCS-NWA-,2023-LCS-NWA-290823-006A,29-Aug-23,8,30-Aug-23,St. Clair NWA - West Cell SCU,42.37509,-82.40617,Notemigonus crysoleucas,105,9.8
2023-LCS-NWA-,2023-LCS-NWA-290823-006A,29-Aug-23,8,30-Aug-23,St. Clair NWA - West Cell SCU,42.37509,-82.40617,Notemigonus crysoleucas,115,12.9
2023-LCS-NWA-,2023-LCS-NWA-290823-006A,29-Aug-23,8,30-Aug-23,St. Clair NWA - West Cell SCU,42.37509,-82.40617,Notemigonus crysoleucas,118,14.1
2023-LCS-NWA-,2023-LCS-NWA-290823-006A,29-Aug-23,8,30-Aug-23,St. Clair NWA - West Cell SCU,42.37509,-82.40617,Notemigonus crysoleucas,103,8.9
2023-LCS-NWA-,2023-LCS-NWA-290823-006A,29-Aug-23,8,30-Aug-23,St. Clair NWA - West Cell SCU,42.37509,-82.40617,Notemigonus crysoleucas,104,9.2
2023-LCS-NWA-,2023-LCS-NWA-290823-006A,29-Aug-23,8,30-Aug-23,St. Clair NWA - West Cell SCU,42.37509,-82.40617,Notemigonus crysoleucas,103,9.8
2023-LCS-NWA-,2023-LCS-NWA-290823-006A,29-Aug-23,8,30-Aug-23,St. Clair NWA - West Cell SCU,42.37509,-82.40617,Notemigonus crysoleucas,110,10.1
2023-LCS-NWA-,2023-LCS-NWA-290823-006A,29-Aug-23,8,30-Aug-23,St. Clair NWA - West Cell SCU,42.37509,-82.40617,Notemigonus crysoleucas,114,13.2
2023-LCS-NWA-,2023-LCS-NWA-290823-006A,29-Aug-23,8,30-Aug-23,St. Clair NWA - West Cell SCU,42.37509,-82.40617,Notemigonus crysoleucas,102,8.6
2023-LCS-NWA-,2023-LCS-NWA-290823-006A,29-Aug-23,8,30-Aug-23,St. Clair NWA - West Cell SCU,42.37509,-82.40617,Notemigonus crysoleucas,110,11.3
2023-LCS-NWA-,2023-LCS-NWA-290823-006A,29-Aug-23,8,30-Aug-23,St. Clair NWA - West Cell SCU,42.37509,-82.40617,Notemigonus crysoleucas,99,7.6
2023-LCS-NWA-,2023-LCS-NWA-290823-006A,29-Aug-23,8,30-Aug-23,St. Clair NWA - West Cell SCU,42.37509,-82.40617,Notemigonus crysoleucas,97,7.5
2023-LCS-NWA-,2023-LCS-NWA-290823-006A,29-Aug-23,8,30-Aug-23,St. Clair NWA - West Cell SCU,42.37509,-82.40617,Notemigonus crysoleucas,115,11.4
2023-LCS-NWA-,2023-LCS-NWA-290823-006A,29-Aug-23,8,30-Aug-23,St. Clair NWA - West Cell SCU,42.37509,-82.40617,Notemigonus crysoleucas,112,11.4
2023-LCS-NWA-,2023-LCS-NWA-290823-006A,29-Aug-23,8,30-Aug-23,St. Clair NWA - West Cell SCU,42.37509,-82.40617,Notemigonus crysoleucas,102,8.3
2023-LCS-NWA-,2023-LCS-NWA-290823-006A,29-Aug-23,8,30-Aug-23,St. Clair NWA - West Cell SCU,42.37509,-82.40617,Notemigonus crysoleucas,106,10
2023-LCS-NWA-,2023-LCS-NWA-290823-006A,29-Aug-23,8,30-Aug-23,St. Clair NWA - West Cell SCU,42.37509,-82.40617,Notemigonus crysoleucas,96,7.4
2023-LCS-NWA-,2023-LCS-NWA-290823-006A,29-Aug-23,8,30-Aug-23,St. Clair NWA - West Cell SCU,42.37509,-82.40617,Notemigonus crysoleucas,104,8.3
2023-LCS-NWA-,2023-LCS-NWA-290823-006A,29-Aug-23,8,30-Aug-23,St. Clair NWA - West Cell SCU,42.37509,-82.40617,Notemigonus crysoleucas,96,7
2023-LCS-NWA-,2023-LCS-NWA-290823-006A,29-Aug-23,8,30-Aug-23,St. Clair NWA - West Cell SCU,42.37509,-82.40617,Notemigonus crysoleucas,125,17
2023-LCS-NWA-,2023-LCS-NWA-290823-006A,29-Aug-23,8,30-Aug-23,St. Clair NWA - West Cell SCU,42.37509,-82.40617,Notemigonus crysoleucas,97,7.5
2023-LCS-NWA-,2023-LCS-NWA-290823-006A,29-Aug-23,8,30-Aug-23,St. Clair NWA - West Cell SCU,42.37509,-82.40617,Notemigonus crysoleucas,105,9.5
2023-LCS-NWA-,2023-LCS-NWA-290823-006A,29-Aug-23,8,30-Aug-23,St. Clair NWA - West Cell SCU,42.37509,-82.40617,Notemigonus crysoleucas,96,6.6
2023-LCS-NWA-,2023-LCS-NWA-290823-006A,29-Aug-23,8,30-Aug-23,St. Clair NWA - West Cell SCU,42.37509,-82.40617,Notemigonus crysoleucas,109,10.5
2023-LCS-NWA-,2023-LCS-NWA-290823-006A,29-Aug-23,8,30-Aug-23,St. Clair NWA - West Cell SCU,42.37509,-82.40617,Notemigonus crysoleucas,117,13.3
2023-LCS-NWA-,2023-LCS-NWA-290823-006A,29-Aug-23,8,30-Aug-23,St. Clair NWA - West Cell SCU,42.37509,-82.40617,Notemigonus crysoleucas,109,11.1
2023-LCS-NWA-,2023-LCS-NWA-290823-006A,29-Aug-23,8,30-Aug-23,St. Clair NWA - West Cell SCU,42.37509,-82.40617,Notemigonus crysoleucas,53,1.1
2023-LCS-NWA-,2023-LCS-NWA-290823-006A,29-Aug-23,8,30-Aug-23,St. Clair NWA - West Cell SCU,42.37509,-82.40617,Notemigonus crysoleucas,49,0.9
2023-LCS-NWA-,2023-LCS-NWA-290823-006A,29-Aug-23,8,30-Aug-23,St. Clair NWA - West Cell SCU,42.37509,-82.40617,Notemigonus crysoleucas,106,9.8
2023-LCS-NWA-,2023-LCS-NWA-290823-006A,29-Aug-23,8,30-Aug-23,St. Clair NWA - West Cell SCU,42.37509,-82.40617,Notemigonus crysoleucas,56,1.3
2023-LCS-NWA-,2023-LCS-NWA-290823-006A,29-Aug-23,8,30-Aug-23,St. Clair NWA - West Cell SCU,42.37509,-82.40617,Ameiurus melas,283,340
2023-LCS-NWA-,2023-LCS-NWA-290823-006A,29-Aug-23,8,30-Aug-23,St. Clair NWA - West Cell SCU,42.37509,-82.40617,Ameiurus melas,290,300
2023-LCS-NWA-,2023-LCS-NWA-300823-001A,30-Aug-23,8,31-Aug-23,St. Clair NWA - West Cell SCU,42.3723,-82.40831,Pomoxis nigromaculatus,79,5.7
2023-LCS-NWA-,2023-LCS-NWA-300823-001A,30-Aug-23,8,31-Aug-23,St. Clair NWA - West Cell SCU,42.3723,-82.40831,Pomoxis nigromaculatus,198,122.7
2023-LCS-NWA-,2023-LCS-NWA-300823-001A,30-Aug-23,8,31-Aug-23,St. Clair NWA - West Cell SCU,42.3723,-82.40831,Pomoxis nigromaculatus,69,3.9
2023-LCS-NWA-,2023-LCS-NWA-300823-001A,30-Aug-23,8,31-Aug-23,St. Clair NWA - West Cell SCU,42.3723,-82.40831,Lepomis macrochirus,51,1.8
2023-LCS-NWA-,2023-LCS-NWA-300823-001A,30-Aug-23,8,31-Aug-23,St. Clair NWA - West Cell SCU,42.3723,-82.40831,Erimyzon sucetta,63,2.8
2023-LCS-NWA-,2023-LCS-NWA-300823-001A,30-Aug-23,8,31-Aug-23,St. Clair NWA - West Cell SCU,42.3723,-82.40831,Lepomis gibbosus,71,5.4
2023-LCS-NWA-,2023-LCS-NWA-300823-001A,30-Aug-23,8,31-Aug-23,St. Clair NWA - West Cell SCU,42.3723,-82.40831,Lepomis gibbosus,84,10.4
2023-LCS-NWA-,2023-LCS-NWA-300823-001A,30-Aug-23,8,31-Aug-23,St. Clair NWA - West Cell SCU,42.3723,-82.40831,Lepomis gibbosus,78,7.4
2023-LCS-NWA-,2023-LCS-NWA-300823-001A,30-Aug-23,8,31-Aug-23,St. Clair NWA - West Cell SCU,42.3723,-82.40831,Lepomis gibbosus,73,6.1
2023-LCS-NWA-,2023-LCS-NWA-300823-001A,30-Aug-23,8,31-Aug-23,St. Clair NWA - West Cell SCU,42.3723,-82.40831,Lepomis gibbosus,87,10.6
2023-LCS-NWA-,2023-LCS-NWA-300823-001A,30-Aug-23,8,31-Aug-23,St. Clair NWA - West Cell SCU,42.3723,-82.40831,Lepomis gibbosus,85,10.5
2023-LCS-NWA-,2023-LCS-NWA-300823-001A,30-Aug-23,8,31-Aug-23,St. Clair NWA - West Cell SCU,42.3723,-82.40831,Lepomis gibbosus,87,10.1
2023-LCS-NWA-,2023-LCS-NWA-300823-001A,30-Aug-23,8,31-Aug-23,St. Clair NWA - West Cell SCU,42.3723,-82.40831,Lepomis gibbosus,93,14.3
2023-LCS-NWA-,2023-LCS-NWA-300823-001A,30-Aug-23,8,31-Aug-23,St. Clair NWA - West Cell SCU,42.3723,-82.40831,Lepomis gibbosus,76,7.3
2023-LCS-NWA-,2023-LCS-NWA-300823-001A,30-Aug-23,8,31-Aug-23,St. Clair NWA - West Cell SCU,42.3723,-82.40831,Lepomis gibbosus,79,7.9
2023-LCS-NWA-,2023-LCS-NWA-300823-001A,30-Aug-23,8,31-Aug-23,St. Clair NWA - West Cell SCU,42.3723,-82.40831,Lepomis gibbosus,65,4.3
2023-LCS-NWA-,2023-LCS-NWA-300823-001A,30-Aug-23,8,31-Aug-23,St. Clair NWA - West Cell SCU,42.3723,-82.40831,Lepomis gibbosus,47,1.4
2023-LCS-NWA-,2023-LCS-NWA-300823-001A,30-Aug-23,8,31-Aug-23,St. Clair NWA - West Cell SCU,42.3723,-82.40831,Lepomis gibbosus,44,1.1
2023-LCS-NWA-,2023-LCS-NWA-300823-001A,30-Aug-23,8,31-Aug-23,St. Clair NWA - West Cell SCU,42.3723,-82.40831,Lepomis gibbosus,43,1
2023-LCS-NWA-,2023-LCS-NWA-300823-001A,30-Aug-23,8,31-Aug-23,St. Clair NWA - West Cell SCU,42.3723,-82.40831,Lepomis sp,38,0.7
2023-LCS-NWA-,2023-LCS-NWA-300823-001A,30-Aug-23,8,31-Aug-23,St. Clair NWA - West Cell SCU,42.3723,-82.40831,Lepomis sp,37,0.7
2023-LCS-NWA-,2023-LCS-NWA-300823-001A,30-Aug-23,8,31-Aug-23,St. Clair NWA - West Cell SCU,42.3723,-82.40831,Lepomis sp,43,1.3
2023-LCS-NWA-,2023-LCS-NWA-300823-001A,30-Aug-23,8,31-Aug-23,St. Clair NWA - West Cell SCU,42.3723,-82.40831,Lepomis sp,44,1.1
2023-LCS-NWA-,2023-LCS-NWA-300823-001A,30-Aug-23,8,31-Aug-23,St. Clair NWA - West Cell SCU,42.3723,-82.40831,Notemigonus crysoleucas,65,2.1
2023-LCS-NWA-,2023-LCS-NWA-300823-001A,30-Aug-23,8,31-Aug-23,St. Clair NWA - West Cell SCU,42.3723,-82.40831,Notemigonus crysoleucas,63,1.6
2023-LCS-NWA-,2023-LCS-NWA-300823-001A,30-Aug-23,8,31-Aug-23,St. Clair NWA - West Cell SCU,42.3723,-82.40831,Notemigonus crysoleucas,107,9.9
2023-LCS-NWA-,2023-LCS-NWA-300823-001A,30-Aug-23,8,31-Aug-23,St. Clair NWA - West Cell SCU,42.3723,-82.40831,Notemigonus crysoleucas,67,2
2023-LCS-NWA-,2023-LCS-NWA-300823-001A,30-Aug-23,8,31-Aug-23,St. Clair NWA - West Cell SCU,42.3723,-82.40831,Notemigonus crysoleucas,59,1.4
2023-LCS-NWA-,2023-LCS-NWA-300823-001A,30-Aug-23,8,31-Aug-23,St. Clair NWA - West Cell SCU,42.3723,-82.40831,Notemigonus crysoleucas,60,1.3
2023-LCS-NWA-,2023-LCS-NWA-300823-001A,30-Aug-23,8,31-Aug-23,St. Clair NWA - West Cell SCU,42.3723,-82.40831,Notemigonus crysoleucas,107,7.5
2023-LCS-NWA-,2023-LCS-NWA-300823-001A,30-Aug-23,8,31-Aug-23,St. Clair NWA - West Cell SCU,42.3723,-82.40831,Notemigonus crysoleucas,95,6.2
2023-LCS-NWA-,2023-LCS-NWA-300823-001A,30-Aug-23,8,31-Aug-23,St. Clair NWA - West Cell SCU,42.3723,-82.40831,Notemigonus crysoleucas,100,7.3
2023-LCS-NWA-,2023-LCS-NWA-300823-001A,30-Aug-23,8,31-Aug-23,St. Clair NWA - West Cell SCU,42.3723,-82.40831,Notemigonus crysoleucas,111,11.2
2023-LCS-NWA-,2023-LCS-NWA-300823-001A,30-Aug-23,8,31-Aug-23,St. Clair NWA - West Cell SCU,42.3723,-82.40831,Notemigonus crysoleucas,117,11.9
2023-LCS-NWA-,2023-LCS-NWA-300823-001A,30-Aug-23,8,31-Aug-23,St. Clair NWA - West Cell SCU,42.3723,-82.40831,Notemigonus crysoleucas,60,1.4
2023-LCS-NWA-,2023-LCS-NWA-300823-001A,30-Aug-23,8,31-Aug-23,St. Clair NWA - West Cell SCU,42.3723,-82.40831,Notemigonus crysoleucas,64,2
2023-LCS-NWA-,2023-LCS-NWA-300823-001A,30-Aug-23,8,31-Aug-23,St. Clair NWA - West Cell SCU,42.3723,-82.40831,Notemigonus crysoleucas,105,9.1
2023-LCS-NWA-,2023-LCS-NWA-300823-001A,30-Aug-23,8,31-Aug-23,St. Clair NWA - West Cell SCU,42.3723,-82.40831,Notemigonus crysoleucas,57,1.3
2023-LCS-NWA-,2023-LCS-NWA-300823-001A,30-Aug-23,8,31-Aug-23,St. Clair NWA - West Cell SCU,42.3723,-82.40831,Notemigonus crysoleucas,61,1.5
2023-LCS-NWA-,2023-LCS-NWA-300823-001A,30-Aug-23,8,31-Aug-23,St. Clair NWA - West Cell SCU,42.3723,-82.40831,Notemigonus crysoleucas,60,1.4
2023-LCS-NWA-,2023-LCS-NWA-300823-001A,30-Aug-23,8,31-Aug-23,St. Clair NWA - West Cell SCU,42.3723,-82.40831,Notemigonus crysoleucas,60,1.6
2023-LCS-NWA-,2023-LCS-NWA-300823-001A,30-Aug-23,8,31-Aug-23,St. Clair NWA - West Cell SCU,42.3723,-82.40831,Notemigonus crysoleucas,58,1.1
2023-LCS-NWA-,2023-LCS-NWA-300823-001A,30-Aug-23,8,31-Aug-23,St. Clair NWA - West Cell SCU,42.3723,-82.40831,Notemigonus crysoleucas,63,1.9
2023-LCS-NWA-,2023-LCS-NWA-300823-001A,30-Aug-23,8,31-Aug-23,St. Clair NWA - West Cell SCU,42.3723,-82.40831,Notemigonus crysoleucas,62,1.6
2023-LCS-NWA-,2023-LCS-NWA-300823-001A,30-Aug-23,8,31-Aug-23,St. Clair NWA - West Cell SCU,42.3723,-82.40831,Notemigonus crysoleucas,57,1.2
2023-LCS-NWA-,2023-LCS-NWA-300823-001A,30-Aug-23,8,31-Aug-23,St. Clair NWA - West Cell SCU,42.3723,-82.40831,Notemigonus crysoleucas,61,1.6
2023-LCS-NWA-,2023-LCS-NWA-300823-001A,30-Aug-23,8,31-Aug-23,St. Clair NWA - West Cell SCU,42.3723,-82.40831,Notemigonus crysoleucas,54,1.1
2023-LCS-NWA-,2023-LCS-NWA-300823-001A,30-Aug-23,8,31-Aug-23,St. Clair NWA - West Cell SCU,42.3723,-82.40831,Notemigonus crysoleucas,67,1.9
2023-LCS-NWA-,2023-LCS-NWA-300823-001A,30-Aug-23,8,31-Aug-23,St. Clair NWA - West Cell SCU,42.3723,-82.40831,Notemigonus crysoleucas,65,1.8
2023-LCS-NWA-,2023-LCS-NWA-300823-001A,30-Aug-23,8,31-Aug-23,St. Clair NWA - West Cell SCU,42.3723,-82.40831,Notemigonus crysoleucas,113,11.1
2023-LCS-NWA-,2023-LCS-NWA-300823-001A,30-Aug-23,8,31-Aug-23,St. Clair NWA - West Cell SCU,42.3723,-82.40831,Notemigonus crysoleucas,63,1.8
2023-LCS-NWA-,2023-LCS-NWA-300823-001A,30-Aug-23,8,31-Aug-23,St. Clair NWA - West Cell SCU,42.3723,-82.40831,Notemigonus crysoleucas,57,1.3
2023-LCS-NWA-,2023-LCS-NWA-300823-001A,30-Aug-23,8,31-Aug-23,St. Clair NWA - West Cell SCU,42.3723,-82.40831,Notemigonus crysoleucas,68,2.2
2023-LCS-NWA-,2023-LCS-NWA-300823-001A,30-Aug-23,8,31-Aug-23,St. Clair NWA - West Cell SCU,42.3723,-82.40831,Notemigonus crysoleucas,65,2
2023-LCS-NWA-,2023-LCS-NWA-300823-001A,30-Aug-23,8,31-Aug-23,St. Clair NWA - West Cell SCU,42.3723,-82.40831,Notemigonus crysoleucas,65,1.9
2023-LCS-NWA-,2023-LCS-NWA-300823-001A,30-Aug-23,8,31-Aug-23,St. Clair NWA - West Cell SCU,42.3723,-82.40831,Notemigonus crysoleucas,59,1.4
2023-LCS-NWA-,2023-LCS-NWA-300823-001A,30-Aug-23,8,31-Aug-23,St. Clair NWA - West Cell SCU,42.3723,-82.40831,Notemigonus crysoleucas,110,10.6
2023-LCS-NWA-,2023-LCS-NWA-300823-001A,30-Aug-23,8,31-Aug-23,St. Clair NWA - West Cell SCU,42.3723,-82.40831,Notemigonus crysoleucas,110,10.8
2023-LCS-NWA-,2023-LCS-NWA-300823-001A,30-Aug-23,8,31-Aug-23,St. Clair NWA - West Cell SCU,42.3723,-82.40831,Notemigonus crysoleucas,60,1.6
2023-LCS-NWA-,2023-LCS-NWA-300823-001A,30-Aug-23,8,31-Aug-23,St. Clair NWA - West Cell SCU,42.3723,-82.40831,Notemigonus crysoleucas,55,1.1
2023-LCS-NWA-,2023-LCS-NWA-300823-001A,30-Aug-23,8,31-Aug-23,St. Clair NWA - West Cell SCU,42.3723,-82.40831,Notemigonus crysoleucas,61,1.4
2023-LCS-NWA-,2023-LCS-NWA-300823-001A,30-Aug-23,8,31-Aug-23,St. Clair NWA - West Cell SCU,42.3723,-82.40831,Notemigonus crysoleucas,60,1.5
2023-LCS-NWA-,2023-LCS-NWA-300823-001A,30-Aug-23,8,31-Aug-23,St. Clair NWA - West Cell SCU,42.3723,-82.40831,Notemigonus crysoleucas,54,1.1
2023-LCS-NWA-,2023-LCS-NWA-300823-001A,30-Aug-23,8,31-Aug-23,St. Clair NWA - West Cell SCU,42.3723,-82.40831,Notemigonus crysoleucas,60,1.6
2023-LCS-NWA-,2023-LCS-NWA-300823-001A,30-Aug-23,8,31-Aug-23,St. Clair NWA - West Cell SCU,42.3723,-82.40831,Notemigonus crysoleucas,59,1.3
2023-LCS-NWA-,2023-LCS-NWA-300823-001A,30-Aug-23,8,31-Aug-23,St. Clair NWA - West Cell SCU,42.3723,-82.40831,Notemigonus crysoleucas,60,1.5
2023-LCS-NWA-,2023-LCS-NWA-300823-001A,30-Aug-23,8,31-Aug-23,St. Clair NWA - West Cell SCU,42.3723,-82.40831,Notemigonus crysoleucas,64,1.7
2023-LCS-NWA-,2023-LCS-NWA-300823-001A,30-Aug-23,8,31-Aug-23,St. Clair NWA - West Cell SCU,42.3723,-82.40831,Notemigonus crysoleucas,63,1.6
2023-LCS-NWA-,2023-LCS-NWA-300823-001A,30-Aug-23,8,31-Aug-23,St. Clair NWA - West Cell SCU,42.3723,-82.40831,Notemigonus crysoleucas,57,1.2
2023-LCS-NWA-,2023-LCS-NWA-300823-001A,30-Aug-23,8,31-Aug-23,St. Clair NWA - West Cell SCU,42.3723,-82.40831,Notemigonus crysoleucas,60,1.3
2023-LCS-NWA-,2023-LCS-NWA-300823-002A,30-Aug-23,8,31-Aug-23,St. Clair NWA - West Cell SCU,42.37173,-82.40731,Lepomis macrochirus,167,91.5
2023-LCS-NWA-,2023-LCS-NWA-300823-002A,30-Aug-23,8,31-Aug-23,St. Clair NWA - West Cell SCU,42.37173,-82.40731,Amia ocellicauda,584,1840
2023-LCS-NWA-,2023-LCS-NWA-300823-002A,30-Aug-23,8,31-Aug-23,St. Clair NWA - West Cell SCU,42.37173,-82.40731,Amia ocellicauda,539,1510
2023-LCS-NWA-,2023-LCS-NWA-300823-002A,30-Aug-23,8,31-Aug-23,St. Clair NWA - West Cell SCU,42.37173,-82.40731,Amia ocellicauda,344,360
2023-LCS-NWA-,2023-LCS-NWA-300823-002A,30-Aug-23,8,31-Aug-23,St. Clair NWA - West Cell SCU,42.37173,-82.40731,Lepomis gibbosus,149,62
2023-LCS-NWA-,2023-LCS-NWA-300823-002A,30-Aug-23,8,31-Aug-23,St. Clair NWA - West Cell SCU,42.37173,-82.40731,Lepomis gibbosus,160,82.5
2023-LCS-NWA-,2023-LCS-NWA-300823-002A,30-Aug-23,8,31-Aug-23,St. Clair NWA - West Cell SCU,42.37173,-82.40731,Lepomis gibbosus,100,16.4
2023-LCS-NWA-,2023-LCS-NWA-300823-002A,30-Aug-23,8,31-Aug-23,St. Clair NWA - West Cell SCU,42.37173,-82.40731,Lepomis sp,39,0.9
2023-LCS-NWA-,2023-LCS-NWA-300823-003A,30-Aug-23,8,31-Aug-23,St. Clair NWA - West Cell SCU,42.37341,-82.40757,Pomoxis nigromaculatus,275,300
2023-LCS-NWA-,2023-LCS-NWA-300823-003A,30-Aug-23,8,31-Aug-23,St. Clair NWA - West Cell SCU,42.37341,-82.40757,Pomoxis nigromaculatus,253,300
2023-LCS-NWA-,2023-LCS-NWA-300823-003A,30-Aug-23,8,31-Aug-23,St. Clair NWA - West Cell SCU,42.37341,-82.40757,Pomoxis nigromaculatus,247,230
2023-LCS-NWA-,2023-LCS-NWA-300823-003A,30-Aug-23,8,31-Aug-23,St. Clair NWA - West Cell SCU,42.37341,-82.40757,Pomoxis nigromaculatus,147,44.5
2023-LCS-NWA-,2023-LCS-NWA-300823-003A,30-Aug-23,8,31-Aug-23,St. Clair NWA - West Cell SCU,42.37341,-82.40757,Pomoxis nigromaculatus,152,55.5
2023-LCS-NWA-,2023-LCS-NWA-300823-003A,30-Aug-23,8,31-Aug-23,St. Clair NWA - West Cell SCU,42.37341,-82.40757,Lepomis macrochirus,185,136.4
2023-LCS-NWA-,2023-LCS-NWA-300823-003A,30-Aug-23,8,31-Aug-23,St. Clair NWA - West Cell SCU,42.37341,-82.40757,Lepomis macrochirus,189,157.9
2023-LCS-NWA-,2023-LCS-NWA-300823-003A,30-Aug-23,8,31-Aug-23,St. Clair NWA - West Cell SCU,42.37341,-82.40757,Lepomis macrochirus,174,112.3
2023-LCS-NWA-,2023-LCS-NWA-300823-003A,30-Aug-23,8,31-Aug-23,St. Clair NWA - West Cell SCU,42.37341,-82.40757,Lepomis macrochirus,177,120.8
2023-LCS-NWA-,2023-LCS-NWA-300823-003A,30-Aug-23,8,31-Aug-23,St. Clair NWA - West Cell SCU,42.37341,-82.40757,Lepomis macrochirus,152,73.3
2023-LCS-NWA-,2023-LCS-NWA-300823-003A,30-Aug-23,8,31-Aug-23,St. Clair NWA - West Cell SCU,42.37341,-82.40757,Amia ocellicauda,474,730
2023-LCS-NWA-,2023-LCS-NWA-300823-003A,30-Aug-23,8,31-Aug-23,St. Clair NWA - West Cell SCU,42.37341,-82.40757,Erimyzon sucetta,201,123.3
2023-LCS-NWA-,2023-LCS-NWA-300823-003A,30-Aug-23,8,31-Aug-23,St. Clair NWA - West Cell SCU,42.37341,-82.40757,Erimyzon sucetta,183,88.3
2023-LCS-NWA-,2023-LCS-NWA-300823-003A,30-Aug-23,8,31-Aug-23,St. Clair NWA - West Cell SCU,42.37341,-82.40757,Erimyzon sucetta,72,4.1
2023-LCS-NWA-,2023-LCS-NWA-300823-003A,30-Aug-23,8,31-Aug-23,St. Clair NWA - West Cell SCU,42.37341,-82.40757,Erimyzon sucetta,59,2.2
2023-LCS-NWA-,2023-LCS-NWA-300823-003A,30-Aug-23,8,31-Aug-23,St. Clair NWA - West Cell SCU,42.37341,-82.40757,Lepomis gibbosus,187,158.6
2023-LCS-NWA-,2023-LCS-NWA-300823-003A,30-Aug-23,8,31-Aug-23,St. Clair NWA - West Cell SCU,42.37341,-82.40757,Lepomis gibbosus,109,24.6
2023-LCS-NWA-,2023-LCS-NWA-300823-003A,30-Aug-23,8,31-Aug-23,St. Clair NWA - West Cell SCU,42.37341,-82.40757,Lepomis gibbosus,80,9
2023-LCS-NWA-,2023-LCS-NWA-300823-003A,30-Aug-23,8,31-Aug-23,St. Clair NWA - West Cell SCU,42.37341,-82.40757,Lepomis gibbosus,69,5.9
2023-LCS-NWA-,2023-LCS-NWA-300823-003A,30-Aug-23,8,31-Aug-23,St. Clair NWA - West Cell SCU,42.37341,-82.40757,Lepomis gibbosus,155,77.4
2023-LCS-NWA-,2023-LCS-NWA-300823-003A,30-Aug-23,8,31-Aug-23,St. Clair NWA - West Cell SCU,42.37341,-82.40757,Lepomis gibbosus,154,84.3
2023-LCS-NWA-,2023-LCS-NWA-300823-003A,30-Aug-23,8,31-Aug-23,St. Clair NWA - West Cell SCU,42.37341,-82.40757,Lepomis gibbosus,183,129.7
2023-LCS-NWA-,2023-LCS-NWA-300823-003A,30-Aug-23,8,31-Aug-23,St. Clair NWA - West Cell SCU,42.37341,-82.40757,Lepomis gibbosus,165,89.3
2023-LCS-NWA-,2023-LCS-NWA-300823-003A,30-Aug-23,8,31-Aug-23,St. Clair NWA - West Cell SCU,42.37341,-82.40757,Lepomis gibbosus,170,101.1
2023-LCS-NWA-,2023-LCS-NWA-300823-003A,30-Aug-23,8,31-Aug-23,St. Clair NWA - West Cell SCU,42.37341,-82.40757,Lepomis gibbosus,117,30.4
2023-LCS-NWA-,2023-LCS-NWA-300823-003A,30-Aug-23,8,31-Aug-23,St. Clair NWA - West Cell SCU,42.37341,-82.40757,Lepomis gibbosus,90,14.8
2023-LCS-NWA-,2023-LCS-NWA-300823-003A,30-Aug-23,8,31-Aug-23,St. Clair NWA - West Cell SCU,42.37341,-82.40757,Lepomis gibbosus,76,8.2
2023-LCS-NWA-,2023-LCS-NWA-300823-003A,30-Aug-23,8,31-Aug-23,St. Clair NWA - West Cell SCU,42.37341,-82.40757,Lepomis gibbosus,69,5.9
2023-LCS-NWA-,2023-LCS-NWA-300823-003A,30-Aug-23,8,31-Aug-23,St. Clair NWA - West Cell SCU,42.37341,-82.40757,Lepomis gibbosus,67,5.3
2023-LCS-NWA-,2023-LCS-NWA-300823-003A,30-Aug-23,8,31-Aug-23,St. Clair NWA - West Cell SCU,42.37341,-82.40757,Lepomis gibbosus,78,8.2
2023-LCS-NWA-,2023-LCS-NWA-300823-003A,30-Aug-23,8,31-Aug-23,St. Clair NWA - West Cell SCU,42.37341,-82.40757,Lepomis gibbosus,46,1.3
2023-LCS-NWA-,2023-LCS-NWA-300823-003A,30-Aug-23,8,31-Aug-23,St. Clair NWA - West Cell SCU,42.37341,-82.40757,Lepomis gibbosus,46,1.5
2023-LCS-NWA-,2023-LCS-NWA-300823-003A,30-Aug-23,8,31-Aug-23,St. Clair NWA - West Cell SCU,42.37341,-82.40757,Lepomis gibbosus,79,8.6
2023-LCS-NWA-,2023-LCS-NWA-300823-003A,30-Aug-23,8,31-Aug-23,St. Clair NWA - West Cell SCU,42.37341,-82.40757,Notemigonus crysoleucas,51,1
2023-LCS-NWA-,2023-LCS-NWA-300823-003A,30-Aug-23,8,31-Aug-23,St. Clair NWA - West Cell SCU,42.37341,-82.40757,Notemigonus crysoleucas,107,10.6
2023-LCS-NWA-,2023-LCS-NWA-300823-003A,30-Aug-23,8,31-Aug-23,St. Clair NWA - West Cell SCU,42.37341,-82.40757,Notemigonus crysoleucas,58,1.3
2023-LCS-NWA-,2023-LCS-NWA-300823-003A,30-Aug-23,8,31-Aug-23,St. Clair NWA - West Cell SCU,42.37341,-82.40757,Ameiurus nebulosus,287,360
2023-LCS-NWA-,2023-LCS-NWA-300823-003A,30-Aug-23,8,31-Aug-23,St. Clair NWA - West Cell SCU,42.37341,-82.40757,Ameiurus melas,298,380
2023-LCS-NWA-,2023-LCS-NWA-300823-004A,30-Aug-23,8,31-Aug-23,St. Clair NWA - West Cell SCU,42.37385,-82.40679,Pomoxis nigromaculatus,145,42.1
2023-LCS-NWA-,2023-LCS-NWA-300823-004A,30-Aug-23,8,31-Aug-23,St. Clair NWA - West Cell SCU,42.37385,-82.40679,Pomoxis nigromaculatus,243,230
2023-LCS-NWA-,2023-LCS-NWA-300823-004A,30-Aug-23,8,31-Aug-23,St. Clair NWA - West Cell SCU,42.37385,-82.40679,Lepomis macrochirus,43,1.1
2023-LCS-NWA-,2023-LCS-NWA-300823-004A,30-Aug-23,8,31-Aug-23,St. Clair NWA - West Cell SCU,42.37385,-82.40679,Lepomis macrochirus,180,124
2023-LCS-NWA-,2023-LCS-NWA-300823-004A,30-Aug-23,8,31-Aug-23,St. Clair NWA - West Cell SCU,42.37385,-82.40679,Amia ocellicauda,430,730
2023-LCS-NWA-,2023-LCS-NWA-300823-004A,30-Aug-23,8,31-Aug-23,St. Clair NWA - West Cell SCU,42.37385,-82.40679,Erimyzon sucetta,56,1.7
2023-LCS-NWA-,2023-LCS-NWA-300823-004A,30-Aug-23,8,31-Aug-23,St. Clair NWA - West Cell SCU,42.37385,-82.40679,Lepomis gibbosus,134,49.3
2023-LCS-NWA-,2023-LCS-NWA-300823-004A,30-Aug-23,8,31-Aug-23,St. Clair NWA - West Cell SCU,42.37385,-82.40679,Lepomis gibbosus,155,77.3
2023-LCS-NWA-,2023-LCS-NWA-300823-004A,30-Aug-23,8,31-Aug-23,St. Clair NWA - West Cell SCU,42.37385,-82.40679,Lepomis gibbosus,83,9.3
2023-LCS-NWA-,2023-LCS-NWA-300823-004A,30-Aug-23,8,31-Aug-23,St. Clair NWA - West Cell SCU,42.37385,-82.40679,Lepomis sp,45,1.5
2023-LCS-NWA-,2023-LCS-NWA-300823-004A,30-Aug-23,8,31-Aug-23,St. Clair NWA - West Cell SCU,42.37385,-82.40679,Lepomis sp,37,0.5
2023-LCS-NWA-,2023-LCS-NWA-300823-005A,30-Aug-23,8,31-Aug-23,St. Clair NWA - West Cell SCU,42.37435,-82.4067,Pomoxis nigromaculatus,185,104.5
2023-LCS-NWA-,2023-LCS-NWA-300823-005A,30-Aug-23,8,31-Aug-23,St. Clair NWA - West Cell SCU,42.37435,-82.4067,Pomoxis nigromaculatus,243,240
2023-LCS-NWA-,2023-LCS-NWA-300823-005A,30-Aug-23,8,31-Aug-23,St. Clair NWA - West Cell SCU,42.37435,-82.4067,Lepomis gibbosus,77,8.7
2023-LCS-NWA-,2023-LCS-NWA-300823-005A,30-Aug-23,8,31-Aug-23,St. Clair NWA - West Cell SCU,42.37435,-82.4067,Lepomis gibbosus,72,7.2
2023-LCS-NWA-,2023-LCS-NWA-300823-005A,30-Aug-23,8,31-Aug-23,St. Clair NWA - West Cell SCU,42.37435,-82.4067,Lepomis gibbosus,70,5.3
2023-LCS-NWA-,2023-LCS-NWA-300823-005A,30-Aug-23,8,31-Aug-23,St. Clair NWA - West Cell SCU,42.37435,-82.4067,Lepomis gibbosus,79,7.8
2023-LCS-NWA-,2023-LCS-NWA-300823-005A,30-Aug-23,8,31-Aug-23,St. Clair NWA - West Cell SCU,42.37435,-82.4067,Umbra limi,35,0.5
2023-LCS-NWA-,2023-LCS-NWA-300823-006A,30-Aug-23,8,31-Aug-23,St. Clair NWA - West Cell SCU,42.37436,-82.4076,Pomoxis nigromaculatus,245,257.3
2023-LCS-NWA-,2023-LCS-NWA-300823-006A,30-Aug-23,8,31-Aug-23,St. Clair NWA - West Cell SCU,42.37436,-82.4076,Pomoxis nigromaculatus,229,191.8
2023-LCS-NWA-,2023-LCS-NWA-300823-006A,30-Aug-23,8,31-Aug-23,St. Clair NWA - West Cell SCU,42.37436,-82.4076,Pomoxis nigromaculatus,77,5.9
2023-LCS-NWA-,2023-LCS-NWA-300823-006A,30-Aug-23,8,31-Aug-23,St. Clair NWA - West Cell SCU,42.37436,-82.4076,Pomoxis nigromaculatus,69,4
2023-LCS-NWA-,2023-LCS-NWA-300823-006A,30-Aug-23,8,31-Aug-23,St. Clair NWA - West Cell SCU,42.37436,-82.4076,Pomoxis nigromaculatus,74,5
2023-LCS-NWA-,2023-LCS-NWA-300823-006A,30-Aug-23,8,31-Aug-23,St. Clair NWA - West Cell SCU,42.37436,-82.4076,Lepomis macrochirus,37,0.8
2023-LCS-NWA-,2023-LCS-NWA-300823-006A,30-Aug-23,8,31-Aug-23,St. Clair NWA - West Cell SCU,42.37436,-82.4076,Lepomis macrochirus,75,7.3
2023-LCS-NWA-,2023-LCS-NWA-300823-006A,30-Aug-23,8,31-Aug-23,St. Clair NWA - West Cell SCU,42.37436,-82.4076,Lepomis macrochirus,43,1.2
2023-LCS-NWA-,2023-LCS-NWA-300823-006A,30-Aug-23,8,31-Aug-23,St. Clair NWA - West Cell SCU,42.37436,-82.4076,Lepomis macrochirus,45,1.3
2023-LCS-NWA-,2023-LCS-NWA-300823-006A,30-Aug-23,8,31-Aug-23,St. Clair NWA - West Cell SCU,42.37436,-82.4076,Lepomis macrochirus,45,1.4
2023-LCS-NWA-,2023-LCS-NWA-300823-006A,30-Aug-23,8,31-Aug-23,St. Clair NWA - West Cell SCU,42.37436,-82.4076,Lepomis macrochirus,42,1.2
2023-LCS-NWA-,2023-LCS-NWA-300823-006A,30-Aug-23,8,31-Aug-23,St. Clair NWA - West Cell SCU,42.37436,-82.4076,Lepomis macrochirus,40,0.8
2023-LCS-NWA-,2023-LCS-NWA-300823-006A,30-Aug-23,8,31-Aug-23,St. Clair NWA - West Cell SCU,42.37436,-82.4076,Lepomis macrochirus,35,0.7
2023-LCS-NWA-,2023-LCS-NWA-300823-006A,30-Aug-23,8,31-Aug-23,St. Clair NWA - West Cell SCU,42.37436,-82.4076,Lepomis macrochirus,47,1.6
2023-LCS-NWA-,2023-LCS-NWA-300823-006A,30-Aug-23,8,31-Aug-23,St. Clair NWA - West Cell SCU,42.37436,-82.4076,Lepomis macrochirus,45,1.4
2023-LCS-NWA-,2023-LCS-NWA-300823-006A,30-Aug-23,8,31-Aug-23,St. Clair NWA - West Cell SCU,42.37436,-82.4076,Lepomis macrochirus,45,1.3
2023-LCS-NWA-,2023-LCS-NWA-300823-006A,30-Aug-23,8,31-Aug-23,St. Clair NWA - West Cell SCU,42.37436,-82.4076,Lepomis macrochirus,45,1.6
2023-LCS-NWA-,2023-LCS-NWA-300823-006A,30-Aug-23,8,31-Aug-23,St. Clair NWA - West Cell SCU,42.37436,-82.4076,Lepomis macrochirus,39,1
2023-LCS-NWA-,2023-LCS-NWA-300823-006A,30-Aug-23,8,31-Aug-23,St. Clair NWA - West Cell SCU,42.37436,-82.4076,Lepomis macrochirus,84,11.2
2023-LCS-NWA-,2023-LCS-NWA-300823-006A,30-Aug-23,8,31-Aug-23,St. Clair NWA - West Cell SCU,42.37436,-82.4076,Lepomis macrochirus,51,2.2
2023-LCS-NWA-,2023-LCS-NWA-300823-006A,30-Aug-23,8,31-Aug-23,St. Clair NWA - West Cell SCU,42.37436,-82.4076,Lepomis macrochirus,45,1.4
2023-LCS-NWA-,2023-LCS-NWA-300823-006A,30-Aug-23,8,31-Aug-23,St. Clair NWA - West Cell SCU,42.37436,-82.4076,Lepomis macrochirus,46,1.6
2023-LCS-NWA-,2023-LCS-NWA-300823-006A,30-Aug-23,8,31-Aug-23,St. Clair NWA - West Cell SCU,42.37436,-82.4076,Lepomis macrochirus,43,1.2
2023-LCS-NWA-,2023-LCS-NWA-300823-006A,30-Aug-23,8,31-Aug-23,St. Clair NWA - West Cell SCU,42.37436,-82.4076,Lepomis macrochirus,46,1.6
2023-LCS-NWA-,2023-LCS-NWA-300823-006A,30-Aug-23,8,31-Aug-23,St. Clair NWA - West Cell SCU,42.37436,-82.4076,Lepomis macrochirus,92,14.7
2023-LCS-NWA-,2023-LCS-NWA-300823-006A,30-Aug-23,8,31-Aug-23,St. Clair NWA - West Cell SCU,42.37436,-82.4076,Lepomis macrochirus,36,0.7
2023-LCS-NWA-,2023-LCS-NWA-300823-006A,30-Aug-23,8,31-Aug-23,St. Clair NWA - West Cell SCU,42.37436,-82.4076,Erimyzon sucetta,57,1.9
2023-LCS-NWA-,2023-LCS-NWA-300823-006A,30-Aug-23,8,31-Aug-23,St. Clair NWA - West Cell SCU,42.37436,-82.4076,Erimyzon sucetta,45,1
2023-LCS-NWA-,2023-LCS-NWA-300823-006A,30-Aug-23,8,31-Aug-23,St. Clair NWA - West Cell SCU,42.37436,-82.4076,Erimyzon sucetta,56,1.9
2023-LCS-NWA-,2023-LCS-NWA-300823-006A,30-Aug-23,8,31-Aug-23,St. Clair NWA - West Cell SCU,42.37436,-82.4076,Erimyzon sucetta,53,1.4
2023-LCS-NWA-,2023-LCS-NWA-300823-006A,30-Aug-23,8,31-Aug-23,St. Clair NWA - West Cell SCU,42.37436,-82.4076,Erimyzon sucetta,50,1.2
2023-LCS-NWA-,2023-LCS-NWA-300823-006A,30-Aug-23,8,31-Aug-23,St. Clair NWA - West Cell SCU,42.37436,-82.4076,Erimyzon sucetta,55,1.9
2023-LCS-NWA-,2023-LCS-NWA-300823-006A,30-Aug-23,8,31-Aug-23,St. Clair NWA - West Cell SCU,42.37436,-82.4076,Erimyzon sucetta,64,2.8
2023-LCS-NWA-,2023-LCS-NWA-300823-006A,30-Aug-23,8,31-Aug-23,St. Clair NWA - West Cell SCU,42.37436,-82.4076,Erimyzon sucetta,56,1.8
2023-LCS-NWA-,2023-LCS-NWA-300823-006A,30-Aug-23,8,31-Aug-23,St. Clair NWA - West Cell SCU,42.37436,-82.4076,Erimyzon sucetta,57,1.9
2023-LCS-NWA-,2023-LCS-NWA-300823-006A,30-Aug-23,8,31-Aug-23,St. Clair NWA - West Cell SCU,42.37436,-82.4076,Erimyzon sucetta,57,1.9
2023-LCS-NWA-,2023-LCS-NWA-300823-006A,30-Aug-23,8,31-Aug-23,St. Clair NWA - West Cell SCU,42.37436,-82.4076,Erimyzon sucetta,56,1.9
2023-LCS-NWA-,2023-LCS-NWA-300823-006A,30-Aug-23,8,31-Aug-23,St. Clair NWA - West Cell SCU,42.37436,-82.4076,Erimyzon sucetta,54,1.6
2023-LCS-NWA-,2023-LCS-NWA-300823-006A,30-Aug-23,8,31-Aug-23,St. Clair NWA - West Cell SCU,42.37436,-82.4076,Erimyzon sucetta,57,2
2023-LCS-NWA-,2023-LCS-NWA-300823-006A,30-Aug-23,8,31-Aug-23,St. Clair NWA - West Cell SCU,42.37436,-82.4076,Erimyzon sucetta,117,19.6
2023-LCS-NWA-,2023-LCS-NWA-300823-006A,30-Aug-23,8,31-Aug-23,St. Clair NWA - West Cell SCU,42.37436,-82.4076,Erimyzon sucetta,54,1.7
2023-LCS-NWA-,2023-LCS-NWA-300823-006A,30-Aug-23,8,31-Aug-23,St. Clair NWA - West Cell SCU,42.37436,-82.4076,Erimyzon sucetta,61,2.5
2023-LCS-NWA-,2023-LCS-NWA-300823-006A,30-Aug-23,8,31-Aug-23,St. Clair NWA - West Cell SCU,42.37436,-82.4076,Erimyzon sucetta,63,2.6
2023-LCS-NWA-,2023-LCS-NWA-300823-006A,30-Aug-23,8,31-Aug-23,St. Clair NWA - West Cell SCU,42.37436,-82.4076,Erimyzon sucetta,59,2.2
2023-LCS-NWA-,2023-LCS-NWA-300823-006A,30-Aug-23,8,31-Aug-23,St. Clair NWA - West Cell SCU,42.37436,-82.4076,Erimyzon sucetta,63,2.7
2023-LCS-NWA-,2023-LCS-NWA-300823-006A,30-Aug-23,8,31-Aug-23,St. Clair NWA - West Cell SCU,42.37436,-82.4076,Erimyzon sucetta,57,2
2023-LCS-NWA-,2023-LCS-NWA-300823-006A,30-Aug-23,8,31-Aug-23,St. Clair NWA - West Cell SCU,42.37436,-82.4076,Erimyzon sucetta,62,2.7
2023-LCS-NWA-,2023-LCS-NWA-300823-006A,30-Aug-23,8,31-Aug-23,St. Clair NWA - West Cell SCU,42.37436,-82.4076,Erimyzon sucetta,56,1.9
2023-LCS-NWA-,2023-LCS-NWA-300823-006A,30-Aug-23,8,31-Aug-23,St. Clair NWA - West Cell SCU,42.37436,-82.4076,Erimyzon sucetta,55,1.8
2023-LCS-NWA-,2023-LCS-NWA-300823-006A,30-Aug-23,8,31-Aug-23,St. Clair NWA - West Cell SCU,42.37436,-82.4076,Lepomis gibbosus,69,6.4
2023-LCS-NWA-,2023-LCS-NWA-300823-006A,30-Aug-23,8,31-Aug-23,St. Clair NWA - West Cell SCU,42.37436,-82.4076,Lepomis gibbosus,62,4.1
2023-LCS-NWA-,2023-LCS-NWA-300823-006A,30-Aug-23,8,31-Aug-23,St. Clair NWA - West Cell SCU,42.37436,-82.4076,Lepomis gibbosus,61,3.6
2023-LCS-NWA-,2023-LCS-NWA-300823-006A,30-Aug-23,8,31-Aug-23,St. Clair NWA - West Cell SCU,42.37436,-82.4076,Lepomis gibbosus,70,6.1
2023-LCS-NWA-,2023-LCS-NWA-300823-006A,30-Aug-23,8,31-Aug-23,St. Clair NWA - West Cell SCU,42.37436,-82.4076,Lepomis gibbosus,78,8.2
2023-LCS-NWA-,2023-LCS-NWA-300823-006A,30-Aug-23,8,31-Aug-23,St. Clair NWA - West Cell SCU,42.37436,-82.4076,Lepomis gibbosus,39,1
2023-LCS-NWA-,2023-LCS-NWA-300823-006A,30-Aug-23,8,31-Aug-23,St. Clair NWA - West Cell SCU,42.37436,-82.4076,Lepomis gibbosus,98,19.5
2023-LCS-NWA-,2023-LCS-NWA-300823-006A,30-Aug-23,8,31-Aug-23,St. Clair NWA - West Cell SCU,42.37436,-82.4076,Lepomis gibbosus,82,9.9
2023-LCS-NWA-,2023-LCS-NWA-300823-006A,30-Aug-23,8,31-Aug-23,St. Clair NWA - West Cell SCU,42.37436,-82.4076,Lepomis gibbosus,73,6.8
2023-LCS-NWA-,2023-LCS-NWA-300823-006A,30-Aug-23,8,31-Aug-23,St. Clair NWA - West Cell SCU,42.37436,-82.4076,Lepomis gibbosus,75,7.6
2023-LCS-NWA-,2023-LCS-NWA-300823-006A,30-Aug-23,8,31-Aug-23,St. Clair NWA - West Cell SCU,42.37436,-82.4076,Lepomis gibbosus,90,13.7
2023-LCS-NWA-,2023-LCS-NWA-300823-006A,30-Aug-23,8,31-Aug-23,St. Clair NWA - West Cell SCU,42.37436,-82.4076,Lepomis gibbosus,75,7.1
2023-LCS-NWA-,2023-LCS-NWA-300823-006A,30-Aug-23,8,31-Aug-23,St. Clair NWA - West Cell SCU,42.37436,-82.4076,Lepomis gibbosus,82,10
2023-LCS-NWA-,2023-LCS-NWA-300823-006A,30-Aug-23,8,31-Aug-23,St. Clair NWA - West Cell SCU,42.37436,-82.4076,Lepomis gibbosus,81,8.6
2023-LCS-NWA-,2023-LCS-NWA-300823-006A,30-Aug-23,8,31-Aug-23,St. Clair NWA - West Cell SCU,42.37436,-82.4076,Lepomis gibbosus,75,7.7
2023-LCS-NWA-,2023-LCS-NWA-300823-006A,30-Aug-23,8,31-Aug-23,St. Clair NWA - West Cell SCU,42.37436,-82.4076,Lepomis gibbosus,70,7.1
2023-LCS-NWA-,2023-LCS-NWA-300823-006A,30-Aug-23,8,31-Aug-23,St. Clair NWA - West Cell SCU,42.37436,-82.4076,Lepomis gibbosus,73,6.5
2023-LCS-NWA-,2023-LCS-NWA-300823-006A,30-Aug-23,8,31-Aug-23,St. Clair NWA - West Cell SCU,42.37436,-82.4076,Lepomis gibbosus,72,6.7
2023-LCS-NWA-,2023-LCS-NWA-300823-006A,30-Aug-23,8,31-Aug-23,St. Clair NWA - West Cell SCU,42.37436,-82.4076,Lepomis gibbosus,79,9.1
2023-LCS-NWA-,2023-LCS-NWA-300823-006A,30-Aug-23,8,31-Aug-23,St. Clair NWA - West Cell SCU,42.37436,-82.4076,Lepomis gibbosus,80,9
2023-LCS-NWA-,2023-LCS-NWA-300823-006A,30-Aug-23,8,31-Aug-23,St. Clair NWA - West Cell SCU,42.37436,-82.4076,Lepomis gibbosus,75,7.4
2023-LCS-NWA-,2023-LCS-NWA-300823-006A,30-Aug-23,8,31-Aug-23,St. Clair NWA - West Cell SCU,42.37436,-82.4076,Lepomis gibbosus,50,1.8
2023-LCS-NWA-,2023-LCS-NWA-300823-006A,30-Aug-23,8,31-Aug-23,St. Clair NWA - West Cell SCU,42.37436,-82.4076,Lepomis gibbosus,60,3.9
2023-LCS-NWA-,2023-LCS-NWA-300823-006A,30-Aug-23,8,31-Aug-23,St. Clair NWA - West Cell SCU,42.37436,-82.4076,Lepomis gibbosus,75,7.7
2023-LCS-NWA-,2023-LCS-NWA-300823-006A,30-Aug-23,8,31-Aug-23,St. Clair NWA - West Cell SCU,42.37436,-82.4076,Lepomis gibbosus,70,6.1
2023-LCS-NWA-,2023-LCS-NWA-300823-006A,30-Aug-23,8,31-Aug-23,St. Clair NWA - West Cell SCU,42.37436,-82.4076,Lepomis gibbosus,82,10.7
2023-LCS-NWA-,2023-LCS-NWA-300823-006A,30-Aug-23,8,31-Aug-23,St. Clair NWA - West Cell SCU,42.37436,-82.4076,Lepomis gibbosus,73,7.2
2023-LCS-NWA-,2023-LCS-NWA-300823-006A,30-Aug-23,8,31-Aug-23,St. Clair NWA - West Cell SCU,42.37436,-82.4076,Lepomis gibbosus,81,9.5
2023-LCS-NWA-,2023-LCS-NWA-300823-006A,30-Aug-23,8,31-Aug-23,St. Clair NWA - West Cell SCU,42.37436,-82.4076,Lepomis gibbosus,79,8.4
2023-LCS-NWA-,2023-LCS-NWA-300823-006A,30-Aug-23,8,31-Aug-23,St. Clair NWA - West Cell SCU,42.37436,-82.4076,Lepomis gibbosus,78,8.9
2023-LCS-NWA-,2023-LCS-NWA-300823-006A,30-Aug-23,8,31-Aug-23,St. Clair NWA - West Cell SCU,42.37436,-82.4076,Lepomis gibbosus,85,11.8
2023-LCS-NWA-,2023-LCS-NWA-300823-006A,30-Aug-23,8,31-Aug-23,St. Clair NWA - West Cell SCU,42.37436,-82.4076,Lepomis gibbosus,77,8.1
2023-LCS-NWA-,2023-LCS-NWA-300823-006A,30-Aug-23,8,31-Aug-23,St. Clair NWA - West Cell SCU,42.37436,-82.4076,Lepomis gibbosus,81,10.4
2023-LCS-NWA-,2023-LCS-NWA-300823-006A,30-Aug-23,8,31-Aug-23,St. Clair NWA - West Cell SCU,42.37436,-82.4076,Lepomis gibbosus,76,8.6
2023-LCS-NWA-,2023-LCS-NWA-300823-006A,30-Aug-23,8,31-Aug-23,St. Clair NWA - West Cell SCU,42.37436,-82.4076,Lepomis gibbosus,113,29.2
2023-LCS-NWA-,2023-LCS-NWA-300823-006A,30-Aug-23,8,31-Aug-23,St. Clair NWA - West Cell SCU,42.37436,-82.4076,Lepomis gibbosus,76,7.8
2023-LCS-NWA-,2023-LCS-NWA-300823-006A,30-Aug-23,8,31-Aug-23,St. Clair NWA - West Cell SCU,42.37436,-82.4076,Lepomis gibbosus,69,6.6
2023-LCS-NWA-,2023-LCS-NWA-300823-006A,30-Aug-23,8,31-Aug-23,St. Clair NWA - West Cell SCU,42.37436,-82.4076,Lepomis gibbosus,71,6.5
2023-LCS-NWA-,2023-LCS-NWA-300823-006A,30-Aug-23,8,31-Aug-23,St. Clair NWA - West Cell SCU,42.37436,-82.4076,Lepomis gibbosus,66,5.1
2023-LCS-NWA-,2023-LCS-NWA-300823-006A,30-Aug-23,8,31-Aug-23,St. Clair NWA - West Cell SCU,42.37436,-82.4076,Lepomis gibbosus,80,9.4
2023-LCS-NWA-,2023-LCS-NWA-300823-006A,30-Aug-23,8,31-Aug-23,St. Clair NWA - West Cell SCU,42.37436,-82.4076,Lepomis gibbosus,79,9.4
2023-LCS-NWA-,2023-LCS-NWA-300823-006A,30-Aug-23,8,31-Aug-23,St. Clair NWA - West Cell SCU,42.37436,-82.4076,Lepomis gibbosus,40,1
2023-LCS-NWA-,2023-LCS-NWA-300823-006A,30-Aug-23,8,31-Aug-23,St. Clair NWA - West Cell SCU,42.37436,-82.4076,Lepomis gibbosus,45,1.3
2023-LCS-NWA-,2023-LCS-NWA-300823-006A,30-Aug-23,8,31-Aug-23,St. Clair NWA - West Cell SCU,42.37436,-82.4076,Lepomis gibbosus,36,0.7
2023-LCS-NWA-,2023-LCS-NWA-300823-006A,30-Aug-23,8,31-Aug-23,St. Clair NWA - West Cell SCU,42.37436,-82.4076,Lepomis gibbosus,40,0.9
2023-LCS-NWA-,2023-LCS-NWA-300823-006A,30-Aug-23,8,31-Aug-23,St. Clair NWA - West Cell SCU,42.37436,-82.4076,Lepomis gibbosus,47,1.7
2023-LCS-NWA-,2023-LCS-NWA-300823-006A,30-Aug-23,8,31-Aug-23,St. Clair NWA - West Cell SCU,42.37436,-82.4076,Lepomis gibbosus,75,8.2
2023-LCS-NWA-,2023-LCS-NWA-300823-006A,30-Aug-23,8,31-Aug-23,St. Clair NWA - West Cell SCU,42.37436,-82.4076,Lepomis gibbosus,42,1.1
2023-LCS-NWA-,2023-LCS-NWA-300823-006A,30-Aug-23,8,31-Aug-23,St. Clair NWA - West Cell SCU,42.37436,-82.4076,Lepomis gibbosus,46,1.8
2023-LCS-NWA-,2023-LCS-NWA-300823-006A,30-Aug-23,8,31-Aug-23,St. Clair NWA - West Cell SCU,42.37436,-82.4076,Lepomis sp,36,0.7
2023-LCS-NWA-,2023-LCS-NWA-300823-006A,30-Aug-23,8,31-Aug-23,St. Clair NWA - West Cell SCU,42.37436,-82.4076,Lepomis sp,45,1.5
2023-LCS-NWA-,2023-LCS-NWA-300823-006A,30-Aug-23,8,31-Aug-23,St. Clair NWA - West Cell SCU,42.37436,-82.4076,Lepomis sp,49,1.9
2023-LCS-NWA-,2023-LCS-NWA-300823-006A,30-Aug-23,8,31-Aug-23,St. Clair NWA - West Cell SCU,42.37436,-82.4076,Lepomis sp,34,-1
2023-LCS-NWA-,2023-LCS-NWA-300823-006A,30-Aug-23,8,31-Aug-23,St. Clair NWA - West Cell SCU,42.37436,-82.4076,Notemigonus crysoleucas,109,11.4
2023-LCS-NWA-,2023-LCS-NWA-300823-006A,30-Aug-23,8,31-Aug-23,St. Clair NWA - West Cell SCU,42.37436,-82.4076,Notemigonus crysoleucas,65,2.2
2023-LCS-NWA-,2023-LCS-NWA-300823-006A,30-Aug-23,8,31-Aug-23,St. Clair NWA - West Cell SCU,42.37436,-82.4076,Notemigonus crysoleucas,62,1.9
2023-LCS-NWA-,2023-LCS-NWA-300823-006A,30-Aug-23,8,31-Aug-23,St. Clair NWA - West Cell SCU,42.37436,-82.4076,Notemigonus crysoleucas,64,2.2
2023-LCS-NWA-,2023-LCS-NWA-300823-006A,30-Aug-23,8,31-Aug-23,St. Clair NWA - West Cell SCU,42.37436,-82.4076,Notemigonus crysoleucas,64,2.3
2023-LCS-NWA-,2023-LCS-NWA-300823-006A,30-Aug-23,8,31-Aug-23,St. Clair NWA - West Cell SCU,42.37436,-82.4076,Notemigonus crysoleucas,57,1.7
2023-LCS-NWA-,2023-LCS-NWA-300823-006A,30-Aug-23,8,31-Aug-23,St. Clair NWA - West Cell SCU,42.37436,-82.4076,Notemigonus crysoleucas,55,1.4
2023-LCS-NWA-,2023-LCS-NWA-300823-006A,30-Aug-23,8,31-Aug-23,St. Clair NWA - West Cell SCU,42.37436,-82.4076,Notemigonus crysoleucas,54,1.4
2023-LCS-NWA-,2023-LCS-NWA-300823-006A,30-Aug-23,8,31-Aug-23,St. Clair NWA - West Cell SCU,42.37436,-82.4076,Notemigonus crysoleucas,56,1.4
2023-LCS-NWA-,2023-LCS-NWA-300823-006A,30-Aug-23,8,31-Aug-23,St. Clair NWA - West Cell SCU,42.37436,-82.4076,Notemigonus crysoleucas,55,1.2
2023-LCS-NWA-,2023-LCS-NWA-300823-006A,30-Aug-23,8,31-Aug-23,St. Clair NWA - West Cell SCU,42.37436,-82.4076,Notemigonus crysoleucas,57,1.5
2023-LCS-NWA-,2023-LCS-NWA-300823-006A,30-Aug-23,8,31-Aug-23,St. Clair NWA - West Cell SCU,42.37436,-82.4076,Notemigonus crysoleucas,58,1.4
2023-LCS-NWA-,2023-LCS-NWA-300823-006A,30-Aug-23,8,31-Aug-23,St. Clair NWA - West Cell SCU,42.37436,-82.4076,Notemigonus crysoleucas,64,1.9
2023-LCS-NWA-,2023-LCS-NWA-300823-006A,30-Aug-23,8,31-Aug-23,St. Clair NWA - West Cell SCU,42.37436,-82.4076,Notemigonus crysoleucas,50,1
2023-LCS-NWA-,2023-LCS-NWA-300823-006A,30-Aug-23,8,31-Aug-23,St. Clair NWA - West Cell SCU,42.37436,-82.4076,Notemigonus crysoleucas,65,2.2
2023-LCS-NWA-,2023-LCS-NWA-300823-006A,30-Aug-23,8,31-Aug-23,St. Clair NWA - West Cell SCU,42.37436,-82.4076,Notemigonus crysoleucas,50,1
2023-LCS-NWA-,2023-LCS-NWA-300823-006A,30-Aug-23,8,31-Aug-23,St. Clair NWA - West Cell SCU,42.37436,-82.4076,Notemigonus crysoleucas,58,1.5
2023-LCS-NWA-,2023-LCS-NWA-300823-006A,30-Aug-23,8,31-Aug-23,St. Clair NWA - West Cell SCU,42.37436,-82.4076,Notemigonus crysoleucas,58,1.4
2023-LCS-NWA-,2023-LCS-NWA-300823-006A,30-Aug-23,8,31-Aug-23,St. Clair NWA - West Cell SCU,42.37436,-82.4076,Notemigonus crysoleucas,56,1.3
2023-LCS-NWA-,2023-LCS-NWA-300823-006A,30-Aug-23,8,31-Aug-23,St. Clair NWA - West Cell SCU,42.37436,-82.4076,Notemigonus crysoleucas,66,2.1
2023-LCS-NWA-,2023-LCS-NWA-300823-006A,30-Aug-23,8,31-Aug-23,St. Clair NWA - West Cell SCU,42.37436,-82.4076,Notemigonus crysoleucas,60,1.5
2023-LCS-NWA-,2023-LCS-NWA-300823-006A,30-Aug-23,8,31-Aug-23,St. Clair NWA - West Cell SCU,42.37436,-82.4076,Notemigonus crysoleucas,60,1.7
2023-LCS-NWA-,2023-LCS-NWA-300823-006A,30-Aug-23,8,31-Aug-23,St. Clair NWA - West Cell SCU,42.37436,-82.4076,Notemigonus crysoleucas,57,1.4
2023-LCS-NWA-,2023-LCS-NWA-300823-006A,30-Aug-23,8,31-Aug-23,St. Clair NWA - West Cell SCU,42.37436,-82.4076,Notemigonus crysoleucas,53,1.1
2023-LCS-NWA-,2023-LCS-NWA-300823-006A,30-Aug-23,8,31-Aug-23,St. Clair NWA - West Cell SCU,42.37436,-82.4076,Notemigonus crysoleucas,54,1.2
2023-LCS-NWA-,2023-LCS-NWA-300823-006A,30-Aug-23,8,31-Aug-23,St. Clair NWA - West Cell SCU,42.37436,-82.4076,Notemigonus crysoleucas,57,1.3
2023-LCS-NWA-,2023-LCS-NWA-300823-006A,30-Aug-23,8,31-Aug-23,St. Clair NWA - West Cell SCU,42.37436,-82.4076,Notemigonus crysoleucas,49,0.9
2023-LCS-NWA-,2023-LCS-NWA-300823-006A,30-Aug-23,8,31-Aug-23,St. Clair NWA - West Cell SCU,42.37436,-82.4076,Notemigonus crysoleucas,53,1.2
2023-LCS-NWA-,2023-LCS-NWA-300823-006A,30-Aug-23,8,31-Aug-23,St. Clair NWA - West Cell SCU,42.37436,-82.4076,Notemigonus crysoleucas,49,0.9
2023-LCS-NWA-,2023-LCS-NWA-300823-006A,30-Aug-23,8,31-Aug-23,St. Clair NWA - West Cell SCU,42.37436,-82.4076,Notemigonus crysoleucas,50,0.9
2023-LCS-NWA-,2023-LCS-NWA-300823-006A,30-Aug-23,8,31-Aug-23,St. Clair NWA - West Cell SCU,42.37436,-82.4076,Notemigonus crysoleucas,56,1.2
2023-LCS-NWA-,2023-LCS-NWA-300823-006A,30-Aug-23,8,31-Aug-23,St. Clair NWA - West Cell SCU,42.37436,-82.4076,Notemigonus crysoleucas,55,1.5
2023-LCS-NWA-,2023-LCS-NWA-300823-006A,30-Aug-23,8,31-Aug-23,St. Clair NWA - West Cell SCU,42.37436,-82.4076,Notemigonus crysoleucas,51,0.9
2023-LCS-NWA-,2023-LCS-NWA-300823-006A,30-Aug-23,8,31-Aug-23,St. Clair NWA - West Cell SCU,42.37436,-82.4076,Notemigonus crysoleucas,-1,-1
2023-LCS-NWA-,2023-LCS-NWA-300823-006A,30-Aug-23,8,31-Aug-23,St. Clair NWA - West Cell SCU,42.37436,-82.4076,Micropterus nigricans,87,9
2023-LCS-NWA-,2023-LCS-NWA-300823-006A,30-Aug-23,8,31-Aug-23,St. Clair NWA - West Cell SCU,42.37436,-82.4076,Umbra limi,80,5.4
2023-LCS-NWA-,2023-LCS-NWA-150823-006A,15-Aug-23,8,16-Aug-23,St. Clair NWA - East Cell SCU,42.36993,-82.3935,Pomoxis nigromaculatus,71,4.5
2023-LCS-NWA-,2023-LCS-NWA-150823-006A,15-Aug-23,8,16-Aug-23,St. Clair NWA - East Cell SCU,42.36993,-82.3935,Pomoxis nigromaculatus,70,3.9
2023-LCS-NWA-,2023-LCS-NWA-150823-006A,15-Aug-23,8,16-Aug-23,St. Clair NWA - East Cell SCU,42.36993,-82.3935,Lepomis gibbosus,64,4.5
2023-LCS-NWA-,2023-LCS-NWA-150823-006A,15-Aug-23,8,16-Aug-23,St. Clair NWA - East Cell SCU,42.36993,-82.3935,Lepomis gibbosus,67,5.1
2023-LCS-NWA-,2023-LCS-NWA-150823-006A,15-Aug-23,8,16-Aug-23,St. Clair NWA - East Cell SCU,42.36993,-82.3935,Lepomis gibbosus,74,7.1
2023-LCS-NWA-,2023-LCS-NWA-150823-006A,15-Aug-23,8,16-Aug-23,St. Clair NWA - East Cell SCU,42.36993,-82.3935,Lepomis gibbosus,-1,-1
2023-LCS-NWA-,2023-LCS-NWA-150823-006A,15-Aug-23,8,16-Aug-23,St. Clair NWA - East Cell SCU,42.36993,-82.3935,Umbra limi,44,0.8
2023-LCS-NWA-,2023-LCS-NWA-150823-006A,15-Aug-23,8,16-Aug-23,St. Clair NWA - East Cell SCU,42.36993,-82.3935,Esox lucius,485,670
2023-LCS-NWA-,2023-LCS-NWA-160823-001A,16-Aug-23,8,17-Aug-23,St. Clair NWA - East Cell SCU,42.36187,-82.40272,Pomoxis nigromaculatus,222,163.8
2023-LCS-NWA-,2023-LCS-NWA-160823-001A,16-Aug-23,8,17-Aug-23,St. Clair NWA - East Cell SCU,42.36187,-82.40272,Pomoxis nigromaculatus,55,2
2023-LCS-NWA-,2023-LCS-NWA-160823-001A,16-Aug-23,8,17-Aug-23,St. Clair NWA - East Cell SCU,42.36187,-82.40272,Pomoxis nigromaculatus,58,1.9
2023-LCS-NWA-,2023-LCS-NWA-160823-001A,16-Aug-23,8,17-Aug-23,St. Clair NWA - East Cell SCU,42.36187,-82.40272,Lepomis macrochirus,86,9.3
2023-LCS-NWA-,2023-LCS-NWA-160823-001A,16-Aug-23,8,17-Aug-23,St. Clair NWA - East Cell SCU,42.36187,-82.40272,Lepomis macrochirus,37,1
2023-LCS-NWA-,2023-LCS-NWA-160823-001A,16-Aug-23,8,17-Aug-23,St. Clair NWA - East Cell SCU,42.36187,-82.40272,Lepomis macrochirus,39,1
2023-LCS-NWA-,2023-LCS-NWA-160823-001A,16-Aug-23,8,17-Aug-23,St. Clair NWA - East Cell SCU,42.36187,-82.40272,Lepomis macrochirus,88,12.1
2023-LCS-NWA-,2023-LCS-NWA-160823-001A,16-Aug-23,8,17-Aug-23,St. Clair NWA - East Cell SCU,42.36187,-82.40272,Lepomis macrochirus,117,29.9
2023-LCS-NWA-,2023-LCS-NWA-160823-001A,16-Aug-23,8,17-Aug-23,St. Clair NWA - East Cell SCU,42.36187,-82.40272,Lepomis macrochirus,92,13.5
2023-LCS-NWA-,2023-LCS-NWA-160823-001A,16-Aug-23,8,17-Aug-23,St. Clair NWA - East Cell SCU,42.36187,-82.40272,Lepomis macrochirus,94,15.5
2023-LCS-NWA-,2023-LCS-NWA-160823-001A,16-Aug-23,8,17-Aug-23,St. Clair NWA - East Cell SCU,42.36187,-82.40272,Lepomis macrochirus,93,18.9
2023-LCS-NWA-,2023-LCS-NWA-160823-001A,16-Aug-23,8,17-Aug-23,St. Clair NWA - East Cell SCU,42.36187,-82.40272,Erimyzon sucetta,57,1.8
2023-LCS-NWA-,2023-LCS-NWA-160823-001A,16-Aug-23,8,17-Aug-23,St. Clair NWA - East Cell SCU,42.36187,-82.40272,Erimyzon sucetta,59,2.6
2023-LCS-NWA-,2023-LCS-NWA-160823-001A,16-Aug-23,8,17-Aug-23,St. Clair NWA - East Cell SCU,42.36187,-82.40272,Erimyzon sucetta,55,1.9
2023-LCS-NWA-,2023-LCS-NWA-160823-001A,16-Aug-23,8,17-Aug-23,St. Clair NWA - East Cell SCU,42.36187,-82.40272,Erimyzon sucetta,50,1.6
2023-LCS-NWA-,2023-LCS-NWA-160823-001A,16-Aug-23,8,17-Aug-23,St. Clair NWA - East Cell SCU,42.36187,-82.40272,Erimyzon sucetta,60,2.2
2023-LCS-NWA-,2023-LCS-NWA-160823-001A,16-Aug-23,8,17-Aug-23,St. Clair NWA - East Cell SCU,42.36187,-82.40272,Erimyzon sucetta,120,20.9
2023-LCS-NWA-,2023-LCS-NWA-160823-001A,16-Aug-23,8,17-Aug-23,St. Clair NWA - East Cell SCU,42.36187,-82.40272,Erimyzon sucetta,66,2.6
2023-LCS-NWA-,2023-LCS-NWA-160823-001A,16-Aug-23,8,17-Aug-23,St. Clair NWA - East Cell SCU,42.36187,-82.40272,Erimyzon sucetta,295,106
2023-LCS-NWA-,2023-LCS-NWA-160823-001A,16-Aug-23,8,17-Aug-23,St. Clair NWA - East Cell SCU,42.36187,-82.40272,Erimyzon sucetta,61,2.3
2023-LCS-NWA-,2023-LCS-NWA-160823-001A,16-Aug-23,8,17-Aug-23,St. Clair NWA - East Cell SCU,42.36187,-82.40272,Erimyzon sucetta,58,2.2
2023-LCS-NWA-,2023-LCS-NWA-160823-001A,16-Aug-23,8,17-Aug-23,St. Clair NWA - East Cell SCU,42.36187,-82.40272,Erimyzon sucetta,56,2.2
2023-LCS-NWA-,2023-LCS-NWA-160823-001A,16-Aug-23,8,17-Aug-23,St. Clair NWA - East Cell SCU,42.36187,-82.40272,Lepomis gibbosus,68,5.8
2023-LCS-NWA-,2023-LCS-NWA-160823-001A,16-Aug-23,8,17-Aug-23,St. Clair NWA - East Cell SCU,42.36187,-82.40272,Lepomis gibbosus,71,5.9
2023-LCS-NWA-,2023-LCS-NWA-160823-001A,16-Aug-23,8,17-Aug-23,St. Clair NWA - East Cell SCU,42.36187,-82.40272,Lepomis gibbosus,68,5.6
2023-LCS-NWA-,2023-LCS-NWA-160823-001A,16-Aug-23,8,17-Aug-23,St. Clair NWA - East Cell SCU,42.36187,-82.40272,Lepomis gibbosus,74,6.5
2023-LCS-NWA-,2023-LCS-NWA-160823-001A,16-Aug-23,8,17-Aug-23,St. Clair NWA - East Cell SCU,42.36187,-82.40272,Lepomis gibbosus,60,3.9
2023-LCS-NWA-,2023-LCS-NWA-160823-001A,16-Aug-23,8,17-Aug-23,St. Clair NWA - East Cell SCU,42.36187,-82.40272,Lepomis gibbosus,76,6.9
2023-LCS-NWA-,2023-LCS-NWA-160823-001A,16-Aug-23,8,17-Aug-23,St. Clair NWA - East Cell SCU,42.36187,-82.40272,Lepomis gibbosus,85,11.2
2023-LCS-NWA-,2023-LCS-NWA-160823-001A,16-Aug-23,8,17-Aug-23,St. Clair NWA - East Cell SCU,42.36187,-82.40272,Lepomis gibbosus,74,6.8
2023-LCS-NWA-,2023-LCS-NWA-160823-001A,16-Aug-23,8,17-Aug-23,St. Clair NWA - East Cell SCU,42.36187,-82.40272,Lepomis gibbosus,71,6.6
2023-LCS-NWA-,2023-LCS-NWA-160823-001A,16-Aug-23,8,17-Aug-23,St. Clair NWA - East Cell SCU,42.36187,-82.40272,Lepomis gibbosus,90,13.4
2023-LCS-NWA-,2023-LCS-NWA-160823-001A,16-Aug-23,8,17-Aug-23,St. Clair NWA - East Cell SCU,42.36187,-82.40272,Lepomis gibbosus,62,4.1
2023-LCS-NWA-,2023-LCS-NWA-160823-001A,16-Aug-23,8,17-Aug-23,St. Clair NWA - East Cell SCU,42.36187,-82.40272,Lepomis gibbosus,65,5
2023-LCS-NWA-,2023-LCS-NWA-160823-001A,16-Aug-23,8,17-Aug-23,St. Clair NWA - East Cell SCU,42.36187,-82.40272,Lepomis gibbosus,76,6.7
2023-LCS-NWA-,2023-LCS-NWA-160823-001A,16-Aug-23,8,17-Aug-23,St. Clair NWA - East Cell SCU,42.36187,-82.40272,Lepomis gibbosus,60,4.6
2023-LCS-NWA-,2023-LCS-NWA-160823-001A,16-Aug-23,8,17-Aug-23,St. Clair NWA - East Cell SCU,42.36187,-82.40272,Lepomis gibbosus,62,3.5
2023-LCS-NWA-,2023-LCS-NWA-160823-001A,16-Aug-23,8,17-Aug-23,St. Clair NWA - East Cell SCU,42.36187,-82.40272,Lepomis gibbosus,67,5.7
2023-LCS-NWA-,2023-LCS-NWA-160823-001A,16-Aug-23,8,17-Aug-23,St. Clair NWA - East Cell SCU,42.36187,-82.40272,Lepomis gibbosus,62,3.9
2023-LCS-NWA-,2023-LCS-NWA-160823-001A,16-Aug-23,8,17-Aug-23,St. Clair NWA - East Cell SCU,42.36187,-82.40272,Lepomis gibbosus,69,6.1
2023-LCS-NWA-,2023-LCS-NWA-160823-001A,16-Aug-23,8,17-Aug-23,St. Clair NWA - East Cell SCU,42.36187,-82.40272,Lepomis gibbosus,79,8.4
2023-LCS-NWA-,2023-LCS-NWA-160823-001A,16-Aug-23,8,17-Aug-23,St. Clair NWA - East Cell SCU,42.36187,-82.40272,Lepomis gibbosus,73,6.1
2023-LCS-NWA-,2023-LCS-NWA-160823-001A,16-Aug-23,8,17-Aug-23,St. Clair NWA - East Cell SCU,42.36187,-82.40272,Lepomis gibbosus,84,9.8
2023-LCS-NWA-,2023-LCS-NWA-160823-001A,16-Aug-23,8,17-Aug-23,St. Clair NWA - East Cell SCU,42.36187,-82.40272,Lepomis gibbosus,76,6.9
2023-LCS-NWA-,2023-LCS-NWA-160823-001A,16-Aug-23,8,17-Aug-23,St. Clair NWA - East Cell SCU,42.36187,-82.40272,Lepomis gibbosus,70,5.9
2023-LCS-NWA-,2023-LCS-NWA-160823-001A,16-Aug-23,8,17-Aug-23,St. Clair NWA - East Cell SCU,42.36187,-82.40272,Lepomis gibbosus,72,4.8
2023-LCS-NWA-,2023-LCS-NWA-160823-001A,16-Aug-23,8,17-Aug-23,St. Clair NWA - East Cell SCU,42.36187,-82.40272,Lepomis gibbosus,70,6.1
2023-LCS-NWA-,2023-LCS-NWA-160823-001A,16-Aug-23,8,17-Aug-23,St. Clair NWA - East Cell SCU,42.36187,-82.40272,Lepomis gibbosus,65,4.7
2023-LCS-NWA-,2023-LCS-NWA-160823-001A,16-Aug-23,8,17-Aug-23,St. Clair NWA - East Cell SCU,42.36187,-82.40272,Lepomis gibbosus,109,25.2
2023-LCS-NWA-,2023-LCS-NWA-160823-001A,16-Aug-23,8,17-Aug-23,St. Clair NWA - East Cell SCU,42.36187,-82.40272,Lepomis gibbosus,75,8.1
2023-LCS-NWA-,2023-LCS-NWA-160823-001A,16-Aug-23,8,17-Aug-23,St. Clair NWA - East Cell SCU,42.36187,-82.40272,Lepomis gibbosus,78,6.4
2023-LCS-NWA-,2023-LCS-NWA-160823-001A,16-Aug-23,8,17-Aug-23,St. Clair NWA - East Cell SCU,42.36187,-82.40272,Lepomis gibbosus,75,8
2023-LCS-NWA-,2023-LCS-NWA-160823-001A,16-Aug-23,8,17-Aug-23,St. Clair NWA - East Cell SCU,42.36187,-82.40272,Lepomis gibbosus,70,5.9
2023-LCS-NWA-,2023-LCS-NWA-160823-001A,16-Aug-23,8,17-Aug-23,St. Clair NWA - East Cell SCU,42.36187,-82.40272,Lepomis gibbosus,76,7.7
2023-LCS-NWA-,2023-LCS-NWA-160823-001A,16-Aug-23,8,17-Aug-23,St. Clair NWA - East Cell SCU,42.36187,-82.40272,Lepomis gibbosus,67,5.2
2023-LCS-NWA-,2023-LCS-NWA-160823-001A,16-Aug-23,8,17-Aug-23,St. Clair NWA - East Cell SCU,42.36187,-82.40272,Lepomis gibbosus,83,7.8
2023-LCS-NWA-,2023-LCS-NWA-160823-001A,16-Aug-23,8,17-Aug-23,St. Clair NWA - East Cell SCU,42.36187,-82.40272,Lepomis gibbosus,83,11.3
2023-LCS-NWA-,2023-LCS-NWA-160823-001A,16-Aug-23,8,17-Aug-23,St. Clair NWA - East Cell SCU,42.36187,-82.40272,Lepomis gibbosus,68,4.9
2023-LCS-NWA-,2023-LCS-NWA-160823-001A,16-Aug-23,8,17-Aug-23,St. Clair NWA - East Cell SCU,42.36187,-82.40272,Lepomis gibbosus,72,5.8
2023-LCS-NWA-,2023-LCS-NWA-160823-001A,16-Aug-23,8,17-Aug-23,St. Clair NWA - East Cell SCU,42.36187,-82.40272,Lepomis gibbosus,72,6.4
2023-LCS-NWA-,2023-LCS-NWA-160823-001A,16-Aug-23,8,17-Aug-23,St. Clair NWA - East Cell SCU,42.36187,-82.40272,Lepomis gibbosus,78,7.6
2023-LCS-NWA-,2023-LCS-NWA-160823-001A,16-Aug-23,8,17-Aug-23,St. Clair NWA - East Cell SCU,42.36187,-82.40272,Lepomis gibbosus,117,28.9
2023-LCS-NWA-,2023-LCS-NWA-160823-001A,16-Aug-23,8,17-Aug-23,St. Clair NWA - East Cell SCU,42.36187,-82.40272,Lepomis gibbosus,79,8.1
2023-LCS-NWA-,2023-LCS-NWA-160823-001A,16-Aug-23,8,17-Aug-23,St. Clair NWA - East Cell SCU,42.36187,-82.40272,Lepomis gibbosus,63,4.5
2023-LCS-NWA-,2023-LCS-NWA-160823-001A,16-Aug-23,8,17-Aug-23,St. Clair NWA - East Cell SCU,42.36187,-82.40272,Lepomis gibbosus,80,8.2
2023-LCS-NWA-,2023-LCS-NWA-160823-001A,16-Aug-23,8,17-Aug-23,St. Clair NWA - East Cell SCU,42.36187,-82.40272,Lepomis gibbosus,71,6.2
2023-LCS-NWA-,2023-LCS-NWA-160823-001A,16-Aug-23,8,17-Aug-23,St. Clair NWA - East Cell SCU,42.36187,-82.40272,Lepomis gibbosus,70,6.1
2023-LCS-NWA-,2023-LCS-NWA-160823-001A,16-Aug-23,8,17-Aug-23,St. Clair NWA - East Cell SCU,42.36187,-82.40272,Lepomis gibbosus,95,16.5
2023-LCS-NWA-,2023-LCS-NWA-160823-001A,16-Aug-23,8,17-Aug-23,St. Clair NWA - East Cell SCU,42.36187,-82.40272,Lepomis gibbosus,74,7.2
2023-LCS-NWA-,2023-LCS-NWA-160823-001A,16-Aug-23,8,17-Aug-23,St. Clair NWA - East Cell SCU,42.36187,-82.40272,Lepomis gibbosus,72,6.8
2023-LCS-NWA-,2023-LCS-NWA-160823-001A,16-Aug-23,8,17-Aug-23,St. Clair NWA - East Cell SCU,42.36187,-82.40272,Lepomis gibbosus,78,7.6
2023-LCS-NWA-,2023-LCS-NWA-160823-001A,16-Aug-23,8,17-Aug-23,St. Clair NWA - East Cell SCU,42.36187,-82.40272,Lepomis gibbosus,71,6.2
2023-LCS-NWA-,2023-LCS-NWA-160823-001A,16-Aug-23,8,17-Aug-23,St. Clair NWA - East Cell SCU,42.36187,-82.40272,Lepomis gibbosus,75,3
2023-LCS-NWA-,2023-LCS-NWA-160823-001A,16-Aug-23,8,17-Aug-23,St. Clair NWA - East Cell SCU,42.36187,-82.40272,Lepomis gibbosus,80,9.1
2023-LCS-NWA-,2023-LCS-NWA-160823-001A,16-Aug-23,8,17-Aug-23,St. Clair NWA - East Cell SCU,42.36187,-82.40272,Lepomis gibbosus,120,39.2
2023-LCS-NWA-,2023-LCS-NWA-160823-001A,16-Aug-23,8,17-Aug-23,St. Clair NWA - East Cell SCU,42.36187,-82.40272,Lepomis gibbosus,66,4.8
2023-LCS-NWA-,2023-LCS-NWA-160823-001A,16-Aug-23,8,17-Aug-23,St. Clair NWA - East Cell SCU,42.36187,-82.40272,Lepomis gibbosus,70,5.7
2023-LCS-NWA-,2023-LCS-NWA-160823-001A,16-Aug-23,8,17-Aug-23,St. Clair NWA - East Cell SCU,42.36187,-82.40272,Lepomis gibbosus,120,35.7
2023-LCS-NWA-,2023-LCS-NWA-160823-001A,16-Aug-23,8,17-Aug-23,St. Clair NWA - East Cell SCU,42.36187,-82.40272,Lepomis gibbosus,110,28.8
2023-LCS-NWA-,2023-LCS-NWA-160823-001A,16-Aug-23,8,17-Aug-23,St. Clair NWA - East Cell SCU,42.36187,-82.40272,Lepomis gibbosus,71,6.2
2023-LCS-NWA-,2023-LCS-NWA-160823-001A,16-Aug-23,8,17-Aug-23,St. Clair NWA - East Cell SCU,42.36187,-82.40272,Lepomis gibbosus,142,72.2
2023-LCS-NWA-,2023-LCS-NWA-160823-001A,16-Aug-23,8,17-Aug-23,St. Clair NWA - East Cell SCU,42.36187,-82.40272,Lepomis gibbosus,113,26.4
2023-LCS-NWA-,2023-LCS-NWA-160823-001A,16-Aug-23,8,17-Aug-23,St. Clair NWA - East Cell SCU,42.36187,-82.40272,Lepomis gibbosus,79,9
2023-LCS-NWA-,2023-LCS-NWA-160823-001A,16-Aug-23,8,17-Aug-23,St. Clair NWA - East Cell SCU,42.36187,-82.40272,Lepomis gibbosus,67,4.8
2023-LCS-NWA-,2023-LCS-NWA-160823-001A,16-Aug-23,8,17-Aug-23,St. Clair NWA - East Cell SCU,42.36187,-82.40272,Lepomis gibbosus,110,27.5
2023-LCS-NWA-,2023-LCS-NWA-160823-001A,16-Aug-23,8,17-Aug-23,St. Clair NWA - East Cell SCU,42.36187,-82.40272,Lepomis gibbosus,64,4.1
2023-LCS-NWA-,2023-LCS-NWA-160823-001A,16-Aug-23,8,17-Aug-23,St. Clair NWA - East Cell SCU,42.36187,-82.40272,Lepomis gibbosus,130,44.7
2023-LCS-NWA-,2023-LCS-NWA-160823-001A,16-Aug-23,8,17-Aug-23,St. Clair NWA - East Cell SCU,42.36187,-82.40272,Lepomis gibbosus,130,44.7
2023-LCS-NWA-,2023-LCS-NWA-160823-001A,16-Aug-23,8,17-Aug-23,St. Clair NWA - East Cell SCU,42.36187,-82.40272,Lepomis gibbosus,65,4.8
2023-LCS-NWA-,2023-LCS-NWA-160823-001A,16-Aug-23,8,17-Aug-23,St. Clair NWA - East Cell SCU,42.36187,-82.40272,Lepomis gibbosus,119,34.4
2023-LCS-NWA-,2023-LCS-NWA-160823-001A,16-Aug-23,8,17-Aug-23,St. Clair NWA - East Cell SCU,42.36187,-82.40272,Lepomis gibbosus,72,6.4
2023-LCS-NWA-,2023-LCS-NWA-160823-001A,16-Aug-23,8,17-Aug-23,St. Clair NWA - East Cell SCU,42.36187,-82.40272,Lepomis gibbosus,48,1.8
2023-LCS-NWA-,2023-LCS-NWA-160823-001A,16-Aug-23,8,17-Aug-23,St. Clair NWA - East Cell SCU,42.36187,-82.40272,Lepomis gibbosus,39,1
2023-LCS-NWA-,2023-LCS-NWA-160823-001A,16-Aug-23,8,17-Aug-23,St. Clair NWA - East Cell SCU,42.36187,-82.40272,Lepomis gibbosus,39,0.9
2023-LCS-NWA-,2023-LCS-NWA-160823-001A,16-Aug-23,8,17-Aug-23,St. Clair NWA - East Cell SCU,42.36187,-82.40272,Lepomis sp,27,0
2023-LCS-NWA-,2023-LCS-NWA-160823-001A,16-Aug-23,8,17-Aug-23,St. Clair NWA - East Cell SCU,42.36187,-82.40272,Lepomis sp,35,0.7
2023-LCS-NWA-,2023-LCS-NWA-160823-001A,16-Aug-23,8,17-Aug-23,St. Clair NWA - East Cell SCU,42.36187,-82.40272,Notemigonus crysoleucas,58,1.5
2023-LCS-NWA-,2023-LCS-NWA-160823-001A,16-Aug-23,8,17-Aug-23,St. Clair NWA - East Cell SCU,42.36187,-82.40272,Notemigonus crysoleucas,53,1.3
2023-LCS-NWA-,2023-LCS-NWA-160823-001A,16-Aug-23,8,17-Aug-23,St. Clair NWA - East Cell SCU,42.36187,-82.40272,Notemigonus crysoleucas,59,1.2
2023-LCS-NWA-,2023-LCS-NWA-160823-001A,16-Aug-23,8,17-Aug-23,St. Clair NWA - East Cell SCU,42.36187,-82.40272,Notemigonus crysoleucas,55,1.5
2023-LCS-NWA-,2023-LCS-NWA-160823-001A,16-Aug-23,8,17-Aug-23,St. Clair NWA - East Cell SCU,42.36187,-82.40272,Notemigonus crysoleucas,57,1.1
2023-LCS-NWA-,2023-LCS-NWA-160823-001A,16-Aug-23,8,17-Aug-23,St. Clair NWA - East Cell SCU,42.36187,-82.40272,Notemigonus crysoleucas,50,0.9
2023-LCS-NWA-,2023-LCS-NWA-160823-001A,16-Aug-23,8,17-Aug-23,St. Clair NWA - East Cell SCU,42.36187,-82.40272,Notemigonus crysoleucas,51,1.3
2023-LCS-NWA-,2023-LCS-NWA-160823-001A,16-Aug-23,8,17-Aug-23,St. Clair NWA - East Cell SCU,42.36187,-82.40272,Notemigonus crysoleucas,50,0.7
2023-LCS-NWA-,2023-LCS-NWA-160823-001A,16-Aug-23,8,17-Aug-23,St. Clair NWA - East Cell SCU,42.36187,-82.40272,Notemigonus crysoleucas,49,0.7
2023-LCS-NWA-,2023-LCS-NWA-160823-001A,16-Aug-23,8,17-Aug-23,St. Clair NWA - East Cell SCU,42.36187,-82.40272,Notemigonus crysoleucas,57,1.4
2023-LCS-NWA-,2023-LCS-NWA-160823-001A,16-Aug-23,8,17-Aug-23,St. Clair NWA - East Cell SCU,42.36187,-82.40272,Notemigonus crysoleucas,59,1
2023-LCS-NWA-,2023-LCS-NWA-160823-001A,16-Aug-23,8,17-Aug-23,St. Clair NWA - East Cell SCU,42.36187,-82.40272,Notemigonus crysoleucas,50,1
2023-LCS-NWA-,2023-LCS-NWA-160823-001A,16-Aug-23,8,17-Aug-23,St. Clair NWA - East Cell SCU,42.36187,-82.40272,Notemigonus crysoleucas,52,0.9
2023-LCS-NWA-,2023-LCS-NWA-160823-001A,16-Aug-23,8,17-Aug-23,St. Clair NWA - East Cell SCU,42.36187,-82.40272,Notemigonus crysoleucas,52,1
2023-LCS-NWA-,2023-LCS-NWA-160823-001A,16-Aug-23,8,17-Aug-23,St. Clair NWA - East Cell SCU,42.36187,-82.40272,Notemigonus crysoleucas,56,1.3
2023-LCS-NWA-,2023-LCS-NWA-160823-001A,16-Aug-23,8,17-Aug-23,St. Clair NWA - East Cell SCU,42.36187,-82.40272,Notemigonus crysoleucas,53,1
2023-LCS-NWA-,2023-LCS-NWA-160823-001A,16-Aug-23,8,17-Aug-23,St. Clair NWA - East Cell SCU,42.36187,-82.40272,Notemigonus crysoleucas,58,1.3
2023-LCS-NWA-,2023-LCS-NWA-160823-001A,16-Aug-23,8,17-Aug-23,St. Clair NWA - East Cell SCU,42.36187,-82.40272,Notemigonus crysoleucas,54,1
2023-LCS-NWA-,2023-LCS-NWA-160823-001A,16-Aug-23,8,17-Aug-23,St. Clair NWA - East Cell SCU,42.36187,-82.40272,Notemigonus crysoleucas,52,0.9
2023-LCS-NWA-,2023-LCS-NWA-160823-001A,16-Aug-23,8,17-Aug-23,St. Clair NWA - East Cell SCU,42.36187,-82.40272,Notemigonus crysoleucas,51,0.9
2023-LCS-NWA-,2023-LCS-NWA-160823-001A,16-Aug-23,8,17-Aug-23,St. Clair NWA - East Cell SCU,42.36187,-82.40272,Notemigonus crysoleucas,48,0.8
2023-LCS-NWA-,2023-LCS-NWA-160823-001A,16-Aug-23,8,17-Aug-23,St. Clair NWA - East Cell SCU,42.36187,-82.40272,Notemigonus crysoleucas,47,0.8
2023-LCS-NWA-,2023-LCS-NWA-160823-001A,16-Aug-23,8,17-Aug-23,St. Clair NWA - East Cell SCU,42.36187,-82.40272,Notemigonus crysoleucas,52,1.3
2023-LCS-NWA-,2023-LCS-NWA-160823-001A,16-Aug-23,8,17-Aug-23,St. Clair NWA - East Cell SCU,42.36187,-82.40272,Notemigonus crysoleucas,51,0.8
2023-LCS-NWA-,2023-LCS-NWA-160823-001A,16-Aug-23,8,17-Aug-23,St. Clair NWA - East Cell SCU,42.36187,-82.40272,Notemigonus crysoleucas,50,0.9
2023-LCS-NWA-,2023-LCS-NWA-160823-001A,16-Aug-23,8,17-Aug-23,St. Clair NWA - East Cell SCU,42.36187,-82.40272,Notemigonus crysoleucas,47,0.6
2023-LCS-NWA-,2023-LCS-NWA-160823-001A,16-Aug-23,8,17-Aug-23,St. Clair NWA - East Cell SCU,42.36187,-82.40272,Notemigonus crysoleucas,56,1.4
2023-LCS-NWA-,2023-LCS-NWA-160823-001A,16-Aug-23,8,17-Aug-23,St. Clair NWA - East Cell SCU,42.36187,-82.40272,Notemigonus crysoleucas,52,1
2023-LCS-NWA-,2023-LCS-NWA-160823-001A,16-Aug-23,8,17-Aug-23,St. Clair NWA - East Cell SCU,42.36187,-82.40272,Notemigonus crysoleucas,53,1
2023-LCS-NWA-,2023-LCS-NWA-160823-001A,16-Aug-23,8,17-Aug-23,St. Clair NWA - East Cell SCU,42.36187,-82.40272,Notemigonus crysoleucas,52,1.2
2023-LCS-NWA-,2023-LCS-NWA-160823-001A,16-Aug-23,8,17-Aug-23,St. Clair NWA - East Cell SCU,42.36187,-82.40272,Notemigonus crysoleucas,51,1.1
2023-LCS-NWA-,2023-LCS-NWA-160823-001A,16-Aug-23,8,17-Aug-23,St. Clair NWA - East Cell SCU,42.36187,-82.40272,Notemigonus crysoleucas,58,1.5
2023-LCS-NWA-,2023-LCS-NWA-160823-001A,16-Aug-23,8,17-Aug-23,St. Clair NWA - East Cell SCU,42.36187,-82.40272,Notemigonus crysoleucas,53,1
2023-LCS-NWA-,2023-LCS-NWA-160823-001A,16-Aug-23,8,17-Aug-23,St. Clair NWA - East Cell SCU,42.36187,-82.40272,Notemigonus crysoleucas,56,1.2
2023-LCS-NWA-,2023-LCS-NWA-160823-001A,16-Aug-23,8,17-Aug-23,St. Clair NWA - East Cell SCU,42.36187,-82.40272,Notemigonus crysoleucas,53,1.3
2023-LCS-NWA-,2023-LCS-NWA-160823-001A,16-Aug-23,8,17-Aug-23,St. Clair NWA - East Cell SCU,42.36187,-82.40272,Notemigonus crysoleucas,58,1.6
2023-LCS-NWA-,2023-LCS-NWA-160823-001A,16-Aug-23,8,17-Aug-23,St. Clair NWA - East Cell SCU,42.36187,-82.40272,Notemigonus crysoleucas,53,1
2023-LCS-NWA-,2023-LCS-NWA-160823-001A,16-Aug-23,8,17-Aug-23,St. Clair NWA - East Cell SCU,42.36187,-82.40272,Notemigonus crysoleucas,50,1
2023-LCS-NWA-,2023-LCS-NWA-160823-001A,16-Aug-23,8,17-Aug-23,St. Clair NWA - East Cell SCU,42.36187,-82.40272,Notemigonus crysoleucas,50,0.9
2023-LCS-NWA-,2023-LCS-NWA-160823-001A,16-Aug-23,8,17-Aug-23,St. Clair NWA - East Cell SCU,42.36187,-82.40272,Notemigonus crysoleucas,59,1.4
2023-LCS-NWA-,2023-LCS-NWA-160823-001A,16-Aug-23,8,17-Aug-23,St. Clair NWA - East Cell SCU,42.36187,-82.40272,Notemigonus crysoleucas,51,1.1
2023-LCS-NWA-,2023-LCS-NWA-160823-001A,16-Aug-23,8,17-Aug-23,St. Clair NWA - East Cell SCU,42.36187,-82.40272,Notemigonus crysoleucas,57,1.3
2023-LCS-NWA-,2023-LCS-NWA-160823-001A,16-Aug-23,8,17-Aug-23,St. Clair NWA - East Cell SCU,42.36187,-82.40272,Notemigonus crysoleucas,61,1.9
2023-LCS-NWA-,2023-LCS-NWA-160823-001A,16-Aug-23,8,17-Aug-23,St. Clair NWA - East Cell SCU,42.36187,-82.40272,Notemigonus crysoleucas,56,1.1
2023-LCS-NWA-,2023-LCS-NWA-160823-001A,16-Aug-23,8,17-Aug-23,St. Clair NWA - East Cell SCU,42.36187,-82.40272,Notemigonus crysoleucas,50,0.9
2023-LCS-NWA-,2023-LCS-NWA-160823-001A,16-Aug-23,8,17-Aug-23,St. Clair NWA - East Cell SCU,42.36187,-82.40272,Notemigonus crysoleucas,57,1.5
2023-LCS-NWA-,2023-LCS-NWA-160823-001A,16-Aug-23,8,17-Aug-23,St. Clair NWA - East Cell SCU,42.36187,-82.40272,Notemigonus crysoleucas,52,1.1
2023-LCS-NWA-,2023-LCS-NWA-160823-001A,16-Aug-23,8,17-Aug-23,St. Clair NWA - East Cell SCU,42.36187,-82.40272,Notemigonus crysoleucas,57,1.3
2023-LCS-NWA-,2023-LCS-NWA-160823-001A,16-Aug-23,8,17-Aug-23,St. Clair NWA - East Cell SCU,42.36187,-82.40272,Notemigonus crysoleucas,55,1.1
2023-LCS-NWA-,2023-LCS-NWA-160823-001A,16-Aug-23,8,17-Aug-23,St. Clair NWA - East Cell SCU,42.36187,-82.40272,Notemigonus crysoleucas,54,1.1
2023-LCS-NWA-,2023-LCS-NWA-160823-001A,16-Aug-23,8,17-Aug-23,St. Clair NWA - East Cell SCU,42.36187,-82.40272,Notemigonus crysoleucas,58,1.4
2023-LCS-NWA-,2023-LCS-NWA-160823-001A,16-Aug-23,8,17-Aug-23,St. Clair NWA - East Cell SCU,42.36187,-82.40272,Notemigonus crysoleucas,55,1.2
2023-LCS-NWA-,2023-LCS-NWA-160823-001A,16-Aug-23,8,17-Aug-23,St. Clair NWA - East Cell SCU,42.36187,-82.40272,Notemigonus crysoleucas,56,1.4
2023-LCS-NWA-,2023-LCS-NWA-160823-001A,16-Aug-23,8,17-Aug-23,St. Clair NWA - East Cell SCU,42.36187,-82.40272,Notemigonus crysoleucas,55,1.2
2023-LCS-NWA-,2023-LCS-NWA-160823-001A,16-Aug-23,8,17-Aug-23,St. Clair NWA - East Cell SCU,42.36187,-82.40272,Notemigonus crysoleucas,57,1.4
2023-LCS-NWA-,2023-LCS-NWA-160823-001A,16-Aug-23,8,17-Aug-23,St. Clair NWA - East Cell SCU,42.36187,-82.40272,Notemigonus crysoleucas,57,1.4
2023-LCS-NWA-,2023-LCS-NWA-160823-001A,16-Aug-23,8,17-Aug-23,St. Clair NWA - East Cell SCU,42.36187,-82.40272,Notemigonus crysoleucas,54,1.1
2023-LCS-NWA-,2023-LCS-NWA-160823-001A,16-Aug-23,8,17-Aug-23,St. Clair NWA - East Cell SCU,42.36187,-82.40272,Notemigonus crysoleucas,53,1.3
2023-LCS-NWA-,2023-LCS-NWA-160823-001A,16-Aug-23,8,17-Aug-23,St. Clair NWA - East Cell SCU,42.36187,-82.40272,Notemigonus crysoleucas,58,1.3
2023-LCS-NWA-,2023-LCS-NWA-160823-001A,16-Aug-23,8,17-Aug-23,St. Clair NWA - East Cell SCU,42.36187,-82.40272,Notemigonus crysoleucas,55,1.4
2023-LCS-NWA-,2023-LCS-NWA-160823-001A,16-Aug-23,8,17-Aug-23,St. Clair NWA - East Cell SCU,42.36187,-82.40272,Micropterus nigricans,95,3
2023-LCS-NWA-,2023-LCS-NWA-160823-001A,16-Aug-23,8,17-Aug-23,St. Clair NWA - East Cell SCU,42.36187,-82.40272,Micropterus nigricans,59,2.9
2023-LCS-NWA-,2023-LCS-NWA-160823-001A,16-Aug-23,8,17-Aug-23,St. Clair NWA - East Cell SCU,42.36187,-82.40272,Micropterus nigricans,63,3.7
2023-LCS-NWA-,2023-LCS-NWA-160823-001A,16-Aug-23,8,17-Aug-23,St. Clair NWA - East Cell SCU,42.36187,-82.40272,Micropterus nigricans,70,4.7
2023-LCS-NWA-,2023-LCS-NWA-160823-001A,16-Aug-23,8,17-Aug-23,St. Clair NWA - East Cell SCU,42.36187,-82.40272,Micropterus nigricans,65,3.1
2023-LCS-NWA-,2023-LCS-NWA-160823-001A,16-Aug-23,8,17-Aug-23,St. Clair NWA - East Cell SCU,42.36187,-82.40272,Micropterus nigricans,67,3.8
2023-LCS-NWA-,2023-LCS-NWA-160823-001A,16-Aug-23,8,17-Aug-23,St. Clair NWA - East Cell SCU,42.36187,-82.40272,Micropterus nigricans,74,5.3
2023-LCS-NWA-,2023-LCS-NWA-160823-001A,16-Aug-23,8,17-Aug-23,St. Clair NWA - East Cell SCU,42.36187,-82.40272,Micropterus nigricans,63,3
2023-LCS-NWA-,2023-LCS-NWA-160823-001A,16-Aug-23,8,17-Aug-23,St. Clair NWA - East Cell SCU,42.36187,-82.40272,Micropterus nigricans,71,4.3
2023-LCS-NWA-,2023-LCS-NWA-160823-001A,16-Aug-23,8,17-Aug-23,St. Clair NWA - East Cell SCU,42.36187,-82.40272,Micropterus nigricans,64,3.5
2023-LCS-NWA-,2023-LCS-NWA-160823-001A,16-Aug-23,8,17-Aug-23,St. Clair NWA - East Cell SCU,42.36187,-82.40272,Micropterus nigricans,52,2.1
2023-LCS-NWA-,2023-LCS-NWA-160823-001A,16-Aug-23,8,17-Aug-23,St. Clair NWA - East Cell SCU,42.36187,-82.40272,Micropterus nigricans,60,3.6
2023-LCS-NWA-,2023-LCS-NWA-160823-001A,16-Aug-23,8,17-Aug-23,St. Clair NWA - East Cell SCU,42.36187,-82.40272,Ameiurus nebulosus,279,360
2023-LCS-NWA-,2023-LCS-NWA-160823-001A,16-Aug-23,8,17-Aug-23,St. Clair NWA - East Cell SCU,42.36187,-82.40272,Esox lucius,185,32.7
2023-LCS-NWA-,2023-LCS-NWA-160823-001A,16-Aug-23,8,17-Aug-23,St. Clair NWA - East Cell SCU,42.36187,-82.40272,Esox lucius,219,50.2
2023-LCS-NWA-,2023-LCS-NWA-160823-002A,16-Aug-23,8,17-Aug-23,St. Clair NWA - East Cell SCU,42.36143,-82.40347,Erimyzon sucetta,145,40.2
2023-LCS-NWA-,2023-LCS-NWA-160823-002A,16-Aug-23,8,17-Aug-23,St. Clair NWA - East Cell SCU,42.36143,-82.40347,Erimyzon sucetta,137,35.9
2023-LCS-NWA-,2023-LCS-NWA-160823-002A,16-Aug-23,8,17-Aug-23,St. Clair NWA - East Cell SCU,42.36143,-82.40347,Erimyzon sucetta,167,58.5
2023-LCS-NWA-,2023-LCS-NWA-160823-002A,16-Aug-23,8,17-Aug-23,St. Clair NWA - East Cell SCU,42.36143,-82.40347,Erimyzon sucetta,129,26.6
2023-LCS-NWA-,2023-LCS-NWA-160823-002A,16-Aug-23,8,17-Aug-23,St. Clair NWA - East Cell SCU,42.36143,-82.40347,Lepomis macrochirus,39,1
2023-LCS-NWA-,2023-LCS-NWA-160823-002A,16-Aug-23,8,17-Aug-23,St. Clair NWA - East Cell SCU,42.36143,-82.40347,Lepomis macrochirus,77,7.83
2023-LCS-NWA-,2023-LCS-NWA-160823-002A,16-Aug-23,8,17-Aug-23,St. Clair NWA - East Cell SCU,42.36143,-82.40347,Lepomis macrochirus,65,5.5
2023-LCS-NWA-,2023-LCS-NWA-160823-002A,16-Aug-23,8,17-Aug-23,St. Clair NWA - East Cell SCU,42.36143,-82.40347,Lepomis macrochirus,95,15
2023-LCS-NWA-,2023-LCS-NWA-160823-002A,16-Aug-23,8,17-Aug-23,St. Clair NWA - East Cell SCU,42.36143,-82.40347,Lepomis macrochirus,68,5.6
2023-LCS-NWA-,2023-LCS-NWA-160823-002A,16-Aug-23,8,17-Aug-23,St. Clair NWA - East Cell SCU,42.36143,-82.40347,Lepomis macrochirus,86,10.7
2023-LCS-NWA-,2023-LCS-NWA-160823-002A,16-Aug-23,8,17-Aug-23,St. Clair NWA - East Cell SCU,42.36143,-82.40347,Lepomis macrochirus,33,0.7
2023-LCS-NWA-,2023-LCS-NWA-160823-002A,16-Aug-23,8,17-Aug-23,St. Clair NWA - East Cell SCU,42.36143,-82.40347,Pomoxis nigromaculatus,60,2.5
2023-LCS-NWA-,2023-LCS-NWA-160823-002A,16-Aug-23,8,17-Aug-23,St. Clair NWA - East Cell SCU,42.36143,-82.40347,Pomoxis nigromaculatus,60,
2023-LCS-NWA-,2023-LCS-NWA-160823-002A,16-Aug-23,8,17-Aug-23,St. Clair NWA - East Cell SCU,42.36143,-82.40347,Amia ocellicauda,460,840
2023-LCS-NWA-,2023-LCS-NWA-160823-002A,16-Aug-23,8,17-Aug-23,St. Clair NWA - East Cell SCU,42.36143,-82.40347,Amia ocellicauda,445,730
2023-LCS-NWA-,2023-LCS-NWA-160823-002A,16-Aug-23,8,17-Aug-23,St. Clair NWA - East Cell SCU,42.36143,-82.40347,Amia ocellicauda,437,770
2023-LCS-NWA-,2023-LCS-NWA-160823-002A,16-Aug-23,8,17-Aug-23,St. Clair NWA - East Cell SCU,42.36143,-82.40347,Amia ocellicauda,384,550
2023-LCS-NWA-,2023-LCS-NWA-160823-002A,16-Aug-23,8,17-Aug-23,St. Clair NWA - East Cell SCU,42.36143,-82.40347,Amia ocellicauda,519,1150
2023-LCS-NWA-,2023-LCS-NWA-160823-002A,16-Aug-23,8,17-Aug-23,St. Clair NWA - East Cell SCU,42.36143,-82.40347,Lepomis gibbosus,83,10
2023-LCS-NWA-,2023-LCS-NWA-160823-002A,16-Aug-23,8,17-Aug-23,St. Clair NWA - East Cell SCU,42.36143,-82.40347,Lepomis gibbosus,77,8.4
2023-LCS-NWA-,2023-LCS-NWA-160823-002A,16-Aug-23,8,17-Aug-23,St. Clair NWA - East Cell SCU,42.36143,-82.40347,Lepomis gibbosus,72,6.8
2023-LCS-NWA-,2023-LCS-NWA-160823-002A,16-Aug-23,8,17-Aug-23,St. Clair NWA - East Cell SCU,42.36143,-82.40347,Lepomis gibbosus,76,7.5
2023-LCS-NWA-,2023-LCS-NWA-160823-002A,16-Aug-23,8,17-Aug-23,St. Clair NWA - East Cell SCU,42.36143,-82.40347,Lepomis gibbosus,69,6
2023-LCS-NWA-,2023-LCS-NWA-160823-002A,16-Aug-23,8,17-Aug-23,St. Clair NWA - East Cell SCU,42.36143,-82.40347,Lepomis gibbosus,68,5.21
2023-LCS-NWA-,2023-LCS-NWA-160823-002A,16-Aug-23,8,17-Aug-23,St. Clair NWA - East Cell SCU,42.36143,-82.40347,Lepomis gibbosus,72,6.8
2023-LCS-NWA-,2023-LCS-NWA-160823-002A,16-Aug-23,8,17-Aug-23,St. Clair NWA - East Cell SCU,42.36143,-82.40347,Lepomis gibbosus,74,6.92
2023-LCS-NWA-,2023-LCS-NWA-160823-002A,16-Aug-23,8,17-Aug-23,St. Clair NWA - East Cell SCU,42.36143,-82.40347,Lepomis gibbosus,70,6.05
2023-LCS-NWA-,2023-LCS-NWA-160823-002A,16-Aug-23,8,17-Aug-23,St. Clair NWA - East Cell SCU,42.36143,-82.40347,Lepomis gibbosus,77,7.78
2023-LCS-NWA-,2023-LCS-NWA-160823-002A,16-Aug-23,8,17-Aug-23,St. Clair NWA - East Cell SCU,42.36143,-82.40347,Lepomis gibbosus,72,6.45
2023-LCS-NWA-,2023-LCS-NWA-160823-002A,16-Aug-23,8,17-Aug-23,St. Clair NWA - East Cell SCU,42.36143,-82.40347,Lepomis gibbosus,79,8.28
2023-LCS-NWA-,2023-LCS-NWA-160823-002A,16-Aug-23,8,17-Aug-23,St. Clair NWA - East Cell SCU,42.36143,-82.40347,Lepomis gibbosus,72,6.8
2023-LCS-NWA-,2023-LCS-NWA-160823-002A,16-Aug-23,8,17-Aug-23,St. Clair NWA - East Cell SCU,42.36143,-82.40347,Lepomis gibbosus,86,11.01
2023-LCS-NWA-,2023-LCS-NWA-160823-002A,16-Aug-23,8,17-Aug-23,St. Clair NWA - East Cell SCU,42.36143,-82.40347,Lepomis gibbosus,74,7.3
2023-LCS-NWA-,2023-LCS-NWA-160823-002A,16-Aug-23,8,17-Aug-23,St. Clair NWA - East Cell SCU,42.36143,-82.40347,Lepomis gibbosus,82,8.5
2023-LCS-NWA-,2023-LCS-NWA-160823-002A,16-Aug-23,8,17-Aug-23,St. Clair NWA - East Cell SCU,42.36143,-82.40347,Lepomis gibbosus,40,1
2023-LCS-NWA-,2023-LCS-NWA-160823-002A,16-Aug-23,8,17-Aug-23,St. Clair NWA - East Cell SCU,42.36143,-82.40347,Lepomis gibbosus,76,8
2023-LCS-NWA-,2023-LCS-NWA-160823-002A,16-Aug-23,8,17-Aug-23,St. Clair NWA - East Cell SCU,42.36143,-82.40347,Lepomis gibbosus,72,5.54
2023-LCS-NWA-,2023-LCS-NWA-160823-002A,16-Aug-23,8,17-Aug-23,St. Clair NWA - East Cell SCU,42.36143,-82.40347,Lepomis gibbosus,74,7.9
2023-LCS-NWA-,2023-LCS-NWA-160823-002A,16-Aug-23,8,17-Aug-23,St. Clair NWA - East Cell SCU,42.36143,-82.40347,Lepomis gibbosus,76,7.83
2023-LCS-NWA-,2023-LCS-NWA-160823-002A,16-Aug-23,8,17-Aug-23,St. Clair NWA - East Cell SCU,42.36143,-82.40347,Lepomis gibbosus,36,0.8
2023-LCS-NWA-,2023-LCS-NWA-160823-002A,16-Aug-23,8,17-Aug-23,St. Clair NWA - East Cell SCU,42.36143,-82.40347,Lepomis gibbosus,78,9.2
2023-LCS-NWA-,2023-LCS-NWA-160823-002A,16-Aug-23,8,17-Aug-23,St. Clair NWA - East Cell SCU,42.36143,-82.40347,Lepomis gibbosus,83,10.94
2023-LCS-NWA-,2023-LCS-NWA-160823-002A,16-Aug-23,8,17-Aug-23,St. Clair NWA - East Cell SCU,42.36143,-82.40347,Lepomis gibbosus,78,9.2
2023-LCS-NWA-,2023-LCS-NWA-160823-002A,16-Aug-23,8,17-Aug-23,St. Clair NWA - East Cell SCU,42.36143,-82.40347,Lepomis gibbosus,75,7.25
2023-LCS-NWA-,2023-LCS-NWA-160823-002A,16-Aug-23,8,17-Aug-23,St. Clair NWA - East Cell SCU,42.36143,-82.40347,Lepomis gibbosus,68,5.97
2023-LCS-NWA-,2023-LCS-NWA-160823-002A,16-Aug-23,8,17-Aug-23,St. Clair NWA - East Cell SCU,42.36143,-82.40347,Lepomis gibbosus,70,5.43
2023-LCS-NWA-,2023-LCS-NWA-160823-002A,16-Aug-23,8,17-Aug-23,St. Clair NWA - East Cell SCU,42.36143,-82.40347,Lepomis gibbosus,83,10.21
2023-LCS-NWA-,2023-LCS-NWA-160823-002A,16-Aug-23,8,17-Aug-23,St. Clair NWA - East Cell SCU,42.36143,-82.40347,Lepomis gibbosus,81,10.1
2023-LCS-NWA-,2023-LCS-NWA-160823-002A,16-Aug-23,8,17-Aug-23,St. Clair NWA - East Cell SCU,42.36143,-82.40347,Lepomis gibbosus,70,5.47
2023-LCS-NWA-,2023-LCS-NWA-160823-002A,16-Aug-23,8,17-Aug-23,St. Clair NWA - East Cell SCU,42.36143,-82.40347,Lepomis gibbosus,37,0.7
2023-LCS-NWA-,2023-LCS-NWA-160823-002A,16-Aug-23,8,17-Aug-23,St. Clair NWA - East Cell SCU,42.36143,-82.40347,Lepomis gibbosus,74,7.6
2023-LCS-NWA-,2023-LCS-NWA-160823-002A,16-Aug-23,8,17-Aug-23,St. Clair NWA - East Cell SCU,42.36143,-82.40347,Lepomis gibbosus,72,6.32
2023-LCS-NWA-,2023-LCS-NWA-160823-002A,16-Aug-23,8,17-Aug-23,St. Clair NWA - East Cell SCU,42.36143,-82.40347,Lepomis gibbosus,75,5.6
2023-LCS-NWA-,2023-LCS-NWA-160823-002A,16-Aug-23,8,17-Aug-23,St. Clair NWA - East Cell SCU,42.36143,-82.40347,Lepomis gibbosus,78,9
2023-LCS-NWA-,2023-LCS-NWA-160823-002A,16-Aug-23,8,17-Aug-23,St. Clair NWA - East Cell SCU,42.36143,-82.40347,Lepomis gibbosus,77,7.57
2023-LCS-NWA-,2023-LCS-NWA-160823-002A,16-Aug-23,8,17-Aug-23,St. Clair NWA - East Cell SCU,42.36143,-82.40347,Lepomis gibbosus,75,7.3
2023-LCS-NWA-,2023-LCS-NWA-160823-002A,16-Aug-23,8,17-Aug-23,St. Clair NWA - East Cell SCU,42.36143,-82.40347,Lepomis gibbosus,82,11.3
2023-LCS-NWA-,2023-LCS-NWA-160823-002A,16-Aug-23,8,17-Aug-23,St. Clair NWA - East Cell SCU,42.36143,-82.40347,Lepomis gibbosus,75,7.6
2023-LCS-NWA-,2023-LCS-NWA-160823-002A,16-Aug-23,8,17-Aug-23,St. Clair NWA - East Cell SCU,42.36143,-82.40347,Lepomis gibbosus,77,7.68
2023-LCS-NWA-,2023-LCS-NWA-160823-002A,16-Aug-23,8,17-Aug-23,St. Clair NWA - East Cell SCU,42.36143,-82.40347,Lepomis gibbosus,76,6.99
2023-LCS-NWA-,2023-LCS-NWA-160823-002A,16-Aug-23,8,17-Aug-23,St. Clair NWA - East Cell SCU,42.36143,-82.40347,Lepomis gibbosus,75,7.2
2023-LCS-NWA-,2023-LCS-NWA-160823-002A,16-Aug-23,8,17-Aug-23,St. Clair NWA - East Cell SCU,42.36143,-82.40347,Lepomis gibbosus,64,4.38
2023-LCS-NWA-,2023-LCS-NWA-160823-002A,16-Aug-23,8,17-Aug-23,St. Clair NWA - East Cell SCU,42.36143,-82.40347,Lepomis gibbosus,65,4.9
2023-LCS-NWA-,2023-LCS-NWA-160823-002A,16-Aug-23,8,17-Aug-23,St. Clair NWA - East Cell SCU,42.36143,-82.40347,Lepomis gibbosus,73,6.36
2023-LCS-NWA-,2023-LCS-NWA-160823-002A,16-Aug-23,8,17-Aug-23,St. Clair NWA - East Cell SCU,42.36143,-82.40347,Lepomis gibbosus,75,7.3
2023-LCS-NWA-,2023-LCS-NWA-160823-002A,16-Aug-23,8,17-Aug-23,St. Clair NWA - East Cell SCU,42.36143,-82.40347,Lepomis gibbosus,68,5.23
2023-LCS-NWA-,2023-LCS-NWA-160823-002A,16-Aug-23,8,17-Aug-23,St. Clair NWA - East Cell SCU,42.36143,-82.40347,Lepomis gibbosus,70,6.2
2023-LCS-NWA-,2023-LCS-NWA-160823-002A,16-Aug-23,8,17-Aug-23,St. Clair NWA - East Cell SCU,42.36143,-82.40347,Lepomis gibbosus,72,5.91
2023-LCS-NWA-,2023-LCS-NWA-160823-002A,16-Aug-23,8,17-Aug-23,St. Clair NWA - East Cell SCU,42.36143,-82.40347,Lepomis gibbosus,105,21.5
2023-LCS-NWA-,2023-LCS-NWA-160823-002A,16-Aug-23,8,17-Aug-23,St. Clair NWA - East Cell SCU,42.36143,-82.40347,Lepomis gibbosus,74,7.4
2023-LCS-NWA-,2023-LCS-NWA-160823-002A,16-Aug-23,8,17-Aug-23,St. Clair NWA - East Cell SCU,42.36143,-82.40347,Lepomis gibbosus,77,8.1
2023-LCS-NWA-,2023-LCS-NWA-160823-002A,16-Aug-23,8,17-Aug-23,St. Clair NWA - East Cell SCU,42.36143,-82.40347,Lepomis gibbosus,67,5.34
2023-LCS-NWA-,2023-LCS-NWA-160823-002A,16-Aug-23,8,17-Aug-23,St. Clair NWA - East Cell SCU,42.36143,-82.40347,Lepomis gibbosus,80,9.8
2023-LCS-NWA-,2023-LCS-NWA-160823-002A,16-Aug-23,8,17-Aug-23,St. Clair NWA - East Cell SCU,42.36143,-82.40347,Lepomis gibbosus,128,42.92
2023-LCS-NWA-,2023-LCS-NWA-160823-002A,16-Aug-23,8,17-Aug-23,St. Clair NWA - East Cell SCU,42.36143,-82.40347,Lepomis gibbosus,79,9.3
2023-LCS-NWA-,2023-LCS-NWA-160823-002A,16-Aug-23,8,17-Aug-23,St. Clair NWA - East Cell SCU,42.36143,-82.40347,Lepomis gibbosus,70,5.71
2023-LCS-NWA-,2023-LCS-NWA-160823-002A,16-Aug-23,8,17-Aug-23,St. Clair NWA - East Cell SCU,42.36143,-82.40347,Lepomis gibbosus,75,8.3
2023-LCS-NWA-,2023-LCS-NWA-160823-002A,16-Aug-23,8,17-Aug-23,St. Clair NWA - East Cell SCU,42.36143,-82.40347,Lepomis gibbosus,87,12.3
2023-LCS-NWA-,2023-LCS-NWA-160823-002A,16-Aug-23,8,17-Aug-23,St. Clair NWA - East Cell SCU,42.36143,-82.40347,Lepomis gibbosus,30,1.1
2023-LCS-NWA-,2023-LCS-NWA-160823-002A,16-Aug-23,8,17-Aug-23,St. Clair NWA - East Cell SCU,42.36143,-82.40347,Lepomis gibbosus,32,0.5
2023-LCS-NWA-,2023-LCS-NWA-160823-002A,16-Aug-23,8,17-Aug-23,St. Clair NWA - East Cell SCU,42.36143,-82.40347,Lepomis gibbosus,-1,-1
2023-LCS-NWA-,2023-LCS-NWA-160823-002A,16-Aug-23,8,17-Aug-23,St. Clair NWA - East Cell SCU,42.36143,-82.40347,Lepomis gibbosus,-1,-1
2023-LCS-NWA-,2023-LCS-NWA-160823-002A,16-Aug-23,8,17-Aug-23,St. Clair NWA - East Cell SCU,42.36143,-82.40347,Lepomis gibbosus,-1,-1
2023-LCS-NWA-,2023-LCS-NWA-160823-002A,16-Aug-23,8,17-Aug-23,St. Clair NWA - East Cell SCU,42.36143,-82.40347,Lepomis gibbosus,-1,-1
2023-LCS-NWA-,2023-LCS-NWA-160823-002A,16-Aug-23,8,17-Aug-23,St. Clair NWA - East Cell SCU,42.36143,-82.40347,Lepomis sp,37,0.9
2023-LCS-NWA-,2023-LCS-NWA-160823-002A,16-Aug-23,8,17-Aug-23,St. Clair NWA - East Cell SCU,42.36143,-82.40347,Lepomis sp,29,0.37
2023-LCS-NWA-,2023-LCS-NWA-160823-002A,16-Aug-23,8,17-Aug-23,St. Clair NWA - East Cell SCU,42.36143,-82.40347,Lepomis sp,36,7.9
2023-LCS-NWA-,2023-LCS-NWA-160823-002A,16-Aug-23,8,17-Aug-23,St. Clair NWA - East Cell SCU,42.36143,-82.40347,Lepomis sp,40,1.07
2023-LCS-NWA-,2023-LCS-NWA-160823-002A,16-Aug-23,8,17-Aug-23,St. Clair NWA - East Cell SCU,42.36143,-82.40347,Lepomis sp,33,0.5
2023-LCS-NWA-,2023-LCS-NWA-160823-002A,16-Aug-23,8,17-Aug-23,St. Clair NWA - East Cell SCU,42.36143,-82.40347,Lepomis sp,33,0.7
2023-LCS-NWA-,2023-LCS-NWA-160823-002A,16-Aug-23,8,17-Aug-23,St. Clair NWA - East Cell SCU,42.36143,-82.40347,Lepomis sp,36,0.75
2023-LCS-NWA-,2023-LCS-NWA-160823-002A,16-Aug-23,8,17-Aug-23,St. Clair NWA - East Cell SCU,42.36143,-82.40347,Lepomis sp,35,0.7
2023-LCS-NWA-,2023-LCS-NWA-160823-002A,16-Aug-23,8,17-Aug-23,St. Clair NWA - East Cell SCU,42.36143,-82.40347,Lepomis sp,35,0.8
2023-LCS-NWA-,2023-LCS-NWA-160823-002A,16-Aug-23,8,17-Aug-23,St. Clair NWA - East Cell SCU,42.36143,-82.40347,Lepomis sp,37,1
2023-LCS-NWA-,2023-LCS-NWA-160823-002A,16-Aug-23,8,17-Aug-23,St. Clair NWA - East Cell SCU,42.36143,-82.40347,Lepomis sp,36,0.7
2023-LCS-NWA-,2023-LCS-NWA-160823-002A,16-Aug-23,8,17-Aug-23,St. Clair NWA - East Cell SCU,42.36143,-82.40347,Lepomis sp,37,0.87
2023-LCS-NWA-,2023-LCS-NWA-160823-002A,16-Aug-23,8,17-Aug-23,St. Clair NWA - East Cell SCU,42.36143,-82.40347,Lepomis sp,34,0.5
2023-LCS-NWA-,2023-LCS-NWA-160823-002A,16-Aug-23,8,17-Aug-23,St. Clair NWA - East Cell SCU,42.36143,-82.40347,Lepomis sp,-1,-1
2023-LCS-NWA-,2023-LCS-NWA-160823-002A,16-Aug-23,8,17-Aug-23,St. Clair NWA - East Cell SCU,42.36143,-82.40347,Lepomis sp,-1,-1
2023-LCS-NWA-,2023-LCS-NWA-160823-002A,16-Aug-23,8,17-Aug-23,St. Clair NWA - East Cell SCU,42.36143,-82.40347,Notemigonus crysoleucas,99,8.05
2023-LCS-NWA-,2023-LCS-NWA-160823-002A,16-Aug-23,8,17-Aug-23,St. Clair NWA - East Cell SCU,42.36143,-82.40347,Notemigonus crysoleucas,107,11
2023-LCS-NWA-,2023-LCS-NWA-160823-002A,16-Aug-23,8,17-Aug-23,St. Clair NWA - East Cell SCU,42.36143,-82.40347,Notemigonus crysoleucas,52,1.16
2023-LCS-NWA-,2023-LCS-NWA-160823-002A,16-Aug-23,8,17-Aug-23,St. Clair NWA - East Cell SCU,42.36143,-82.40347,Notemigonus crysoleucas,90,6.1
2023-LCS-NWA-,2023-LCS-NWA-160823-002A,16-Aug-23,8,17-Aug-23,St. Clair NWA - East Cell SCU,42.36143,-82.40347,Notemigonus crysoleucas,52,1.05
2023-LCS-NWA-,2023-LCS-NWA-160823-002A,16-Aug-23,8,17-Aug-23,St. Clair NWA - East Cell SCU,42.36143,-82.40347,Notemigonus crysoleucas,54,1.3
2023-LCS-NWA-,2023-LCS-NWA-160823-002A,16-Aug-23,8,17-Aug-23,St. Clair NWA - East Cell SCU,42.36143,-82.40347,Notemigonus crysoleucas,92,6.95
2023-LCS-NWA-,2023-LCS-NWA-160823-002A,16-Aug-23,8,17-Aug-23,St. Clair NWA - East Cell SCU,42.36143,-82.40347,Notemigonus crysoleucas,50,0.7
2023-LCS-NWA-,2023-LCS-NWA-160823-002A,16-Aug-23,8,17-Aug-23,St. Clair NWA - East Cell SCU,42.36143,-82.40347,Notemigonus crysoleucas,50,0.91
2023-LCS-NWA-,2023-LCS-NWA-160823-002A,16-Aug-23,8,17-Aug-23,St. Clair NWA - East Cell SCU,42.36143,-82.40347,Notemigonus crysoleucas,57,1.2
2023-LCS-NWA-,2023-LCS-NWA-160823-002A,16-Aug-23,8,17-Aug-23,St. Clair NWA - East Cell SCU,42.36143,-82.40347,Notemigonus crysoleucas,55,1.25
2023-LCS-NWA-,2023-LCS-NWA-160823-002A,16-Aug-23,8,17-Aug-23,St. Clair NWA - East Cell SCU,42.36143,-82.40347,Notemigonus crysoleucas,61,1.63
2023-LCS-NWA-,2023-LCS-NWA-160823-002A,16-Aug-23,8,17-Aug-23,St. Clair NWA - East Cell SCU,42.36143,-82.40347,Notemigonus crysoleucas,57,1.12
2023-LCS-NWA-,2023-LCS-NWA-160823-002A,16-Aug-23,8,17-Aug-23,St. Clair NWA - East Cell SCU,42.36143,-82.40347,Micropterus nigricans,62,3.5
2023-LCS-NWA-,2023-LCS-NWA-160823-002A,16-Aug-23,8,17-Aug-23,St. Clair NWA - East Cell SCU,42.36143,-82.40347,Micropterus nigricans,60,3.1
2023-LCS-NWA-,2023-LCS-NWA-160823-002A,16-Aug-23,8,17-Aug-23,St. Clair NWA - East Cell SCU,42.36143,-82.40347,Micropterus nigricans,49,1.7
2023-LCS-NWA-,2023-LCS-NWA-160823-002A,16-Aug-23,8,17-Aug-23,St. Clair NWA - East Cell SCU,42.36143,-82.40347,Micropterus nigricans,64,4.1
2023-LCS-NWA-,2023-LCS-NWA-160823-002A,16-Aug-23,8,17-Aug-23,St. Clair NWA - East Cell SCU,42.36143,-82.40347,Micropterus nigricans,62,3.7
2023-LCS-NWA-,2023-LCS-NWA-160823-002A,16-Aug-23,8,17-Aug-23,St. Clair NWA - East Cell SCU,42.36143,-82.40347,Micropterus nigricans,61,3.23
2023-LCS-NWA-,2023-LCS-NWA-160823-002A,16-Aug-23,8,17-Aug-23,St. Clair NWA - East Cell SCU,42.36143,-82.40347,Micropterus nigricans,61,3.83
2023-LCS-NWA-,2023-LCS-NWA-160823-002A,16-Aug-23,8,17-Aug-23,St. Clair NWA - East Cell SCU,42.36143,-82.40347,Micropterus nigricans,53,2.28
2023-LCS-NWA-,2023-LCS-NWA-160823-002A,16-Aug-23,8,17-Aug-23,St. Clair NWA - East Cell SCU,42.36143,-82.40347,Micropterus nigricans,62,3.4
2023-LCS-NWA-,2023-LCS-NWA-160823-002A,16-Aug-23,8,17-Aug-23,St. Clair NWA - East Cell SCU,42.36143,-82.40347,Micropterus nigricans,68,4.77
2023-LCS-NWA-,2023-LCS-NWA-160823-002A,16-Aug-23,8,17-Aug-23,St. Clair NWA - East Cell SCU,42.36143,-82.40347,Micropterus nigricans,69,5
2023-LCS-NWA-,2023-LCS-NWA-160823-002A,16-Aug-23,8,17-Aug-23,St. Clair NWA - East Cell SCU,42.36143,-82.40347,Micropterus nigricans,71,4.87
2023-LCS-NWA-,2023-LCS-NWA-160823-002A,16-Aug-23,8,17-Aug-23,St. Clair NWA - East Cell SCU,42.36143,-82.40347,Micropterus nigricans,-1,-1
2023-LCS-NWA-,2023-LCS-NWA-160823-002A,16-Aug-23,8,17-Aug-23,St. Clair NWA - East Cell SCU,42.36143,-82.40347,Micropterus nigricans,-1,-1
2023-LCS-NWA-,2023-LCS-NWA-160823-002A,16-Aug-23,8,17-Aug-23,St. Clair NWA - East Cell SCU,42.36143,-82.40347,Micropterus nigricans,-1,-1
2023-LCS-NWA-,2023-LCS-NWA-160823-002A,16-Aug-23,8,17-Aug-23,St. Clair NWA - East Cell SCU,42.36143,-82.40347,Micropterus nigricans,-1,-1
2023-LCS-NWA-,2023-LCS-NWA-160823-002A,16-Aug-23,8,17-Aug-23,St. Clair NWA - East Cell SCU,42.36143,-82.40347,Micropterus nigricans,-1,-1
2023-LCS-NWA-,2023-LCS-NWA-160823-002A,16-Aug-23,8,17-Aug-23,St. Clair NWA - East Cell SCU,42.36143,-82.40347,Umbra limi,42,1
2023-LCS-NWA-,2023-LCS-NWA-160823-002A,16-Aug-23,8,17-Aug-23,St. Clair NWA - East Cell SCU,42.36143,-82.40347,Ameiurus nebulosus,390,470
2023-LCS-NWA-,2023-LCS-NWA-160823-002A,16-Aug-23,8,17-Aug-23,St. Clair NWA - East Cell SCU,42.36143,-82.40347,Cyprinus carpio,75,6.1
2023-LCS-NWA-,2023-LCS-NWA-160823-002A,16-Aug-23,8,17-Aug-23,St. Clair NWA - East Cell SCU,42.36143,-82.40347,Cyprinus carpio,237,194.74
2023-LCS-NWA-,2023-LCS-NWA-160823-002A,16-Aug-23,8,17-Aug-23,St. Clair NWA - East Cell SCU,42.36143,-82.40347,Ameiurus melas,55,1.92
2023-LCS-NWA-,2023-LCS-NWA-160823-003A,16-Aug-23,8,16-Aug-23,St. Clair NWA - East Cell SCU,42.36192,-82.40484,Pomoxis nigromaculatus,62,2.61
2023-LCS-NWA-,2023-LCS-NWA-160823-003A,16-Aug-23,8,16-Aug-23,St. Clair NWA - East Cell SCU,42.36192,-82.40484,Pomoxis nigromaculatus,253,240
2023-LCS-NWA-,2023-LCS-NWA-160823-003A,16-Aug-23,8,16-Aug-23,St. Clair NWA - East Cell SCU,42.36192,-82.40484,Lepomis macrochirus,53,2.2
2023-LCS-NWA-,2023-LCS-NWA-160823-003A,16-Aug-23,8,16-Aug-23,St. Clair NWA - East Cell SCU,42.36192,-82.40484,Erimyzon sucetta,55,2.04
2023-LCS-NWA-,2023-LCS-NWA-160823-003A,16-Aug-23,8,16-Aug-23,St. Clair NWA - East Cell SCU,42.36192,-82.40484,Erimyzon sucetta,51,1.36
2023-LCS-NWA-,2023-LCS-NWA-160823-003A,16-Aug-23,8,16-Aug-23,St. Clair NWA - East Cell SCU,42.36192,-82.40484,Erimyzon sucetta,56,2.26
2023-LCS-NWA-,2023-LCS-NWA-160823-003A,16-Aug-23,8,16-Aug-23,St. Clair NWA - East Cell SCU,42.36192,-82.40484,Erimyzon sucetta,52,1.5
2023-LCS-NWA-,2023-LCS-NWA-160823-003A,16-Aug-23,8,16-Aug-23,St. Clair NWA - East Cell SCU,42.36192,-82.40484,Erimyzon sucetta,52,1.39
2023-LCS-NWA-,2023-LCS-NWA-160823-003A,16-Aug-23,8,16-Aug-23,St. Clair NWA - East Cell SCU,42.36192,-82.40484,Erimyzon sucetta,51,1.85
2023-LCS-NWA-,2023-LCS-NWA-160823-003A,16-Aug-23,8,16-Aug-23,St. Clair NWA - East Cell SCU,42.36192,-82.40484,Erimyzon sucetta,54,1.52
2023-LCS-NWA-,2023-LCS-NWA-160823-003A,16-Aug-23,8,16-Aug-23,St. Clair NWA - East Cell SCU,42.36192,-82.40484,Erimyzon sucetta,60,2.7
2023-LCS-NWA-,2023-LCS-NWA-160823-003A,16-Aug-23,8,16-Aug-23,St. Clair NWA - East Cell SCU,42.36192,-82.40484,Erimyzon sucetta,52,2.05
2023-LCS-NWA-,2023-LCS-NWA-160823-003A,16-Aug-23,8,16-Aug-23,St. Clair NWA - East Cell SCU,42.36192,-82.40484,Erimyzon sucetta,53,1.62
2023-LCS-NWA-,2023-LCS-NWA-160823-003A,16-Aug-23,8,16-Aug-23,St. Clair NWA - East Cell SCU,42.36192,-82.40484,Erimyzon sucetta,50,1.77
2023-LCS-NWA-,2023-LCS-NWA-160823-003A,16-Aug-23,8,16-Aug-23,St. Clair NWA - East Cell SCU,42.36192,-82.40484,Erimyzon sucetta,60,2.93
2023-LCS-NWA-,2023-LCS-NWA-160823-003A,16-Aug-23,8,16-Aug-23,St. Clair NWA - East Cell SCU,42.36192,-82.40484,Erimyzon sucetta,54,1.83
2023-LCS-NWA-,2023-LCS-NWA-160823-003A,16-Aug-23,8,16-Aug-23,St. Clair NWA - East Cell SCU,42.36192,-82.40484,Lepomis gibbosus,44,1.3
2023-LCS-NWA-,2023-LCS-NWA-160823-003A,16-Aug-23,8,16-Aug-23,St. Clair NWA - East Cell SCU,42.36192,-82.40484,Lepomis gibbosus,43,1.3
2023-LCS-NWA-,2023-LCS-NWA-160823-003A,16-Aug-23,8,16-Aug-23,St. Clair NWA - East Cell SCU,42.36192,-82.40484,Lepomis gibbosus,37,0.8
2023-LCS-NWA-,2023-LCS-NWA-160823-003A,16-Aug-23,8,16-Aug-23,St. Clair NWA - East Cell SCU,42.36192,-82.40484,Lepomis gibbosus,37,0.8
2023-LCS-NWA-,2023-LCS-NWA-160823-003A,16-Aug-23,8,16-Aug-23,St. Clair NWA - East Cell SCU,42.36192,-82.40484,Lepomis gibbosus,38,0.9
2023-LCS-NWA-,2023-LCS-NWA-160823-003A,16-Aug-23,8,16-Aug-23,St. Clair NWA - East Cell SCU,42.36192,-82.40484,Lepomis gibbosus,40,1
2023-LCS-NWA-,2023-LCS-NWA-160823-003A,16-Aug-23,8,16-Aug-23,St. Clair NWA - East Cell SCU,42.36192,-82.40484,Lepomis gibbosus,42,1.2
2023-LCS-NWA-,2023-LCS-NWA-160823-003A,16-Aug-23,8,16-Aug-23,St. Clair NWA - East Cell SCU,42.36192,-82.40484,Lepomis gibbosus,40,0.9
2023-LCS-NWA-,2023-LCS-NWA-160823-003A,16-Aug-23,8,16-Aug-23,St. Clair NWA - East Cell SCU,42.36192,-82.40484,Lepomis gibbosus,44,1.3
2023-LCS-NWA-,2023-LCS-NWA-160823-003A,16-Aug-23,8,16-Aug-23,St. Clair NWA - East Cell SCU,42.36192,-82.40484,Lepomis gibbosus,38,0.7
2023-LCS-NWA-,2023-LCS-NWA-160823-003A,16-Aug-23,8,16-Aug-23,St. Clair NWA - East Cell SCU,42.36192,-82.40484,Lepomis gibbosus,126,40.8
2023-LCS-NWA-,2023-LCS-NWA-160823-003A,16-Aug-23,8,16-Aug-23,St. Clair NWA - East Cell SCU,42.36192,-82.40484,Lepomis gibbosus,131,45.2
2023-LCS-NWA-,2023-LCS-NWA-160823-003A,16-Aug-23,8,16-Aug-23,St. Clair NWA - East Cell SCU,42.36192,-82.40484,Lepomis gibbosus,117,31.7
2023-LCS-NWA-,2023-LCS-NWA-160823-003A,16-Aug-23,8,16-Aug-23,St. Clair NWA - East Cell SCU,42.36192,-82.40484,Lepomis gibbosus,84,9.9
2023-LCS-NWA-,2023-LCS-NWA-160823-003A,16-Aug-23,8,16-Aug-23,St. Clair NWA - East Cell SCU,42.36192,-82.40484,Lepomis gibbosus,138,60
2023-LCS-NWA-,2023-LCS-NWA-160823-003A,16-Aug-23,8,16-Aug-23,St. Clair NWA - East Cell SCU,42.36192,-82.40484,Lepomis sp,44,1.1
2023-LCS-NWA-,2023-LCS-NWA-160823-003A,16-Aug-23,8,16-Aug-23,St. Clair NWA - East Cell SCU,42.36192,-82.40484,Lepomis sp,35,0.6
2023-LCS-NWA-,2023-LCS-NWA-160823-003A,16-Aug-23,8,16-Aug-23,St. Clair NWA - East Cell SCU,42.36192,-82.40484,Lepomis sp,26,0.3
2023-LCS-NWA-,2023-LCS-NWA-160823-003A,16-Aug-23,8,16-Aug-23,St. Clair NWA - East Cell SCU,42.36192,-82.40484,Micropterus nigricans,74,5.85
2023-LCS-NWA-,2023-LCS-NWA-160823-003A,16-Aug-23,8,16-Aug-23,St. Clair NWA - East Cell SCU,42.36192,-82.40484,Micropterus nigricans,58,28.9
2023-LCS-NWA-,2023-LCS-NWA-160823-004A,16-Aug-23,8,17-Aug-23,St. Clair NWA - East Cell SCU,42.3629,-82.40486,Pomoxis nigromaculatus,65,3.4
2023-LCS-NWA-,2023-LCS-NWA-160823-004A,16-Aug-23,8,17-Aug-23,St. Clair NWA - East Cell SCU,42.3629,-82.40486,Pomoxis nigromaculatus,196,120
2023-LCS-NWA-,2023-LCS-NWA-160823-004A,16-Aug-23,8,17-Aug-23,St. Clair NWA - East Cell SCU,42.3629,-82.40486,Lepomis macrochirus,37,0.8
2023-LCS-NWA-,2023-LCS-NWA-160823-004A,16-Aug-23,8,17-Aug-23,St. Clair NWA - East Cell SCU,42.3629,-82.40486,Amia ocellicauda,568,1470
2023-LCS-NWA-,2023-LCS-NWA-160823-004A,16-Aug-23,8,17-Aug-23,St. Clair NWA - East Cell SCU,42.3629,-82.40486,Erimyzon sucetta,189,100
2023-LCS-NWA-,2023-LCS-NWA-160823-004A,16-Aug-23,8,17-Aug-23,St. Clair NWA - East Cell SCU,42.3629,-82.40486,Lepomis gibbosus,123,37.9
2023-LCS-NWA-,2023-LCS-NWA-160823-004A,16-Aug-23,8,17-Aug-23,St. Clair NWA - East Cell SCU,42.3629,-82.40486,Lepomis gibbosus,44,1.4
2023-LCS-NWA-,2023-LCS-NWA-160823-004A,16-Aug-23,8,17-Aug-23,St. Clair NWA - East Cell SCU,42.3629,-82.40486,Lepomis gibbosus,44,1.3
2023-LCS-NWA-,2023-LCS-NWA-160823-004A,16-Aug-23,8,17-Aug-23,St. Clair NWA - East Cell SCU,42.3629,-82.40486,Lepomis gibbosus,45,1.3
2023-LCS-NWA-,2023-LCS-NWA-160823-004A,16-Aug-23,8,17-Aug-23,St. Clair NWA - East Cell SCU,42.3629,-82.40486,Lepomis gibbosus,39,0.9
2023-LCS-NWA-,2023-LCS-NWA-160823-004A,16-Aug-23,8,17-Aug-23,St. Clair NWA - East Cell SCU,42.3629,-82.40486,Lepomis sp,35,0.7
2023-LCS-NWA-,2023-LCS-NWA-160823-004A,16-Aug-23,8,17-Aug-23,St. Clair NWA - East Cell SCU,42.3629,-82.40486,Micropterus nigricans,303,380
2023-LCS-NWA-,2023-LCS-NWA-160823-004A,16-Aug-23,8,17-Aug-23,St. Clair NWA - East Cell SCU,42.3629,-82.40486,Micropterus nigricans,223,190
2023-LCS-NWA-,2023-LCS-NWA-160823-004A,16-Aug-23,8,17-Aug-23,St. Clair NWA - East Cell SCU,42.3629,-82.40486,Umbra limi,35,0.5
2023-LCS-NWA-,2023-LCS-NWA-160823-004A,16-Aug-23,8,17-Aug-23,St. Clair NWA - East Cell SCU,42.3629,-82.40486,Umbra limi,31,0.3
2023-LCS-NWA-,2023-LCS-NWA-160823-005A,16-Aug-23,8,17-Aug-23,St. Clair NWA - East Cell SCU,42.37214,-82.39974,Pomoxis nigromaculatus,61,2.6
2023-LCS-NWA-,2023-LCS-NWA-160823-005A,16-Aug-23,8,17-Aug-23,St. Clair NWA - East Cell SCU,42.37214,-82.39974,Pomoxis nigromaculatus,61,2.6
2023-LCS-NWA-,2023-LCS-NWA-160823-005A,16-Aug-23,8,17-Aug-23,St. Clair NWA - East Cell SCU,42.37214,-82.39974,Pomoxis nigromaculatus,50,2.1
2023-LCS-NWA-,2023-LCS-NWA-160823-005A,16-Aug-23,8,17-Aug-23,St. Clair NWA - East Cell SCU,42.37214,-82.39974,Pomoxis nigromaculatus,65,3.3
2023-LCS-NWA-,2023-LCS-NWA-160823-005A,16-Aug-23,8,17-Aug-23,St. Clair NWA - East Cell SCU,42.37214,-82.39974,Pomoxis nigromaculatus,179,90
2023-LCS-NWA-,2023-LCS-NWA-160823-005A,16-Aug-23,8,17-Aug-23,St. Clair NWA - East Cell SCU,42.37214,-82.39974,Lepomis macrochirus,174,110
2023-LCS-NWA-,2023-LCS-NWA-160823-005A,16-Aug-23,8,17-Aug-23,St. Clair NWA - East Cell SCU,42.37214,-82.39974,Lepomis gibbosus,193,170
2023-LCS-NWA-,2023-LCS-NWA-160823-005A,16-Aug-23,8,17-Aug-23,St. Clair NWA - East Cell SCU,42.37214,-82.39974,Lepomis gibbosus,137,49.2
2023-LCS-NWA-,2023-LCS-NWA-160823-005A,16-Aug-23,8,17-Aug-23,St. Clair NWA - East Cell SCU,42.37214,-82.39974,Lepomis gibbosus,70,5.6
2023-LCS-NWA-,2023-LCS-NWA-160823-005A,16-Aug-23,8,17-Aug-23,St. Clair NWA - East Cell SCU,42.37214,-82.39974,Lepomis gibbosus,124,33.9
2023-LCS-NWA-,2023-LCS-NWA-160823-005A,16-Aug-23,8,17-Aug-23,St. Clair NWA - East Cell SCU,42.37214,-82.39974,Lepomis gibbosus,79,8
2023-LCS-NWA-,2023-LCS-NWA-160823-005A,16-Aug-23,8,17-Aug-23,St. Clair NWA - East Cell SCU,42.37214,-82.39974,Lepomis gibbosus,82,9.7
2023-LCS-NWA-,2023-LCS-NWA-160823-005A,16-Aug-23,8,17-Aug-23,St. Clair NWA - East Cell SCU,42.37214,-82.39974,Lepomis gibbosus,125,37.6
2023-LCS-NWA-,2023-LCS-NWA-160823-005A,16-Aug-23,8,17-Aug-23,St. Clair NWA - East Cell SCU,42.37214,-82.39974,Lepomis gibbosus,39,0.9
2023-LCS-NWA-,2023-LCS-NWA-160823-005A,16-Aug-23,8,17-Aug-23,St. Clair NWA - East Cell SCU,42.37214,-82.39974,Lepomis gibbosus,38,1.3
2023-LCS-NWA-,2023-LCS-NWA-160823-005A,16-Aug-23,8,17-Aug-23,St. Clair NWA - East Cell SCU,42.37214,-82.39974,Lepomis gibbosus,166,90
2023-LCS-NWA-,2023-LCS-NWA-160823-005A,16-Aug-23,8,17-Aug-23,St. Clair NWA - East Cell SCU,42.37214,-82.39974,Lepomis gibbosus,43,5.6
2023-LCS-NWA-,2023-LCS-NWA-160823-005A,16-Aug-23,8,17-Aug-23,St. Clair NWA - East Cell SCU,42.37214,-82.39974,Lepomis gibbosus,39,1
2023-LCS-NWA-,2023-LCS-NWA-160823-005A,16-Aug-23,8,17-Aug-23,St. Clair NWA - East Cell SCU,42.37214,-82.39974,Lepomis gibbosus,39,0.9
2023-LCS-NWA-,2023-LCS-NWA-160823-005A,16-Aug-23,8,17-Aug-23,St. Clair NWA - East Cell SCU,42.37214,-82.39974,Lepomis gibbosus,32,1
2023-LCS-NWA-,2023-LCS-NWA-160823-005A,16-Aug-23,8,17-Aug-23,St. Clair NWA - East Cell SCU,42.37214,-82.39974,Lepomis sp,34,0.6
2023-LCS-NWA-,2023-LCS-NWA-160823-005A,16-Aug-23,8,17-Aug-23,St. Clair NWA - East Cell SCU,42.37214,-82.39974,Lepomis sp,40,1.1
2023-LCS-NWA-,2023-LCS-NWA-160823-005A,16-Aug-23,8,17-Aug-23,St. Clair NWA - East Cell SCU,42.37214,-82.39974,Lepomis sp,29,0.5
2023-LCS-NWA-,2023-LCS-NWA-160823-005A,16-Aug-23,8,17-Aug-23,St. Clair NWA - East Cell SCU,42.37214,-82.39974,Lepomis sp,30,0
2023-LCS-NWA-,2023-LCS-NWA-160823-005A,16-Aug-23,8,17-Aug-23,St. Clair NWA - East Cell SCU,42.37214,-82.39974,Lepomis sp,34,0.6
2023-LCS-NWA-,2023-LCS-NWA-160823-005A,16-Aug-23,8,17-Aug-23,St. Clair NWA - East Cell SCU,42.37214,-82.39974,Lepomis sp,37,0.5
2023-LCS-NWA-,2023-LCS-NWA-160823-006A,16-Aug-23,8,17-Aug-23,St. Clair NWA - East Cell SCU,42.37558,-82.39901,Pomoxis nigromaculatus,230,250
2023-LCS-NWA-,2023-LCS-NWA-160823-006A,16-Aug-23,8,17-Aug-23,St. Clair NWA - East Cell SCU,42.37558,-82.39901,Pomoxis nigromaculatus,186,70
2023-LCS-NWA-,2023-LCS-NWA-160823-006A,16-Aug-23,8,17-Aug-23,St. Clair NWA - East Cell SCU,42.37558,-82.39901,Pomoxis nigromaculatus,180,110
2023-LCS-NWA-,2023-LCS-NWA-160823-006A,16-Aug-23,8,17-Aug-23,St. Clair NWA - East Cell SCU,42.37558,-82.39901,Pomoxis nigromaculatus,185,100
2023-LCS-NWA-,2023-LCS-NWA-160823-006A,16-Aug-23,8,17-Aug-23,St. Clair NWA - East Cell SCU,42.37558,-82.39901,Pomoxis nigromaculatus,169,80
2023-LCS-NWA-,2023-LCS-NWA-160823-006A,16-Aug-23,8,17-Aug-23,St. Clair NWA - East Cell SCU,42.37558,-82.39901,Pomoxis nigromaculatus,235,230
2023-LCS-NWA-,2023-LCS-NWA-160823-006A,16-Aug-23,8,17-Aug-23,St. Clair NWA - East Cell SCU,42.37558,-82.39901,Pomoxis nigromaculatus,229,240
2023-LCS-NWA-,2023-LCS-NWA-160823-006A,16-Aug-23,8,17-Aug-23,St. Clair NWA - East Cell SCU,42.37558,-82.39901,Lepomis macrochirus,180,140
2023-LCS-NWA-,2023-LCS-NWA-160823-006A,16-Aug-23,8,17-Aug-23,St. Clair NWA - East Cell SCU,42.37558,-82.39901,Lepomis macrochirus,184,140
2023-LCS-NWA-,2023-LCS-NWA-160823-006A,16-Aug-23,8,17-Aug-23,St. Clair NWA - East Cell SCU,42.37558,-82.39901,Amia ocellicauda,402,600
2023-LCS-NWA-,2023-LCS-NWA-160823-006A,16-Aug-23,8,17-Aug-23,St. Clair NWA - East Cell SCU,42.37558,-82.39901,Lepomis gibbosus,170,90
2023-LCS-NWA-,2023-LCS-NWA-160823-006A,16-Aug-23,8,17-Aug-23,St. Clair NWA - East Cell SCU,42.37558,-82.39901,Lepomis gibbosus,62,4.2
2023-LCS-NWA-,2023-LCS-NWA-160823-006A,16-Aug-23,8,17-Aug-23,St. Clair NWA - East Cell SCU,42.37558,-82.39901,Lepomis gibbosus,139,49.9
2023-LCS-NWA-,2023-LCS-NWA-160823-006A,16-Aug-23,8,17-Aug-23,St. Clair NWA - East Cell SCU,42.37558,-82.39901,Lepomis gibbosus,123,33.3
2023-LCS-NWA-,2023-LCS-NWA-160823-006A,16-Aug-23,8,17-Aug-23,St. Clair NWA - East Cell SCU,42.37558,-82.39901,Lepomis gibbosus,150,80
2023-LCS-NWA-,2023-LCS-NWA-160823-006A,16-Aug-23,8,17-Aug-23,St. Clair NWA - East Cell SCU,42.37558,-82.39901,Lepomis gibbosus,42,1.4
2023-LCS-NWA-,2023-LCS-NWA-160823-006A,16-Aug-23,8,17-Aug-23,St. Clair NWA - East Cell SCU,42.37558,-82.39901,Lepomis gibbosus,42,1.1
2023-LCS-NWA-,2023-LCS-NWA-160823-006A,16-Aug-23,8,17-Aug-23,St. Clair NWA - East Cell SCU,42.37558,-82.39901,Lepomis sp,44,1.5
2023-LCS-NWA-,2023-LCS-NWA-160823-006A,16-Aug-23,8,17-Aug-23,St. Clair NWA - East Cell SCU,42.37558,-82.39901,Lepomis sp,36,0.8
2023-LCS-NWA-,2023-LCS-NWA-160823-006A,16-Aug-23,8,17-Aug-23,St. Clair NWA - East Cell SCU,42.37558,-82.39901,Lepomis sp,41,1.2
2023-LCS-NWA-,2023-LCS-NWA-160823-006A,16-Aug-23,8,17-Aug-23,St. Clair NWA - East Cell SCU,42.37558,-82.39901,Ameiurus nebulosus,312,450
2023-LCS-NWA-,2023-LCS-NWA-160823-006A,16-Aug-23,8,17-Aug-23,St. Clair NWA - East Cell SCU,42.37558,-82.39901,Ameiurus nebulosus,291,470
2023-LCS-NWA-,2023-LCS-NWA-210823-002A,21-Aug-23,8,22-Aug-23,St. Clair NWA - West Cell SCU,42.36069,-82.40671,Lepomis macrochirus,83,10.1
2023-LCS-NWA-,2023-LCS-NWA-210823-002A,21-Aug-23,8,22-Aug-23,St. Clair NWA - West Cell SCU,42.36069,-82.40671,Lepomis macrochirus,76,8.3
2023-LCS-NWA-,2023-LCS-NWA-210823-002A,21-Aug-23,8,22-Aug-23,St. Clair NWA - West Cell SCU,42.36069,-82.40671,Lepomis macrochirus,74,6.5
2023-LCS-NWA-,2023-LCS-NWA-210823-002A,21-Aug-23,8,22-Aug-23,St. Clair NWA - West Cell SCU,42.36069,-82.40671,Lepomis macrochirus,94,14.9
2023-LCS-NWA-,2023-LCS-NWA-210823-002A,21-Aug-23,8,22-Aug-23,St. Clair NWA - West Cell SCU,42.36069,-82.40671,Lepomis macrochirus,83,11.6
2023-LCS-NWA-,2023-LCS-NWA-210823-002A,21-Aug-23,8,22-Aug-23,St. Clair NWA - West Cell SCU,42.36069,-82.40671,Lepomis macrochirus,89,12.9
2023-LCS-NWA-,2023-LCS-NWA-210823-002A,21-Aug-23,8,22-Aug-23,St. Clair NWA - West Cell SCU,42.36069,-82.40671,Lepomis macrochirus,105,20.3
2023-LCS-NWA-,2023-LCS-NWA-210823-002A,21-Aug-23,8,22-Aug-23,St. Clair NWA - West Cell SCU,42.36069,-82.40671,Lepomis macrochirus,105,20.2
2023-LCS-NWA-,2023-LCS-NWA-210823-002A,21-Aug-23,8,22-Aug-23,St. Clair NWA - West Cell SCU,42.36069,-82.40671,Lepomis macrochirus,95,13.8
2023-LCS-NWA-,2023-LCS-NWA-210823-002A,21-Aug-23,8,22-Aug-23,St. Clair NWA - West Cell SCU,42.36069,-82.40671,Lepomis macrochirus,98,15.4
2023-LCS-NWA-,2023-LCS-NWA-210823-002A,21-Aug-23,8,22-Aug-23,St. Clair NWA - West Cell SCU,42.36069,-82.40671,Lepomis macrochirus,103,19.3
2023-LCS-NWA-,2023-LCS-NWA-210823-002A,21-Aug-23,8,22-Aug-23,St. Clair NWA - West Cell SCU,42.36069,-82.40671,Lepomis macrochirus,116,31.4
2023-LCS-NWA-,2023-LCS-NWA-210823-002A,21-Aug-23,8,22-Aug-23,St. Clair NWA - West Cell SCU,42.36069,-82.40671,Lepomis macrochirus,114,22.5
2023-LCS-NWA-,2023-LCS-NWA-210823-002A,21-Aug-23,8,22-Aug-23,St. Clair NWA - West Cell SCU,42.36069,-82.40671,Lepomis macrochirus,139,47.8
2023-LCS-NWA-,2023-LCS-NWA-210823-002A,21-Aug-23,8,22-Aug-23,St. Clair NWA - West Cell SCU,42.36069,-82.40671,Lepomis macrochirus,83,9.7
2023-LCS-NWA-,2023-LCS-NWA-210823-002A,21-Aug-23,8,22-Aug-23,St. Clair NWA - West Cell SCU,42.36069,-82.40671,Lepomis macrochirus,84,10.3
2023-LCS-NWA-,2023-LCS-NWA-210823-002A,21-Aug-23,8,22-Aug-23,St. Clair NWA - West Cell SCU,42.36069,-82.40671,Lepomis macrochirus,98,16
2023-LCS-NWA-,2023-LCS-NWA-210823-002A,21-Aug-23,8,22-Aug-23,St. Clair NWA - West Cell SCU,42.36069,-82.40671,Lepomis macrochirus,91,14.2
2023-LCS-NWA-,2023-LCS-NWA-210823-002A,21-Aug-23,8,22-Aug-23,St. Clair NWA - West Cell SCU,42.36069,-82.40671,Lepomis macrochirus,90,13.1
2023-LCS-NWA-,2023-LCS-NWA-210823-002A,21-Aug-23,8,22-Aug-23,St. Clair NWA - West Cell SCU,42.36069,-82.40671,Lepomis macrochirus,97,15.9
2023-LCS-NWA-,2023-LCS-NWA-210823-002A,21-Aug-23,8,22-Aug-23,St. Clair NWA - West Cell SCU,42.36069,-82.40671,Lepomis macrochirus,96,16.2
2023-LCS-NWA-,2023-LCS-NWA-210823-002A,21-Aug-23,8,22-Aug-23,St. Clair NWA - West Cell SCU,42.36069,-82.40671,Lepomis macrochirus,79,7.6
2023-LCS-NWA-,2023-LCS-NWA-210823-002A,21-Aug-23,8,22-Aug-23,St. Clair NWA - West Cell SCU,42.36069,-82.40671,Lepomis macrochirus,71,5.7
2023-LCS-NWA-,2023-LCS-NWA-210823-002A,21-Aug-23,8,22-Aug-23,St. Clair NWA - West Cell SCU,42.36069,-82.40671,Amia ocellicauda,419,680
2023-LCS-NWA-,2023-LCS-NWA-210823-002A,21-Aug-23,8,22-Aug-23,St. Clair NWA - West Cell SCU,42.36069,-82.40671,Amia ocellicauda,385,520
2023-LCS-NWA-,2023-LCS-NWA-210823-002A,21-Aug-23,8,22-Aug-23,St. Clair NWA - West Cell SCU,42.36069,-82.40671,Amia ocellicauda,555,1390
2023-LCS-NWA-,2023-LCS-NWA-210823-002A,21-Aug-23,8,22-Aug-23,St. Clair NWA - West Cell SCU,42.36069,-82.40671,Amia ocellicauda,579,1660
2023-LCS-NWA-,2023-LCS-NWA-210823-002A,21-Aug-23,8,22-Aug-23,St. Clair NWA - West Cell SCU,42.36069,-82.40671,Erimyzon sucetta,49,-1
2023-LCS-NWA-,2023-LCS-NWA-210823-002A,21-Aug-23,8,22-Aug-23,St. Clair NWA - West Cell SCU,42.36069,-82.40671,Erimyzon sucetta,52,1.8
2023-LCS-NWA-,2023-LCS-NWA-210823-002A,21-Aug-23,8,22-Aug-23,St. Clair NWA - West Cell SCU,42.36069,-82.40671,Erimyzon sucetta,53,1.5
2023-LCS-NWA-,2023-LCS-NWA-210823-002A,21-Aug-23,8,22-Aug-23,St. Clair NWA - West Cell SCU,42.36069,-82.40671,Lepomis gibbosus,108,22.4
2023-LCS-NWA-,2023-LCS-NWA-210823-002A,21-Aug-23,8,22-Aug-23,St. Clair NWA - West Cell SCU,42.36069,-82.40671,Lepomis gibbosus,120,32.8
2023-LCS-NWA-,2023-LCS-NWA-210823-002A,21-Aug-23,8,22-Aug-23,St. Clair NWA - West Cell SCU,42.36069,-82.40671,Lepomis gibbosus,80,8.7
2023-LCS-NWA-,2023-LCS-NWA-210823-002A,21-Aug-23,8,22-Aug-23,St. Clair NWA - West Cell SCU,42.36069,-82.40671,Lepomis gibbosus,138,50.9
2023-LCS-NWA-,2023-LCS-NWA-210823-002A,21-Aug-23,8,22-Aug-23,St. Clair NWA - West Cell SCU,42.36069,-82.40671,Lepomis gibbosus,115,29.1
2023-LCS-NWA-,2023-LCS-NWA-210823-002A,21-Aug-23,8,22-Aug-23,St. Clair NWA - West Cell SCU,42.36069,-82.40671,Lepomis gibbosus,100,19
2023-LCS-NWA-,2023-LCS-NWA-210823-002A,21-Aug-23,8,22-Aug-23,St. Clair NWA - West Cell SCU,42.36069,-82.40671,Lepomis gibbosus,155,28.2
2023-LCS-NWA-,2023-LCS-NWA-210823-002A,21-Aug-23,8,22-Aug-23,St. Clair NWA - West Cell SCU,42.36069,-82.40671,Lepomis gibbosus,62,4.6
2023-LCS-NWA-,2023-LCS-NWA-210823-002A,21-Aug-23,8,22-Aug-23,St. Clair NWA - West Cell SCU,42.36069,-82.40671,Lepomis gibbosus,85,12.1
2023-LCS-NWA-,2023-LCS-NWA-210823-002A,21-Aug-23,8,22-Aug-23,St. Clair NWA - West Cell SCU,42.36069,-82.40671,Lepomis gibbosus,147,66.4
2023-LCS-NWA-,2023-LCS-NWA-210823-002A,21-Aug-23,8,22-Aug-23,St. Clair NWA - West Cell SCU,42.36069,-82.40671,Lepomis gibbosus,34,0.6
2023-LCS-NWA-,2023-LCS-NWA-210823-002A,21-Aug-23,8,22-Aug-23,St. Clair NWA - West Cell SCU,42.36069,-82.40671,Lepomis gibbosus,139,58.8
2023-LCS-NWA-,2023-LCS-NWA-210823-002A,21-Aug-23,8,22-Aug-23,St. Clair NWA - West Cell SCU,42.36069,-82.40671,Lepomis gibbosus,100,20.1
2023-LCS-NWA-,2023-LCS-NWA-210823-002A,21-Aug-23,8,22-Aug-23,St. Clair NWA - West Cell SCU,42.36069,-82.40671,Lepomis gibbosus,155,83.1
2023-LCS-NWA-,2023-LCS-NWA-210823-002A,21-Aug-23,8,22-Aug-23,St. Clair NWA - West Cell SCU,42.36069,-82.40671,Lepomis gibbosus,82,9.8
2023-LCS-NWA-,2023-LCS-NWA-210823-002A,21-Aug-23,8,22-Aug-23,St. Clair NWA - West Cell SCU,42.36069,-82.40671,Lepomis gibbosus,124,34.1
2023-LCS-NWA-,2023-LCS-NWA-210823-002A,21-Aug-23,8,22-Aug-23,St. Clair NWA - West Cell SCU,42.36069,-82.40671,Lepomis gibbosus,86,10.2
2023-LCS-NWA-,2023-LCS-NWA-210823-002A,21-Aug-23,8,22-Aug-23,St. Clair NWA - West Cell SCU,42.36069,-82.40671,Lepomis gibbosus,72,6.5
2023-LCS-NWA-,2023-LCS-NWA-210823-002A,21-Aug-23,8,22-Aug-23,St. Clair NWA - West Cell SCU,42.36069,-82.40671,Lepomis gibbosus,108,22.5
2023-LCS-NWA-,2023-LCS-NWA-210823-002A,21-Aug-23,8,22-Aug-23,St. Clair NWA - West Cell SCU,42.36069,-82.40671,Lepomis gibbosus,101,19.4
2023-LCS-NWA-,2023-LCS-NWA-210823-002A,21-Aug-23,8,22-Aug-23,St. Clair NWA - West Cell SCU,42.36069,-82.40671,Lepomis gibbosus,128,42.1
2023-LCS-NWA-,2023-LCS-NWA-210823-002A,21-Aug-23,8,22-Aug-23,St. Clair NWA - West Cell SCU,42.36069,-82.40671,Lepomis gibbosus,82,9.8
2023-LCS-NWA-,2023-LCS-NWA-210823-002A,21-Aug-23,8,22-Aug-23,St. Clair NWA - West Cell SCU,42.36069,-82.40671,Lepomis gibbosus,137,53.3
2023-LCS-NWA-,2023-LCS-NWA-210823-002A,21-Aug-23,8,22-Aug-23,St. Clair NWA - West Cell SCU,42.36069,-82.40671,Lepomis gibbosus,77,8
2023-LCS-NWA-,2023-LCS-NWA-210823-002A,21-Aug-23,8,22-Aug-23,St. Clair NWA - West Cell SCU,42.36069,-82.40671,Lepomis gibbosus,114,25.4
2023-LCS-NWA-,2023-LCS-NWA-210823-002A,21-Aug-23,8,22-Aug-23,St. Clair NWA - West Cell SCU,42.36069,-82.40671,Lepomis gibbosus,118,32.6
2023-LCS-NWA-,2023-LCS-NWA-210823-002A,21-Aug-23,8,22-Aug-23,St. Clair NWA - West Cell SCU,42.36069,-82.40671,Lepomis gibbosus,79,8.7
2023-LCS-NWA-,2023-LCS-NWA-210823-002A,21-Aug-23,8,22-Aug-23,St. Clair NWA - West Cell SCU,42.36069,-82.40671,Lepomis gibbosus,140,58.3
2023-LCS-NWA-,2023-LCS-NWA-210823-002A,21-Aug-23,8,22-Aug-23,St. Clair NWA - West Cell SCU,42.36069,-82.40671,Lepomis gibbosus,80,9.2
2023-LCS-NWA-,2023-LCS-NWA-210823-002A,21-Aug-23,8,22-Aug-23,St. Clair NWA - West Cell SCU,42.36069,-82.40671,Lepomis gibbosus,125,41.1
2023-LCS-NWA-,2023-LCS-NWA-210823-002A,21-Aug-23,8,22-Aug-23,St. Clair NWA - West Cell SCU,42.36069,-82.40671,Lepomis gibbosus,125,35.7
2023-LCS-NWA-,2023-LCS-NWA-210823-002A,21-Aug-23,8,22-Aug-23,St. Clair NWA - West Cell SCU,42.36069,-82.40671,Lepomis gibbosus,134,44.1
2023-LCS-NWA-,2023-LCS-NWA-210823-002A,21-Aug-23,8,22-Aug-23,St. Clair NWA - West Cell SCU,42.36069,-82.40671,Lepomis gibbosus,119,33.4
2023-LCS-NWA-,2023-LCS-NWA-210823-002A,21-Aug-23,8,22-Aug-23,St. Clair NWA - West Cell SCU,42.36069,-82.40671,Lepomis gibbosus,137,50.6
2023-LCS-NWA-,2023-LCS-NWA-210823-002A,21-Aug-23,8,22-Aug-23,St. Clair NWA - West Cell SCU,42.36069,-82.40671,Lepomis gibbosus,116,30.5
2023-LCS-NWA-,2023-LCS-NWA-210823-002A,21-Aug-23,8,22-Aug-23,St. Clair NWA - West Cell SCU,42.36069,-82.40671,Lepomis gibbosus,117,24.5
2023-LCS-NWA-,2023-LCS-NWA-210823-002A,21-Aug-23,8,22-Aug-23,St. Clair NWA - West Cell SCU,42.36069,-82.40671,Lepomis gibbosus,175,123
2023-LCS-NWA-,2023-LCS-NWA-210823-002A,21-Aug-23,8,22-Aug-23,St. Clair NWA - West Cell SCU,42.36069,-82.40671,Lepomis gibbosus,74,7
2023-LCS-NWA-,2023-LCS-NWA-210823-002A,21-Aug-23,8,22-Aug-23,St. Clair NWA - West Cell SCU,42.36069,-82.40671,Lepomis gibbosus,81,9.2
2023-LCS-NWA-,2023-LCS-NWA-210823-002A,21-Aug-23,8,22-Aug-23,St. Clair NWA - West Cell SCU,42.36069,-82.40671,Lepomis gibbosus,129,41.2
2023-LCS-NWA-,2023-LCS-NWA-210823-002A,21-Aug-23,8,22-Aug-23,St. Clair NWA - West Cell SCU,42.36069,-82.40671,Lepomis gibbosus,76,7.8
2023-LCS-NWA-,2023-LCS-NWA-210823-002A,21-Aug-23,8,22-Aug-23,St. Clair NWA - West Cell SCU,42.36069,-82.40671,Lepomis gibbosus,91,13.5
2023-LCS-NWA-,2023-LCS-NWA-210823-002A,21-Aug-23,8,22-Aug-23,St. Clair NWA - West Cell SCU,42.36069,-82.40671,Lepomis gibbosus,69,5.7
2023-LCS-NWA-,2023-LCS-NWA-210823-002A,21-Aug-23,8,22-Aug-23,St. Clair NWA - West Cell SCU,42.36069,-82.40671,Lepomis gibbosus,122,35.4
2023-LCS-NWA-,2023-LCS-NWA-210823-002A,21-Aug-23,8,22-Aug-23,St. Clair NWA - West Cell SCU,42.36069,-82.40671,Lepomis gibbosus,114,27.1
2023-LCS-NWA-,2023-LCS-NWA-210823-002A,21-Aug-23,8,22-Aug-23,St. Clair NWA - West Cell SCU,42.36069,-82.40671,Lepomis gibbosus,124,38.1
2023-LCS-NWA-,2023-LCS-NWA-210823-002A,21-Aug-23,8,22-Aug-23,St. Clair NWA - West Cell SCU,42.36069,-82.40671,Lepomis gibbosus,161,91.7
2023-LCS-NWA-,2023-LCS-NWA-210823-002A,21-Aug-23,8,22-Aug-23,St. Clair NWA - West Cell SCU,42.36069,-82.40671,Lepomis gibbosus,105,21.4
2023-LCS-NWA-,2023-LCS-NWA-210823-002A,21-Aug-23,8,22-Aug-23,St. Clair NWA - West Cell SCU,42.36069,-82.40671,Lepomis gibbosus,82,9.5
2023-LCS-NWA-,2023-LCS-NWA-210823-002A,21-Aug-23,8,22-Aug-23,St. Clair NWA - West Cell SCU,42.36069,-82.40671,Lepomis gibbosus,67,5.1
2023-LCS-NWA-,2023-LCS-NWA-210823-002A,21-Aug-23,8,22-Aug-23,St. Clair NWA - West Cell SCU,42.36069,-82.40671,Lepomis gibbosus,67,4.3
2023-LCS-NWA-,2023-LCS-NWA-210823-002A,21-Aug-23,8,22-Aug-23,St. Clair NWA - West Cell SCU,42.36069,-82.40671,Lepomis sp,33,0.5
2023-LCS-NWA-,2023-LCS-NWA-210823-002A,21-Aug-23,8,22-Aug-23,St. Clair NWA - West Cell SCU,42.36069,-82.40671,Lepomis sp,37,0.7
2023-LCS-NWA-,2023-LCS-NWA-210823-002A,21-Aug-23,8,22-Aug-23,St. Clair NWA - West Cell SCU,42.36069,-82.40671,Lepomis sp,37,0.5
2023-LCS-NWA-,2023-LCS-NWA-210823-002A,21-Aug-23,8,22-Aug-23,St. Clair NWA - West Cell SCU,42.36069,-82.40671,Lepomis sp,36,0.8
2023-LCS-NWA-,2023-LCS-NWA-210823-002A,21-Aug-23,8,22-Aug-23,St. Clair NWA - West Cell SCU,42.36069,-82.40671,Lepomis sp,31,0.3
2023-LCS-NWA-,2023-LCS-NWA-210823-002A,21-Aug-23,8,22-Aug-23,St. Clair NWA - West Cell SCU,42.36069,-82.40671,Lepomis sp,37,1.2
2023-LCS-NWA-,2023-LCS-NWA-210823-002A,21-Aug-23,8,22-Aug-23,St. Clair NWA - West Cell SCU,42.36069,-82.40671,Lepomis sp,39,0.9
2023-LCS-NWA-,2023-LCS-NWA-210823-002A,21-Aug-23,8,22-Aug-23,St. Clair NWA - West Cell SCU,42.36069,-82.40671,Lepomis sp,30,0.6
2023-LCS-NWA-,2023-LCS-NWA-210823-002A,21-Aug-23,8,22-Aug-23,St. Clair NWA - West Cell SCU,42.36069,-82.40671,Lepomis sp,32,0.6
2023-LCS-NWA-,2023-LCS-NWA-210823-002A,21-Aug-23,8,22-Aug-23,St. Clair NWA - West Cell SCU,42.36069,-82.40671,Notemigonus crysoleucas,48,0.7
2023-LCS-NWA-,2023-LCS-NWA-210823-002A,21-Aug-23,8,22-Aug-23,St. Clair NWA - West Cell SCU,42.36069,-82.40671,Notemigonus crysoleucas,49,0.8
2023-LCS-NWA-,2023-LCS-NWA-210823-002A,21-Aug-23,8,22-Aug-23,St. Clair NWA - West Cell SCU,42.36069,-82.40671,Notemigonus crysoleucas,49,0.9
2023-LCS-NWA-,2023-LCS-NWA-210823-002A,21-Aug-23,8,22-Aug-23,St. Clair NWA - West Cell SCU,42.36069,-82.40671,Notemigonus crysoleucas,51,1
2023-LCS-NWA-,2023-LCS-NWA-210823-002A,21-Aug-23,8,22-Aug-23,St. Clair NWA - West Cell SCU,42.36069,-82.40671,Notemigonus crysoleucas,46,0.7
2023-LCS-NWA-,2023-LCS-NWA-210823-002A,21-Aug-23,8,22-Aug-23,St. Clair NWA - West Cell SCU,42.36069,-82.40671,Notemigonus crysoleucas,56,1.1
2023-LCS-NWA-,2023-LCS-NWA-210823-002A,21-Aug-23,8,22-Aug-23,St. Clair NWA - West Cell SCU,42.36069,-82.40671,Notemigonus crysoleucas,41,0.5
2023-LCS-NWA-,2023-LCS-NWA-210823-002A,21-Aug-23,8,22-Aug-23,St. Clair NWA - West Cell SCU,42.36069,-82.40671,Notemigonus crysoleucas,44,0.7
2023-LCS-NWA-,2023-LCS-NWA-210823-002A,21-Aug-23,8,22-Aug-23,St. Clair NWA - West Cell SCU,42.36069,-82.40671,Notemigonus crysoleucas,62,1
2023-LCS-NWA-,2023-LCS-NWA-210823-002A,21-Aug-23,8,22-Aug-23,St. Clair NWA - West Cell SCU,42.36069,-82.40671,Notemigonus crysoleucas,48,0.8
2023-LCS-NWA-,2023-LCS-NWA-210823-002A,21-Aug-23,8,22-Aug-23,St. Clair NWA - West Cell SCU,42.36069,-82.40671,Notemigonus crysoleucas,49,0.6
2023-LCS-NWA-,2023-LCS-NWA-210823-002A,21-Aug-23,8,22-Aug-23,St. Clair NWA - West Cell SCU,42.36069,-82.40671,Notemigonus crysoleucas,55,1.1
2023-LCS-NWA-,2023-LCS-NWA-210823-002A,21-Aug-23,8,22-Aug-23,St. Clair NWA - West Cell SCU,42.36069,-82.40671,Notemigonus crysoleucas,45,0.5
2023-LCS-NWA-,2023-LCS-NWA-210823-002A,21-Aug-23,8,22-Aug-23,St. Clair NWA - West Cell SCU,42.36069,-82.40671,Notemigonus crysoleucas,51,0.9
2023-LCS-NWA-,2023-LCS-NWA-210823-002A,21-Aug-23,8,22-Aug-23,St. Clair NWA - West Cell SCU,42.36069,-82.40671,Notemigonus crysoleucas,50,1
2023-LCS-NWA-,2023-LCS-NWA-210823-002A,21-Aug-23,8,22-Aug-23,St. Clair NWA - West Cell SCU,42.36069,-82.40671,Notemigonus crysoleucas,50,1
2023-LCS-NWA-,2023-LCS-NWA-210823-002A,21-Aug-23,8,22-Aug-23,St. Clair NWA - West Cell SCU,42.36069,-82.40671,Notemigonus crysoleucas,46,0.8
2023-LCS-NWA-,2023-LCS-NWA-210823-002A,21-Aug-23,8,22-Aug-23,St. Clair NWA - West Cell SCU,42.36069,-82.40671,Notemigonus crysoleucas,54,1
2023-LCS-NWA-,2023-LCS-NWA-210823-002A,21-Aug-23,8,22-Aug-23,St. Clair NWA - West Cell SCU,42.36069,-82.40671,Notemigonus crysoleucas,51,0.9
2023-LCS-NWA-,2023-LCS-NWA-210823-002A,21-Aug-23,8,22-Aug-23,St. Clair NWA - West Cell SCU,42.36069,-82.40671,Notemigonus crysoleucas,47,0.7
2023-LCS-NWA-,2023-LCS-NWA-210823-002A,21-Aug-23,8,22-Aug-23,St. Clair NWA - West Cell SCU,42.36069,-82.40671,Notemigonus crysoleucas,48,0.8
2023-LCS-NWA-,2023-LCS-NWA-210823-002A,21-Aug-23,8,22-Aug-23,St. Clair NWA - West Cell SCU,42.36069,-82.40671,Notemigonus crysoleucas,55,1.1
2023-LCS-NWA-,2023-LCS-NWA-210823-002A,21-Aug-23,8,22-Aug-23,St. Clair NWA - West Cell SCU,42.36069,-82.40671,Notemigonus crysoleucas,57,1.3
2023-LCS-NWA-,2023-LCS-NWA-210823-002A,21-Aug-23,8,22-Aug-23,St. Clair NWA - West Cell SCU,42.36069,-82.40671,Notemigonus crysoleucas,46,0.6
2023-LCS-NWA-,2023-LCS-NWA-210823-002A,21-Aug-23,8,22-Aug-23,St. Clair NWA - West Cell SCU,42.36069,-82.40671,Notemigonus crysoleucas,46,0.7
2023-LCS-NWA-,2023-LCS-NWA-210823-002A,21-Aug-23,8,22-Aug-23,St. Clair NWA - West Cell SCU,42.36069,-82.40671,Notemigonus crysoleucas,50,0.8
2023-LCS-NWA-,2023-LCS-NWA-210823-002A,21-Aug-23,8,22-Aug-23,St. Clair NWA - West Cell SCU,42.36069,-82.40671,Notemigonus crysoleucas,56,1.2
2023-LCS-NWA-,2023-LCS-NWA-210823-002A,21-Aug-23,8,22-Aug-23,St. Clair NWA - West Cell SCU,42.36069,-82.40671,Notemigonus crysoleucas,35,0
2023-LCS-NWA-,2023-LCS-NWA-210823-002A,21-Aug-23,8,22-Aug-23,St. Clair NWA - West Cell SCU,42.36069,-82.40671,Notemigonus crysoleucas,49,7
2023-LCS-NWA-,2023-LCS-NWA-210823-002A,21-Aug-23,8,22-Aug-23,St. Clair NWA - West Cell SCU,42.36069,-82.40671,Notemigonus crysoleucas,56,1
2023-LCS-NWA-,2023-LCS-NWA-210823-002A,21-Aug-23,8,22-Aug-23,St. Clair NWA - West Cell SCU,42.36069,-82.40671,Notemigonus crysoleucas,50,0.9
2023-LCS-NWA-,2023-LCS-NWA-210823-002A,21-Aug-23,8,22-Aug-23,St. Clair NWA - West Cell SCU,42.36069,-82.40671,Notemigonus crysoleucas,54,1.1
2023-LCS-NWA-,2023-LCS-NWA-210823-002A,21-Aug-23,8,22-Aug-23,St. Clair NWA - West Cell SCU,42.36069,-82.40671,Micropterus nigricans,99,13.4
2023-LCS-NWA-,2023-LCS-NWA-210823-002A,21-Aug-23,8,22-Aug-23,St. Clair NWA - West Cell SCU,42.36069,-82.40671,Micropterus nigricans,54,2.4
2023-LCS-NWA-,2023-LCS-NWA-210823-002A,21-Aug-23,8,22-Aug-23,St. Clair NWA - West Cell SCU,42.36069,-82.40671,Micropterus nigricans,88,9.5
2023-LCS-NWA-,2023-LCS-NWA-210823-002A,21-Aug-23,8,22-Aug-23,St. Clair NWA - West Cell SCU,42.36069,-82.40671,Micropterus nigricans,321,440
2023-LCS-NWA-,2023-LCS-NWA-210823-003A,21-Aug-23,8,22-Aug-23,St. Clair NWA - West Cell SCU,42.36196,-82.40817,Amia ocellicauda,380,440
2023-LCS-NWA-,2023-LCS-NWA-210823-004A,21-Aug-23,8,22-Aug-23,St. Clair NWA - West Cell SCU,42.36259,-82.40892,Pomoxis nigromaculatus,198,116.1
2023-LCS-NWA-,2023-LCS-NWA-210823-004A,21-Aug-23,8,22-Aug-23,St. Clair NWA - West Cell SCU,42.36259,-82.40892,Amia ocellicauda,398,520
2023-LCS-NWA-,2023-LCS-NWA-210823-004A,21-Aug-23,8,22-Aug-23,St. Clair NWA - West Cell SCU,42.36259,-82.40892,Amia ocellicauda,554,1680
2023-LCS-NWA-,2023-LCS-NWA-210823-004A,21-Aug-23,8,22-Aug-23,St. Clair NWA - West Cell SCU,42.36259,-82.40892,Erimyzon sucetta,56,1.9
2023-LCS-NWA-,2023-LCS-NWA-210823-004A,21-Aug-23,8,22-Aug-23,St. Clair NWA - West Cell SCU,42.36259,-82.40892,Erimyzon sucetta,56,1.9
2023-LCS-NWA-,2023-LCS-NWA-210823-004A,21-Aug-23,8,22-Aug-23,St. Clair NWA - West Cell SCU,42.36259,-82.40892,Erimyzon sucetta,58,2.1
2023-LCS-NWA-,2023-LCS-NWA-210823-004A,21-Aug-23,8,22-Aug-23,St. Clair NWA - West Cell SCU,42.36259,-82.40892,Erimyzon sucetta,53,1.4
2023-LCS-NWA-,2023-LCS-NWA-210823-004A,21-Aug-23,8,22-Aug-23,St. Clair NWA - West Cell SCU,42.36259,-82.40892,Erimyzon sucetta,54,1.6
2023-LCS-NWA-,2023-LCS-NWA-210823-004A,21-Aug-23,8,22-Aug-23,St. Clair NWA - West Cell SCU,42.36259,-82.40892,Erimyzon sucetta,58,2.2
2023-LCS-NWA-,2023-LCS-NWA-210823-004A,21-Aug-23,8,22-Aug-23,St. Clair NWA - West Cell SCU,42.36259,-82.40892,Erimyzon sucetta,48,1.3
2023-LCS-NWA-,2023-LCS-NWA-210823-004A,21-Aug-23,8,22-Aug-23,St. Clair NWA - West Cell SCU,42.36259,-82.40892,Erimyzon sucetta,55,1.8
2023-LCS-NWA-,2023-LCS-NWA-210823-004A,21-Aug-23,8,22-Aug-23,St. Clair NWA - West Cell SCU,42.36259,-82.40892,Erimyzon sucetta,61,1.4
2023-LCS-NWA-,2023-LCS-NWA-210823-004A,21-Aug-23,8,22-Aug-23,St. Clair NWA - West Cell SCU,42.36259,-82.40892,Erimyzon sucetta,51,1.3
2023-LCS-NWA-,2023-LCS-NWA-210823-004A,21-Aug-23,8,22-Aug-23,St. Clair NWA - West Cell SCU,42.36259,-82.40892,Lepomis gibbosus,76,8.2
2023-LCS-NWA-,2023-LCS-NWA-210823-004A,21-Aug-23,8,22-Aug-23,St. Clair NWA - West Cell SCU,42.36259,-82.40892,Lepomis gibbosus,75,8.2
2023-LCS-NWA-,2023-LCS-NWA-210823-004A,21-Aug-23,8,22-Aug-23,St. Clair NWA - West Cell SCU,42.36259,-82.40892,Lepomis gibbosus,76,8
2023-LCS-NWA-,2023-LCS-NWA-210823-004A,21-Aug-23,8,22-Aug-23,St. Clair NWA - West Cell SCU,42.36259,-82.40892,Lepomis gibbosus,62,4.2
2023-LCS-NWA-,2023-LCS-NWA-210823-004A,21-Aug-23,8,22-Aug-23,St. Clair NWA - West Cell SCU,42.36259,-82.40892,Lepomis gibbosus,75,7.3
2023-LCS-NWA-,2023-LCS-NWA-210823-004A,21-Aug-23,8,22-Aug-23,St. Clair NWA - West Cell SCU,42.36259,-82.40892,Lepomis gibbosus,76,7.3
2023-LCS-NWA-,2023-LCS-NWA-210823-004A,21-Aug-23,8,22-Aug-23,St. Clair NWA - West Cell SCU,42.36259,-82.40892,Lepomis sp,39,0.9
2023-LCS-NWA-,2023-LCS-NWA-210823-004A,21-Aug-23,8,22-Aug-23,St. Clair NWA - West Cell SCU,42.36259,-82.40892,Lepomis sp,35,0
2023-LCS-NWA-,2023-LCS-NWA-210823-004A,21-Aug-23,8,22-Aug-23,St. Clair NWA - West Cell SCU,42.36259,-82.40892,Lepomis sp,39,0.8
2023-LCS-NWA-,2023-LCS-NWA-210823-004A,21-Aug-23,8,22-Aug-23,St. Clair NWA - West Cell SCU,42.36259,-82.40892,Lepomis sp,44,1.3
2023-LCS-NWA-,2023-LCS-NWA-210823-004A,21-Aug-23,8,22-Aug-23,St. Clair NWA - West Cell SCU,42.36259,-82.40892,Lepomis sp,26,0
2023-LCS-NWA-,2023-LCS-NWA-210823-004A,21-Aug-23,8,22-Aug-23,St. Clair NWA - West Cell SCU,42.36259,-82.40892,Lepomis sp,34,0.5
2023-LCS-NWA-,2023-LCS-NWA-210823-004A,21-Aug-23,8,22-Aug-23,St. Clair NWA - West Cell SCU,42.36259,-82.40892,Lepomis sp,33,0.3
2023-LCS-NWA-,2023-LCS-NWA-210823-004A,21-Aug-23,8,22-Aug-23,St. Clair NWA - West Cell SCU,42.36259,-82.40892,Lepomis sp,40,0.9
2023-LCS-NWA-,2023-LCS-NWA-210823-004A,21-Aug-23,8,22-Aug-23,St. Clair NWA - West Cell SCU,42.36259,-82.40892,Lepomis sp,34,0.4
2023-LCS-NWA-,2023-LCS-NWA-210823-004A,21-Aug-23,8,22-Aug-23,St. Clair NWA - West Cell SCU,42.36259,-82.40892,Lepomis sp,34,0.4
2023-LCS-NWA-,2023-LCS-NWA-210823-004A,21-Aug-23,8,22-Aug-23,St. Clair NWA - West Cell SCU,42.36259,-82.40892,Lepomis sp,37,0
2023-LCS-NWA-,2023-LCS-NWA-210823-004A,21-Aug-23,8,22-Aug-23,St. Clair NWA - West Cell SCU,42.36259,-82.40892,Lepomis sp,44,1.3
2023-LCS-NWA-,2023-LCS-NWA-210823-004A,21-Aug-23,8,22-Aug-23,St. Clair NWA - West Cell SCU,42.36259,-82.40892,Lepomis sp,43,1.2
2023-LCS-NWA-,2023-LCS-NWA-210823-004A,21-Aug-23,8,22-Aug-23,St. Clair NWA - West Cell SCU,42.36259,-82.40892,Lepomis sp,40,1
2023-LCS-NWA-,2023-LCS-NWA-210823-004A,21-Aug-23,8,22-Aug-23,St. Clair NWA - West Cell SCU,42.36259,-82.40892,Lepomis sp,38,0.8
2023-LCS-NWA-,2023-LCS-NWA-210823-004A,21-Aug-23,8,22-Aug-23,St. Clair NWA - West Cell SCU,42.36259,-82.40892,Lepomis sp,26,0.3
2023-LCS-NWA-,2023-LCS-NWA-210823-004A,21-Aug-23,8,22-Aug-23,St. Clair NWA - West Cell SCU,42.36259,-82.40892,Notemigonus crysoleucas,47,0.7
2023-LCS-NWA-,2023-LCS-NWA-210823-004A,21-Aug-23,8,22-Aug-23,St. Clair NWA - West Cell SCU,42.36259,-82.40892,Notemigonus crysoleucas,56,1.1
2023-LCS-NWA-,2023-LCS-NWA-210823-004A,21-Aug-23,8,22-Aug-23,St. Clair NWA - West Cell SCU,42.36259,-82.40892,Notemigonus crysoleucas,47,0.7
2023-LCS-NWA-,2023-LCS-NWA-210823-004A,21-Aug-23,8,22-Aug-23,St. Clair NWA - West Cell SCU,42.36259,-82.40892,Notemigonus crysoleucas,60,1.5
2023-LCS-NWA-,2023-LCS-NWA-210823-004A,21-Aug-23,8,22-Aug-23,St. Clair NWA - West Cell SCU,42.36259,-82.40892,Notemigonus crysoleucas,56,1.3
2023-LCS-NWA-,2023-LCS-NWA-210823-004A,21-Aug-23,8,22-Aug-23,St. Clair NWA - West Cell SCU,42.36259,-82.40892,Notemigonus crysoleucas,48,0.6
2023-LCS-NWA-,2023-LCS-NWA-210823-004A,21-Aug-23,8,22-Aug-23,St. Clair NWA - West Cell SCU,42.36259,-82.40892,Notemigonus crysoleucas,55,1.1
2023-LCS-NWA-,2023-LCS-NWA-210823-004A,21-Aug-23,8,22-Aug-23,St. Clair NWA - West Cell SCU,42.36259,-82.40892,Umbra limi,49,1.3
2023-LCS-NWA-,2023-LCS-NWA-210823-004A,21-Aug-23,8,22-Aug-23,St. Clair NWA - West Cell SCU,42.36259,-82.40892,Esox lucius,563,1130
2023-LCS-NWA-,2023-LCS-NWA-210823-005A,21-Aug-23,8,22-Aug-23,St. Clair NWA - West Cell SCU,42.36341,-82.41004,Erimyzon sucetta,140,34.7
2023-LCS-NWA-,2023-LCS-NWA-210823-005A,21-Aug-23,8,22-Aug-23,St. Clair NWA - West Cell SCU,42.36341,-82.41004,Erimyzon sucetta,50,1.3
2023-LCS-NWA-,2023-LCS-NWA-210823-005A,21-Aug-23,8,22-Aug-23,St. Clair NWA - West Cell SCU,42.36341,-82.41004,Erimyzon sucetta,53,1.7
2023-LCS-NWA-,2023-LCS-NWA-210823-005A,21-Aug-23,8,22-Aug-23,St. Clair NWA - West Cell SCU,42.36341,-82.41004,Lepomis gibbosus,80,9.1
2023-LCS-NWA-,2023-LCS-NWA-210823-005A,21-Aug-23,8,22-Aug-23,St. Clair NWA - West Cell SCU,42.36341,-82.41004,Lepomis sp,33,0.8
2023-LCS-NWA-,2023-LCS-NWA-210823-006A,21-Aug-23,8,22-Aug-23,St. Clair NWA - West Cell SCU,42.36522,-82.41009,Lepomis macrochirus,40,0.8
2023-LCS-NWA-,2023-LCS-NWA-210823-006A,21-Aug-23,8,22-Aug-23,St. Clair NWA - West Cell SCU,42.36522,-82.41009,Lepomis macrochirus,88,12.1
2023-LCS-NWA-,2023-LCS-NWA-210823-006A,21-Aug-23,8,22-Aug-23,St. Clair NWA - West Cell SCU,42.36522,-82.41009,Amia ocellicauda,393,420
2023-LCS-NWA-,2023-LCS-NWA-210823-006A,21-Aug-23,8,22-Aug-23,St. Clair NWA - West Cell SCU,42.36522,-82.41009,Lepomis gibbosus,74,7.4
2023-LCS-NWA-,2023-LCS-NWA-210823-006A,21-Aug-23,8,22-Aug-23,St. Clair NWA - West Cell SCU,42.36522,-82.41009,Lepomis gibbosus,39,1
2023-LCS-NWA-,2023-LCS-NWA-210823-006A,21-Aug-23,8,22-Aug-23,St. Clair NWA - West Cell SCU,42.36522,-82.41009,Lepomis gibbosus,140,56
2023-LCS-NWA-,2023-LCS-NWA-210823-006A,21-Aug-23,8,22-Aug-23,St. Clair NWA - West Cell SCU,42.36522,-82.41009,Ameiurus melas,306,330
2023-LCS-NWA-,2023-LCS-NWA-210823-006A,21-Aug-23,8,22-Aug-23,St. Clair NWA - West Cell SCU,42.36522,-82.41009,Lepomis sp,40,0.9
2024-LCS-NWA-,2024-LCS-NWA-070824-001A,7-Aug-24,8,8-Aug-24,St. Clair NWA - East Cell SCU,42.365045,-82.399293,Amia ocellicauda,570,1550
2024-LCS-NWA-,2024-LCS-NWA-070824-001A,7-Aug-24,8,8-Aug-24,St. Clair NWA - East Cell SCU,42.365045,-82.399293,Amia ocellicauda,483,900
2024-LCS-NWA-,2024-LCS-NWA-070824-001A,7-Aug-24,8,8-Aug-24,St. Clair NWA - East Cell SCU,42.365045,-82.399293,Amia ocellicauda,468,810
2024-LCS-NWA-,2024-LCS-NWA-070824-001A,7-Aug-24,8,8-Aug-24,St. Clair NWA - East Cell SCU,42.365045,-82.399293,Amia ocellicauda,476,930
2024-LCS-NWA-,2024-LCS-NWA-070824-001A,7-Aug-24,8,8-Aug-24,St. Clair NWA - East Cell SCU,42.365045,-82.399293,Amia ocellicauda,478,960
2024-LCS-NWA-,2024-LCS-NWA-070824-001A,7-Aug-24,8,8-Aug-24,St. Clair NWA - East Cell SCU,42.365045,-82.399293,Amia ocellicauda,522,1320
2024-LCS-NWA-,2024-LCS-NWA-070824-001A,7-Aug-24,8,8-Aug-24,St. Clair NWA - East Cell SCU,42.365045,-82.399293,Notemigonus crysoleucas,37,0.32
2024-LCS-NWA-,2024-LCS-NWA-070824-001A,7-Aug-24,8,8-Aug-24,St. Clair NWA - East Cell SCU,42.365045,-82.399293,Notemigonus crysoleucas,51,1
2024-LCS-NWA-,2024-LCS-NWA-070824-001A,7-Aug-24,8,8-Aug-24,St. Clair NWA - East Cell SCU,42.365045,-82.399293,Notemigonus crysoleucas,44,0.62
2024-LCS-NWA-,2024-LCS-NWA-070824-001A,7-Aug-24,8,8-Aug-24,St. Clair NWA - East Cell SCU,42.365045,-82.399293,Notemigonus crysoleucas,48,0.71
2024-LCS-NWA-,2024-LCS-NWA-070824-001A,7-Aug-24,8,8-Aug-24,St. Clair NWA - East Cell SCU,42.365045,-82.399293,Notemigonus crysoleucas,42,0.48
2024-LCS-NWA-,2024-LCS-NWA-070824-001A,7-Aug-24,8,8-Aug-24,St. Clair NWA - East Cell SCU,42.365045,-82.399293,Notemigonus crysoleucas,53,0.98
2024-LCS-NWA-,2024-LCS-NWA-070824-001A,7-Aug-24,8,8-Aug-24,St. Clair NWA - East Cell SCU,42.365045,-82.399293,Notemigonus crysoleucas,49,0.9
2024-LCS-NWA-,2024-LCS-NWA-070824-001A,7-Aug-24,8,8-Aug-24,St. Clair NWA - East Cell SCU,42.365045,-82.399293,Notemigonus crysoleucas,44,0.59
2024-LCS-NWA-,2024-LCS-NWA-070824-001A,7-Aug-24,8,8-Aug-24,St. Clair NWA - East Cell SCU,42.365045,-82.399293,Notemigonus crysoleucas,42,0.34
2024-LCS-NWA-,2024-LCS-NWA-070824-001A,7-Aug-24,8,8-Aug-24,St. Clair NWA - East Cell SCU,42.365045,-82.399293,Notemigonus crysoleucas,52,0.88
2024-LCS-NWA-,2024-LCS-NWA-070824-001A,7-Aug-24,8,8-Aug-24,St. Clair NWA - East Cell SCU,42.365045,-82.399293,Notemigonus crysoleucas,51,0.94
2024-LCS-NWA-,2024-LCS-NWA-070824-001A,7-Aug-24,8,8-Aug-24,St. Clair NWA - East Cell SCU,42.365045,-82.399293,Notemigonus crysoleucas,46,0.62
2024-LCS-NWA-,2024-LCS-NWA-070824-001A,7-Aug-24,8,8-Aug-24,St. Clair NWA - East Cell SCU,42.365045,-82.399293,Notemigonus crysoleucas,45,0.61
2024-LCS-NWA-,2024-LCS-NWA-070824-001A,7-Aug-24,8,8-Aug-24,St. Clair NWA - East Cell SCU,42.365045,-82.399293,Notemigonus crysoleucas,46,0.78
2024-LCS-NWA-,2024-LCS-NWA-070824-001A,7-Aug-24,8,8-Aug-24,St. Clair NWA - East Cell SCU,42.365045,-82.399293,Notemigonus crysoleucas,44,0.65
2024-LCS-NWA-,2024-LCS-NWA-070824-001A,7-Aug-24,8,8-Aug-24,St. Clair NWA - East Cell SCU,42.365045,-82.399293,Notemigonus crysoleucas,46,0.74
2024-LCS-NWA-,2024-LCS-NWA-070824-001A,7-Aug-24,8,8-Aug-24,St. Clair NWA - East Cell SCU,42.365045,-82.399293,Notemigonus crysoleucas,46,0.68
2024-LCS-NWA-,2024-LCS-NWA-070824-001A,7-Aug-24,8,8-Aug-24,St. Clair NWA - East Cell SCU,42.365045,-82.399293,Notemigonus crysoleucas,43,0.55
2024-LCS-NWA-,2024-LCS-NWA-070824-001A,7-Aug-24,8,8-Aug-24,St. Clair NWA - East Cell SCU,42.365045,-82.399293,Notemigonus crysoleucas,46,0.64
2024-LCS-NWA-,2024-LCS-NWA-070824-001A,7-Aug-24,8,8-Aug-24,St. Clair NWA - East Cell SCU,42.365045,-82.399293,Notemigonus crysoleucas,44,0.76
2024-LCS-NWA-,2024-LCS-NWA-070824-001A,7-Aug-24,8,8-Aug-24,St. Clair NWA - East Cell SCU,42.365045,-82.399293,Notemigonus crysoleucas,43,0.51
2024-LCS-NWA-,2024-LCS-NWA-070824-001A,7-Aug-24,8,8-Aug-24,St. Clair NWA - East Cell SCU,42.365045,-82.399293,Notemigonus crysoleucas,42,0.52
2024-LCS-NWA-,2024-LCS-NWA-070824-001A,7-Aug-24,8,8-Aug-24,St. Clair NWA - East Cell SCU,42.365045,-82.399293,Notemigonus crysoleucas,42,0.57
2024-LCS-NWA-,2024-LCS-NWA-070824-001A,7-Aug-24,8,8-Aug-24,St. Clair NWA - East Cell SCU,42.365045,-82.399293,Notemigonus crysoleucas,54,1.16
2024-LCS-NWA-,2024-LCS-NWA-070824-001A,7-Aug-24,8,8-Aug-24,St. Clair NWA - East Cell SCU,42.365045,-82.399293,Notemigonus crysoleucas,43,0.64
2024-LCS-NWA-,2024-LCS-NWA-070824-001A,7-Aug-24,8,8-Aug-24,St. Clair NWA - East Cell SCU,42.365045,-82.399293,Notemigonus crysoleucas,43,0.43
2024-LCS-NWA-,2024-LCS-NWA-070824-001A,7-Aug-24,8,8-Aug-24,St. Clair NWA - East Cell SCU,42.365045,-82.399293,Notemigonus crysoleucas,51,1.04
2024-LCS-NWA-,2024-LCS-NWA-070824-001A,7-Aug-24,8,8-Aug-24,St. Clair NWA - East Cell SCU,42.365045,-82.399293,Notemigonus crysoleucas,45,0.6
2024-LCS-NWA-,2024-LCS-NWA-070824-001A,7-Aug-24,8,8-Aug-24,St. Clair NWA - East Cell SCU,42.365045,-82.399293,Micropterus nigricans,62,2.97
2024-LCS-NWA-,2024-LCS-NWA-070824-001A,7-Aug-24,8,8-Aug-24,St. Clair NWA - East Cell SCU,42.365045,-82.399293,Micropterus nigricans,56,2.15
2024-LCS-NWA-,2024-LCS-NWA-070824-001A,7-Aug-24,8,8-Aug-24,St. Clair NWA - East Cell SCU,42.365045,-82.399293,Micropterus nigricans,59,2.31
2024-LCS-NWA-,2024-LCS-NWA-070824-001A,7-Aug-24,8,8-Aug-24,St. Clair NWA - East Cell SCU,42.365045,-82.399293,Micropterus nigricans,64,3.06
2024-LCS-NWA-,2024-LCS-NWA-070824-001A,7-Aug-24,8,8-Aug-24,St. Clair NWA - East Cell SCU,42.365045,-82.399293,Micropterus nigricans,64,3.34
2024-LCS-NWA-,2024-LCS-NWA-070824-001A,7-Aug-24,8,8-Aug-24,St. Clair NWA - East Cell SCU,42.365045,-82.399293,Micropterus nigricans,64,2.91
2024-LCS-NWA-,2024-LCS-NWA-070824-001A,7-Aug-24,8,8-Aug-24,St. Clair NWA - East Cell SCU,42.365045,-82.399293,Micropterus nigricans,59,2.47
2024-LCS-NWA-,2024-LCS-NWA-070824-001A,7-Aug-24,8,8-Aug-24,St. Clair NWA - East Cell SCU,42.365045,-82.399293,Micropterus nigricans,54,2.94
2024-LCS-NWA-,2024-LCS-NWA-070824-001A,7-Aug-24,8,8-Aug-24,St. Clair NWA - East Cell SCU,42.365045,-82.399293,Micropterus nigricans,64,3.28
2024-LCS-NWA-,2024-LCS-NWA-070824-001A,7-Aug-24,8,8-Aug-24,St. Clair NWA - East Cell SCU,42.365045,-82.399293,Micropterus nigricans,66,3.85
2024-LCS-NWA-,2024-LCS-NWA-070824-001A,7-Aug-24,8,8-Aug-24,St. Clair NWA - East Cell SCU,42.365045,-82.399293,Micropterus nigricans,70,4.31
2024-LCS-NWA-,2024-LCS-NWA-070824-001A,7-Aug-24,8,8-Aug-24,St. Clair NWA - East Cell SCU,42.365045,-82.399293,Micropterus nigricans,63,3.22
2024-LCS-NWA-,2024-LCS-NWA-070824-001A,7-Aug-24,8,8-Aug-24,St. Clair NWA - East Cell SCU,42.365045,-82.399293,Micropterus nigricans,67,3.82
2024-LCS-NWA-,2024-LCS-NWA-070824-001A,7-Aug-24,8,8-Aug-24,St. Clair NWA - East Cell SCU,42.365045,-82.399293,Micropterus nigricans,69,4.19
2024-LCS-NWA-,2024-LCS-NWA-070824-001A,7-Aug-24,8,8-Aug-24,St. Clair NWA - East Cell SCU,42.365045,-82.399293,Micropterus nigricans,66,3.38
2024-LCS-NWA-,2024-LCS-NWA-070824-001A,7-Aug-24,8,8-Aug-24,St. Clair NWA - East Cell SCU,42.365045,-82.399293,Micropterus nigricans,66,3.91
2024-LCS-NWA-,2024-LCS-NWA-070824-001A,7-Aug-24,8,8-Aug-24,St. Clair NWA - East Cell SCU,42.365045,-82.399293,Micropterus nigricans,69,3.81
2024-LCS-NWA-,2024-LCS-NWA-070824-001A,7-Aug-24,8,8-Aug-24,St. Clair NWA - East Cell SCU,42.365045,-82.399293,Micropterus nigricans,67,3.78
2024-LCS-NWA-,2024-LCS-NWA-070824-001A,7-Aug-24,8,8-Aug-24,St. Clair NWA - East Cell SCU,42.365045,-82.399293,Micropterus nigricans,65,3.3
2024-LCS-NWA-,2024-LCS-NWA-070824-001A,7-Aug-24,8,8-Aug-24,St. Clair NWA - East Cell SCU,42.365045,-82.399293,Micropterus nigricans,70,3.93
2024-LCS-NWA-,2024-LCS-NWA-070824-001A,7-Aug-24,8,8-Aug-24,St. Clair NWA - East Cell SCU,42.365045,-82.399293,Micropterus nigricans,55,2.04
2024-LCS-NWA-,2024-LCS-NWA-070824-001A,7-Aug-24,8,8-Aug-24,St. Clair NWA - East Cell SCU,42.365045,-82.399293,Micropterus nigricans,55,1.97
2024-LCS-NWA-,2024-LCS-NWA-070824-001A,7-Aug-24,8,8-Aug-24,St. Clair NWA - East Cell SCU,42.365045,-82.399293,Micropterus nigricans,56,2.24
2024-LCS-NWA-,2024-LCS-NWA-070824-001A,7-Aug-24,8,8-Aug-24,St. Clair NWA - East Cell SCU,42.365045,-82.399293,Pomoxis nigromaculatus,80,6.67
2024-LCS-NWA-,2024-LCS-NWA-070824-001A,7-Aug-24,8,8-Aug-24,St. Clair NWA - East Cell SCU,42.365045,-82.399293,Pomoxis nigromaculatus,-1,-1
2024-LCS-NWA-,2024-LCS-NWA-070824-001A,7-Aug-24,8,8-Aug-24,St. Clair NWA - East Cell SCU,42.365045,-82.399293,Lepomis gibbosus,106,22.87
2024-LCS-NWA-,2024-LCS-NWA-070824-001A,7-Aug-24,8,8-Aug-24,St. Clair NWA - East Cell SCU,42.365045,-82.399293,Lepomis gibbosus,39,1.04
2024-LCS-NWA-,2024-LCS-NWA-070824-001A,7-Aug-24,8,8-Aug-24,St. Clair NWA - East Cell SCU,42.365045,-82.399293,Lepomis gibbosus,67,5.01
2024-LCS-NWA-,2024-LCS-NWA-070824-001A,7-Aug-24,8,8-Aug-24,St. Clair NWA - East Cell SCU,42.365045,-82.399293,Lepomis gibbosus,63,4.33
2024-LCS-NWA-,2024-LCS-NWA-070824-001A,7-Aug-24,8,8-Aug-24,St. Clair NWA - East Cell SCU,42.365045,-82.399293,Lepomis gibbosus,74,7.51
2024-LCS-NWA-,2024-LCS-NWA-070824-001A,7-Aug-24,8,8-Aug-24,St. Clair NWA - East Cell SCU,42.365045,-82.399293,Lepomis gibbosus,82,8.98
2024-LCS-NWA-,2024-LCS-NWA-070824-001A,7-Aug-24,8,8-Aug-24,St. Clair NWA - East Cell SCU,42.365045,-82.399293,Lepomis gibbosus,37,0.75
2024-LCS-NWA-,2024-LCS-NWA-070824-001A,7-Aug-24,8,8-Aug-24,St. Clair NWA - East Cell SCU,42.365045,-82.399293,Lepomis gibbosus,65,4.24
2024-LCS-NWA-,2024-LCS-NWA-070824-001A,7-Aug-24,8,8-Aug-24,St. Clair NWA - East Cell SCU,42.365045,-82.399293,Lepomis gibbosus,73,6.89
2024-LCS-NWA-,2024-LCS-NWA-070824-001A,7-Aug-24,8,8-Aug-24,St. Clair NWA - East Cell SCU,42.365045,-82.399293,Lepomis gibbosus,46,1.47
2024-LCS-NWA-,2024-LCS-NWA-070824-001A,7-Aug-24,8,8-Aug-24,St. Clair NWA - East Cell SCU,42.365045,-82.399293,Lepomis gibbosus,62,4.23
2024-LCS-NWA-,2024-LCS-NWA-070824-001A,7-Aug-24,8,8-Aug-24,St. Clair NWA - East Cell SCU,42.365045,-82.399293,Lepomis gibbosus,70,6.22
2024-LCS-NWA-,2024-LCS-NWA-070824-001A,7-Aug-24,8,8-Aug-24,St. Clair NWA - East Cell SCU,42.365045,-82.399293,Lepomis gibbosus,74,6.81
2024-LCS-NWA-,2024-LCS-NWA-070824-001A,7-Aug-24,8,8-Aug-24,St. Clair NWA - East Cell SCU,42.365045,-82.399293,Lepomis gibbosus,43,1.31
2024-LCS-NWA-,2024-LCS-NWA-070824-001A,7-Aug-24,8,8-Aug-24,St. Clair NWA - East Cell SCU,42.365045,-82.399293,Lepomis gibbosus,68,5.42
2024-LCS-NWA-,2024-LCS-NWA-070824-002A,7-Aug-24,8,8-Aug-24,St. Clair NWA - East Cell SCU,42.365739,-82.400584,Umbra limi,33,0.38
2024-LCS-NWA-,2024-LCS-NWA-070824-002A,7-Aug-24,8,8-Aug-24,St. Clair NWA - East Cell SCU,42.365739,-82.400584,Lepomis gibbosus,116,31.57
2024-LCS-NWA-,2024-LCS-NWA-070824-003A,7-Aug-24,8,8-Aug-24,St. Clair NWA - East Cell SCU,42.366877,-82.399667,Amia ocellicauda,439,770
2024-LCS-NWA-,2024-LCS-NWA-070824-003A,7-Aug-24,8,8-Aug-24,St. Clair NWA - East Cell SCU,42.366877,-82.399667,Pomoxis nigromaculatus,255,290
2024-LCS-NWA-,2024-LCS-NWA-070824-003A,7-Aug-24,8,8-Aug-24,St. Clair NWA - East Cell SCU,42.366877,-82.399667,Pomoxis nigromaculatus,68,4.3
2024-LCS-NWA-,2024-LCS-NWA-070824-003A,7-Aug-24,8,8-Aug-24,St. Clair NWA - East Cell SCU,42.366877,-82.399667,Pomoxis nigromaculatus,75,5.62
2024-LCS-NWA-,2024-LCS-NWA-070824-003A,7-Aug-24,8,8-Aug-24,St. Clair NWA - East Cell SCU,42.366877,-82.399667,Pomoxis nigromaculatus,56,2.34
2024-LCS-NWA-,2024-LCS-NWA-070824-003A,7-Aug-24,8,8-Aug-24,St. Clair NWA - East Cell SCU,42.366877,-82.399667,Pomoxis nigromaculatus,67,4.21
2024-LCS-NWA-,2024-LCS-NWA-070824-003A,7-Aug-24,8,8-Aug-24,St. Clair NWA - East Cell SCU,42.366877,-82.399667,Pomoxis nigromaculatus,69,4.28
2024-LCS-NWA-,2024-LCS-NWA-070824-003A,7-Aug-24,8,8-Aug-24,St. Clair NWA - East Cell SCU,42.366877,-82.399667,Pomoxis nigromaculatus,146,50.35
2024-LCS-NWA-,2024-LCS-NWA-070824-003A,7-Aug-24,8,8-Aug-24,St. Clair NWA - East Cell SCU,42.366877,-82.399667,Pomoxis nigromaculatus,188,104.12
2024-LCS-NWA-,2024-LCS-NWA-070824-003A,7-Aug-24,8,8-Aug-24,St. Clair NWA - East Cell SCU,42.366877,-82.399667,Pomoxis nigromaculatus,186,102.63
2024-LCS-NWA-,2024-LCS-NWA-070824-003A,7-Aug-24,8,8-Aug-24,St. Clair NWA - East Cell SCU,42.366877,-82.399667,Pomoxis nigromaculatus,151,49.55
2024-LCS-NWA-,2024-LCS-NWA-070824-003A,7-Aug-24,8,8-Aug-24,St. Clair NWA - East Cell SCU,42.366877,-82.399667,Pomoxis nigromaculatus,138,35.2
2024-LCS-NWA-,2024-LCS-NWA-070824-003A,7-Aug-24,8,8-Aug-24,St. Clair NWA - East Cell SCU,42.366877,-82.399667,Pomoxis nigromaculatus,145,43.41
2024-LCS-NWA-,2024-LCS-NWA-070824-003A,7-Aug-24,8,8-Aug-24,St. Clair NWA - East Cell SCU,42.366877,-82.399667,Pomoxis nigromaculatus,67,4.2
2024-LCS-NWA-,2024-LCS-NWA-070824-003A,7-Aug-24,8,8-Aug-24,St. Clair NWA - East Cell SCU,42.366877,-82.399667,Pomoxis nigromaculatus,134,35.68
2024-LCS-NWA-,2024-LCS-NWA-070824-003A,7-Aug-24,8,8-Aug-24,St. Clair NWA - East Cell SCU,42.366877,-82.399667,Pomoxis nigromaculatus,74,5.65
2024-LCS-NWA-,2024-LCS-NWA-070824-003A,7-Aug-24,8,8-Aug-24,St. Clair NWA - East Cell SCU,42.366877,-82.399667,Pomoxis nigromaculatus,76,5.75
2024-LCS-NWA-,2024-LCS-NWA-070824-003A,7-Aug-24,8,8-Aug-24,St. Clair NWA - East Cell SCU,42.366877,-82.399667,Pomoxis nigromaculatus,67,3.84
2024-LCS-NWA-,2024-LCS-NWA-070824-003A,7-Aug-24,8,8-Aug-24,St. Clair NWA - East Cell SCU,42.366877,-82.399667,Pomoxis nigromaculatus,67,3.82
2024-LCS-NWA-,2024-LCS-NWA-070824-003A,7-Aug-24,8,8-Aug-24,St. Clair NWA - East Cell SCU,42.366877,-82.399667,Pomoxis nigromaculatus,69,4.15
2024-LCS-NWA-,2024-LCS-NWA-070824-003A,7-Aug-24,8,8-Aug-24,St. Clair NWA - East Cell SCU,42.366877,-82.399667,Erimyzon sucetta,126,29.15
2024-LCS-NWA-,2024-LCS-NWA-070824-003A,7-Aug-24,8,8-Aug-24,St. Clair NWA - East Cell SCU,42.366877,-82.399667,Notemigonus crysoleucas,99,7.52
2024-LCS-NWA-,2024-LCS-NWA-070824-003A,7-Aug-24,8,8-Aug-24,St. Clair NWA - East Cell SCU,42.366877,-82.399667,Notemigonus crysoleucas,132,19.66
2024-LCS-NWA-,2024-LCS-NWA-070824-003A,7-Aug-24,8,8-Aug-24,St. Clair NWA - East Cell SCU,42.366877,-82.399667,Notemigonus crysoleucas,50,1.03
2024-LCS-NWA-,2024-LCS-NWA-070824-003A,7-Aug-24,8,8-Aug-24,St. Clair NWA - East Cell SCU,42.366877,-82.399667,Notemigonus crysoleucas,110,10.34
2024-LCS-NWA-,2024-LCS-NWA-070824-003A,7-Aug-24,8,8-Aug-24,St. Clair NWA - East Cell SCU,42.366877,-82.399667,Notemigonus crysoleucas,45,0.78
2024-LCS-NWA-,2024-LCS-NWA-070824-003A,7-Aug-24,8,8-Aug-24,St. Clair NWA - East Cell SCU,42.366877,-82.399667,Notemigonus crysoleucas,100,8.37
2024-LCS-NWA-,2024-LCS-NWA-070824-003A,7-Aug-24,8,8-Aug-24,St. Clair NWA - East Cell SCU,42.366877,-82.399667,Notemigonus crysoleucas,52,0.97
2024-LCS-NWA-,2024-LCS-NWA-070824-003A,7-Aug-24,8,8-Aug-24,St. Clair NWA - East Cell SCU,42.366877,-82.399667,Notemigonus crysoleucas,58,1.44
2024-LCS-NWA-,2024-LCS-NWA-070824-003A,7-Aug-24,8,8-Aug-24,St. Clair NWA - East Cell SCU,42.366877,-82.399667,Notemigonus crysoleucas,47,0.87
2024-LCS-NWA-,2024-LCS-NWA-070824-003A,7-Aug-24,8,8-Aug-24,St. Clair NWA - East Cell SCU,42.366877,-82.399667,Notemigonus crysoleucas,48,0.96
2024-LCS-NWA-,2024-LCS-NWA-070824-003A,7-Aug-24,8,8-Aug-24,St. Clair NWA - East Cell SCU,42.366877,-82.399667,Notemigonus crysoleucas,56,1.28
2024-LCS-NWA-,2024-LCS-NWA-070824-003A,7-Aug-24,8,8-Aug-24,St. Clair NWA - East Cell SCU,42.366877,-82.399667,Notemigonus crysoleucas,55,1.39
2024-LCS-NWA-,2024-LCS-NWA-070824-003A,7-Aug-24,8,8-Aug-24,St. Clair NWA - East Cell SCU,42.366877,-82.399667,Notemigonus crysoleucas,49,0.91
2024-LCS-NWA-,2024-LCS-NWA-070824-003A,7-Aug-24,8,8-Aug-24,St. Clair NWA - East Cell SCU,42.366877,-82.399667,Notemigonus crysoleucas,51,1
2024-LCS-NWA-,2024-LCS-NWA-070824-003A,7-Aug-24,8,8-Aug-24,St. Clair NWA - East Cell SCU,42.366877,-82.399667,Notemigonus crysoleucas,45,0.68
2024-LCS-NWA-,2024-LCS-NWA-070824-003A,7-Aug-24,8,8-Aug-24,St. Clair NWA - East Cell SCU,42.366877,-82.399667,Notemigonus crysoleucas,51,1.2
2024-LCS-NWA-,2024-LCS-NWA-070824-003A,7-Aug-24,8,8-Aug-24,St. Clair NWA - East Cell SCU,42.366877,-82.399667,Notemigonus crysoleucas,47,0.88
2024-LCS-NWA-,2024-LCS-NWA-070824-003A,7-Aug-24,8,8-Aug-24,St. Clair NWA - East Cell SCU,42.366877,-82.399667,Notemigonus crysoleucas,52,1.02
2024-LCS-NWA-,2024-LCS-NWA-070824-003A,7-Aug-24,8,8-Aug-24,St. Clair NWA - East Cell SCU,42.366877,-82.399667,Notemigonus crysoleucas,47,0.77
2024-LCS-NWA-,2024-LCS-NWA-070824-003A,7-Aug-24,8,8-Aug-24,St. Clair NWA - East Cell SCU,42.366877,-82.399667,Notemigonus crysoleucas,50,1
2024-LCS-NWA-,2024-LCS-NWA-070824-003A,7-Aug-24,8,8-Aug-24,St. Clair NWA - East Cell SCU,42.366877,-82.399667,Notemigonus crysoleucas,54,1.24
2024-LCS-NWA-,2024-LCS-NWA-070824-003A,7-Aug-24,8,8-Aug-24,St. Clair NWA - East Cell SCU,42.366877,-82.399667,Notemigonus crysoleucas,55,1.2
2024-LCS-NWA-,2024-LCS-NWA-070824-003A,7-Aug-24,8,8-Aug-24,St. Clair NWA - East Cell SCU,42.366877,-82.399667,Notemigonus crysoleucas,47,0.78
2024-LCS-NWA-,2024-LCS-NWA-070824-003A,7-Aug-24,8,8-Aug-24,St. Clair NWA - East Cell SCU,42.366877,-82.399667,Notemigonus crysoleucas,49,0.82
2024-LCS-NWA-,2024-LCS-NWA-070824-003A,7-Aug-24,8,8-Aug-24,St. Clair NWA - East Cell SCU,42.366877,-82.399667,Notemigonus crysoleucas,41,0.54
2024-LCS-NWA-,2024-LCS-NWA-070824-003A,7-Aug-24,8,8-Aug-24,St. Clair NWA - East Cell SCU,42.366877,-82.399667,Notemigonus crysoleucas,55,1.3
2024-LCS-NWA-,2024-LCS-NWA-070824-003A,7-Aug-24,8,8-Aug-24,St. Clair NWA - East Cell SCU,42.366877,-82.399667,Notemigonus crysoleucas,50,0.97
2024-LCS-NWA-,2024-LCS-NWA-070824-003A,7-Aug-24,8,8-Aug-24,St. Clair NWA - East Cell SCU,42.366877,-82.399667,Notemigonus crysoleucas,56,1.33
2024-LCS-NWA-,2024-LCS-NWA-070824-003A,7-Aug-24,8,8-Aug-24,St. Clair NWA - East Cell SCU,42.366877,-82.399667,Notemigonus crysoleucas,47,0.83
2024-LCS-NWA-,2024-LCS-NWA-070824-003A,7-Aug-24,8,8-Aug-24,St. Clair NWA - East Cell SCU,42.366877,-82.399667,Notemigonus crysoleucas,50,0.98
2024-LCS-NWA-,2024-LCS-NWA-070824-003A,7-Aug-24,8,8-Aug-24,St. Clair NWA - East Cell SCU,42.366877,-82.399667,Notemigonus crysoleucas,44,0.66
2024-LCS-NWA-,2024-LCS-NWA-070824-003A,7-Aug-24,8,8-Aug-24,St. Clair NWA - East Cell SCU,42.366877,-82.399667,Notemigonus crysoleucas,49,0.94
2024-LCS-NWA-,2024-LCS-NWA-070824-003A,7-Aug-24,8,8-Aug-24,St. Clair NWA - East Cell SCU,42.366877,-82.399667,Notemigonus crysoleucas,51,1.11
2024-LCS-NWA-,2024-LCS-NWA-070824-003A,7-Aug-24,8,8-Aug-24,St. Clair NWA - East Cell SCU,42.366877,-82.399667,Notemigonus crysoleucas,46,0.76
2024-LCS-NWA-,2024-LCS-NWA-070824-003A,7-Aug-24,8,8-Aug-24,St. Clair NWA - East Cell SCU,42.366877,-82.399667,Notemigonus crysoleucas,37,0.46
2024-LCS-NWA-,2024-LCS-NWA-070824-003A,7-Aug-24,8,8-Aug-24,St. Clair NWA - East Cell SCU,42.366877,-82.399667,Notemigonus crysoleucas,52,1.12
2024-LCS-NWA-,2024-LCS-NWA-070824-003A,7-Aug-24,8,8-Aug-24,St. Clair NWA - East Cell SCU,42.366877,-82.399667,Notemigonus crysoleucas,51,0.96
2024-LCS-NWA-,2024-LCS-NWA-070824-003A,7-Aug-24,8,8-Aug-24,St. Clair NWA - East Cell SCU,42.366877,-82.399667,Notemigonus crysoleucas,54,1.07
2024-LCS-NWA-,2024-LCS-NWA-070824-003A,7-Aug-24,8,8-Aug-24,St. Clair NWA - East Cell SCU,42.366877,-82.399667,Notemigonus crysoleucas,45,0.58
2024-LCS-NWA-,2024-LCS-NWA-070824-003A,7-Aug-24,8,8-Aug-24,St. Clair NWA - East Cell SCU,42.366877,-82.399667,Notemigonus crysoleucas,56,1.2
2024-LCS-NWA-,2024-LCS-NWA-070824-003A,7-Aug-24,8,8-Aug-24,St. Clair NWA - East Cell SCU,42.366877,-82.399667,Notemigonus crysoleucas,47,0.89
2024-LCS-NWA-,2024-LCS-NWA-070824-003A,7-Aug-24,8,8-Aug-24,St. Clair NWA - East Cell SCU,42.366877,-82.399667,Notemigonus crysoleucas,44,0.78
2024-LCS-NWA-,2024-LCS-NWA-070824-003A,7-Aug-24,8,8-Aug-24,St. Clair NWA - East Cell SCU,42.366877,-82.399667,Notemigonus crysoleucas,54,1.07
2024-LCS-NWA-,2024-LCS-NWA-070824-003A,7-Aug-24,8,8-Aug-24,St. Clair NWA - East Cell SCU,42.366877,-82.399667,Notemigonus crysoleucas,58,1.4
2024-LCS-NWA-,2024-LCS-NWA-070824-003A,7-Aug-24,8,8-Aug-24,St. Clair NWA - East Cell SCU,42.366877,-82.399667,Notemigonus crysoleucas,47,0.78
2024-LCS-NWA-,2024-LCS-NWA-070824-003A,7-Aug-24,8,8-Aug-24,St. Clair NWA - East Cell SCU,42.366877,-82.399667,Notemigonus crysoleucas,52,1
2024-LCS-NWA-,2024-LCS-NWA-070824-003A,7-Aug-24,8,8-Aug-24,St. Clair NWA - East Cell SCU,42.366877,-82.399667,Notemigonus crysoleucas,49,0.95
2024-LCS-NWA-,2024-LCS-NWA-070824-003A,7-Aug-24,8,8-Aug-24,St. Clair NWA - East Cell SCU,42.366877,-82.399667,Notemigonus crysoleucas,45,0.65
2024-LCS-NWA-,2024-LCS-NWA-070824-003A,7-Aug-24,8,8-Aug-24,St. Clair NWA - East Cell SCU,42.366877,-82.399667,Notemigonus crysoleucas,50,1
2024-LCS-NWA-,2024-LCS-NWA-070824-003A,7-Aug-24,8,8-Aug-24,St. Clair NWA - East Cell SCU,42.366877,-82.399667,Notemigonus crysoleucas,51,1
2024-LCS-NWA-,2024-LCS-NWA-070824-003A,7-Aug-24,8,8-Aug-24,St. Clair NWA - East Cell SCU,42.366877,-82.399667,Notemigonus crysoleucas,52,1.08
2024-LCS-NWA-,2024-LCS-NWA-070824-003A,7-Aug-24,8,8-Aug-24,St. Clair NWA - East Cell SCU,42.366877,-82.399667,Notemigonus crysoleucas,52,1.17
2024-LCS-NWA-,2024-LCS-NWA-070824-003A,7-Aug-24,8,8-Aug-24,St. Clair NWA - East Cell SCU,42.366877,-82.399667,Notemigonus crysoleucas,56,1.17
2024-LCS-NWA-,2024-LCS-NWA-070824-003A,7-Aug-24,8,8-Aug-24,St. Clair NWA - East Cell SCU,42.366877,-82.399667,Notemigonus crysoleucas,52,0.98
2024-LCS-NWA-,2024-LCS-NWA-070824-003A,7-Aug-24,8,8-Aug-24,St. Clair NWA - East Cell SCU,42.366877,-82.399667,Notemigonus crysoleucas,52,1.08
2024-LCS-NWA-,2024-LCS-NWA-070824-003A,7-Aug-24,8,8-Aug-24,St. Clair NWA - East Cell SCU,42.366877,-82.399667,Notemigonus crysoleucas,54,1.19
2024-LCS-NWA-,2024-LCS-NWA-070824-003A,7-Aug-24,8,8-Aug-24,St. Clair NWA - East Cell SCU,42.366877,-82.399667,Notemigonus crysoleucas,54,1.25
2024-LCS-NWA-,2024-LCS-NWA-070824-003A,7-Aug-24,8,8-Aug-24,St. Clair NWA - East Cell SCU,42.366877,-82.399667,Notemigonus crysoleucas,50,0.96
2024-LCS-NWA-,2024-LCS-NWA-070824-003A,7-Aug-24,8,8-Aug-24,St. Clair NWA - East Cell SCU,42.366877,-82.399667,Notemigonus crysoleucas,50,0.89
2024-LCS-NWA-,2024-LCS-NWA-070824-003A,7-Aug-24,8,8-Aug-24,St. Clair NWA - East Cell SCU,42.366877,-82.399667,Notemigonus crysoleucas,50,0.92
2024-LCS-NWA-,2024-LCS-NWA-070824-003A,7-Aug-24,8,8-Aug-24,St. Clair NWA - East Cell SCU,42.366877,-82.399667,Notemigonus crysoleucas,56,1.2
2024-LCS-NWA-,2024-LCS-NWA-070824-003A,7-Aug-24,8,8-Aug-24,St. Clair NWA - East Cell SCU,42.366877,-82.399667,Notemigonus crysoleucas,46,0.74
2024-LCS-NWA-,2024-LCS-NWA-070824-003A,7-Aug-24,8,8-Aug-24,St. Clair NWA - East Cell SCU,42.366877,-82.399667,Lepomis gibbosus,166,104.28
2024-LCS-NWA-,2024-LCS-NWA-070824-003A,7-Aug-24,8,8-Aug-24,St. Clair NWA - East Cell SCU,42.366877,-82.399667,Lepomis gibbosus,78,8.81
2024-LCS-NWA-,2024-LCS-NWA-070824-003A,7-Aug-24,8,8-Aug-24,St. Clair NWA - East Cell SCU,42.366877,-82.399667,Lepomis gibbosus,164,83.28
2024-LCS-NWA-,2024-LCS-NWA-070824-003A,7-Aug-24,8,8-Aug-24,St. Clair NWA - East Cell SCU,42.366877,-82.399667,Lepomis gibbosus,129,41.81
2024-LCS-NWA-,2024-LCS-NWA-070824-003A,7-Aug-24,8,8-Aug-24,St. Clair NWA - East Cell SCU,42.366877,-82.399667,Lepomis gibbosus,73,6.6
2024-LCS-NWA-,2024-LCS-NWA-070824-003A,7-Aug-24,8,8-Aug-24,St. Clair NWA - East Cell SCU,42.366877,-82.399667,Lepomis gibbosus,127,33.98
2024-LCS-NWA-,2024-LCS-NWA-070824-003A,7-Aug-24,8,8-Aug-24,St. Clair NWA - East Cell SCU,42.366877,-82.399667,Lepomis gibbosus,73,6.72
2024-LCS-NWA-,2024-LCS-NWA-070824-003A,7-Aug-24,8,8-Aug-24,St. Clair NWA - East Cell SCU,42.366877,-82.399667,Lepomis gibbosus,76,7.7
2024-LCS-NWA-,2024-LCS-NWA-070824-003A,7-Aug-24,8,8-Aug-24,St. Clair NWA - East Cell SCU,42.366877,-82.399667,Lepomis gibbosus,76,7.74
2024-LCS-NWA-,2024-LCS-NWA-070824-003A,7-Aug-24,8,8-Aug-24,St. Clair NWA - East Cell SCU,42.366877,-82.399667,Lepomis gibbosus,75,7.46
2024-LCS-NWA-,2024-LCS-NWA-070824-003A,7-Aug-24,8,8-Aug-24,St. Clair NWA - East Cell SCU,42.366877,-82.399667,Lepomis gibbosus,82,9.16
2024-LCS-NWA-,2024-LCS-NWA-070824-003A,7-Aug-24,8,8-Aug-24,St. Clair NWA - East Cell SCU,42.366877,-82.399667,Lepomis gibbosus,62,4.21
2024-LCS-NWA-,2024-LCS-NWA-070824-003A,7-Aug-24,8,8-Aug-24,St. Clair NWA - East Cell SCU,42.366877,-82.399667,Lepomis gibbosus,47,1.84
2024-LCS-NWA-,2024-LCS-NWA-070824-003A,7-Aug-24,8,8-Aug-24,St. Clair NWA - East Cell SCU,42.366877,-82.399667,Perca flavescens,86,4.68
2024-LCS-NWA-,2024-LCS-NWA-070824-003A,7-Aug-24,8,8-Aug-24,St. Clair NWA - East Cell SCU,42.366877,-82.399667,Micropterus nigricans,66,4.07
2024-LCS-NWA-,2024-LCS-NWA-070824-003A,7-Aug-24,8,8-Aug-24,St. Clair NWA - East Cell SCU,42.366877,-82.399667,Micropterus nigricans,-1,-1
2024-LCS-NWA-,2024-LCS-NWA-070824-003A,7-Aug-24,8,8-Aug-24,St. Clair NWA - East Cell SCU,42.366877,-82.399667,Micropterus nigricans,63,3.24
2024-LCS-NWA-,2024-LCS-NWA-070824-003A,7-Aug-24,8,8-Aug-24,St. Clair NWA - East Cell SCU,42.366877,-82.399667,Lepomis macrochirus,86,10.08
2024-LCS-NWA-,2024-LCS-NWA-070824-003A,7-Aug-24,8,8-Aug-24,St. Clair NWA - East Cell SCU,42.366877,-82.399667,Lepomis macrochirus,43,1.17
2024-LCS-NWA-,2024-LCS-NWA-070824-003A,7-Aug-24,8,8-Aug-24,St. Clair NWA - East Cell SCU,42.366877,-82.399667,Lepomis macrochirus,42,1.28
2024-LCS-NWA-,2024-LCS-NWA-070824-003A,7-Aug-24,8,8-Aug-24,St. Clair NWA - East Cell SCU,42.366877,-82.399667,Lepomis macrochirus,91,14.2
2024-LCS-NWA-,2024-LCS-NWA-070824-004A,7-Aug-24,8,8-Aug-24,St. Clair NWA - East Cell SCU,42.36479,-82.403185,Micropterus nigricans,68,3.92
2024-LCS-NWA-,2024-LCS-NWA-070824-004A,7-Aug-24,8,8-Aug-24,St. Clair NWA - East Cell SCU,42.36479,-82.403185,Pomoxis nigromaculatus,51,1.52
2024-LCS-NWA-,2024-LCS-NWA-070824-004A,7-Aug-24,8,8-Aug-24,St. Clair NWA - East Cell SCU,42.36479,-82.403185,Pomoxis nigromaculatus,58,2.04
2024-LCS-NWA-,2024-LCS-NWA-070824-004A,7-Aug-24,8,8-Aug-24,St. Clair NWA - East Cell SCU,42.36479,-82.403185,Lepomis gibbosus,102,20.26
2024-LCS-NWA-,2024-LCS-NWA-070824-005A,7-Aug-24,8,8-Aug-24,St. Clair NWA - East Cell SCU,42.363931,-82.40205,Amia ocellicauda,461,910
2024-LCS-NWA-,2024-LCS-NWA-070824-005A,7-Aug-24,8,8-Aug-24,St. Clair NWA - East Cell SCU,42.363931,-82.40205,Amia ocellicauda,497,1220
2024-LCS-NWA-,2024-LCS-NWA-070824-005A,7-Aug-24,8,8-Aug-24,St. Clair NWA - East Cell SCU,42.363931,-82.40205,Micropterus nigricans,70,3.96
2024-LCS-NWA-,2024-LCS-NWA-080824-001A,8-Aug-24,8,9-Aug-24,St. Clair NWA - East Cell SCU,42.361366,-82.405036,Lepomis gibbosus,162,94.12
2024-LCS-NWA-,2024-LCS-NWA-080824-001A,8-Aug-24,8,9-Aug-24,St. Clair NWA - East Cell SCU,42.361366,-82.405036,Lepomis gibbosus,110,26.27
2024-LCS-NWA-,2024-LCS-NWA-080824-001A,8-Aug-24,8,9-Aug-24,St. Clair NWA - East Cell SCU,42.361366,-82.405036,Pomoxis nigromaculatus,67,3.55
2024-LCS-NWA-,2024-LCS-NWA-080824-001A,8-Aug-24,8,9-Aug-24,St. Clair NWA - East Cell SCU,42.361366,-82.405036,Pomoxis nigromaculatus,72,4.18
2024-LCS-NWA-,2024-LCS-NWA-080824-001A,8-Aug-24,8,9-Aug-24,St. Clair NWA - East Cell SCU,42.361366,-82.405036,Lepomis macrochirus,160,79.52
2024-LCS-NWA-,2024-LCS-NWA-080824-001A,8-Aug-24,8,9-Aug-24,St. Clair NWA - East Cell SCU,42.361366,-82.405036,Lepomis macrochirus,101,17.15
2024-LCS-NWA-,2024-LCS-NWA-080824-001A,8-Aug-24,8,9-Aug-24,St. Clair NWA - East Cell SCU,42.361366,-82.405036,Lepomis macrochirus,115,27.27
2024-LCS-NWA-,2024-LCS-NWA-080824-001A,8-Aug-24,8,9-Aug-24,St. Clair NWA - East Cell SCU,42.361366,-82.405036,Lepomis macrochirus,101,19.05
2024-LCS-NWA-,2024-LCS-NWA-080824-001A,8-Aug-24,8,9-Aug-24,St. Clair NWA - East Cell SCU,42.361366,-82.405036,Micropterus nigricans,56,1
2024-LCS-NWA-,2024-LCS-NWA-080824-001A,8-Aug-24,8,9-Aug-24,St. Clair NWA - East Cell SCU,42.361366,-82.405036,Micropterus nigricans,56,1.93
2024-LCS-NWA-,2024-LCS-NWA-080824-002A,8-Aug-24,8,9-Aug-24,St. Clair NWA - East Cell SCU,42.364827,-82.404532,Lepomis gibbosus,115,28.03
2024-LCS-NWA-,2024-LCS-NWA-080824-002A,8-Aug-24,8,9-Aug-24,St. Clair NWA - East Cell SCU,42.364827,-82.404532,Lepomis gibbosus,81,10.12
2024-LCS-NWA-,2024-LCS-NWA-080824-002A,8-Aug-24,8,9-Aug-24,St. Clair NWA - East Cell SCU,42.364827,-82.404532,Lepomis gibbosus,82,10.8
2024-LCS-NWA-,2024-LCS-NWA-080824-002A,8-Aug-24,8,9-Aug-24,St. Clair NWA - East Cell SCU,42.364827,-82.404532,Lepomis gibbosus,83,11.19
2024-LCS-NWA-,2024-LCS-NWA-080824-002A,8-Aug-24,8,9-Aug-24,St. Clair NWA - East Cell SCU,42.364827,-82.404532,Lepomis gibbosus,77,9.26
2024-LCS-NWA-,2024-LCS-NWA-080824-003A,8-Aug-24,8,9-Aug-24,St. Clair NWA - East Cell SCU,42.369024,-82.401962,Micropterus nigricans,66,4.02
2024-LCS-NWA-,2024-LCS-NWA-080824-003A,8-Aug-24,8,9-Aug-24,St. Clair NWA - East Cell SCU,42.369024,-82.401962,Micropterus nigricans,69,3.66
2024-LCS-NWA-,2024-LCS-NWA-080824-003A,8-Aug-24,8,9-Aug-24,St. Clair NWA - East Cell SCU,42.369024,-82.401962,Micropterus nigricans,71,4.41
2024-LCS-NWA-,2024-LCS-NWA-080824-003A,8-Aug-24,8,9-Aug-24,St. Clair NWA - East Cell SCU,42.369024,-82.401962,Micropterus nigricans,56,2.06
2024-LCS-NWA-,2024-LCS-NWA-080824-003A,8-Aug-24,8,9-Aug-24,St. Clair NWA - East Cell SCU,42.369024,-82.401962,Pomoxis nigromaculatus,64,3.28
2024-LCS-NWA-,2024-LCS-NWA-080824-003A,8-Aug-24,8,9-Aug-24,St. Clair NWA - East Cell SCU,42.369024,-82.401962,Pomoxis nigromaculatus,132,29.4
2024-LCS-NWA-,2024-LCS-NWA-080824-003A,8-Aug-24,8,9-Aug-24,St. Clair NWA - East Cell SCU,42.369024,-82.401962,Pomoxis nigromaculatus,255,290
2024-LCS-NWA-,2024-LCS-NWA-080824-003A,8-Aug-24,8,9-Aug-24,St. Clair NWA - East Cell SCU,42.369024,-82.401962,Lepomis gibbosus,122,38.98
2024-LCS-NWA-,2024-LCS-NWA-080824-003A,8-Aug-24,8,9-Aug-24,St. Clair NWA - East Cell SCU,42.369024,-82.401962,Lepomis gibbosus,109,23.73
2024-LCS-NWA-,2024-LCS-NWA-080824-003A,8-Aug-24,8,9-Aug-24,St. Clair NWA - East Cell SCU,42.369024,-82.401962,Notemigonus crysoleucas,86,5.36
2024-LCS-NWA-,2024-LCS-NWA-080824-003A,8-Aug-24,8,9-Aug-24,St. Clair NWA - East Cell SCU,42.369024,-82.401962,Notemigonus crysoleucas,94,6.81
2024-LCS-NWA-,2024-LCS-NWA-080824-004A,8-Aug-24,8,9-Aug-24,St. Clair NWA - East Cell SCU,42.372785,-82.398606,Lepomis gibbosus,183,121.39
2024-LCS-NWA-,2024-LCS-NWA-080824-004A,8-Aug-24,8,9-Aug-24,St. Clair NWA - East Cell SCU,42.372785,-82.398606,Lepomis gibbosus,118,33.06
2024-LCS-NWA-,2024-LCS-NWA-080824-004A,8-Aug-24,8,9-Aug-24,St. Clair NWA - East Cell SCU,42.372785,-82.398606,Lepomis gibbosus,152,69.21
2024-LCS-NWA-,2024-LCS-NWA-080824-004A,8-Aug-24,8,9-Aug-24,St. Clair NWA - East Cell SCU,42.372785,-82.398606,Lepomis gibbosus,160,94.28
2024-LCS-NWA-,2024-LCS-NWA-080824-004A,8-Aug-24,8,9-Aug-24,St. Clair NWA - East Cell SCU,42.372785,-82.398606,Lepomis gibbosus,157,76.63
2024-LCS-NWA-,2024-LCS-NWA-080824-004A,8-Aug-24,8,9-Aug-24,St. Clair NWA - East Cell SCU,42.372785,-82.398606,Lepomis gibbosus,82,9.32
2024-LCS-NWA-,2024-LCS-NWA-080824-004A,8-Aug-24,8,9-Aug-24,St. Clair NWA - East Cell SCU,42.372785,-82.398606,Lepomis gibbosus,148,67.08
2024-LCS-NWA-,2024-LCS-NWA-080824-004A,8-Aug-24,8,9-Aug-24,St. Clair NWA - East Cell SCU,42.372785,-82.398606,Lepomis gibbosus,166,94.84
2024-LCS-NWA-,2024-LCS-NWA-080824-004A,8-Aug-24,8,9-Aug-24,St. Clair NWA - East Cell SCU,42.372785,-82.398606,Esox lucius,365,170
2024-LCS-NWA-,2024-LCS-NWA-080824-004A,8-Aug-24,8,9-Aug-24,St. Clair NWA - East Cell SCU,42.372785,-82.398606,Micropterus nigricans,75,5.63
2024-LCS-NWA-,2024-LCS-NWA-080824-004A,8-Aug-24,8,9-Aug-24,St. Clair NWA - East Cell SCU,42.372785,-82.398606,Micropterus nigricans,60,2.85
2024-LCS-NWA-,2024-LCS-NWA-080824-005A,8-Aug-24,8,9-Aug-24,St. Clair NWA - East Cell SCU,42.37711,-82.400437,Amia ocellicauda,415,590
2024-LCS-NWA-,2024-LCS-NWA-080824-005A,8-Aug-24,8,9-Aug-24,St. Clair NWA - East Cell SCU,42.37711,-82.400437,Lepomis gibbosus,126,36.16
2024-LCS-NWA-,2024-LCS-NWA-080824-005A,8-Aug-24,8,9-Aug-24,St. Clair NWA - East Cell SCU,42.37711,-82.400437,Lepomis gibbosus,166,103.25
2024-LCS-NWA-,2024-LCS-NWA-080824-005A,8-Aug-24,8,9-Aug-24,St. Clair NWA - East Cell SCU,42.37711,-82.400437,Lepomis gibbosus,134,53.16
2024-LCS-NWA-,2024-LCS-NWA-080824-005A,8-Aug-24,8,9-Aug-24,St. Clair NWA - East Cell SCU,42.37711,-82.400437,Lepomis gibbosus,131,40.29
2024-LCS-NWA-,2024-LCS-NWA-080824-005A,8-Aug-24,8,9-Aug-24,St. Clair NWA - East Cell SCU,42.37711,-82.400437,Lepomis gibbosus,117,32.61
2024-LCS-NWA-,2024-LCS-NWA-080824-005A,8-Aug-24,8,9-Aug-24,St. Clair NWA - East Cell SCU,42.37711,-82.400437,Lepomis gibbosus,126,40.13
2024-LCS-NWA-,2024-LCS-NWA-080824-005A,8-Aug-24,8,9-Aug-24,St. Clair NWA - East Cell SCU,42.37711,-82.400437,Lepomis gibbosus,32,0.67
2024-LCS-NWA-,2024-LCS-NWA-080824-005A,8-Aug-24,8,9-Aug-24,St. Clair NWA - East Cell SCU,42.37711,-82.400437,Lepomis gibbosus,36,1
2024-LCS-NWA-,2024-LCS-NWA-080824-005A,8-Aug-24,8,9-Aug-24,St. Clair NWA - East Cell SCU,42.37711,-82.400437,Lepomis macrochirus,104,23
2024-LCS-NWA-,2024-LCS-NWA-080824-005A,8-Aug-24,8,9-Aug-24,St. Clair NWA - East Cell SCU,42.37711,-82.400437,Lepomis macrochirus,175,86.1
2024-LCS-NWA-,2024-LCS-NWA-080824-005A,8-Aug-24,8,9-Aug-24,St. Clair NWA - East Cell SCU,42.37711,-82.400437,Lepomis macrochirus,82,10.43
2024-LCS-NWA-,2024-LCS-NWA-080824-005A,8-Aug-24,8,9-Aug-24,St. Clair NWA - East Cell SCU,42.37711,-82.400437,Pomoxis nigromaculatus,241,240
2024-LCS-NWA-,2024-LCS-NWA-080824-005A,8-Aug-24,8,9-Aug-24,St. Clair NWA - East Cell SCU,42.37711,-82.400437,Pomoxis nigromaculatus,221,180
2024-LCS-NWA-,2024-LCS-NWA-080824-005A,8-Aug-24,8,9-Aug-24,St. Clair NWA - East Cell SCU,42.37711,-82.400437,Pomoxis nigromaculatus,251,240
2024-LCS-NWA-,2024-LCS-NWA-080824-005A,8-Aug-24,8,9-Aug-24,St. Clair NWA - East Cell SCU,42.37711,-82.400437,Micropterus nigricans,170,60.78
2024-LCS-NWA-,2024-LCS-NWA-120824-001A,12-Aug-24,8,13-Aug-24,St. Clair NWA - East Cell SCU,42.371916,-82.392917,Micropterus nigricans,59,2.6
2024-LCS-NWA-,2024-LCS-NWA-120824-001A,12-Aug-24,8,13-Aug-24,St. Clair NWA - East Cell SCU,42.371916,-82.392917,Micropterus nigricans,66,3.3
2024-LCS-NWA-,2024-LCS-NWA-120824-001A,12-Aug-24,8,13-Aug-24,St. Clair NWA - East Cell SCU,42.371916,-82.392917,Micropterus nigricans,69,3.8
2024-LCS-NWA-,2024-LCS-NWA-120824-001A,12-Aug-24,8,13-Aug-24,St. Clair NWA - East Cell SCU,42.371916,-82.392917,Micropterus nigricans,64,3.35
2024-LCS-NWA-,2024-LCS-NWA-120824-001A,12-Aug-24,8,13-Aug-24,St. Clair NWA - East Cell SCU,42.371916,-82.392917,Micropterus nigricans,60,3.9
2024-LCS-NWA-,2024-LCS-NWA-120824-001A,12-Aug-24,8,13-Aug-24,St. Clair NWA - East Cell SCU,42.371916,-82.392917,Micropterus nigricans,51,1.9
2024-LCS-NWA-,2024-LCS-NWA-120824-001A,12-Aug-24,8,13-Aug-24,St. Clair NWA - East Cell SCU,42.371916,-82.392917,Lepomis gibbosus,144,62.95
2024-LCS-NWA-,2024-LCS-NWA-120824-001A,12-Aug-24,8,13-Aug-24,St. Clair NWA - East Cell SCU,42.371916,-82.392917,Lepomis gibbosus,70,5.6
2024-LCS-NWA-,2024-LCS-NWA-120824-001A,12-Aug-24,8,13-Aug-24,St. Clair NWA - East Cell SCU,42.371916,-82.392917,Lepomis gibbosus,119,34
2024-LCS-NWA-,2024-LCS-NWA-120824-001A,12-Aug-24,8,13-Aug-24,St. Clair NWA - East Cell SCU,42.371916,-82.392917,Lepomis gibbosus,73,6.71
2024-LCS-NWA-,2024-LCS-NWA-120824-001A,12-Aug-24,8,13-Aug-24,St. Clair NWA - East Cell SCU,42.371916,-82.392917,Lepomis gibbosus,118,30.7
2024-LCS-NWA-,2024-LCS-NWA-120824-001A,12-Aug-24,8,13-Aug-24,St. Clair NWA - East Cell SCU,42.371916,-82.392917,Lepomis gibbosus,77,8.76
2024-LCS-NWA-,2024-LCS-NWA-120824-001A,12-Aug-24,8,13-Aug-24,St. Clair NWA - East Cell SCU,42.371916,-82.392917,Lepomis gibbosus,82,9.11
2024-LCS-NWA-,2024-LCS-NWA-120824-001A,12-Aug-24,8,13-Aug-24,St. Clair NWA - East Cell SCU,42.371916,-82.392917,Lepomis gibbosus,117,30
2024-LCS-NWA-,2024-LCS-NWA-120824-001A,12-Aug-24,8,13-Aug-24,St. Clair NWA - East Cell SCU,42.371916,-82.392917,Lepomis gibbosus,83,10.4
2024-LCS-NWA-,2024-LCS-NWA-120824-001A,12-Aug-24,8,13-Aug-24,St. Clair NWA - East Cell SCU,42.371916,-82.392917,Lepomis gibbosus,79,8.22
2024-LCS-NWA-,2024-LCS-NWA-120824-001A,12-Aug-24,8,13-Aug-24,St. Clair NWA - East Cell SCU,42.371916,-82.392917,Pomoxis nigromaculatus,192,119.2
2024-LCS-NWA-,2024-LCS-NWA-120824-001A,12-Aug-24,8,13-Aug-24,St. Clair NWA - East Cell SCU,42.371916,-82.392917,Pomoxis nigromaculatus,151,49.63
2024-LCS-NWA-,2024-LCS-NWA-120824-001A,12-Aug-24,8,13-Aug-24,St. Clair NWA - East Cell SCU,42.371916,-82.392917,Pomoxis nigromaculatus,114,40.2
2024-LCS-NWA-,2024-LCS-NWA-120824-001A,12-Aug-24,8,13-Aug-24,St. Clair NWA - East Cell SCU,42.371916,-82.392917,Pomoxis nigromaculatus,63,3.4
2024-LCS-NWA-,2024-LCS-NWA-120824-001A,12-Aug-24,8,13-Aug-24,St. Clair NWA - East Cell SCU,42.371916,-82.392917,Lepomis macrochirus,30,0.3
2024-LCS-NWA-,2024-LCS-NWA-120824-001A,12-Aug-24,8,13-Aug-24,St. Clair NWA - East Cell SCU,42.371916,-82.392917,Lepomis macrochirus,43,1.22
2024-LCS-NWA-,2024-LCS-NWA-120824-001A,12-Aug-24,8,13-Aug-24,St. Clair NWA - East Cell SCU,42.371916,-82.392917,Lepomis macrochirus,115,28.9
2024-LCS-NWA-,2024-LCS-NWA-120824-001A,12-Aug-24,8,13-Aug-24,St. Clair NWA - East Cell SCU,42.371916,-82.392917,Lepomis macrochirus,41,1.17
2024-LCS-NWA-,2024-LCS-NWA-120824-001A,12-Aug-24,8,13-Aug-24,St. Clair NWA - East Cell SCU,42.371916,-82.392917,Lepomis macrochirus,76,7.6
2024-LCS-NWA-,2024-LCS-NWA-120824-001A,12-Aug-24,8,13-Aug-24,St. Clair NWA - East Cell SCU,42.371916,-82.392917,Lepomis macrochirus,80,8.55
2024-LCS-NWA-,2024-LCS-NWA-120824-001A,12-Aug-24,8,13-Aug-24,St. Clair NWA - East Cell SCU,42.371916,-82.392917,Lepomis macrochirus,72,6.4
2024-LCS-NWA-,2024-LCS-NWA-120824-001A,12-Aug-24,8,13-Aug-24,St. Clair NWA - East Cell SCU,42.371916,-82.392917,Lepomis macrochirus,39,1.02
2024-LCS-NWA-,2024-LCS-NWA-120824-001A,12-Aug-24,8,13-Aug-24,St. Clair NWA - East Cell SCU,42.371916,-82.392917,Notemigonus crysoleucas,96,7
2024-LCS-NWA-,2024-LCS-NWA-120824-001A,12-Aug-24,8,13-Aug-24,St. Clair NWA - East Cell SCU,42.371916,-82.392917,Notemigonus crysoleucas,49,0.8
2024-LCS-NWA-,2024-LCS-NWA-120824-001A,12-Aug-24,8,13-Aug-24,St. Clair NWA - East Cell SCU,42.371916,-82.392917,Notemigonus crysoleucas,49,0.87
2024-LCS-NWA-,2024-LCS-NWA-120824-001A,12-Aug-24,8,13-Aug-24,St. Clair NWA - East Cell SCU,42.371916,-82.392917,Notemigonus crysoleucas,45,0.6
2024-LCS-NWA-,2024-LCS-NWA-120824-001A,12-Aug-24,8,13-Aug-24,St. Clair NWA - East Cell SCU,42.371916,-82.392917,Notemigonus crysoleucas,46,0.66
2024-LCS-NWA-,2024-LCS-NWA-120824-001A,12-Aug-24,8,13-Aug-24,St. Clair NWA - East Cell SCU,42.371916,-82.392917,Notemigonus crysoleucas,43,1
2024-LCS-NWA-,2024-LCS-NWA-120824-001A,12-Aug-24,8,13-Aug-24,St. Clair NWA - East Cell SCU,42.371916,-82.392917,Notemigonus crysoleucas,48,0.7
2024-LCS-NWA-,2024-LCS-NWA-120824-001A,12-Aug-24,8,13-Aug-24,St. Clair NWA - East Cell SCU,42.371916,-82.392917,Notemigonus crysoleucas,56,1.25
2024-LCS-NWA-,2024-LCS-NWA-120824-001A,12-Aug-24,8,13-Aug-24,St. Clair NWA - East Cell SCU,42.371916,-82.392917,Notemigonus crysoleucas,50,0.9
2024-LCS-NWA-,2024-LCS-NWA-120824-001A,12-Aug-24,8,13-Aug-24,St. Clair NWA - East Cell SCU,42.371916,-82.392917,Notemigonus crysoleucas,59,1.5
2024-LCS-NWA-,2024-LCS-NWA-120824-001A,12-Aug-24,8,13-Aug-24,St. Clair NWA - East Cell SCU,42.371916,-82.392917,Notemigonus crysoleucas,49,0.91
2024-LCS-NWA-,2024-LCS-NWA-120824-001A,12-Aug-24,8,13-Aug-24,St. Clair NWA - East Cell SCU,42.371916,-82.392917,Notemigonus crysoleucas,53,1
2024-LCS-NWA-,2024-LCS-NWA-120824-001A,12-Aug-24,8,13-Aug-24,St. Clair NWA - East Cell SCU,42.371916,-82.392917,Notemigonus crysoleucas,51,0.96
2024-LCS-NWA-,2024-LCS-NWA-120824-001A,12-Aug-24,8,13-Aug-24,St. Clair NWA - East Cell SCU,42.371916,-82.392917,Notemigonus crysoleucas,51,0.7
2024-LCS-NWA-,2024-LCS-NWA-120824-001A,12-Aug-24,8,13-Aug-24,St. Clair NWA - East Cell SCU,42.371916,-82.392917,Notemigonus crysoleucas,59,1.46
2024-LCS-NWA-,2024-LCS-NWA-120824-001A,12-Aug-24,8,13-Aug-24,St. Clair NWA - East Cell SCU,42.371916,-82.392917,Notemigonus crysoleucas,54,1.2
2024-LCS-NWA-,2024-LCS-NWA-120824-001A,12-Aug-24,8,13-Aug-24,St. Clair NWA - East Cell SCU,42.371916,-82.392917,Notemigonus crysoleucas,47,0.68
2024-LCS-NWA-,2024-LCS-NWA-120824-001A,12-Aug-24,8,13-Aug-24,St. Clair NWA - East Cell SCU,42.371916,-82.392917,Notemigonus crysoleucas,52,1
2024-LCS-NWA-,2024-LCS-NWA-120824-001A,12-Aug-24,8,13-Aug-24,St. Clair NWA - East Cell SCU,42.371916,-82.392917,Notemigonus crysoleucas,50,0.9
2024-LCS-NWA-,2024-LCS-NWA-120824-001A,12-Aug-24,8,13-Aug-24,St. Clair NWA - East Cell SCU,42.371916,-82.392917,Notemigonus crysoleucas,51,1.08
2024-LCS-NWA-,2024-LCS-NWA-120824-001A,12-Aug-24,8,13-Aug-24,St. Clair NWA - East Cell SCU,42.371916,-82.392917,Notemigonus crysoleucas,57,1.5
2024-LCS-NWA-,2024-LCS-NWA-120824-001A,12-Aug-24,8,13-Aug-24,St. Clair NWA - East Cell SCU,42.371916,-82.392917,Notemigonus crysoleucas,49,0.8
2024-LCS-NWA-,2024-LCS-NWA-120824-001A,12-Aug-24,8,13-Aug-24,St. Clair NWA - East Cell SCU,42.371916,-82.392917,Notemigonus crysoleucas,50,0.88
2024-LCS-NWA-,2024-LCS-NWA-120824-001A,12-Aug-24,8,13-Aug-24,St. Clair NWA - East Cell SCU,42.371916,-82.392917,Notemigonus crysoleucas,51,1.1
2024-LCS-NWA-,2024-LCS-NWA-120824-001A,12-Aug-24,8,13-Aug-24,St. Clair NWA - East Cell SCU,42.371916,-82.392917,Notemigonus crysoleucas,59,1.57
2024-LCS-NWA-,2024-LCS-NWA-120824-001A,12-Aug-24,8,13-Aug-24,St. Clair NWA - East Cell SCU,42.371916,-82.392917,Notemigonus crysoleucas,51,1
2024-LCS-NWA-,2024-LCS-NWA-120824-001A,12-Aug-24,8,13-Aug-24,St. Clair NWA - East Cell SCU,42.371916,-82.392917,Notemigonus crysoleucas,59,1.7
2024-LCS-NWA-,2024-LCS-NWA-120824-001A,12-Aug-24,8,13-Aug-24,St. Clair NWA - East Cell SCU,42.371916,-82.392917,Notemigonus crysoleucas,49,0.76
2024-LCS-NWA-,2024-LCS-NWA-120824-002A,12-Aug-24,8,13-Aug-24,St. Clair NWA - East Cell SCU,42.374237,-82.394518,Micropterus nigricans,77,5.34
2024-LCS-NWA-,2024-LCS-NWA-120824-002A,12-Aug-24,8,13-Aug-24,St. Clair NWA - East Cell SCU,42.374237,-82.394518,Pomoxis nigromaculatus,137,38.2
2024-LCS-NWA-,2024-LCS-NWA-120824-002A,12-Aug-24,8,13-Aug-24,St. Clair NWA - East Cell SCU,42.374237,-82.394518,Umbra limi,57,2.2
2024-LCS-NWA-,2024-LCS-NWA-120824-002A,12-Aug-24,8,13-Aug-24,St. Clair NWA - East Cell SCU,42.374237,-82.394518,Lepomis gibbosus,77,8.11
2024-LCS-NWA-,2024-LCS-NWA-120824-002A,12-Aug-24,8,13-Aug-24,St. Clair NWA - East Cell SCU,42.374237,-82.394518,Lepomis gibbosus,70,6.31
2024-LCS-NWA-,2024-LCS-NWA-120824-002A,12-Aug-24,8,13-Aug-24,St. Clair NWA - East Cell SCU,42.374237,-82.394518,Lepomis gibbosus,41,1.3
2024-LCS-NWA-,2024-LCS-NWA-120824-002A,12-Aug-24,8,13-Aug-24,St. Clair NWA - East Cell SCU,42.374237,-82.394518,Lepomis gibbosus,38,0.8
2024-LCS-NWA-,2024-LCS-NWA-120824-003A,12-Aug-24,8,13-Aug-24,St. Clair NWA - East Cell SCU,42.37547,-82.396361,Esox lucius,480,550
2024-LCS-NWA-,2024-LCS-NWA-120824-003A,12-Aug-24,8,13-Aug-24,St. Clair NWA - East Cell SCU,42.37547,-82.396361,Amia ocellicauda,513,1120
2024-LCS-NWA-,2024-LCS-NWA-120824-003A,12-Aug-24,8,13-Aug-24,St. Clair NWA - East Cell SCU,42.37547,-82.396361,Amia ocellicauda,460,710
2024-LCS-NWA-,2024-LCS-NWA-120824-003A,12-Aug-24,8,13-Aug-24,St. Clair NWA - East Cell SCU,42.37547,-82.396361,Umbra limi,57,2.26
2024-LCS-NWA-,2024-LCS-NWA-120824-003A,12-Aug-24,8,13-Aug-24,St. Clair NWA - East Cell SCU,42.37547,-82.396361,Umbra limi,84,6.05
2024-LCS-NWA-,2024-LCS-NWA-120824-003A,12-Aug-24,8,13-Aug-24,St. Clair NWA - East Cell SCU,42.37547,-82.396361,Umbra limi,56,1.91
2024-LCS-NWA-,2024-LCS-NWA-120824-004A,12-Aug-24,8,13-Aug-24,St. Clair NWA - East Cell SCU,42.376258,-82.397039,Lepomis macrochirus,46,1.5
2024-LCS-NWA-,2024-LCS-NWA-120824-004A,12-Aug-24,8,13-Aug-24,St. Clair NWA - East Cell SCU,42.376258,-82.397039,Lepomis macrochirus,38,0.8
2024-LCS-NWA-,2024-LCS-NWA-120824-004A,12-Aug-24,8,13-Aug-24,St. Clair NWA - East Cell SCU,42.376258,-82.397039,Lepomis macrochirus,60,5.02
2024-LCS-NWA-,2024-LCS-NWA-120824-004A,12-Aug-24,8,13-Aug-24,St. Clair NWA - East Cell SCU,42.376258,-82.397039,Lepomis macrochirus,46,1.6
2024-LCS-NWA-,2024-LCS-NWA-120824-004A,12-Aug-24,8,13-Aug-24,St. Clair NWA - East Cell SCU,42.376258,-82.397039,Lepomis macrochirus,37,0.7
2024-LCS-NWA-,2024-LCS-NWA-120824-004A,12-Aug-24,8,13-Aug-24,St. Clair NWA - East Cell SCU,42.376258,-82.397039,Lepomis gibbosus,129,40
2024-LCS-NWA-,2024-LCS-NWA-120824-004A,12-Aug-24,8,13-Aug-24,St. Clair NWA - East Cell SCU,42.376258,-82.397039,Lepomis gibbosus,96,16.98
2024-LCS-NWA-,2024-LCS-NWA-120824-004A,12-Aug-24,8,13-Aug-24,St. Clair NWA - East Cell SCU,42.376258,-82.397039,Lepomis gibbosus,112,27.4
2024-LCS-NWA-,2024-LCS-NWA-120824-004A,12-Aug-24,8,13-Aug-24,St. Clair NWA - East Cell SCU,42.376258,-82.397039,Lepomis gibbosus,79,9.34
2024-LCS-NWA-,2024-LCS-NWA-120824-004A,12-Aug-24,8,13-Aug-24,St. Clair NWA - East Cell SCU,42.376258,-82.397039,Lepomis gibbosus,46,1.6
2024-LCS-NWA-,2024-LCS-NWA-120824-004A,12-Aug-24,8,13-Aug-24,St. Clair NWA - East Cell SCU,42.376258,-82.397039,Lepomis gibbosus,37,0.85
2024-LCS-NWA-,2024-LCS-NWA-120824-004A,12-Aug-24,8,13-Aug-24,St. Clair NWA - East Cell SCU,42.376258,-82.397039,Lepomis gibbosus,46,1.5
2024-LCS-NWA-,2024-LCS-NWA-120824-004A,12-Aug-24,8,13-Aug-24,St. Clair NWA - East Cell SCU,42.376258,-82.397039,Pomoxis nigromaculatus,66,3.3
2024-LCS-NWA-,2024-LCS-NWA-120824-004A,12-Aug-24,8,13-Aug-24,St. Clair NWA - East Cell SCU,42.376258,-82.397039,Pomoxis nigromaculatus,66,3.52
2024-LCS-NWA-,2024-LCS-NWA-120824-004A,12-Aug-24,8,13-Aug-24,St. Clair NWA - East Cell SCU,42.376258,-82.397039,Pomoxis nigromaculatus,66,3.4
2024-LCS-NWA-,2024-LCS-NWA-120824-004A,12-Aug-24,8,13-Aug-24,St. Clair NWA - East Cell SCU,42.376258,-82.397039,Micropterus nigricans,63,2.8
2024-LCS-NWA-,2024-LCS-NWA-120824-004A,12-Aug-24,8,13-Aug-24,St. Clair NWA - East Cell SCU,42.376258,-82.397039,Micropterus nigricans,66,3.06
2024-LCS-NWA-,2024-LCS-NWA-120824-004A,12-Aug-24,8,13-Aug-24,St. Clair NWA - East Cell SCU,42.376258,-82.397039,Micropterus nigricans,80,6.9
2024-LCS-NWA-,2024-LCS-NWA-120824-005A,12-Aug-24,8,13-Aug-24,St. Clair NWA - East Cell SCU,42.375002,-82.397902,Amia ocellicauda,385,450
2024-LCS-NWA-,2024-LCS-NWA-120824-005A,12-Aug-24,8,13-Aug-24,St. Clair NWA - East Cell SCU,42.375002,-82.397902,Umbra limi,75,5.52
2024-LCS-NWA-,2024-LCS-NWA-120824-005A,12-Aug-24,8,13-Aug-24,St. Clair NWA - East Cell SCU,42.375002,-82.397902,Micropterus nigricans,64,3.2
2024-LCS-NWA-,2024-LCS-NWA-120824-005A,12-Aug-24,8,13-Aug-24,St. Clair NWA - East Cell SCU,42.375002,-82.397902,Micropterus nigricans,64,3.1
2024-LCS-NWA-,2024-LCS-NWA-120824-005A,12-Aug-24,8,13-Aug-24,St. Clair NWA - East Cell SCU,42.375002,-82.397902,Pomoxis nigromaculatus,65,3.47
2024-LCS-NWA-,2024-LCS-NWA-120824-005A,12-Aug-24,8,13-Aug-24,St. Clair NWA - East Cell SCU,42.375002,-82.397902,Lepomis gibbosus,119,34
2024-LCS-NWA-,2024-LCS-NWA-130824-001A,13-Aug-24,8,14-Aug-24,St. Clair NWA - East Cell SCU,42.370518,-82.399453,Amia ocellicauda,467,870
2024-LCS-NWA-,2024-LCS-NWA-130824-001A,13-Aug-24,8,14-Aug-24,St. Clair NWA - East Cell SCU,42.370518,-82.399453,Amia ocellicauda,429,600
2024-LCS-NWA-,2024-LCS-NWA-130824-001A,13-Aug-24,8,14-Aug-24,St. Clair NWA - East Cell SCU,42.370518,-82.399453,Amia ocellicauda,500,1120
2024-LCS-NWA-,2024-LCS-NWA-130824-001A,13-Aug-24,8,14-Aug-24,St. Clair NWA - East Cell SCU,42.370518,-82.399453,Amia ocellicauda,415,540
2024-LCS-NWA-,2024-LCS-NWA-130824-001A,13-Aug-24,8,14-Aug-24,St. Clair NWA - East Cell SCU,42.370518,-82.399453,Amia ocellicauda,451,750
2024-LCS-NWA-,2024-LCS-NWA-130824-001A,13-Aug-24,8,14-Aug-24,St. Clair NWA - East Cell SCU,42.370518,-82.399453,Amia ocellicauda,509,1110
2024-LCS-NWA-,2024-LCS-NWA-130824-001A,13-Aug-24,8,14-Aug-24,St. Clair NWA - East Cell SCU,42.370518,-82.399453,Amia ocellicauda,440,740
2024-LCS-NWA-,2024-LCS-NWA-130824-001A,13-Aug-24,8,14-Aug-24,St. Clair NWA - East Cell SCU,42.370518,-82.399453,Umbra limi,27,0.2
2024-LCS-NWA-,2024-LCS-NWA-130824-001A,13-Aug-24,8,14-Aug-24,St. Clair NWA - East Cell SCU,42.370518,-82.399453,Pomoxis nigromaculatus,61,2.64
2024-LCS-NWA-,2024-LCS-NWA-130824-001A,13-Aug-24,8,14-Aug-24,St. Clair NWA - East Cell SCU,42.370518,-82.399453,Pomoxis nigromaculatus,65,3.5
2024-LCS-NWA-,2024-LCS-NWA-130824-001A,13-Aug-24,8,14-Aug-24,St. Clair NWA - East Cell SCU,42.370518,-82.399453,Pomoxis nigromaculatus,69,4.2
2024-LCS-NWA-,2024-LCS-NWA-130824-001A,13-Aug-24,8,14-Aug-24,St. Clair NWA - East Cell SCU,42.370518,-82.399453,Notemigonus crysoleucas,57,1.3
2024-LCS-NWA-,2024-LCS-NWA-130824-001A,13-Aug-24,8,14-Aug-24,St. Clair NWA - East Cell SCU,42.370518,-82.399453,Notemigonus crysoleucas,52,1
2024-LCS-NWA-,2024-LCS-NWA-130824-001A,13-Aug-24,8,14-Aug-24,St. Clair NWA - East Cell SCU,42.370518,-82.399453,Micropterus nigricans,83,6.6
2024-LCS-NWA-,2024-LCS-NWA-130824-001A,13-Aug-24,8,14-Aug-24,St. Clair NWA - East Cell SCU,42.370518,-82.399453,Micropterus nigricans,66,3.5
2024-LCS-NWA-,2024-LCS-NWA-130824-001A,13-Aug-24,8,14-Aug-24,St. Clair NWA - East Cell SCU,42.370518,-82.399453,Micropterus nigricans,61,2.51
2024-LCS-NWA-,2024-LCS-NWA-130824-002A,13-Aug-24,8,14-Aug-24,St. Clair NWA - East Cell SCU,42.371269,-82.397413,Micropterus nigricans,75,5.5
2024-LCS-NWA-,2024-LCS-NWA-130824-002A,13-Aug-24,8,14-Aug-24,St. Clair NWA - East Cell SCU,42.371269,-82.397413,Micropterus nigricans,70,4.03
2024-LCS-NWA-,2024-LCS-NWA-130824-002A,13-Aug-24,8,14-Aug-24,St. Clair NWA - East Cell SCU,42.371269,-82.397413,Micropterus nigricans,60,2.83
2024-LCS-NWA-,2024-LCS-NWA-130824-002A,13-Aug-24,8,14-Aug-24,St. Clair NWA - East Cell SCU,42.371269,-82.397413,Micropterus nigricans,66,3.4
2024-LCS-NWA-,2024-LCS-NWA-130824-002A,13-Aug-24,8,14-Aug-24,St. Clair NWA - East Cell SCU,42.371269,-82.397413,Micropterus nigricans,80,7.48
2024-LCS-NWA-,2024-LCS-NWA-130824-002A,13-Aug-24,8,14-Aug-24,St. Clair NWA - East Cell SCU,42.371269,-82.397413,Micropterus nigricans,90,8.3
2024-LCS-NWA-,2024-LCS-NWA-130824-002A,13-Aug-24,8,14-Aug-24,St. Clair NWA - East Cell SCU,42.371269,-82.397413,Micropterus nigricans,64,3.1
2024-LCS-NWA-,2024-LCS-NWA-130824-002A,13-Aug-24,8,14-Aug-24,St. Clair NWA - East Cell SCU,42.371269,-82.397413,Micropterus nigricans,59,2.29
2024-LCS-NWA-,2024-LCS-NWA-130824-002A,13-Aug-24,8,14-Aug-24,St. Clair NWA - East Cell SCU,42.371269,-82.397413,Micropterus nigricans,75,5.1
2024-LCS-NWA-,2024-LCS-NWA-130824-002A,13-Aug-24,8,14-Aug-24,St. Clair NWA - East Cell SCU,42.371269,-82.397413,Micropterus nigricans,66,3.35
2024-LCS-NWA-,2024-LCS-NWA-130824-002A,13-Aug-24,8,14-Aug-24,St. Clair NWA - East Cell SCU,42.371269,-82.397413,Micropterus nigricans,67,3.6
2024-LCS-NWA-,2024-LCS-NWA-130824-002A,13-Aug-24,8,14-Aug-24,St. Clair NWA - East Cell SCU,42.371269,-82.397413,Micropterus nigricans,52,1.88
2024-LCS-NWA-,2024-LCS-NWA-130824-002A,13-Aug-24,8,14-Aug-24,St. Clair NWA - East Cell SCU,42.371269,-82.397413,Micropterus nigricans,68,3.5
2024-LCS-NWA-,2024-LCS-NWA-130824-002A,13-Aug-24,8,14-Aug-24,St. Clair NWA - East Cell SCU,42.371269,-82.397413,Lepomis gibbosus,120,28.9
2024-LCS-NWA-,2024-LCS-NWA-130824-002A,13-Aug-24,8,14-Aug-24,St. Clair NWA - East Cell SCU,42.371269,-82.397413,Lepomis gibbosus,48,2.08
2024-LCS-NWA-,2024-LCS-NWA-130824-002A,13-Aug-24,8,14-Aug-24,St. Clair NWA - East Cell SCU,42.371269,-82.397413,Lepomis gibbosus,44,1.5
2024-LCS-NWA-,2024-LCS-NWA-130824-002A,13-Aug-24,8,14-Aug-24,St. Clair NWA - East Cell SCU,42.371269,-82.397413,Lepomis gibbosus,76,7.32
2024-LCS-NWA-,2024-LCS-NWA-130824-002A,13-Aug-24,8,14-Aug-24,St. Clair NWA - East Cell SCU,42.371269,-82.397413,Lepomis gibbosus,45,1.4
2024-LCS-NWA-,2024-LCS-NWA-130824-002A,13-Aug-24,8,14-Aug-24,St. Clair NWA - East Cell SCU,42.371269,-82.397413,Lepomis gibbosus,79,9.17
2024-LCS-NWA-,2024-LCS-NWA-130824-002A,13-Aug-24,8,14-Aug-24,St. Clair NWA - East Cell SCU,42.371269,-82.397413,Lepomis gibbosus,76,7.5
2024-LCS-NWA-,2024-LCS-NWA-130824-002A,13-Aug-24,8,14-Aug-24,St. Clair NWA - East Cell SCU,42.371269,-82.397413,Lepomis gibbosus,73,7.24
2024-LCS-NWA-,2024-LCS-NWA-130824-002A,13-Aug-24,8,14-Aug-24,St. Clair NWA - East Cell SCU,42.371269,-82.397413,Lepomis gibbosus,67,5
2024-LCS-NWA-,2024-LCS-NWA-130824-002A,13-Aug-24,8,14-Aug-24,St. Clair NWA - East Cell SCU,42.371269,-82.397413,Lepomis gibbosus,49,1.91
2024-LCS-NWA-,2024-LCS-NWA-130824-002A,13-Aug-24,8,14-Aug-24,St. Clair NWA - East Cell SCU,42.371269,-82.397413,Lepomis gibbosus,38,1.8
2024-LCS-NWA-,2024-LCS-NWA-130824-002A,13-Aug-24,8,14-Aug-24,St. Clair NWA - East Cell SCU,42.371269,-82.397413,Lepomis gibbosus,37,0.94
2024-LCS-NWA-,2024-LCS-NWA-130824-002A,13-Aug-24,8,14-Aug-24,St. Clair NWA - East Cell SCU,42.371269,-82.397413,Lepomis gibbosus,40,1.1
2024-LCS-NWA-,2024-LCS-NWA-130824-002A,13-Aug-24,8,14-Aug-24,St. Clair NWA - East Cell SCU,42.371269,-82.397413,Notemigonus crysoleucas,63,1.98
2024-LCS-NWA-,2024-LCS-NWA-130824-002A,13-Aug-24,8,14-Aug-24,St. Clair NWA - East Cell SCU,42.371269,-82.397413,Notemigonus crysoleucas,55,1.1
2024-LCS-NWA-,2024-LCS-NWA-130824-002A,13-Aug-24,8,14-Aug-24,St. Clair NWA - East Cell SCU,42.371269,-82.397413,Notemigonus crysoleucas,50,0.9
2024-LCS-NWA-,2024-LCS-NWA-130824-002A,13-Aug-24,8,14-Aug-24,St. Clair NWA - East Cell SCU,42.371269,-82.397413,Notemigonus crysoleucas,43,0.53
2024-LCS-NWA-,2024-LCS-NWA-130824-002A,13-Aug-24,8,14-Aug-24,St. Clair NWA - East Cell SCU,42.371269,-82.397413,Pomoxis nigromaculatus,64,3.3
2024-LCS-NWA-,2024-LCS-NWA-130824-002A,13-Aug-24,8,14-Aug-24,St. Clair NWA - East Cell SCU,42.371269,-82.397413,Pomoxis nigromaculatus,62,2.67
2024-LCS-NWA-,2024-LCS-NWA-130824-002A,13-Aug-24,8,14-Aug-24,St. Clair NWA - East Cell SCU,42.371269,-82.397413,Umbra limi,43,0.87
2024-LCS-NWA-,2024-LCS-NWA-130824-002A,13-Aug-24,8,14-Aug-24,St. Clair NWA - East Cell SCU,42.371269,-82.397413,Lepomis macrochirus,167,95.1
2024-LCS-NWA-,2024-LCS-NWA-130824-003A,13-Aug-24,8,14-Aug-24,St. Clair NWA - East Cell SCU,42.3729,-82.39702,Amia ocellicauda,456,780
2024-LCS-NWA-,2024-LCS-NWA-130824-003A,13-Aug-24,8,14-Aug-24,St. Clair NWA - East Cell SCU,42.3729,-82.39702,Amia ocellicauda,462,810
2024-LCS-NWA-,2024-LCS-NWA-130824-003A,13-Aug-24,8,14-Aug-24,St. Clair NWA - East Cell SCU,42.3729,-82.39702,Amia ocellicauda,434,710
2024-LCS-NWA-,2024-LCS-NWA-130824-003A,13-Aug-24,8,14-Aug-24,St. Clair NWA - East Cell SCU,42.3729,-82.39702,Umbra limi,52,1.45
2024-LCS-NWA-,2024-LCS-NWA-130824-003A,13-Aug-24,8,14-Aug-24,St. Clair NWA - East Cell SCU,42.3729,-82.39702,Umbra limi,43,1.09
2024-LCS-NWA-,2024-LCS-NWA-130824-003A,13-Aug-24,8,14-Aug-24,St. Clair NWA - East Cell SCU,42.3729,-82.39702,Umbra limi,38,0.67
2024-LCS-NWA-,2024-LCS-NWA-130824-004A,13-Aug-24,8,14-Aug-24,St. Clair NWA - East Cell SCU,42.372397,-82.394823,Amia ocellicauda,451,780
2024-LCS-NWA-,2024-LCS-NWA-130824-004A,13-Aug-24,8,14-Aug-24,St. Clair NWA - East Cell SCU,42.372397,-82.394823,Amia ocellicauda,494,1030
2024-LCS-NWA-,2024-LCS-NWA-130824-004A,13-Aug-24,8,14-Aug-24,St. Clair NWA - East Cell SCU,42.372397,-82.394823,Amia ocellicauda,495,1050
2024-LCS-NWA-,2024-LCS-NWA-130824-004A,13-Aug-24,8,14-Aug-24,St. Clair NWA - East Cell SCU,42.372397,-82.394823,Micropterus nigricans,71,4.28
2024-LCS-NWA-,2024-LCS-NWA-130824-004A,13-Aug-24,8,14-Aug-24,St. Clair NWA - East Cell SCU,42.372397,-82.394823,Micropterus nigricans,64,2.9
2024-LCS-NWA-,2024-LCS-NWA-130824-004A,13-Aug-24,8,14-Aug-24,St. Clair NWA - East Cell SCU,42.372397,-82.394823,Micropterus nigricans,65,3.16
2024-LCS-NWA-,2024-LCS-NWA-130824-004A,13-Aug-24,8,14-Aug-24,St. Clair NWA - East Cell SCU,42.372397,-82.394823,Micropterus nigricans,72,4.3
2024-LCS-NWA-,2024-LCS-NWA-130824-004A,13-Aug-24,8,14-Aug-24,St. Clair NWA - East Cell SCU,42.372397,-82.394823,Micropterus nigricans,62,2.55
2024-LCS-NWA-,2024-LCS-NWA-130824-004A,13-Aug-24,8,14-Aug-24,St. Clair NWA - East Cell SCU,42.372397,-82.394823,Lepomis gibbosus,91,12.7
2024-LCS-NWA-,2024-LCS-NWA-130824-004A,13-Aug-24,8,14-Aug-24,St. Clair NWA - East Cell SCU,42.372397,-82.394823,Lepomis gibbosus,74,6.23
2024-LCS-NWA-,2024-LCS-NWA-130824-004A,13-Aug-24,8,14-Aug-24,St. Clair NWA - East Cell SCU,42.372397,-82.394823,Lepomis gibbosus,40,0.9
2024-LCS-NWA-,2024-LCS-NWA-130824-004A,13-Aug-24,8,14-Aug-24,St. Clair NWA - East Cell SCU,42.372397,-82.394823,Lepomis gibbosus,40,1.21
2024-LCS-NWA-,2024-LCS-NWA-130824-004A,13-Aug-24,8,14-Aug-24,St. Clair NWA - East Cell SCU,42.372397,-82.394823,Lepomis gibbosus,40,1.2
2024-LCS-NWA-,2024-LCS-NWA-130824-004A,13-Aug-24,8,14-Aug-24,St. Clair NWA - East Cell SCU,42.372397,-82.394823,Notemigonus crysoleucas,60,1.73
2024-LCS-NWA-,2024-LCS-NWA-130824-004A,13-Aug-24,8,14-Aug-24,St. Clair NWA - East Cell SCU,42.372397,-82.394823,Notemigonus crysoleucas,97,6.9
2024-LCS-NWA-,2024-LCS-NWA-130824-004A,13-Aug-24,8,14-Aug-24,St. Clair NWA - East Cell SCU,42.372397,-82.394823,Notemigonus crysoleucas,91,6.1
2024-LCS-NWA-,2024-LCS-NWA-130824-004A,13-Aug-24,8,14-Aug-24,St. Clair NWA - East Cell SCU,42.372397,-82.394823,Notemigonus crysoleucas,90,5.85
2024-LCS-NWA-,2024-LCS-NWA-130824-004A,13-Aug-24,8,14-Aug-24,St. Clair NWA - East Cell SCU,42.372397,-82.394823,Notemigonus crysoleucas,55,1.2
2024-LCS-NWA-,2024-LCS-NWA-130824-004A,13-Aug-24,8,14-Aug-24,St. Clair NWA - East Cell SCU,42.372397,-82.394823,Notemigonus crysoleucas,44,0.7
2024-LCS-NWA-,2024-LCS-NWA-130824-004A,13-Aug-24,8,14-Aug-24,St. Clair NWA - East Cell SCU,42.372397,-82.394823,Notemigonus crysoleucas,45,0.6
2024-LCS-NWA-,2024-LCS-NWA-130824-004A,13-Aug-24,8,14-Aug-24,St. Clair NWA - East Cell SCU,42.372397,-82.394823,Notemigonus crysoleucas,45,0.67
2024-LCS-NWA-,2024-LCS-NWA-130824-004A,13-Aug-24,8,14-Aug-24,St. Clair NWA - East Cell SCU,42.372397,-82.394823,Lepomis macrochirus,40,0.8
2024-LCS-NWA-,2024-LCS-NWA-130824-004A,13-Aug-24,8,14-Aug-24,St. Clair NWA - East Cell SCU,42.372397,-82.394823,Lepomis macrochirus,41,1.02
2024-LCS-NWA-,2024-LCS-NWA-130824-005A,13-Aug-24,8,14-Aug-24,St. Clair NWA - East Cell SCU,42.373996,-82.39665,Amia ocellicauda,489,1080
2024-LCS-NWA-,2024-LCS-NWA-130824-005A,13-Aug-24,8,14-Aug-24,St. Clair NWA - East Cell SCU,42.373996,-82.39665,Amia ocellicauda,452,840
2024-LCS-NWA-,2024-LCS-NWA-130824-005A,13-Aug-24,8,14-Aug-24,St. Clair NWA - East Cell SCU,42.373996,-82.39665,Amia ocellicauda,479,930
2024-LCS-NWA-,2024-LCS-NWA-130824-005A,13-Aug-24,8,14-Aug-24,St. Clair NWA - East Cell SCU,42.373996,-82.39665,Amia ocellicauda,440,730
2024-LCS-NWA-,2024-LCS-NWA-130824-005A,13-Aug-24,8,14-Aug-24,St. Clair NWA - East Cell SCU,42.373996,-82.39665,Pomoxis nigromaculatus,77,5.96
2024-LCS-NWA-,2024-LCS-NWA-130824-005A,13-Aug-24,8,14-Aug-24,St. Clair NWA - East Cell SCU,42.373996,-82.39665,Notemigonus crysoleucas,52,0.96
2024-LCS-NWA-,2024-LCS-NWA-130824-005A,13-Aug-24,8,14-Aug-24,St. Clair NWA - East Cell SCU,42.373996,-82.39665,Notemigonus crysoleucas,54,1.05
2024-LCS-NWA-,2024-LCS-NWA-140824-001A,14-Aug-24,8,15-Aug-24,St. Clair NWA - East Cell SCU,42.371043,-82.391298,Amia ocellicauda,430,730
2024-LCS-NWA-,2024-LCS-NWA-140824-001A,14-Aug-24,8,15-Aug-24,St. Clair NWA - East Cell SCU,42.371043,-82.391298,Amia ocellicauda,516,1110
2024-LCS-NWA-,2024-LCS-NWA-140824-001A,14-Aug-24,8,15-Aug-24,St. Clair NWA - East Cell SCU,42.371043,-82.391298,Amia ocellicauda,494,1120
2024-LCS-NWA-,2024-LCS-NWA-140824-001A,14-Aug-24,8,15-Aug-24,St. Clair NWA - East Cell SCU,42.371043,-82.391298,Amia ocellicauda,461,940
2024-LCS-NWA-,2024-LCS-NWA-140824-001A,14-Aug-24,8,15-Aug-24,St. Clair NWA - East Cell SCU,42.371043,-82.391298,Amia ocellicauda,605,1390
2024-LCS-NWA-,2024-LCS-NWA-140824-001A,14-Aug-24,8,15-Aug-24,St. Clair NWA - East Cell SCU,42.371043,-82.391298,Amia ocellicauda,434,640
2024-LCS-NWA-,2024-LCS-NWA-140824-001A,14-Aug-24,8,15-Aug-24,St. Clair NWA - East Cell SCU,42.371043,-82.391298,Amia ocellicauda,512,1110
2024-LCS-NWA-,2024-LCS-NWA-140824-001A,14-Aug-24,8,15-Aug-24,St. Clair NWA - East Cell SCU,42.371043,-82.391298,Amia ocellicauda,491,1050
2024-LCS-NWA-,2024-LCS-NWA-140824-001A,14-Aug-24,8,15-Aug-24,St. Clair NWA - East Cell SCU,42.371043,-82.391298,Notemigonus crysoleucas,52,1.2
2024-LCS-NWA-,2024-LCS-NWA-140824-001A,14-Aug-24,8,15-Aug-24,St. Clair NWA - East Cell SCU,42.371043,-82.391298,Notemigonus crysoleucas,47,0.8
2024-LCS-NWA-,2024-LCS-NWA-140824-001A,14-Aug-24,8,15-Aug-24,St. Clair NWA - East Cell SCU,42.371043,-82.391298,Notemigonus crysoleucas,51,1.3
2024-LCS-NWA-,2024-LCS-NWA-140824-001A,14-Aug-24,8,15-Aug-24,St. Clair NWA - East Cell SCU,42.371043,-82.391298,Notemigonus crysoleucas,51,1.3
2024-LCS-NWA-,2024-LCS-NWA-140824-001A,14-Aug-24,8,15-Aug-24,St. Clair NWA - East Cell SCU,42.371043,-82.391298,Notemigonus crysoleucas,50,1
2024-LCS-NWA-,2024-LCS-NWA-140824-001A,14-Aug-24,8,15-Aug-24,St. Clair NWA - East Cell SCU,42.371043,-82.391298,Notemigonus crysoleucas,53,1.1
2024-LCS-NWA-,2024-LCS-NWA-140824-001A,14-Aug-24,8,15-Aug-24,St. Clair NWA - East Cell SCU,42.371043,-82.391298,Notemigonus crysoleucas,50,0.9
2024-LCS-NWA-,2024-LCS-NWA-140824-001A,14-Aug-24,8,15-Aug-24,St. Clair NWA - East Cell SCU,42.371043,-82.391298,Notemigonus crysoleucas,52,0.9
2024-LCS-NWA-,2024-LCS-NWA-140824-001A,14-Aug-24,8,15-Aug-24,St. Clair NWA - East Cell SCU,42.371043,-82.391298,Notemigonus crysoleucas,54,1
2024-LCS-NWA-,2024-LCS-NWA-140824-001A,14-Aug-24,8,15-Aug-24,St. Clair NWA - East Cell SCU,42.371043,-82.391298,Notemigonus crysoleucas,49,0.7
2024-LCS-NWA-,2024-LCS-NWA-140824-001A,14-Aug-24,8,15-Aug-24,St. Clair NWA - East Cell SCU,42.371043,-82.391298,Notemigonus crysoleucas,54,1
2024-LCS-NWA-,2024-LCS-NWA-140824-001A,14-Aug-24,8,15-Aug-24,St. Clair NWA - East Cell SCU,42.371043,-82.391298,Notemigonus crysoleucas,51,1
2024-LCS-NWA-,2024-LCS-NWA-140824-001A,14-Aug-24,8,15-Aug-24,St. Clair NWA - East Cell SCU,42.371043,-82.391298,Notemigonus crysoleucas,51,1
2024-LCS-NWA-,2024-LCS-NWA-140824-001A,14-Aug-24,8,15-Aug-24,St. Clair NWA - East Cell SCU,42.371043,-82.391298,Notemigonus crysoleucas,51,0.8
2024-LCS-NWA-,2024-LCS-NWA-140824-001A,14-Aug-24,8,15-Aug-24,St. Clair NWA - East Cell SCU,42.371043,-82.391298,Notemigonus crysoleucas,52,1.2
2024-LCS-NWA-,2024-LCS-NWA-140824-001A,14-Aug-24,8,15-Aug-24,St. Clair NWA - East Cell SCU,42.371043,-82.391298,Notemigonus crysoleucas,54,1.2
2024-LCS-NWA-,2024-LCS-NWA-140824-001A,14-Aug-24,8,15-Aug-24,St. Clair NWA - East Cell SCU,42.371043,-82.391298,Notemigonus crysoleucas,57,1.4
2024-LCS-NWA-,2024-LCS-NWA-140824-001A,14-Aug-24,8,15-Aug-24,St. Clair NWA - East Cell SCU,42.371043,-82.391298,Notemigonus crysoleucas,58,0.9
2024-LCS-NWA-,2024-LCS-NWA-140824-001A,14-Aug-24,8,15-Aug-24,St. Clair NWA - East Cell SCU,42.371043,-82.391298,Notemigonus crysoleucas,47,0.8
2024-LCS-NWA-,2024-LCS-NWA-140824-001A,14-Aug-24,8,15-Aug-24,St. Clair NWA - East Cell SCU,42.371043,-82.391298,Notemigonus crysoleucas,50,1
2024-LCS-NWA-,2024-LCS-NWA-140824-001A,14-Aug-24,8,15-Aug-24,St. Clair NWA - East Cell SCU,42.371043,-82.391298,Notemigonus crysoleucas,47,0.8
2024-LCS-NWA-,2024-LCS-NWA-140824-001A,14-Aug-24,8,15-Aug-24,St. Clair NWA - East Cell SCU,42.371043,-82.391298,Notemigonus crysoleucas,51,1
2024-LCS-NWA-,2024-LCS-NWA-140824-001A,14-Aug-24,8,15-Aug-24,St. Clair NWA - East Cell SCU,42.371043,-82.391298,Notemigonus crysoleucas,54,1.1
2024-LCS-NWA-,2024-LCS-NWA-140824-001A,14-Aug-24,8,15-Aug-24,St. Clair NWA - East Cell SCU,42.371043,-82.391298,Notemigonus crysoleucas,47,0.8
2024-LCS-NWA-,2024-LCS-NWA-140824-001A,14-Aug-24,8,15-Aug-24,St. Clair NWA - East Cell SCU,42.371043,-82.391298,Notemigonus crysoleucas,52,1.4
2024-LCS-NWA-,2024-LCS-NWA-140824-001A,14-Aug-24,8,15-Aug-24,St. Clair NWA - East Cell SCU,42.371043,-82.391298,Notemigonus crysoleucas,47,0.7
2024-LCS-NWA-,2024-LCS-NWA-140824-001A,14-Aug-24,8,15-Aug-24,St. Clair NWA - East Cell SCU,42.371043,-82.391298,Notemigonus crysoleucas,51,0.9
2024-LCS-NWA-,2024-LCS-NWA-140824-001A,14-Aug-24,8,15-Aug-24,St. Clair NWA - East Cell SCU,42.371043,-82.391298,Notemigonus crysoleucas,45,0.8
2024-LCS-NWA-,2024-LCS-NWA-140824-001A,14-Aug-24,8,15-Aug-24,St. Clair NWA - East Cell SCU,42.371043,-82.391298,Notemigonus crysoleucas,56,1.2
2024-LCS-NWA-,2024-LCS-NWA-140824-001A,14-Aug-24,8,15-Aug-24,St. Clair NWA - East Cell SCU,42.371043,-82.391298,Notemigonus crysoleucas,51,1.1
2024-LCS-NWA-,2024-LCS-NWA-140824-001A,14-Aug-24,8,15-Aug-24,St. Clair NWA - East Cell SCU,42.371043,-82.391298,Notemigonus crysoleucas,52,1.1
2024-LCS-NWA-,2024-LCS-NWA-140824-001A,14-Aug-24,8,15-Aug-24,St. Clair NWA - East Cell SCU,42.371043,-82.391298,Notemigonus crysoleucas,51,1
2024-LCS-NWA-,2024-LCS-NWA-140824-001A,14-Aug-24,8,15-Aug-24,St. Clair NWA - East Cell SCU,42.371043,-82.391298,Notemigonus crysoleucas,57,1.4
2024-LCS-NWA-,2024-LCS-NWA-140824-001A,14-Aug-24,8,15-Aug-24,St. Clair NWA - East Cell SCU,42.371043,-82.391298,Notemigonus crysoleucas,50,1
2024-LCS-NWA-,2024-LCS-NWA-140824-001A,14-Aug-24,8,15-Aug-24,St. Clair NWA - East Cell SCU,42.371043,-82.391298,Notemigonus crysoleucas,50,1
2024-LCS-NWA-,2024-LCS-NWA-140824-001A,14-Aug-24,8,15-Aug-24,St. Clair NWA - East Cell SCU,42.371043,-82.391298,Notemigonus crysoleucas,60,1.4
2024-LCS-NWA-,2024-LCS-NWA-140824-001A,14-Aug-24,8,15-Aug-24,St. Clair NWA - East Cell SCU,42.371043,-82.391298,Notemigonus crysoleucas,47,0.9
2024-LCS-NWA-,2024-LCS-NWA-140824-001A,14-Aug-24,8,15-Aug-24,St. Clair NWA - East Cell SCU,42.371043,-82.391298,Notemigonus crysoleucas,58,1.4
2024-LCS-NWA-,2024-LCS-NWA-140824-001A,14-Aug-24,8,15-Aug-24,St. Clair NWA - East Cell SCU,42.371043,-82.391298,Notemigonus crysoleucas,45,0.6
2024-LCS-NWA-,2024-LCS-NWA-140824-001A,14-Aug-24,8,15-Aug-24,St. Clair NWA - East Cell SCU,42.371043,-82.391298,Notemigonus crysoleucas,56,1.3
2024-LCS-NWA-,2024-LCS-NWA-140824-001A,14-Aug-24,8,15-Aug-24,St. Clair NWA - East Cell SCU,42.371043,-82.391298,Notemigonus crysoleucas,51,1.2
2024-LCS-NWA-,2024-LCS-NWA-140824-001A,14-Aug-24,8,15-Aug-24,St. Clair NWA - East Cell SCU,42.371043,-82.391298,Notemigonus crysoleucas,50,1
2024-LCS-NWA-,2024-LCS-NWA-140824-001A,14-Aug-24,8,15-Aug-24,St. Clair NWA - East Cell SCU,42.371043,-82.391298,Notemigonus crysoleucas,61,1.6
2024-LCS-NWA-,2024-LCS-NWA-140824-001A,14-Aug-24,8,15-Aug-24,St. Clair NWA - East Cell SCU,42.371043,-82.391298,Notemigonus crysoleucas,52,1.2
2024-LCS-NWA-,2024-LCS-NWA-140824-001A,14-Aug-24,8,15-Aug-24,St. Clair NWA - East Cell SCU,42.371043,-82.391298,Notemigonus crysoleucas,49,1
2024-LCS-NWA-,2024-LCS-NWA-140824-001A,14-Aug-24,8,15-Aug-24,St. Clair NWA - East Cell SCU,42.371043,-82.391298,Notemigonus crysoleucas,54,1.3
2024-LCS-NWA-,2024-LCS-NWA-140824-001A,14-Aug-24,8,15-Aug-24,St. Clair NWA - East Cell SCU,42.371043,-82.391298,Notemigonus crysoleucas,51,1
2024-LCS-NWA-,2024-LCS-NWA-140824-001A,14-Aug-24,8,15-Aug-24,St. Clair NWA - East Cell SCU,42.371043,-82.391298,Notemigonus crysoleucas,54,1.2
2024-LCS-NWA-,2024-LCS-NWA-140824-001A,14-Aug-24,8,15-Aug-24,St. Clair NWA - East Cell SCU,42.371043,-82.391298,Notemigonus crysoleucas,54,1.2
2024-LCS-NWA-,2024-LCS-NWA-140824-001A,14-Aug-24,8,15-Aug-24,St. Clair NWA - East Cell SCU,42.371043,-82.391298,Notemigonus crysoleucas,53,1.2
2024-LCS-NWA-,2024-LCS-NWA-140824-001A,14-Aug-24,8,15-Aug-24,St. Clair NWA - East Cell SCU,42.371043,-82.391298,Notemigonus crysoleucas,47,0.9
2024-LCS-NWA-,2024-LCS-NWA-140824-001A,14-Aug-24,8,15-Aug-24,St. Clair NWA - East Cell SCU,42.371043,-82.391298,Notemigonus crysoleucas,50,0.8
2024-LCS-NWA-,2024-LCS-NWA-140824-001A,14-Aug-24,8,15-Aug-24,St. Clair NWA - East Cell SCU,42.371043,-82.391298,Notemigonus crysoleucas,54,1.3
2024-LCS-NWA-,2024-LCS-NWA-140824-001A,14-Aug-24,8,15-Aug-24,St. Clair NWA - East Cell SCU,42.371043,-82.391298,Notemigonus crysoleucas,53,1
2024-LCS-NWA-,2024-LCS-NWA-140824-001A,14-Aug-24,8,15-Aug-24,St. Clair NWA - East Cell SCU,42.371043,-82.391298,Notemigonus crysoleucas,54,1.3
2024-LCS-NWA-,2024-LCS-NWA-140824-001A,14-Aug-24,8,15-Aug-24,St. Clair NWA - East Cell SCU,42.371043,-82.391298,Notemigonus crysoleucas,50,0.8
2024-LCS-NWA-,2024-LCS-NWA-140824-001A,14-Aug-24,8,15-Aug-24,St. Clair NWA - East Cell SCU,42.371043,-82.391298,Notemigonus crysoleucas,47,0.9
2024-LCS-NWA-,2024-LCS-NWA-140824-001A,14-Aug-24,8,15-Aug-24,St. Clair NWA - East Cell SCU,42.371043,-82.391298,Notemigonus crysoleucas,55,1.2
2024-LCS-NWA-,2024-LCS-NWA-140824-001A,14-Aug-24,8,15-Aug-24,St. Clair NWA - East Cell SCU,42.371043,-82.391298,Notemigonus crysoleucas,45,0.6
2024-LCS-NWA-,2024-LCS-NWA-140824-001A,14-Aug-24,8,15-Aug-24,St. Clair NWA - East Cell SCU,42.371043,-82.391298,Notemigonus crysoleucas,51,1
2024-LCS-NWA-,2024-LCS-NWA-140824-001A,14-Aug-24,8,15-Aug-24,St. Clair NWA - East Cell SCU,42.371043,-82.391298,Notemigonus crysoleucas,58,1.4
2024-LCS-NWA-,2024-LCS-NWA-140824-001A,14-Aug-24,8,15-Aug-24,St. Clair NWA - East Cell SCU,42.371043,-82.391298,Notemigonus crysoleucas,50,0.9
2024-LCS-NWA-,2024-LCS-NWA-140824-001A,14-Aug-24,8,15-Aug-24,St. Clair NWA - East Cell SCU,42.371043,-82.391298,Notemigonus crysoleucas,51,0.9
2024-LCS-NWA-,2024-LCS-NWA-140824-001A,14-Aug-24,8,15-Aug-24,St. Clair NWA - East Cell SCU,42.371043,-82.391298,Notemigonus crysoleucas,46,0.7
2024-LCS-NWA-,2024-LCS-NWA-140824-001A,14-Aug-24,8,15-Aug-24,St. Clair NWA - East Cell SCU,42.371043,-82.391298,Notemigonus crysoleucas,50,0.9
2024-LCS-NWA-,2024-LCS-NWA-140824-001A,14-Aug-24,8,15-Aug-24,St. Clair NWA - East Cell SCU,42.371043,-82.391298,Notemigonus crysoleucas,50,1
2024-LCS-NWA-,2024-LCS-NWA-140824-001A,14-Aug-24,8,15-Aug-24,St. Clair NWA - East Cell SCU,42.371043,-82.391298,Notemigonus crysoleucas,47,0.7
2024-LCS-NWA-,2024-LCS-NWA-140824-001A,14-Aug-24,8,15-Aug-24,St. Clair NWA - East Cell SCU,42.371043,-82.391298,Notemigonus crysoleucas,46,0.8
2024-LCS-NWA-,2024-LCS-NWA-140824-001A,14-Aug-24,8,15-Aug-24,St. Clair NWA - East Cell SCU,42.371043,-82.391298,Notemigonus crysoleucas,55,1.2
2024-LCS-NWA-,2024-LCS-NWA-140824-001A,14-Aug-24,8,15-Aug-24,St. Clair NWA - East Cell SCU,42.371043,-82.391298,Notemigonus crysoleucas,51,1
2024-LCS-NWA-,2024-LCS-NWA-140824-001A,14-Aug-24,8,15-Aug-24,St. Clair NWA - East Cell SCU,42.371043,-82.391298,Notemigonus crysoleucas,54,1
2024-LCS-NWA-,2024-LCS-NWA-140824-001A,14-Aug-24,8,15-Aug-24,St. Clair NWA - East Cell SCU,42.371043,-82.391298,Notemigonus crysoleucas,50,0.8
2024-LCS-NWA-,2024-LCS-NWA-140824-001A,14-Aug-24,8,15-Aug-24,St. Clair NWA - East Cell SCU,42.371043,-82.391298,Notemigonus crysoleucas,57,1.3
2024-LCS-NWA-,2024-LCS-NWA-140824-001A,14-Aug-24,8,15-Aug-24,St. Clair NWA - East Cell SCU,42.371043,-82.391298,Notemigonus crysoleucas,50,1.2
2024-LCS-NWA-,2024-LCS-NWA-140824-001A,14-Aug-24,8,15-Aug-24,St. Clair NWA - East Cell SCU,42.371043,-82.391298,Notemigonus crysoleucas,43,0.6
2024-LCS-NWA-,2024-LCS-NWA-140824-001A,14-Aug-24,8,15-Aug-24,St. Clair NWA - East Cell SCU,42.371043,-82.391298,Notemigonus crysoleucas,56,1.4
2024-LCS-NWA-,2024-LCS-NWA-140824-001A,14-Aug-24,8,15-Aug-24,St. Clair NWA - East Cell SCU,42.371043,-82.391298,Notemigonus crysoleucas,52,1
2024-LCS-NWA-,2024-LCS-NWA-140824-001A,14-Aug-24,8,15-Aug-24,St. Clair NWA - East Cell SCU,42.371043,-82.391298,Notemigonus crysoleucas,53,1
2024-LCS-NWA-,2024-LCS-NWA-140824-001A,14-Aug-24,8,15-Aug-24,St. Clair NWA - East Cell SCU,42.371043,-82.391298,Notemigonus crysoleucas,56,1.2
2024-LCS-NWA-,2024-LCS-NWA-140824-001A,14-Aug-24,8,15-Aug-24,St. Clair NWA - East Cell SCU,42.371043,-82.391298,Notemigonus crysoleucas,48,0.7
2024-LCS-NWA-,2024-LCS-NWA-140824-001A,14-Aug-24,8,15-Aug-24,St. Clair NWA - East Cell SCU,42.371043,-82.391298,Notemigonus crysoleucas,52,0.9
2024-LCS-NWA-,2024-LCS-NWA-140824-001A,14-Aug-24,8,15-Aug-24,St. Clair NWA - East Cell SCU,42.371043,-82.391298,Notemigonus crysoleucas,48,0.8
2024-LCS-NWA-,2024-LCS-NWA-140824-001A,14-Aug-24,8,15-Aug-24,St. Clair NWA - East Cell SCU,42.371043,-82.391298,Notemigonus crysoleucas,50,0.8
2024-LCS-NWA-,2024-LCS-NWA-140824-001A,14-Aug-24,8,15-Aug-24,St. Clair NWA - East Cell SCU,42.371043,-82.391298,Notemigonus crysoleucas,50,1
2024-LCS-NWA-,2024-LCS-NWA-140824-001A,14-Aug-24,8,15-Aug-24,St. Clair NWA - East Cell SCU,42.371043,-82.391298,Notemigonus crysoleucas,49,0.8
2024-LCS-NWA-,2024-LCS-NWA-140824-001A,14-Aug-24,8,15-Aug-24,St. Clair NWA - East Cell SCU,42.371043,-82.391298,Notemigonus crysoleucas,52,1
2024-LCS-NWA-,2024-LCS-NWA-140824-001A,14-Aug-24,8,15-Aug-24,St. Clair NWA - East Cell SCU,42.371043,-82.391298,Notemigonus crysoleucas,52,1.1
2024-LCS-NWA-,2024-LCS-NWA-140824-001A,14-Aug-24,8,15-Aug-24,St. Clair NWA - East Cell SCU,42.371043,-82.391298,Notemigonus crysoleucas,46,0.7
2024-LCS-NWA-,2024-LCS-NWA-140824-001A,14-Aug-24,8,15-Aug-24,St. Clair NWA - East Cell SCU,42.371043,-82.391298,Notemigonus crysoleucas,51,0.8
2024-LCS-NWA-,2024-LCS-NWA-140824-001A,14-Aug-24,8,15-Aug-24,St. Clair NWA - East Cell SCU,42.371043,-82.391298,Notemigonus crysoleucas,49,0.8
2024-LCS-NWA-,2024-LCS-NWA-140824-001A,14-Aug-24,8,15-Aug-24,St. Clair NWA - East Cell SCU,42.371043,-82.391298,Notemigonus crysoleucas,58,1.4
2024-LCS-NWA-,2024-LCS-NWA-140824-001A,14-Aug-24,8,15-Aug-24,St. Clair NWA - East Cell SCU,42.371043,-82.391298,Notemigonus crysoleucas,55,1.4
2024-LCS-NWA-,2024-LCS-NWA-140824-001A,14-Aug-24,8,15-Aug-24,St. Clair NWA - East Cell SCU,42.371043,-82.391298,Notemigonus crysoleucas,52,1.2
2024-LCS-NWA-,2024-LCS-NWA-140824-001A,14-Aug-24,8,15-Aug-24,St. Clair NWA - East Cell SCU,42.371043,-82.391298,Notemigonus crysoleucas,45,0.7
2024-LCS-NWA-,2024-LCS-NWA-140824-001A,14-Aug-24,8,15-Aug-24,St. Clair NWA - East Cell SCU,42.371043,-82.391298,Notemigonus crysoleucas,56,1.6
2024-LCS-NWA-,2024-LCS-NWA-140824-001A,14-Aug-24,8,15-Aug-24,St. Clair NWA - East Cell SCU,42.371043,-82.391298,Notemigonus crysoleucas,53,1
2024-LCS-NWA-,2024-LCS-NWA-140824-001A,14-Aug-24,8,15-Aug-24,St. Clair NWA - East Cell SCU,42.371043,-82.391298,Notemigonus crysoleucas,53,1.2
2024-LCS-NWA-,2024-LCS-NWA-140824-001A,14-Aug-24,8,15-Aug-24,St. Clair NWA - East Cell SCU,42.371043,-82.391298,Notemigonus crysoleucas,53,1.3
2024-LCS-NWA-,2024-LCS-NWA-140824-001A,14-Aug-24,8,15-Aug-24,St. Clair NWA - East Cell SCU,42.371043,-82.391298,Notemigonus crysoleucas,55,1.2
2024-LCS-NWA-,2024-LCS-NWA-140824-001A,14-Aug-24,8,15-Aug-24,St. Clair NWA - East Cell SCU,42.371043,-82.391298,Notemigonus crysoleucas,53,1.1
2024-LCS-NWA-,2024-LCS-NWA-140824-001A,14-Aug-24,8,15-Aug-24,St. Clair NWA - East Cell SCU,42.371043,-82.391298,Notemigonus crysoleucas,48,0.8
2024-LCS-NWA-,2024-LCS-NWA-140824-001A,14-Aug-24,8,15-Aug-24,St. Clair NWA - East Cell SCU,42.371043,-82.391298,Notemigonus crysoleucas,47,0.7
2024-LCS-NWA-,2024-LCS-NWA-140824-001A,14-Aug-24,8,15-Aug-24,St. Clair NWA - East Cell SCU,42.371043,-82.391298,Notemigonus crysoleucas,51,1
2024-LCS-NWA-,2024-LCS-NWA-140824-001A,14-Aug-24,8,15-Aug-24,St. Clair NWA - East Cell SCU,42.371043,-82.391298,Notemigonus crysoleucas,47,0.8
2024-LCS-NWA-,2024-LCS-NWA-140824-001A,14-Aug-24,8,15-Aug-24,St. Clair NWA - East Cell SCU,42.371043,-82.391298,Notemigonus crysoleucas,46,0.7
2024-LCS-NWA-,2024-LCS-NWA-140824-001A,14-Aug-24,8,15-Aug-24,St. Clair NWA - East Cell SCU,42.371043,-82.391298,Notemigonus crysoleucas,51,1.2
2024-LCS-NWA-,2024-LCS-NWA-140824-001A,14-Aug-24,8,15-Aug-24,St. Clair NWA - East Cell SCU,42.371043,-82.391298,Notemigonus crysoleucas,58,1.3
2024-LCS-NWA-,2024-LCS-NWA-140824-001A,14-Aug-24,8,15-Aug-24,St. Clair NWA - East Cell SCU,42.371043,-82.391298,Notemigonus crysoleucas,50,0.9
2024-LCS-NWA-,2024-LCS-NWA-140824-001A,14-Aug-24,8,15-Aug-24,St. Clair NWA - East Cell SCU,42.371043,-82.391298,Notemigonus crysoleucas,59,0.9
2024-LCS-NWA-,2024-LCS-NWA-140824-001A,14-Aug-24,8,15-Aug-24,St. Clair NWA - East Cell SCU,42.371043,-82.391298,Notemigonus crysoleucas,50,0.9
2024-LCS-NWA-,2024-LCS-NWA-140824-001A,14-Aug-24,8,15-Aug-24,St. Clair NWA - East Cell SCU,42.371043,-82.391298,Notemigonus crysoleucas,50,0.9
2024-LCS-NWA-,2024-LCS-NWA-140824-001A,14-Aug-24,8,15-Aug-24,St. Clair NWA - East Cell SCU,42.371043,-82.391298,Notemigonus crysoleucas,50,0.6
2024-LCS-NWA-,2024-LCS-NWA-140824-001A,14-Aug-24,8,15-Aug-24,St. Clair NWA - East Cell SCU,42.371043,-82.391298,Notemigonus crysoleucas,53,0.7
2024-LCS-NWA-,2024-LCS-NWA-140824-001A,14-Aug-24,8,15-Aug-24,St. Clair NWA - East Cell SCU,42.371043,-82.391298,Notemigonus crysoleucas,54,1.1
2024-LCS-NWA-,2024-LCS-NWA-140824-001A,14-Aug-24,8,15-Aug-24,St. Clair NWA - East Cell SCU,42.371043,-82.391298,Notemigonus crysoleucas,48,0.8
2024-LCS-NWA-,2024-LCS-NWA-140824-001A,14-Aug-24,8,15-Aug-24,St. Clair NWA - East Cell SCU,42.371043,-82.391298,Notemigonus crysoleucas,50,0.9
2024-LCS-NWA-,2024-LCS-NWA-140824-001A,14-Aug-24,8,15-Aug-24,St. Clair NWA - East Cell SCU,42.371043,-82.391298,Notemigonus crysoleucas,51,0.9
2024-LCS-NWA-,2024-LCS-NWA-140824-001A,14-Aug-24,8,15-Aug-24,St. Clair NWA - East Cell SCU,42.371043,-82.391298,Notemigonus crysoleucas,57,0.7
2024-LCS-NWA-,2024-LCS-NWA-140824-001A,14-Aug-24,8,15-Aug-24,St. Clair NWA - East Cell SCU,42.371043,-82.391298,Notemigonus crysoleucas,52,0.8
2024-LCS-NWA-,2024-LCS-NWA-140824-001A,14-Aug-24,8,15-Aug-24,St. Clair NWA - East Cell SCU,42.371043,-82.391298,Notemigonus crysoleucas,54,1.4
2024-LCS-NWA-,2024-LCS-NWA-140824-001A,14-Aug-24,8,15-Aug-24,St. Clair NWA - East Cell SCU,42.371043,-82.391298,Notemigonus crysoleucas,56,1.4
2024-LCS-NWA-,2024-LCS-NWA-140824-001A,14-Aug-24,8,15-Aug-24,St. Clair NWA - East Cell SCU,42.371043,-82.391298,Notemigonus crysoleucas,56,1.3
2024-LCS-NWA-,2024-LCS-NWA-140824-001A,14-Aug-24,8,15-Aug-24,St. Clair NWA - East Cell SCU,42.371043,-82.391298,Notemigonus crysoleucas,52,1.1
2024-LCS-NWA-,2024-LCS-NWA-140824-001A,14-Aug-24,8,15-Aug-24,St. Clair NWA - East Cell SCU,42.371043,-82.391298,Notemigonus crysoleucas,57,1.3
2024-LCS-NWA-,2024-LCS-NWA-140824-001A,14-Aug-24,8,15-Aug-24,St. Clair NWA - East Cell SCU,42.371043,-82.391298,Notemigonus crysoleucas,50,1.1
2024-LCS-NWA-,2024-LCS-NWA-140824-001A,14-Aug-24,8,15-Aug-24,St. Clair NWA - East Cell SCU,42.371043,-82.391298,Notemigonus crysoleucas,44,0.6
2024-LCS-NWA-,2024-LCS-NWA-140824-001A,14-Aug-24,8,15-Aug-24,St. Clair NWA - East Cell SCU,42.371043,-82.391298,Notemigonus crysoleucas,50,1.3
2024-LCS-NWA-,2024-LCS-NWA-140824-001A,14-Aug-24,8,15-Aug-24,St. Clair NWA - East Cell SCU,42.371043,-82.391298,Notemigonus crysoleucas,58,1.4
2024-LCS-NWA-,2024-LCS-NWA-140824-001A,14-Aug-24,8,15-Aug-24,St. Clair NWA - East Cell SCU,42.371043,-82.391298,Notemigonus crysoleucas,53,1
2024-LCS-NWA-,2024-LCS-NWA-140824-001A,14-Aug-24,8,15-Aug-24,St. Clair NWA - East Cell SCU,42.371043,-82.391298,Notemigonus crysoleucas,57,1.4
2024-LCS-NWA-,2024-LCS-NWA-140824-001A,14-Aug-24,8,15-Aug-24,St. Clair NWA - East Cell SCU,42.371043,-82.391298,Notemigonus crysoleucas,58,0.9
2024-LCS-NWA-,2024-LCS-NWA-140824-001A,14-Aug-24,8,15-Aug-24,St. Clair NWA - East Cell SCU,42.371043,-82.391298,Notemigonus crysoleucas,51,1.1
2024-LCS-NWA-,2024-LCS-NWA-140824-001A,14-Aug-24,8,15-Aug-24,St. Clair NWA - East Cell SCU,42.371043,-82.391298,Notemigonus crysoleucas,58,1.4
2024-LCS-NWA-,2024-LCS-NWA-140824-001A,14-Aug-24,8,15-Aug-24,St. Clair NWA - East Cell SCU,42.371043,-82.391298,Notemigonus crysoleucas,47,0.9
2024-LCS-NWA-,2024-LCS-NWA-140824-001A,14-Aug-24,8,15-Aug-24,St. Clair NWA - East Cell SCU,42.371043,-82.391298,Notemigonus crysoleucas,48,0.9
2024-LCS-NWA-,2024-LCS-NWA-140824-001A,14-Aug-24,8,15-Aug-24,St. Clair NWA - East Cell SCU,42.371043,-82.391298,Notemigonus crysoleucas,44,0.7
2024-LCS-NWA-,2024-LCS-NWA-140824-001A,14-Aug-24,8,15-Aug-24,St. Clair NWA - East Cell SCU,42.371043,-82.391298,Notemigonus crysoleucas,45,0.5
2024-LCS-NWA-,2024-LCS-NWA-140824-001A,14-Aug-24,8,15-Aug-24,St. Clair NWA - East Cell SCU,42.371043,-82.391298,Notemigonus crysoleucas,45,0.6
2024-LCS-NWA-,2024-LCS-NWA-140824-001A,14-Aug-24,8,15-Aug-24,St. Clair NWA - East Cell SCU,42.371043,-82.391298,Notemigonus crysoleucas,47,1.5
2024-LCS-NWA-,2024-LCS-NWA-140824-001A,14-Aug-24,8,15-Aug-24,St. Clair NWA - East Cell SCU,42.371043,-82.391298,Notemigonus crysoleucas,55,1.3
2024-LCS-NWA-,2024-LCS-NWA-140824-001A,14-Aug-24,8,15-Aug-24,St. Clair NWA - East Cell SCU,42.371043,-82.391298,Notemigonus crysoleucas,55,1.3
2024-LCS-NWA-,2024-LCS-NWA-140824-001A,14-Aug-24,8,15-Aug-24,St. Clair NWA - East Cell SCU,42.371043,-82.391298,Notemigonus crysoleucas,61,1.5
2024-LCS-NWA-,2024-LCS-NWA-140824-001A,14-Aug-24,8,15-Aug-24,St. Clair NWA - East Cell SCU,42.371043,-82.391298,Notemigonus crysoleucas,57,1.3
2024-LCS-NWA-,2024-LCS-NWA-140824-001A,14-Aug-24,8,15-Aug-24,St. Clair NWA - East Cell SCU,42.371043,-82.391298,Notemigonus crysoleucas,59,1.3
2024-LCS-NWA-,2024-LCS-NWA-140824-001A,14-Aug-24,8,15-Aug-24,St. Clair NWA - East Cell SCU,42.371043,-82.391298,Notemigonus crysoleucas,47,0.8
2024-LCS-NWA-,2024-LCS-NWA-140824-001A,14-Aug-24,8,15-Aug-24,St. Clair NWA - East Cell SCU,42.371043,-82.391298,Notemigonus crysoleucas,50,1.3
2024-LCS-NWA-,2024-LCS-NWA-140824-001A,14-Aug-24,8,15-Aug-24,St. Clair NWA - East Cell SCU,42.371043,-82.391298,Notemigonus crysoleucas,52,1.2
2024-LCS-NWA-,2024-LCS-NWA-140824-001A,14-Aug-24,8,15-Aug-24,St. Clair NWA - East Cell SCU,42.371043,-82.391298,Notemigonus crysoleucas,50,1
2024-LCS-NWA-,2024-LCS-NWA-140824-001A,14-Aug-24,8,15-Aug-24,St. Clair NWA - East Cell SCU,42.371043,-82.391298,Notemigonus crysoleucas,50,1
2024-LCS-NWA-,2024-LCS-NWA-140824-001A,14-Aug-24,8,15-Aug-24,St. Clair NWA - East Cell SCU,42.371043,-82.391298,Notemigonus crysoleucas,56,1.2
2024-LCS-NWA-,2024-LCS-NWA-140824-001A,14-Aug-24,8,15-Aug-24,St. Clair NWA - East Cell SCU,42.371043,-82.391298,Notemigonus crysoleucas,64,1.4
2024-LCS-NWA-,2024-LCS-NWA-140824-001A,14-Aug-24,8,15-Aug-24,St. Clair NWA - East Cell SCU,42.371043,-82.391298,Notemigonus crysoleucas,48,0.8
2024-LCS-NWA-,2024-LCS-NWA-140824-001A,14-Aug-24,8,15-Aug-24,St. Clair NWA - East Cell SCU,42.371043,-82.391298,Notemigonus crysoleucas,56,0.8
2024-LCS-NWA-,2024-LCS-NWA-140824-001A,14-Aug-24,8,15-Aug-24,St. Clair NWA - East Cell SCU,42.371043,-82.391298,Notemigonus crysoleucas,52,1
2024-LCS-NWA-,2024-LCS-NWA-140824-001A,14-Aug-24,8,15-Aug-24,St. Clair NWA - East Cell SCU,42.371043,-82.391298,Notemigonus crysoleucas,55,1.2
2024-LCS-NWA-,2024-LCS-NWA-140824-001A,14-Aug-24,8,15-Aug-24,St. Clair NWA - East Cell SCU,42.371043,-82.391298,Notemigonus crysoleucas,55,1.2
2024-LCS-NWA-,2024-LCS-NWA-140824-001A,14-Aug-24,8,15-Aug-24,St. Clair NWA - East Cell SCU,42.371043,-82.391298,Notemigonus crysoleucas,55,1.2
2024-LCS-NWA-,2024-LCS-NWA-140824-001A,14-Aug-24,8,15-Aug-24,St. Clair NWA - East Cell SCU,42.371043,-82.391298,Notemigonus crysoleucas,54,1.1
2024-LCS-NWA-,2024-LCS-NWA-140824-001A,14-Aug-24,8,15-Aug-24,St. Clair NWA - East Cell SCU,42.371043,-82.391298,Notemigonus crysoleucas,49,0.6
2024-LCS-NWA-,2024-LCS-NWA-140824-001A,14-Aug-24,8,15-Aug-24,St. Clair NWA - East Cell SCU,42.371043,-82.391298,Notemigonus crysoleucas,45,0.8
2024-LCS-NWA-,2024-LCS-NWA-140824-001A,14-Aug-24,8,15-Aug-24,St. Clair NWA - East Cell SCU,42.371043,-82.391298,Notemigonus crysoleucas,42,0.5
2024-LCS-NWA-,2024-LCS-NWA-140824-001A,14-Aug-24,8,15-Aug-24,St. Clair NWA - East Cell SCU,42.371043,-82.391298,Notemigonus crysoleucas,50,0.9
2024-LCS-NWA-,2024-LCS-NWA-140824-001A,14-Aug-24,8,15-Aug-24,St. Clair NWA - East Cell SCU,42.371043,-82.391298,Notemigonus crysoleucas,47,0.8
2024-LCS-NWA-,2024-LCS-NWA-140824-001A,14-Aug-24,8,15-Aug-24,St. Clair NWA - East Cell SCU,42.371043,-82.391298,Notemigonus crysoleucas,50,0.9
2024-LCS-NWA-,2024-LCS-NWA-140824-001A,14-Aug-24,8,15-Aug-24,St. Clair NWA - East Cell SCU,42.371043,-82.391298,Notemigonus crysoleucas,47,0.6
2024-LCS-NWA-,2024-LCS-NWA-140824-001A,14-Aug-24,8,15-Aug-24,St. Clair NWA - East Cell SCU,42.371043,-82.391298,Notemigonus crysoleucas,52,1
2024-LCS-NWA-,2024-LCS-NWA-140824-001A,14-Aug-24,8,15-Aug-24,St. Clair NWA - East Cell SCU,42.371043,-82.391298,Notemigonus crysoleucas,45,0.7
2024-LCS-NWA-,2024-LCS-NWA-140824-001A,14-Aug-24,8,15-Aug-24,St. Clair NWA - East Cell SCU,42.371043,-82.391298,Notemigonus crysoleucas,48,0.7
2024-LCS-NWA-,2024-LCS-NWA-140824-001A,14-Aug-24,8,15-Aug-24,St. Clair NWA - East Cell SCU,42.371043,-82.391298,Notemigonus crysoleucas,45,0.8
2024-LCS-NWA-,2024-LCS-NWA-140824-001A,14-Aug-24,8,15-Aug-24,St. Clair NWA - East Cell SCU,42.371043,-82.391298,Notemigonus crysoleucas,53,1.1
2024-LCS-NWA-,2024-LCS-NWA-140824-001A,14-Aug-24,8,15-Aug-24,St. Clair NWA - East Cell SCU,42.371043,-82.391298,Notemigonus crysoleucas,58,1.5
2024-LCS-NWA-,2024-LCS-NWA-140824-001A,14-Aug-24,8,15-Aug-24,St. Clair NWA - East Cell SCU,42.371043,-82.391298,Notemigonus crysoleucas,56,1.4
2024-LCS-NWA-,2024-LCS-NWA-140824-001A,14-Aug-24,8,15-Aug-24,St. Clair NWA - East Cell SCU,42.371043,-82.391298,Notemigonus crysoleucas,58,1.7
2024-LCS-NWA-,2024-LCS-NWA-140824-001A,14-Aug-24,8,15-Aug-24,St. Clair NWA - East Cell SCU,42.371043,-82.391298,Notemigonus crysoleucas,54,1.4
2024-LCS-NWA-,2024-LCS-NWA-140824-001A,14-Aug-24,8,15-Aug-24,St. Clair NWA - East Cell SCU,42.371043,-82.391298,Notemigonus crysoleucas,54,1.1
2024-LCS-NWA-,2024-LCS-NWA-140824-001A,14-Aug-24,8,15-Aug-24,St. Clair NWA - East Cell SCU,42.371043,-82.391298,Notemigonus crysoleucas,52,1
2024-LCS-NWA-,2024-LCS-NWA-140824-001A,14-Aug-24,8,15-Aug-24,St. Clair NWA - East Cell SCU,42.371043,-82.391298,Notemigonus crysoleucas,56,1.6
2024-LCS-NWA-,2024-LCS-NWA-140824-001A,14-Aug-24,8,15-Aug-24,St. Clair NWA - East Cell SCU,42.371043,-82.391298,Notemigonus crysoleucas,53,1.3
2024-LCS-NWA-,2024-LCS-NWA-140824-001A,14-Aug-24,8,15-Aug-24,St. Clair NWA - East Cell SCU,42.371043,-82.391298,Notemigonus crysoleucas,51,0.9
2024-LCS-NWA-,2024-LCS-NWA-140824-001A,14-Aug-24,8,15-Aug-24,St. Clair NWA - East Cell SCU,42.371043,-82.391298,Notemigonus crysoleucas,60,1.6
2024-LCS-NWA-,2024-LCS-NWA-140824-001A,14-Aug-24,8,15-Aug-24,St. Clair NWA - East Cell SCU,42.371043,-82.391298,Notemigonus crysoleucas,53,0.8
2024-LCS-NWA-,2024-LCS-NWA-140824-001A,14-Aug-24,8,15-Aug-24,St. Clair NWA - East Cell SCU,42.371043,-82.391298,Notemigonus crysoleucas,56,1.3
2024-LCS-NWA-,2024-LCS-NWA-140824-001A,14-Aug-24,8,15-Aug-24,St. Clair NWA - East Cell SCU,42.371043,-82.391298,Notemigonus crysoleucas,52,1.1
2024-LCS-NWA-,2024-LCS-NWA-140824-001A,14-Aug-24,8,15-Aug-24,St. Clair NWA - East Cell SCU,42.371043,-82.391298,Notemigonus crysoleucas,61,1.9
2024-LCS-NWA-,2024-LCS-NWA-140824-001A,14-Aug-24,8,15-Aug-24,St. Clair NWA - East Cell SCU,42.371043,-82.391298,Notemigonus crysoleucas,51,1
2024-LCS-NWA-,2024-LCS-NWA-140824-001A,14-Aug-24,8,15-Aug-24,St. Clair NWA - East Cell SCU,42.371043,-82.391298,Notemigonus crysoleucas,56,1.1
2024-LCS-NWA-,2024-LCS-NWA-140824-001A,14-Aug-24,8,15-Aug-24,St. Clair NWA - East Cell SCU,42.371043,-82.391298,Notemigonus crysoleucas,47,0.8
2024-LCS-NWA-,2024-LCS-NWA-140824-001A,14-Aug-24,8,15-Aug-24,St. Clair NWA - East Cell SCU,42.371043,-82.391298,Notemigonus crysoleucas,48,0.8
2024-LCS-NWA-,2024-LCS-NWA-140824-001A,14-Aug-24,8,15-Aug-24,St. Clair NWA - East Cell SCU,42.371043,-82.391298,Notemigonus crysoleucas,51,1.1
2024-LCS-NWA-,2024-LCS-NWA-140824-001A,14-Aug-24,8,15-Aug-24,St. Clair NWA - East Cell SCU,42.371043,-82.391298,Notemigonus crysoleucas,52,0.9
2024-LCS-NWA-,2024-LCS-NWA-140824-001A,14-Aug-24,8,15-Aug-24,St. Clair NWA - East Cell SCU,42.371043,-82.391298,Notemigonus crysoleucas,47,0.8
2024-LCS-NWA-,2024-LCS-NWA-140824-001A,14-Aug-24,8,15-Aug-24,St. Clair NWA - East Cell SCU,42.371043,-82.391298,Notemigonus crysoleucas,55,1.1
2024-LCS-NWA-,2024-LCS-NWA-140824-001A,14-Aug-24,8,15-Aug-24,St. Clair NWA - East Cell SCU,42.371043,-82.391298,Notemigonus crysoleucas,50,0.9
2024-LCS-NWA-,2024-LCS-NWA-140824-001A,14-Aug-24,8,15-Aug-24,St. Clair NWA - East Cell SCU,42.371043,-82.391298,Notemigonus crysoleucas,52,1
2024-LCS-NWA-,2024-LCS-NWA-140824-001A,14-Aug-24,8,15-Aug-24,St. Clair NWA - East Cell SCU,42.371043,-82.391298,Notemigonus crysoleucas,50,0.9
2024-LCS-NWA-,2024-LCS-NWA-140824-001A,14-Aug-24,8,15-Aug-24,St. Clair NWA - East Cell SCU,42.371043,-82.391298,Notemigonus crysoleucas,50,0.9
2024-LCS-NWA-,2024-LCS-NWA-140824-001A,14-Aug-24,8,15-Aug-24,St. Clair NWA - East Cell SCU,42.371043,-82.391298,Notemigonus crysoleucas,53,1.1
2024-LCS-NWA-,2024-LCS-NWA-140824-001A,14-Aug-24,8,15-Aug-24,St. Clair NWA - East Cell SCU,42.371043,-82.391298,Notemigonus crysoleucas,50,1
2024-LCS-NWA-,2024-LCS-NWA-140824-001A,14-Aug-24,8,15-Aug-24,St. Clair NWA - East Cell SCU,42.371043,-82.391298,Notemigonus crysoleucas,55,1.2
2024-LCS-NWA-,2024-LCS-NWA-140824-001A,14-Aug-24,8,15-Aug-24,St. Clair NWA - East Cell SCU,42.371043,-82.391298,Notemigonus crysoleucas,57,1.5
2024-LCS-NWA-,2024-LCS-NWA-140824-001A,14-Aug-24,8,15-Aug-24,St. Clair NWA - East Cell SCU,42.371043,-82.391298,Notemigonus crysoleucas,57,1.4
2024-LCS-NWA-,2024-LCS-NWA-140824-001A,14-Aug-24,8,15-Aug-24,St. Clair NWA - East Cell SCU,42.371043,-82.391298,Notemigonus crysoleucas,54,1.2
2024-LCS-NWA-,2024-LCS-NWA-140824-001A,14-Aug-24,8,15-Aug-24,St. Clair NWA - East Cell SCU,42.371043,-82.391298,Notemigonus crysoleucas,50,0.9
2024-LCS-NWA-,2024-LCS-NWA-140824-001A,14-Aug-24,8,15-Aug-24,St. Clair NWA - East Cell SCU,42.371043,-82.391298,Notemigonus crysoleucas,56,1.3
2024-LCS-NWA-,2024-LCS-NWA-140824-001A,14-Aug-24,8,15-Aug-24,St. Clair NWA - East Cell SCU,42.371043,-82.391298,Notemigonus crysoleucas,52,1.2
2024-LCS-NWA-,2024-LCS-NWA-140824-001A,14-Aug-24,8,15-Aug-24,St. Clair NWA - East Cell SCU,42.371043,-82.391298,Notemigonus crysoleucas,51,0.9
2024-LCS-NWA-,2024-LCS-NWA-140824-001A,14-Aug-24,8,15-Aug-24,St. Clair NWA - East Cell SCU,42.371043,-82.391298,Notemigonus crysoleucas,53,1
2024-LCS-NWA-,2024-LCS-NWA-140824-001A,14-Aug-24,8,15-Aug-24,St. Clair NWA - East Cell SCU,42.371043,-82.391298,Notemigonus crysoleucas,56,1.6
2024-LCS-NWA-,2024-LCS-NWA-140824-001A,14-Aug-24,8,15-Aug-24,St. Clair NWA - East Cell SCU,42.371043,-82.391298,Notemigonus crysoleucas,53,1
2024-LCS-NWA-,2024-LCS-NWA-140824-001A,14-Aug-24,8,15-Aug-24,St. Clair NWA - East Cell SCU,42.371043,-82.391298,Notemigonus crysoleucas,57,1.4
2024-LCS-NWA-,2024-LCS-NWA-140824-001A,14-Aug-24,8,15-Aug-24,St. Clair NWA - East Cell SCU,42.371043,-82.391298,Notemigonus crysoleucas,56,1.3
2024-LCS-NWA-,2024-LCS-NWA-140824-001A,14-Aug-24,8,15-Aug-24,St. Clair NWA - East Cell SCU,42.371043,-82.391298,Notemigonus crysoleucas,56,1.3
2024-LCS-NWA-,2024-LCS-NWA-140824-001A,14-Aug-24,8,15-Aug-24,St. Clair NWA - East Cell SCU,42.371043,-82.391298,Notemigonus crysoleucas,57,1.3
2024-LCS-NWA-,2024-LCS-NWA-140824-001A,14-Aug-24,8,15-Aug-24,St. Clair NWA - East Cell SCU,42.371043,-82.391298,Lepomis gibbosus,46,1.5
2024-LCS-NWA-,2024-LCS-NWA-140824-001A,14-Aug-24,8,15-Aug-24,St. Clair NWA - East Cell SCU,42.371043,-82.391298,Lepomis gibbosus,43,1.5
2024-LCS-NWA-,2024-LCS-NWA-140824-001A,14-Aug-24,8,15-Aug-24,St. Clair NWA - East Cell SCU,42.371043,-82.391298,Lepomis gibbosus,48,1.6
2024-LCS-NWA-,2024-LCS-NWA-140824-001A,14-Aug-24,8,15-Aug-24,St. Clair NWA - East Cell SCU,42.371043,-82.391298,Lepomis gibbosus,49,2.1
2024-LCS-NWA-,2024-LCS-NWA-140824-001A,14-Aug-24,8,15-Aug-24,St. Clair NWA - East Cell SCU,42.371043,-82.391298,Lepomis gibbosus,48,1.8
2024-LCS-NWA-,2024-LCS-NWA-140824-001A,14-Aug-24,8,15-Aug-24,St. Clair NWA - East Cell SCU,42.371043,-82.391298,Lepomis gibbosus,46,1.6
2024-LCS-NWA-,2024-LCS-NWA-140824-001A,14-Aug-24,8,15-Aug-24,St. Clair NWA - East Cell SCU,42.371043,-82.391298,Lepomis macrochirus,41,1.1
2024-LCS-NWA-,2024-LCS-NWA-140824-001A,14-Aug-24,8,15-Aug-24,St. Clair NWA - East Cell SCU,42.371043,-82.391298,Lepomis macrochirus,43,1.4
2024-LCS-NWA-,2024-LCS-NWA-140824-001A,14-Aug-24,8,15-Aug-24,St. Clair NWA - East Cell SCU,42.371043,-82.391298,Lepomis macrochirus,38,0.9
2024-LCS-NWA-,2024-LCS-NWA-140824-001A,14-Aug-24,8,15-Aug-24,St. Clair NWA - East Cell SCU,42.371043,-82.391298,Lepomis macrochirus,38,0.9
2024-LCS-NWA-,2024-LCS-NWA-140824-001A,14-Aug-24,8,15-Aug-24,St. Clair NWA - East Cell SCU,42.371043,-82.391298,Lepomis macrochirus,38,0.9
2024-LCS-NWA-,2024-LCS-NWA-140824-001A,14-Aug-24,8,15-Aug-24,St. Clair NWA - East Cell SCU,42.371043,-82.391298,Lepomis macrochirus,47,1.8
2024-LCS-NWA-,2024-LCS-NWA-140824-001A,14-Aug-24,8,15-Aug-24,St. Clair NWA - East Cell SCU,42.371043,-82.391298,Lepomis macrochirus,43,1.3
2024-LCS-NWA-,2024-LCS-NWA-140824-001A,14-Aug-24,8,15-Aug-24,St. Clair NWA - East Cell SCU,42.371043,-82.391298,Erimyzon sucetta,65,2.7
2024-LCS-NWA-,2024-LCS-NWA-140824-002A,14-Aug-24,8,15-Aug-24,St. Clair NWA - East Cell SCU,42.369463,-82.391404,Amia ocellicauda,588,1530
2024-LCS-NWA-,2024-LCS-NWA-140824-002A,14-Aug-24,8,15-Aug-24,St. Clair NWA - East Cell SCU,42.369463,-82.391404,Amia ocellicauda,540,1040
2024-LCS-NWA-,2024-LCS-NWA-140824-002A,14-Aug-24,8,15-Aug-24,St. Clair NWA - East Cell SCU,42.369463,-82.391404,Notemigonus crysoleucas,44,0.7
2024-LCS-NWA-,2024-LCS-NWA-140824-003A,14-Aug-24,8,15-Aug-24,St. Clair NWA - East Cell SCU,42.370593,-82.39015,Amia ocellicauda,510,930
2024-LCS-NWA-,2024-LCS-NWA-140824-003A,14-Aug-24,8,15-Aug-24,St. Clair NWA - East Cell SCU,42.370593,-82.39015,Amia ocellicauda,545,1090
2024-LCS-NWA-,2024-LCS-NWA-140824-004A,14-Aug-24,8,15-Aug-24,St. Clair NWA - East Cell SCU,42.369849,-82.395009,Amia ocellicauda,478,930
2024-LCS-NWA-,2024-LCS-NWA-140824-004A,14-Aug-24,8,15-Aug-24,St. Clair NWA - East Cell SCU,42.369849,-82.395009,Amia ocellicauda,481,940
2024-LCS-NWA-,2024-LCS-NWA-140824-004A,14-Aug-24,8,15-Aug-24,St. Clair NWA - East Cell SCU,42.369849,-82.395009,Amia ocellicauda,542,1200
2024-LCS-NWA-,2024-LCS-NWA-140824-004A,14-Aug-24,8,15-Aug-24,St. Clair NWA - East Cell SCU,42.369849,-82.395009,Amia ocellicauda,453,840
2024-LCS-NWA-,2024-LCS-NWA-140824-004A,14-Aug-24,8,15-Aug-24,St. Clair NWA - East Cell SCU,42.369849,-82.395009,Notemigonus crysoleucas,107,9.6
2024-LCS-NWA-,2024-LCS-NWA-140824-004A,14-Aug-24,8,15-Aug-24,St. Clair NWA - East Cell SCU,42.369849,-82.395009,Notemigonus crysoleucas,50,0.8
2024-LCS-NWA-,2024-LCS-NWA-140824-004A,14-Aug-24,8,15-Aug-24,St. Clair NWA - East Cell SCU,42.369849,-82.395009,Notemigonus crysoleucas,60,1.52
2024-LCS-NWA-,2024-LCS-NWA-140824-004A,14-Aug-24,8,15-Aug-24,St. Clair NWA - East Cell SCU,42.369849,-82.395009,Notemigonus crysoleucas,48,0.7
2024-LCS-NWA-,2024-LCS-NWA-140824-004A,14-Aug-24,8,15-Aug-24,St. Clair NWA - East Cell SCU,42.369849,-82.395009,Notemigonus crysoleucas,58,1.3
2024-LCS-NWA-,2024-LCS-NWA-140824-004A,14-Aug-24,8,15-Aug-24,St. Clair NWA - East Cell SCU,42.369849,-82.395009,Notemigonus crysoleucas,52,1
2024-LCS-NWA-,2024-LCS-NWA-140824-004A,14-Aug-24,8,15-Aug-24,St. Clair NWA - East Cell SCU,42.369849,-82.395009,Notemigonus crysoleucas,52,0.8
2024-LCS-NWA-,2024-LCS-NWA-140824-004A,14-Aug-24,8,15-Aug-24,St. Clair NWA - East Cell SCU,42.369849,-82.395009,Notemigonus crysoleucas,48,0.76
2024-LCS-NWA-,2024-LCS-NWA-140824-004A,14-Aug-24,8,15-Aug-24,St. Clair NWA - East Cell SCU,42.369849,-82.395009,Notemigonus crysoleucas,46,0.7
2024-LCS-NWA-,2024-LCS-NWA-140824-004A,14-Aug-24,8,15-Aug-24,St. Clair NWA - East Cell SCU,42.369849,-82.395009,Notemigonus crysoleucas,53,0.98
2024-LCS-NWA-,2024-LCS-NWA-140824-004A,14-Aug-24,8,15-Aug-24,St. Clair NWA - East Cell SCU,42.369849,-82.395009,Notemigonus crysoleucas,51,0.7
2024-LCS-NWA-,2024-LCS-NWA-140824-004A,14-Aug-24,8,15-Aug-24,St. Clair NWA - East Cell SCU,42.369849,-82.395009,Notemigonus crysoleucas,51,0.84
2024-LCS-NWA-,2024-LCS-NWA-140824-004A,14-Aug-24,8,15-Aug-24,St. Clair NWA - East Cell SCU,42.369849,-82.395009,Notemigonus crysoleucas,53,1.3
2024-LCS-NWA-,2024-LCS-NWA-140824-004A,14-Aug-24,8,15-Aug-24,St. Clair NWA - East Cell SCU,42.369849,-82.395009,Notemigonus crysoleucas,51,0.91
2024-LCS-NWA-,2024-LCS-NWA-140824-004A,14-Aug-24,8,15-Aug-24,St. Clair NWA - East Cell SCU,42.369849,-82.395009,Notemigonus crysoleucas,54,1
2024-LCS-NWA-,2024-LCS-NWA-140824-004A,14-Aug-24,8,15-Aug-24,St. Clair NWA - East Cell SCU,42.369849,-82.395009,Notemigonus crysoleucas,84,4.7
2024-LCS-NWA-,2024-LCS-NWA-140824-004A,14-Aug-24,8,15-Aug-24,St. Clair NWA - East Cell SCU,42.369849,-82.395009,Notemigonus crysoleucas,56,1.3
2024-LCS-NWA-,2024-LCS-NWA-140824-004A,14-Aug-24,8,15-Aug-24,St. Clair NWA - East Cell SCU,42.369849,-82.395009,Notemigonus crysoleucas,39,0.67
2024-LCS-NWA-,2024-LCS-NWA-140824-004A,14-Aug-24,8,15-Aug-24,St. Clair NWA - East Cell SCU,42.369849,-82.395009,Notemigonus crysoleucas,53,0.9
2024-LCS-NWA-,2024-LCS-NWA-140824-004A,14-Aug-24,8,15-Aug-24,St. Clair NWA - East Cell SCU,42.369849,-82.395009,Notemigonus crysoleucas,111,11.9
2024-LCS-NWA-,2024-LCS-NWA-140824-004A,14-Aug-24,8,15-Aug-24,St. Clair NWA - East Cell SCU,42.369849,-82.395009,Notemigonus crysoleucas,52,0.89
2024-LCS-NWA-,2024-LCS-NWA-140824-004A,14-Aug-24,8,15-Aug-24,St. Clair NWA - East Cell SCU,42.369849,-82.395009,Notemigonus crysoleucas,43,0.6
2024-LCS-NWA-,2024-LCS-NWA-140824-004A,14-Aug-24,8,15-Aug-24,St. Clair NWA - East Cell SCU,42.369849,-82.395009,Notemigonus crysoleucas,55,1.18
2024-LCS-NWA-,2024-LCS-NWA-140824-004A,14-Aug-24,8,15-Aug-24,St. Clair NWA - East Cell SCU,42.369849,-82.395009,Notemigonus crysoleucas,51,0.9
2024-LCS-NWA-,2024-LCS-NWA-140824-004A,14-Aug-24,8,15-Aug-24,St. Clair NWA - East Cell SCU,42.369849,-82.395009,Micropterus nigricans,118,22.3
2024-LCS-NWA-,2024-LCS-NWA-140824-004A,14-Aug-24,8,15-Aug-24,St. Clair NWA - East Cell SCU,42.369849,-82.395009,Micropterus nigricans,91,9.2
2024-LCS-NWA-,2024-LCS-NWA-140824-004A,14-Aug-24,8,15-Aug-24,St. Clair NWA - East Cell SCU,42.369849,-82.395009,Micropterus nigricans,61,3.2
2024-LCS-NWA-,2024-LCS-NWA-140824-004A,14-Aug-24,8,15-Aug-24,St. Clair NWA - East Cell SCU,42.369849,-82.395009,Micropterus nigricans,62,2.78
2024-LCS-NWA-,2024-LCS-NWA-140824-004A,14-Aug-24,8,15-Aug-24,St. Clair NWA - East Cell SCU,42.369849,-82.395009,Micropterus nigricans,69,3.9
2024-LCS-NWA-,2024-LCS-NWA-140824-004A,14-Aug-24,8,15-Aug-24,St. Clair NWA - East Cell SCU,42.369849,-82.395009,Micropterus nigricans,62,2.62
2024-LCS-NWA-,2024-LCS-NWA-140824-004A,14-Aug-24,8,15-Aug-24,St. Clair NWA - East Cell SCU,42.369849,-82.395009,Micropterus nigricans,66,3.8
2024-LCS-NWA-,2024-LCS-NWA-140824-004A,14-Aug-24,8,15-Aug-24,St. Clair NWA - East Cell SCU,42.369849,-82.395009,Micropterus nigricans,62,3.2
2024-LCS-NWA-,2024-LCS-NWA-140824-004A,14-Aug-24,8,15-Aug-24,St. Clair NWA - East Cell SCU,42.369849,-82.395009,Micropterus nigricans,71,3.94
2024-LCS-NWA-,2024-LCS-NWA-140824-004A,14-Aug-24,8,15-Aug-24,St. Clair NWA - East Cell SCU,42.369849,-82.395009,Micropterus nigricans,80,6.5
2024-LCS-NWA-,2024-LCS-NWA-140824-004A,14-Aug-24,8,15-Aug-24,St. Clair NWA - East Cell SCU,42.369849,-82.395009,Micropterus nigricans,67,3.7
2024-LCS-NWA-,2024-LCS-NWA-140824-004A,14-Aug-24,8,15-Aug-24,St. Clair NWA - East Cell SCU,42.369849,-82.395009,Micropterus nigricans,69,4.1
2024-LCS-NWA-,2024-LCS-NWA-140824-004A,14-Aug-24,8,15-Aug-24,St. Clair NWA - East Cell SCU,42.369849,-82.395009,Micropterus nigricans,60,2.31
2024-LCS-NWA-,2024-LCS-NWA-140824-004A,14-Aug-24,8,15-Aug-24,St. Clair NWA - East Cell SCU,42.369849,-82.395009,Micropterus nigricans,73,4.6
2024-LCS-NWA-,2024-LCS-NWA-140824-004A,14-Aug-24,8,15-Aug-24,St. Clair NWA - East Cell SCU,42.369849,-82.395009,Micropterus nigricans,62,2.72
2024-LCS-NWA-,2024-LCS-NWA-140824-004A,14-Aug-24,8,15-Aug-24,St. Clair NWA - East Cell SCU,42.369849,-82.395009,Micropterus nigricans,63,2.7
2024-LCS-NWA-,2024-LCS-NWA-140824-004A,14-Aug-24,8,15-Aug-24,St. Clair NWA - East Cell SCU,42.369849,-82.395009,Micropterus nigricans,70,3.97
2024-LCS-NWA-,2024-LCS-NWA-140824-004A,14-Aug-24,8,15-Aug-24,St. Clair NWA - East Cell SCU,42.369849,-82.395009,Micropterus nigricans,68,4.3
2024-LCS-NWA-,2024-LCS-NWA-140824-004A,14-Aug-24,8,15-Aug-24,St. Clair NWA - East Cell SCU,42.369849,-82.395009,Micropterus nigricans,60,2.8
2024-LCS-NWA-,2024-LCS-NWA-140824-004A,14-Aug-24,8,15-Aug-24,St. Clair NWA - East Cell SCU,42.369849,-82.395009,Micropterus nigricans,73,4.39
2024-LCS-NWA-,2024-LCS-NWA-140824-004A,14-Aug-24,8,15-Aug-24,St. Clair NWA - East Cell SCU,42.369849,-82.395009,Micropterus nigricans,64,3.3
2024-LCS-NWA-,2024-LCS-NWA-140824-004A,14-Aug-24,8,15-Aug-24,St. Clair NWA - East Cell SCU,42.369849,-82.395009,Micropterus nigricans,72,4.6
2024-LCS-NWA-,2024-LCS-NWA-140824-004A,14-Aug-24,8,15-Aug-24,St. Clair NWA - East Cell SCU,42.369849,-82.395009,Micropterus nigricans,61,2.1
2024-LCS-NWA-,2024-LCS-NWA-140824-004A,14-Aug-24,8,15-Aug-24,St. Clair NWA - East Cell SCU,42.369849,-82.395009,Micropterus nigricans,69,3.9
2024-LCS-NWA-,2024-LCS-NWA-140824-004A,14-Aug-24,8,15-Aug-24,St. Clair NWA - East Cell SCU,42.369849,-82.395009,Micropterus nigricans,67,3.7
2024-LCS-NWA-,2024-LCS-NWA-140824-004A,14-Aug-24,8,15-Aug-24,St. Clair NWA - East Cell SCU,42.369849,-82.395009,Micropterus nigricans,85,7.1
2024-LCS-NWA-,2024-LCS-NWA-140824-004A,14-Aug-24,8,15-Aug-24,St. Clair NWA - East Cell SCU,42.369849,-82.395009,Micropterus nigricans,60,2.5
2024-LCS-NWA-,2024-LCS-NWA-140824-004A,14-Aug-24,8,15-Aug-24,St. Clair NWA - East Cell SCU,42.369849,-82.395009,Micropterus nigricans,62,2.9
2024-LCS-NWA-,2024-LCS-NWA-140824-004A,14-Aug-24,8,15-Aug-24,St. Clair NWA - East Cell SCU,42.369849,-82.395009,Micropterus nigricans,61,2.7
2024-LCS-NWA-,2024-LCS-NWA-140824-004A,14-Aug-24,8,15-Aug-24,St. Clair NWA - East Cell SCU,42.369849,-82.395009,Micropterus nigricans,74,4.9
2024-LCS-NWA-,2024-LCS-NWA-140824-004A,14-Aug-24,8,15-Aug-24,St. Clair NWA - East Cell SCU,42.369849,-82.395009,Micropterus nigricans,70,3.8
2024-LCS-NWA-,2024-LCS-NWA-140824-004A,14-Aug-24,8,15-Aug-24,St. Clair NWA - East Cell SCU,42.369849,-82.395009,Micropterus nigricans,72,4.1
2024-LCS-NWA-,2024-LCS-NWA-140824-004A,14-Aug-24,8,15-Aug-24,St. Clair NWA - East Cell SCU,42.369849,-82.395009,Micropterus nigricans,59,2.7
2024-LCS-NWA-,2024-LCS-NWA-140824-004A,14-Aug-24,8,15-Aug-24,St. Clair NWA - East Cell SCU,42.369849,-82.395009,Micropterus nigricans,69,3.6
2024-LCS-NWA-,2024-LCS-NWA-140824-004A,14-Aug-24,8,15-Aug-24,St. Clair NWA - East Cell SCU,42.369849,-82.395009,Micropterus nigricans,63,3
2024-LCS-NWA-,2024-LCS-NWA-140824-004A,14-Aug-24,8,15-Aug-24,St. Clair NWA - East Cell SCU,42.369849,-82.395009,Micropterus nigricans,74,4.75
2024-LCS-NWA-,2024-LCS-NWA-140824-004A,14-Aug-24,8,15-Aug-24,St. Clair NWA - East Cell SCU,42.369849,-82.395009,Micropterus nigricans,64,2.94
2024-LCS-NWA-,2024-LCS-NWA-140824-004A,14-Aug-24,8,15-Aug-24,St. Clair NWA - East Cell SCU,42.369849,-82.395009,Micropterus nigricans,62,2.74
2024-LCS-NWA-,2024-LCS-NWA-140824-004A,14-Aug-24,8,15-Aug-24,St. Clair NWA - East Cell SCU,42.369849,-82.395009,Micropterus nigricans,60,2.22
2024-LCS-NWA-,2024-LCS-NWA-140824-004A,14-Aug-24,8,15-Aug-24,St. Clair NWA - East Cell SCU,42.369849,-82.395009,Lepomis macrochirus,41,1
2024-LCS-NWA-,2024-LCS-NWA-140824-004A,14-Aug-24,8,15-Aug-24,St. Clair NWA - East Cell SCU,42.369849,-82.395009,Lepomis macrochirus,39,0.9
2024-LCS-NWA-,2024-LCS-NWA-140824-004A,14-Aug-24,8,15-Aug-24,St. Clair NWA - East Cell SCU,42.369849,-82.395009,Lepomis macrochirus,48,2.02
2024-LCS-NWA-,2024-LCS-NWA-140824-004A,14-Aug-24,8,15-Aug-24,St. Clair NWA - East Cell SCU,42.369849,-82.395009,Lepomis macrochirus,38,0.9
2024-LCS-NWA-,2024-LCS-NWA-140824-004A,14-Aug-24,8,15-Aug-24,St. Clair NWA - East Cell SCU,42.369849,-82.395009,Lepomis gibbosus,87,11.7
2024-LCS-NWA-,2024-LCS-NWA-140824-004A,14-Aug-24,8,15-Aug-24,St. Clair NWA - East Cell SCU,42.369849,-82.395009,Lepomis gibbosus,52,2.3
2024-LCS-NWA-,2024-LCS-NWA-140824-004A,14-Aug-24,8,15-Aug-24,St. Clair NWA - East Cell SCU,42.369849,-82.395009,Lepomis gibbosus,55,2.8
2024-LCS-NWA-,2024-LCS-NWA-140824-004A,14-Aug-24,8,15-Aug-24,St. Clair NWA - East Cell SCU,42.369849,-82.395009,Lepomis gibbosus,77,8.4
2024-LCS-NWA-,2024-LCS-NWA-140824-004A,14-Aug-24,8,15-Aug-24,St. Clair NWA - East Cell SCU,42.369849,-82.395009,Lepomis gibbosus,72,5.97
2024-LCS-NWA-,2024-LCS-NWA-140824-004A,14-Aug-24,8,15-Aug-24,St. Clair NWA - East Cell SCU,42.369849,-82.395009,Lepomis gibbosus,88,11.9
2024-LCS-NWA-,2024-LCS-NWA-140824-004A,14-Aug-24,8,15-Aug-24,St. Clair NWA - East Cell SCU,42.369849,-82.395009,Lepomis gibbosus,43,1.2
2024-LCS-NWA-,2024-LCS-NWA-140824-004A,14-Aug-24,8,15-Aug-24,St. Clair NWA - East Cell SCU,42.369849,-82.395009,Lepomis gibbosus,49,1.75
2024-LCS-NWA-,2024-LCS-NWA-140824-004A,14-Aug-24,8,15-Aug-24,St. Clair NWA - East Cell SCU,42.369849,-82.395009,Lepomis gibbosus,91,14.1
2024-LCS-NWA-,2024-LCS-NWA-140824-004A,14-Aug-24,8,15-Aug-24,St. Clair NWA - East Cell SCU,42.369849,-82.395009,Lepomis gibbosus,52,2.2
2024-LCS-NWA-,2024-LCS-NWA-140824-004A,14-Aug-24,8,15-Aug-24,St. Clair NWA - East Cell SCU,42.369849,-82.395009,Lepomis gibbosus,42,1.02
2024-LCS-NWA-,2024-LCS-NWA-140824-004A,14-Aug-24,8,15-Aug-24,St. Clair NWA - East Cell SCU,42.369849,-82.395009,Lepomis gibbosus,48,1.6
2024-LCS-NWA-,2024-LCS-NWA-140824-004A,14-Aug-24,8,15-Aug-24,St. Clair NWA - East Cell SCU,42.369849,-82.395009,Lepomis gibbosus,83,10.2
2024-LCS-NWA-,2024-LCS-NWA-140824-004A,14-Aug-24,8,15-Aug-24,St. Clair NWA - East Cell SCU,42.369849,-82.395009,Lepomis gibbosus,76,7.97
2024-LCS-NWA-,2024-LCS-NWA-140824-004A,14-Aug-24,8,15-Aug-24,St. Clair NWA - East Cell SCU,42.369849,-82.395009,Lepomis gibbosus,74,6.85
2024-LCS-NWA-,2024-LCS-NWA-140824-004A,14-Aug-24,8,15-Aug-24,St. Clair NWA - East Cell SCU,42.369849,-82.395009,Lepomis gibbosus,47,2.1
2024-LCS-NWA-,2024-LCS-NWA-140824-004A,14-Aug-24,8,15-Aug-24,St. Clair NWA - East Cell SCU,42.369849,-82.395009,Lepomis gibbosus,52,2.3
2024-LCS-NWA-,2024-LCS-NWA-140824-004A,14-Aug-24,8,15-Aug-24,St. Clair NWA - East Cell SCU,42.369849,-82.395009,Lepomis gibbosus,48,1.8
2024-LCS-NWA-,2024-LCS-NWA-140824-004A,14-Aug-24,8,15-Aug-24,St. Clair NWA - East Cell SCU,42.369849,-82.395009,Lepomis gibbosus,67,4.66
2024-LCS-NWA-,2024-LCS-NWA-140824-004A,14-Aug-24,8,15-Aug-24,St. Clair NWA - East Cell SCU,42.369849,-82.395009,Lepomis gibbosus,43,1.4
2024-LCS-NWA-,2024-LCS-NWA-140824-004A,14-Aug-24,8,15-Aug-24,St. Clair NWA - East Cell SCU,42.369849,-82.395009,Lepomis gibbosus,44,1.4
2024-LCS-NWA-,2024-LCS-NWA-140824-004A,14-Aug-24,8,15-Aug-24,St. Clair NWA - East Cell SCU,42.369849,-82.395009,Lepomis gibbosus,48,2
2024-LCS-NWA-,2024-LCS-NWA-140824-004A,14-Aug-24,8,15-Aug-24,St. Clair NWA - East Cell SCU,42.369849,-82.395009,Lepomis gibbosus,47,1.8
2024-LCS-NWA-,2024-LCS-NWA-140824-004A,14-Aug-24,8,15-Aug-24,St. Clair NWA - East Cell SCU,42.369849,-82.395009,Lepomis gibbosus,47,1.58
2024-LCS-NWA-,2024-LCS-NWA-140824-004A,14-Aug-24,8,15-Aug-24,St. Clair NWA - East Cell SCU,42.369849,-82.395009,Lepomis gibbosus,43,1.6
2024-LCS-NWA-,2024-LCS-NWA-140824-004A,14-Aug-24,8,15-Aug-24,St. Clair NWA - East Cell SCU,42.369849,-82.395009,Lepomis gibbosus,46,1.46
2024-LCS-NWA-,2024-LCS-NWA-140824-004A,14-Aug-24,8,15-Aug-24,St. Clair NWA - East Cell SCU,42.369849,-82.395009,Lepomis gibbosus,46,1.45
2024-LCS-NWA-,2024-LCS-NWA-140824-005A,14-Aug-24,8,15-Aug-24,St. Clair NWA - East Cell SCU,42.371268,-82.395103,Umbra limi,74,4.7
2024-LCS-NWA-,2024-LCS-NWA-140824-005A,14-Aug-24,8,15-Aug-24,St. Clair NWA - East Cell SCU,42.371268,-82.395103,Lepomis gibbosus,51,1.9
2024-LCS-NWA-,2024-LCS-NWA-140824-005A,14-Aug-24,8,15-Aug-24,St. Clair NWA - East Cell SCU,42.371268,-82.395103,Lepomis gibbosus,50,2.1
2024-LCS-NWA-,2024-LCS-NWA-150824-001A,15-Aug-24,8,16-Aug-24,St. Clair NWA - East Cell SCU,42.37571,-82.399739,Lepomis gibbosus,146,62.4
2024-LCS-NWA-,2024-LCS-NWA-150824-001A,15-Aug-24,8,16-Aug-24,St. Clair NWA - East Cell SCU,42.37571,-82.399739,Lepomis gibbosus,79,8.5
2024-LCS-NWA-,2024-LCS-NWA-150824-001A,15-Aug-24,8,16-Aug-24,St. Clair NWA - East Cell SCU,42.37571,-82.399739,Lepomis gibbosus,160,89.7
2024-LCS-NWA-,2024-LCS-NWA-150824-001A,15-Aug-24,8,16-Aug-24,St. Clair NWA - East Cell SCU,42.37571,-82.399739,Lepomis gibbosus,145,59.4
2024-LCS-NWA-,2024-LCS-NWA-150824-001A,15-Aug-24,8,16-Aug-24,St. Clair NWA - East Cell SCU,42.37571,-82.399739,Lepomis gibbosus,121,30.2
2024-LCS-NWA-,2024-LCS-NWA-150824-001A,15-Aug-24,8,16-Aug-24,St. Clair NWA - East Cell SCU,42.37571,-82.399739,Lepomis gibbosus,80,9.6
2024-LCS-NWA-,2024-LCS-NWA-150824-001A,15-Aug-24,8,16-Aug-24,St. Clair NWA - East Cell SCU,42.37571,-82.399739,Lepomis gibbosus,113,26.8
2024-LCS-NWA-,2024-LCS-NWA-150824-001A,15-Aug-24,8,16-Aug-24,St. Clair NWA - East Cell SCU,42.37571,-82.399739,Lepomis gibbosus,76,7.7
2024-LCS-NWA-,2024-LCS-NWA-150824-001A,15-Aug-24,8,16-Aug-24,St. Clair NWA - East Cell SCU,42.37571,-82.399739,Lepomis gibbosus,131,40.3
2024-LCS-NWA-,2024-LCS-NWA-150824-001A,15-Aug-24,8,16-Aug-24,St. Clair NWA - East Cell SCU,42.37571,-82.399739,Lepomis gibbosus,115,27.5
2024-LCS-NWA-,2024-LCS-NWA-150824-001A,15-Aug-24,8,16-Aug-24,St. Clair NWA - East Cell SCU,42.37571,-82.399739,Lepomis gibbosus,106,22.1
2024-LCS-NWA-,2024-LCS-NWA-150824-001A,15-Aug-24,8,16-Aug-24,St. Clair NWA - East Cell SCU,42.37571,-82.399739,Lepomis gibbosus,72,6.1
2024-LCS-NWA-,2024-LCS-NWA-150824-001A,15-Aug-24,8,16-Aug-24,St. Clair NWA - East Cell SCU,42.37571,-82.399739,Lepomis gibbosus,121,32
2024-LCS-NWA-,2024-LCS-NWA-150824-001A,15-Aug-24,8,16-Aug-24,St. Clair NWA - East Cell SCU,42.37571,-82.399739,Lepomis gibbosus,79,8.7
2024-LCS-NWA-,2024-LCS-NWA-150824-001A,15-Aug-24,8,16-Aug-24,St. Clair NWA - East Cell SCU,42.37571,-82.399739,Lepomis gibbosus,83,9.6
2024-LCS-NWA-,2024-LCS-NWA-150824-001A,15-Aug-24,8,16-Aug-24,St. Clair NWA - East Cell SCU,42.37571,-82.399739,Lepomis gibbosus,67,4.7
2024-LCS-NWA-,2024-LCS-NWA-150824-001A,15-Aug-24,8,16-Aug-24,St. Clair NWA - East Cell SCU,42.37571,-82.399739,Lepomis gibbosus,80,7.7
2024-LCS-NWA-,2024-LCS-NWA-150824-001A,15-Aug-24,8,16-Aug-24,St. Clair NWA - East Cell SCU,42.37571,-82.399739,Lepomis gibbosus,35,0.7
2024-LCS-NWA-,2024-LCS-NWA-150824-001A,15-Aug-24,8,16-Aug-24,St. Clair NWA - East Cell SCU,42.37571,-82.399739,Lepomis gibbosus,84,9.3
2024-LCS-NWA-,2024-LCS-NWA-150824-001A,15-Aug-24,8,16-Aug-24,St. Clair NWA - East Cell SCU,42.37571,-82.399739,Lepomis gibbosus,79,8.6
2024-LCS-NWA-,2024-LCS-NWA-150824-001A,15-Aug-24,8,16-Aug-24,St. Clair NWA - East Cell SCU,42.37571,-82.399739,Lepomis macrochirus,155,74.2
2024-LCS-NWA-,2024-LCS-NWA-150824-001A,15-Aug-24,8,16-Aug-24,St. Clair NWA - East Cell SCU,42.37571,-82.399739,Lepomis macrochirus,213,200.1
2024-LCS-NWA-,2024-LCS-NWA-150824-001A,15-Aug-24,8,16-Aug-24,St. Clair NWA - East Cell SCU,42.37571,-82.399739,Lepomis macrochirus,170,93.2
2024-LCS-NWA-,2024-LCS-NWA-150824-001A,15-Aug-24,8,16-Aug-24,St. Clair NWA - East Cell SCU,42.37571,-82.399739,Lepomis macrochirus,41,1
2024-LCS-NWA-,2024-LCS-NWA-150824-001A,15-Aug-24,8,16-Aug-24,St. Clair NWA - East Cell SCU,42.37571,-82.399739,Lepomis macrochirus,43,1.3
2024-LCS-NWA-,2024-LCS-NWA-150824-001A,15-Aug-24,8,16-Aug-24,St. Clair NWA - East Cell SCU,42.37571,-82.399739,Lepomis macrochirus,81,8.5
2024-LCS-NWA-,2024-LCS-NWA-150824-001A,15-Aug-24,8,16-Aug-24,St. Clair NWA - East Cell SCU,42.37571,-82.399739,Lepomis macrochirus,85,9.7
2024-LCS-NWA-,2024-LCS-NWA-150824-001A,15-Aug-24,8,16-Aug-24,St. Clair NWA - East Cell SCU,42.37571,-82.399739,Lepomis macrochirus,50,1.7
2024-LCS-NWA-,2024-LCS-NWA-150824-001A,15-Aug-24,8,16-Aug-24,St. Clair NWA - East Cell SCU,42.37571,-82.399739,Lepomis macrochirus,47,1.5
2024-LCS-NWA-,2024-LCS-NWA-150824-001A,15-Aug-24,8,16-Aug-24,St. Clair NWA - East Cell SCU,42.37571,-82.399739,Lepomis macrochirus,47,1.3
2024-LCS-NWA-,2024-LCS-NWA-150824-001A,15-Aug-24,8,16-Aug-24,St. Clair NWA - East Cell SCU,42.37571,-82.399739,Lepomis macrochirus,43,1.3
2024-LCS-NWA-,2024-LCS-NWA-150824-001A,15-Aug-24,8,16-Aug-24,St. Clair NWA - East Cell SCU,42.37571,-82.399739,Pomoxis nigromaculatus,170,76.3
2024-LCS-NWA-,2024-LCS-NWA-150824-001A,15-Aug-24,8,16-Aug-24,St. Clair NWA - East Cell SCU,42.37571,-82.399739,Pomoxis nigromaculatus,185,99.2
2024-LCS-NWA-,2024-LCS-NWA-150824-001A,15-Aug-24,8,16-Aug-24,St. Clair NWA - East Cell SCU,42.37571,-82.399739,Pomoxis nigromaculatus,63,3.2
2024-LCS-NWA-,2024-LCS-NWA-150824-001A,15-Aug-24,8,16-Aug-24,St. Clair NWA - East Cell SCU,42.37571,-82.399739,Pomoxis nigromaculatus,50,2.1
2024-LCS-NWA-,2024-LCS-NWA-150824-001A,15-Aug-24,8,16-Aug-24,St. Clair NWA - East Cell SCU,42.37571,-82.399739,Micropterus nigricans,61,3
2024-LCS-NWA-,2024-LCS-NWA-150824-001A,15-Aug-24,8,16-Aug-24,St. Clair NWA - East Cell SCU,42.37571,-82.399739,Micropterus nigricans,55,2
2024-LCS-NWA-,2024-LCS-NWA-150824-001A,15-Aug-24,8,16-Aug-24,St. Clair NWA - East Cell SCU,42.37571,-82.399739,Notemigonus crysoleucas,95,7.9
2024-LCS-NWA-,2024-LCS-NWA-150824-002A,15-Aug-24,8,16-Aug-24,St. Clair NWA - East Cell SCU,42.376826,-82.397929,Lepomis macrochirus,201,167.7
2024-LCS-NWA-,2024-LCS-NWA-150824-002A,15-Aug-24,8,16-Aug-24,St. Clair NWA - East Cell SCU,42.376826,-82.397929,Lepomis macrochirus,210,212.98
2024-LCS-NWA-,2024-LCS-NWA-150824-002A,15-Aug-24,8,16-Aug-24,St. Clair NWA - East Cell SCU,42.376826,-82.397929,Lepomis macrochirus,189,132.7
2024-LCS-NWA-,2024-LCS-NWA-150824-002A,15-Aug-24,8,16-Aug-24,St. Clair NWA - East Cell SCU,42.376826,-82.397929,Lepomis macrochirus,123,35.79
2024-LCS-NWA-,2024-LCS-NWA-150824-002A,15-Aug-24,8,16-Aug-24,St. Clair NWA - East Cell SCU,42.376826,-82.397929,Lepomis macrochirus,82,8.78
2024-LCS-NWA-,2024-LCS-NWA-150824-002A,15-Aug-24,8,16-Aug-24,St. Clair NWA - East Cell SCU,42.376826,-82.397929,Lepomis macrochirus,201,158.4
2024-LCS-NWA-,2024-LCS-NWA-150824-002A,15-Aug-24,8,16-Aug-24,St. Clair NWA - East Cell SCU,42.376826,-82.397929,Lepomis macrochirus,46,1.35
2024-LCS-NWA-,2024-LCS-NWA-150824-002A,15-Aug-24,8,16-Aug-24,St. Clair NWA - East Cell SCU,42.376826,-82.397929,Lepomis macrochirus,47,1.4
2024-LCS-NWA-,2024-LCS-NWA-150824-002A,15-Aug-24,8,16-Aug-24,St. Clair NWA - East Cell SCU,42.376826,-82.397929,Lepomis macrochirus,43,1.14
2024-LCS-NWA-,2024-LCS-NWA-150824-002A,15-Aug-24,8,16-Aug-24,St. Clair NWA - East Cell SCU,42.376826,-82.397929,Pomoxis nigromaculatus,230,198.5
2024-LCS-NWA-,2024-LCS-NWA-150824-002A,15-Aug-24,8,16-Aug-24,St. Clair NWA - East Cell SCU,42.376826,-82.397929,Pomoxis nigromaculatus,213,169.6
2024-LCS-NWA-,2024-LCS-NWA-150824-002A,15-Aug-24,8,16-Aug-24,St. Clair NWA - East Cell SCU,42.376826,-82.397929,Pomoxis nigromaculatus,205,131.2
2024-LCS-NWA-,2024-LCS-NWA-150824-002A,15-Aug-24,8,16-Aug-24,St. Clair NWA - East Cell SCU,42.376826,-82.397929,Pomoxis nigromaculatus,119,22.02
2024-LCS-NWA-,2024-LCS-NWA-150824-002A,15-Aug-24,8,16-Aug-24,St. Clair NWA - East Cell SCU,42.376826,-82.397929,Lepomis gibbosus,156,65.6
2024-LCS-NWA-,2024-LCS-NWA-150824-002A,15-Aug-24,8,16-Aug-24,St. Clair NWA - East Cell SCU,42.376826,-82.397929,Lepomis gibbosus,124,35.21
2024-LCS-NWA-,2024-LCS-NWA-150824-002A,15-Aug-24,8,16-Aug-24,St. Clair NWA - East Cell SCU,42.376826,-82.397929,Lepomis gibbosus,141,48.1
2024-LCS-NWA-,2024-LCS-NWA-150824-002A,15-Aug-24,8,16-Aug-24,St. Clair NWA - East Cell SCU,42.376826,-82.397929,Lepomis gibbosus,109,22.91
2024-LCS-NWA-,2024-LCS-NWA-150824-002A,15-Aug-24,8,16-Aug-24,St. Clair NWA - East Cell SCU,42.376826,-82.397929,Lepomis gibbosus,125,33.1
2024-LCS-NWA-,2024-LCS-NWA-150824-002A,15-Aug-24,8,16-Aug-24,St. Clair NWA - East Cell SCU,42.376826,-82.397929,Lepomis gibbosus,90,13.3
2024-LCS-NWA-,2024-LCS-NWA-150824-002A,15-Aug-24,8,16-Aug-24,St. Clair NWA - East Cell SCU,42.376826,-82.397929,Ameiurus natalis,270,300
2024-LCS-NWA-,2024-LCS-NWA-150824-002A,15-Aug-24,8,16-Aug-24,St. Clair NWA - East Cell SCU,42.376826,-82.397929,Micropterus nigricans,67,3.49
2024-LCS-NWA-,2024-LCS-NWA-150824-003A,15-Aug-24,8,16-Aug-24,St. Clair NWA - East Cell SCU,42.377052,-82.399136,Pomoxis nigromaculatus,196,106.2
2024-LCS-NWA-,2024-LCS-NWA-150824-003A,15-Aug-24,8,16-Aug-24,St. Clair NWA - East Cell SCU,42.377052,-82.399136,Pomoxis nigromaculatus,156,52.7
2024-LCS-NWA-,2024-LCS-NWA-150824-003A,15-Aug-24,8,16-Aug-24,St. Clair NWA - East Cell SCU,42.377052,-82.399136,Pomoxis nigromaculatus,166,73.45
2024-LCS-NWA-,2024-LCS-NWA-150824-003A,15-Aug-24,8,16-Aug-24,St. Clair NWA - East Cell SCU,42.377052,-82.399136,Pomoxis nigromaculatus,63,3.1
2024-LCS-NWA-,2024-LCS-NWA-150824-003A,15-Aug-24,8,16-Aug-24,St. Clair NWA - East Cell SCU,42.377052,-82.399136,Lepomis gibbosus,179,123.7
2024-LCS-NWA-,2024-LCS-NWA-150824-003A,15-Aug-24,8,16-Aug-24,St. Clair NWA - East Cell SCU,42.377052,-82.399136,Lepomis gibbosus,119,30.02
2024-LCS-NWA-,2024-LCS-NWA-150824-003A,15-Aug-24,8,16-Aug-24,St. Clair NWA - East Cell SCU,42.377052,-82.399136,Micropterus nigricans,83,7.1
2024-LCS-NWA-,2024-LCS-NWA-150824-003A,15-Aug-24,8,16-Aug-24,St. Clair NWA - East Cell SCU,42.377052,-82.399136,Micropterus nigricans,75,4.87
2024-LCS-NWA-,2024-LCS-NWA-150824-003A,15-Aug-24,8,16-Aug-24,St. Clair NWA - East Cell SCU,42.377052,-82.399136,Micropterus nigricans,76,4.2
2024-LCS-NWA-,2024-LCS-NWA-150824-004A,15-Aug-24,8,16-Aug-24,St. Clair NWA - East Cell SCU,42.37809,-82.399221,Lepomis gibbosus,180,51.19
2024-LCS-NWA-,2024-LCS-NWA-150824-004A,15-Aug-24,8,16-Aug-24,St. Clair NWA - East Cell SCU,42.37809,-82.399221,Lepomis gibbosus,142,54.4
2024-LCS-NWA-,2024-LCS-NWA-150824-004A,15-Aug-24,8,16-Aug-24,St. Clair NWA - East Cell SCU,42.37809,-82.399221,Lepomis gibbosus,121,34
2024-LCS-NWA-,2024-LCS-NWA-150824-004A,15-Aug-24,8,16-Aug-24,St. Clair NWA - East Cell SCU,42.37809,-82.399221,Lepomis gibbosus,140,55.68
2024-LCS-NWA-,2024-LCS-NWA-150824-004A,15-Aug-24,8,16-Aug-24,St. Clair NWA - East Cell SCU,42.37809,-82.399221,Lepomis gibbosus,113,27.1
2024-LCS-NWA-,2024-LCS-NWA-150824-004A,15-Aug-24,8,16-Aug-24,St. Clair NWA - East Cell SCU,42.37809,-82.399221,Lepomis gibbosus,109,24.57
2024-LCS-NWA-,2024-LCS-NWA-150824-004A,15-Aug-24,8,16-Aug-24,St. Clair NWA - East Cell SCU,42.37809,-82.399221,Lepomis gibbosus,46,1.5
2024-LCS-NWA-,2024-LCS-NWA-150824-004A,15-Aug-24,8,16-Aug-24,St. Clair NWA - East Cell SCU,42.37809,-82.399221,Lepomis gibbosus,45,1.69
2024-LCS-NWA-,2024-LCS-NWA-150824-004A,15-Aug-24,8,16-Aug-24,St. Clair NWA - East Cell SCU,42.37809,-82.399221,Pomoxis nigromaculatus,253,270
2024-LCS-NWA-,2024-LCS-NWA-150824-004A,15-Aug-24,8,16-Aug-24,St. Clair NWA - East Cell SCU,42.37809,-82.399221,Pomoxis nigromaculatus,203,134.57
2024-LCS-NWA-,2024-LCS-NWA-150824-004A,15-Aug-24,8,16-Aug-24,St. Clair NWA - East Cell SCU,42.37809,-82.399221,Pomoxis nigromaculatus,207,142.35
2024-LCS-NWA-,2024-LCS-NWA-150824-004A,15-Aug-24,8,16-Aug-24,St. Clair NWA - East Cell SCU,42.37809,-82.399221,Pomoxis nigromaculatus,122,22.8
2024-LCS-NWA-,2024-LCS-NWA-150824-005A,15-Aug-24,8,16-Aug-24,St. Clair NWA - East Cell SCU,42.378362,-82.400667,Lepomis gibbosus,125,36.07
2024-LCS-NWA-,2024-LCS-NWA-150824-005A,15-Aug-24,8,16-Aug-24,St. Clair NWA - East Cell SCU,42.378362,-82.400667,Lepomis gibbosus,75,6.86
2024-LCS-NWA-,2024-LCS-NWA-150824-005A,15-Aug-24,8,16-Aug-24,St. Clair NWA - East Cell SCU,42.378362,-82.400667,Lepomis gibbosus,73,6.75
2024-LCS-NWA-,2024-LCS-NWA-150824-005A,15-Aug-24,8,16-Aug-24,St. Clair NWA - East Cell SCU,42.378362,-82.400667,Lepomis gibbosus,70,6.14
2024-LCS-NWA-,2024-LCS-NWA-150824-005A,15-Aug-24,8,16-Aug-24,St. Clair NWA - East Cell SCU,42.378362,-82.400667,Lepomis gibbosus,83,9.84
2024-LCS-NWA-,2024-LCS-NWA-150824-005A,15-Aug-24,8,16-Aug-24,St. Clair NWA - East Cell SCU,42.378362,-82.400667,Lepomis gibbosus,69,5
2024-LCS-NWA-,2024-LCS-NWA-150824-005A,15-Aug-24,8,16-Aug-24,St. Clair NWA - East Cell SCU,42.378362,-82.400667,Lepomis gibbosus,78,8.56
2024-LCS-NWA-,2024-LCS-NWA-150824-005A,15-Aug-24,8,16-Aug-24,St. Clair NWA - East Cell SCU,42.378362,-82.400667,Micropterus nigricans,122,22.5
2024-LCS-NWA-,2024-LCS-NWA-150824-005A,15-Aug-24,8,16-Aug-24,St. Clair NWA - East Cell SCU,42.378362,-82.400667,Micropterus nigricans,90,10.21
2024-LCS-NWA-,2024-LCS-NWA-150824-005A,15-Aug-24,8,16-Aug-24,St. Clair NWA - East Cell SCU,42.378362,-82.400667,Micropterus nigricans,70,4.1
2024-LCS-NWA-,2024-LCS-NWA-150824-005A,15-Aug-24,8,16-Aug-24,St. Clair NWA - East Cell SCU,42.378362,-82.400667,Micropterus nigricans,66,4.08
2024-LCS-NWA-,2024-LCS-NWA-150824-005A,15-Aug-24,8,16-Aug-24,St. Clair NWA - East Cell SCU,42.378362,-82.400667,Micropterus nigricans,74,4.2
2024-LCS-NWA-,2024-LCS-NWA-150824-005A,15-Aug-24,8,16-Aug-24,St. Clair NWA - East Cell SCU,42.378362,-82.400667,Micropterus nigricans,67,3.67
2024-LCS-NWA-,2024-LCS-NWA-150824-005A,15-Aug-24,8,16-Aug-24,St. Clair NWA - East Cell SCU,42.378362,-82.400667,Lepomis macrochirus,44,1.11
2024-LCS-NWA-,2024-LCS-NWA-150824-005A,15-Aug-24,8,16-Aug-24,St. Clair NWA - East Cell SCU,42.378362,-82.400667,Lepomis macrochirus,36,0.82
2024-LCS-NWA-,2024-LCS-NWA-190824-001A,19-Aug-24,8,20-Aug-24,St. Clair NWA - East Cell SCU,42.368281,-82.400499,Micropterus nigricans,94,11.5
2024-LCS-NWA-,2024-LCS-NWA-190824-001A,19-Aug-24,8,20-Aug-24,St. Clair NWA - East Cell SCU,42.368281,-82.400499,Micropterus nigricans,61,3
2024-LCS-NWA-,2024-LCS-NWA-190824-001A,19-Aug-24,8,20-Aug-24,St. Clair NWA - East Cell SCU,42.368281,-82.400499,Micropterus nigricans,66,3.5
2024-LCS-NWA-,2024-LCS-NWA-190824-001A,19-Aug-24,8,20-Aug-24,St. Clair NWA - East Cell SCU,42.368281,-82.400499,Micropterus nigricans,60,2.9
2024-LCS-NWA-,2024-LCS-NWA-190824-001A,19-Aug-24,8,20-Aug-24,St. Clair NWA - East Cell SCU,42.368281,-82.400499,Umbra limi,59,2.2
2024-LCS-NWA-,2024-LCS-NWA-190824-001A,19-Aug-24,8,20-Aug-24,St. Clair NWA - East Cell SCU,42.368281,-82.400499,Umbra limi,38,0.5
2024-LCS-NWA-,2024-LCS-NWA-190824-001A,19-Aug-24,8,20-Aug-24,St. Clair NWA - East Cell SCU,42.368281,-82.400499,Umbra limi,49,1.4
2024-LCS-NWA-,2024-LCS-NWA-190824-001A,19-Aug-24,8,20-Aug-24,St. Clair NWA - East Cell SCU,42.368281,-82.400499,Notemigonus crysoleucas,51,1
2024-LCS-NWA-,2024-LCS-NWA-190824-001A,19-Aug-24,8,20-Aug-24,St. Clair NWA - East Cell SCU,42.368281,-82.400499,Lepomis macrochirus,39,1
2024-LCS-NWA-,2024-LCS-NWA-190824-001A,19-Aug-24,8,20-Aug-24,St. Clair NWA - East Cell SCU,42.368281,-82.400499,Lepomis gibbosus,50,2.1
2024-LCS-NWA-,2024-LCS-NWA-190824-001A,19-Aug-24,8,20-Aug-24,St. Clair NWA - East Cell SCU,42.368281,-82.400499,Lepomis gibbosus,43,1.5
2024-LCS-NWA-,2024-LCS-NWA-190824-001A,19-Aug-24,8,20-Aug-24,St. Clair NWA - East Cell SCU,42.368281,-82.400499,Lepomis gibbosus,44,1.5
2024-LCS-NWA-,2024-LCS-NWA-190824-002A,19-Aug-24,8,20-Aug-24,St. Clair NWA - East Cell SCU,42.366851,-82.395258,Esox lucius,-1,-1
2024-LCS-NWA-,2024-LCS-NWA-190824-002A,19-Aug-24,8,20-Aug-24,St. Clair NWA - East Cell SCU,42.366851,-82.395258,Amia ocellicauda,581,1370
2024-LCS-NWA-,2024-LCS-NWA-190824-002A,19-Aug-24,8,20-Aug-24,St. Clair NWA - East Cell SCU,42.366851,-82.395258,Amia ocellicauda,455,770
2024-LCS-NWA-,2024-LCS-NWA-190824-002A,19-Aug-24,8,20-Aug-24,St. Clair NWA - East Cell SCU,42.366851,-82.395258,Amia ocellicauda,493,1040
2024-LCS-NWA-,2024-LCS-NWA-190824-002A,19-Aug-24,8,20-Aug-24,St. Clair NWA - East Cell SCU,42.366851,-82.395258,Cyprinus carpio,470,1540
2024-LCS-NWA-,2024-LCS-NWA-190824-002A,19-Aug-24,8,20-Aug-24,St. Clair NWA - East Cell SCU,42.366851,-82.395258,Lepomis macrochirus,40,1.1
2024-LCS-NWA-,2024-LCS-NWA-190824-002A,19-Aug-24,8,20-Aug-24,St. Clair NWA - East Cell SCU,42.366851,-82.395258,Lepomis macrochirus,40,1
2024-LCS-NWA-,2024-LCS-NWA-190824-002A,19-Aug-24,8,20-Aug-24,St. Clair NWA - East Cell SCU,42.366851,-82.395258,Lepomis macrochirus,39,1
2024-LCS-NWA-,2024-LCS-NWA-190824-002A,19-Aug-24,8,20-Aug-24,St. Clair NWA - East Cell SCU,42.366851,-82.395258,Lepomis gibbosus,92,16.3
2024-LCS-NWA-,2024-LCS-NWA-190824-002A,19-Aug-24,8,20-Aug-24,St. Clair NWA - East Cell SCU,42.366851,-82.395258,Lepomis gibbosus,48,2.1
2024-LCS-NWA-,2024-LCS-NWA-190824-002A,19-Aug-24,8,20-Aug-24,St. Clair NWA - East Cell SCU,42.366851,-82.395258,Lepomis gibbosus,41,1.4
2024-LCS-NWA-,2024-LCS-NWA-190824-002A,19-Aug-24,8,20-Aug-24,St. Clair NWA - East Cell SCU,42.366851,-82.395258,Lepomis gibbosus,44,1.5
2024-LCS-NWA-,2024-LCS-NWA-190824-002A,19-Aug-24,8,20-Aug-24,St. Clair NWA - East Cell SCU,42.366851,-82.395258,Lepomis gibbosus,47,1.8
2024-LCS-NWA-,2024-LCS-NWA-190824-002A,19-Aug-24,8,20-Aug-24,St. Clair NWA - East Cell SCU,42.366851,-82.395258,Micropterus nigricans,63,2.9
2024-LCS-NWA-,2024-LCS-NWA-190824-002A,19-Aug-24,8,20-Aug-24,St. Clair NWA - East Cell SCU,42.366851,-82.395258,Micropterus nigricans,57,2.2
2024-LCS-NWA-,2024-LCS-NWA-190824-002A,19-Aug-24,8,20-Aug-24,St. Clair NWA - East Cell SCU,42.366851,-82.395258,Micropterus nigricans,62,3.3
2024-LCS-NWA-,2024-LCS-NWA-190824-002A,19-Aug-24,8,20-Aug-24,St. Clair NWA - East Cell SCU,42.366851,-82.395258,Micropterus nigricans,61,2.8
2024-LCS-NWA-,2024-LCS-NWA-190824-002A,19-Aug-24,8,20-Aug-24,St. Clair NWA - East Cell SCU,42.366851,-82.395258,Micropterus nigricans,60,2.5
2024-LCS-NWA-,2024-LCS-NWA-190824-002A,19-Aug-24,8,20-Aug-24,St. Clair NWA - East Cell SCU,42.366851,-82.395258,Notemigonus crysoleucas,55,1.1
2024-LCS-NWA-,2024-LCS-NWA-190824-002A,19-Aug-24,8,20-Aug-24,St. Clair NWA - East Cell SCU,42.366851,-82.395258,Notemigonus crysoleucas,48,1
2024-LCS-NWA-,2024-LCS-NWA-190824-002A,19-Aug-24,8,20-Aug-24,St. Clair NWA - East Cell SCU,42.366851,-82.395258,Notemigonus crysoleucas,38,0.4
2024-LCS-NWA-,2024-LCS-NWA-190824-003A,19-Aug-24,8,20-Aug-24,St. Clair NWA - East Cell SCU,42.367081,-82.398206,Notemigonus crysoleucas,55,1
2024-LCS-NWA-,2024-LCS-NWA-190824-003A,19-Aug-24,8,20-Aug-24,St. Clair NWA - East Cell SCU,42.367081,-82.398206,Noturus gyrinus,43,0.8
2024-LCS-NWA-,2024-LCS-NWA-190824-003A,19-Aug-24,8,20-Aug-24,St. Clair NWA - East Cell SCU,42.367081,-82.398206,Micropterus nigricans,62,2.7
2024-LCS-NWA-,2024-LCS-NWA-190824-003A,19-Aug-24,8,20-Aug-24,St. Clair NWA - East Cell SCU,42.367081,-82.398206,Micropterus nigricans,55,2.2
2024-LCS-NWA-,2024-LCS-NWA-190824-003A,19-Aug-24,8,20-Aug-24,St. Clair NWA - East Cell SCU,42.367081,-82.398206,Lepomis gibbosus,47,1.6
2024-LCS-NWA-,2024-LCS-NWA-190824-003A,19-Aug-24,8,20-Aug-24,St. Clair NWA - East Cell SCU,42.367081,-82.398206,Lepomis gibbosus,46,1.6
2024-LCS-NWA-,2024-LCS-NWA-190824-003A,19-Aug-24,8,20-Aug-24,St. Clair NWA - East Cell SCU,42.367081,-82.398206,Lepomis macrochirus,32,0.7
2024-LCS-NWA-,2024-LCS-NWA-190824-003A,19-Aug-24,8,20-Aug-24,St. Clair NWA - East Cell SCU,42.367081,-82.398206,Lepomis macrochirus,39,0.8
2024-LCS-NWA-,2024-LCS-NWA-190824-003A,19-Aug-24,8,20-Aug-24,St. Clair NWA - East Cell SCU,42.367081,-82.398206,Lepomis macrochirus,37,1
2024-LCS-NWA-,2024-LCS-NWA-190824-003A,19-Aug-24,8,20-Aug-24,St. Clair NWA - East Cell SCU,42.367081,-82.398206,Lepomis macrochirus,28,0.2
2024-LCS-NWA-,2024-LCS-NWA-190824-003A,19-Aug-24,8,20-Aug-24,St. Clair NWA - East Cell SCU,42.367081,-82.398206,Lepomis macrochirus,34,0.4
2024-LCS-NWA-,2024-LCS-NWA-190824-003A,19-Aug-24,8,20-Aug-24,St. Clair NWA - East Cell SCU,42.367081,-82.398206,Lepomis macrochirus,32,0.6
2024-LCS-NWA-,2024-LCS-NWA-190824-003A,19-Aug-24,8,20-Aug-24,St. Clair NWA - East Cell SCU,42.367081,-82.398206,Lepomis macrochirus,33,0.4
2024-LCS-NWA-,2024-LCS-NWA-190824-003A,19-Aug-24,8,20-Aug-24,St. Clair NWA - East Cell SCU,42.367081,-82.398206,Lepomis macrochirus,30,0.5
2024-LCS-NWA-,2024-LCS-NWA-190824-003A,19-Aug-24,8,20-Aug-24,St. Clair NWA - East Cell SCU,42.367081,-82.398206,Lepomis macrochirus,34,0.7
2024-LCS-NWA-,2024-LCS-NWA-190824-004A,19-Aug-24,8,20-Aug-24,St. Clair NWA - East Cell SCU,42.368637,-82.398232,Amia ocellicauda,542,1380
2024-LCS-NWA-,2024-LCS-NWA-190824-004A,19-Aug-24,8,20-Aug-24,St. Clair NWA - East Cell SCU,42.368637,-82.398232,Lepomis gibbosus,47,1.7
2024-LCS-NWA-,2024-LCS-NWA-190824-004A,19-Aug-24,8,20-Aug-24,St. Clair NWA - East Cell SCU,42.368637,-82.398232,Lepomis gibbosus,145,80.4
2024-LCS-NWA-,2024-LCS-NWA-190824-004A,19-Aug-24,8,20-Aug-24,St. Clair NWA - East Cell SCU,42.368637,-82.398232,Pomoxis nigromaculatus,197,125.5
2024-LCS-NWA-,2024-LCS-NWA-190824-004A,19-Aug-24,8,20-Aug-24,St. Clair NWA - East Cell SCU,42.368637,-82.398232,Pomoxis nigromaculatus,203,147
2024-LCS-NWA-,2024-LCS-NWA-190824-004A,19-Aug-24,8,20-Aug-24,St. Clair NWA - East Cell SCU,42.368637,-82.398232,Pomoxis nigromaculatus,197,130.1
2024-LCS-NWA-,2024-LCS-NWA-190824-004A,19-Aug-24,8,20-Aug-24,St. Clair NWA - East Cell SCU,42.368637,-82.398232,Lepomis macrochirus,95,15.4
2024-LCS-NWA-,2024-LCS-NWA-190824-004A,19-Aug-24,8,20-Aug-24,St. Clair NWA - East Cell SCU,42.368637,-82.398232,Lepomis macrochirus,40,1.1
2024-LCS-NWA-,2024-LCS-NWA-190824-004A,19-Aug-24,8,20-Aug-24,St. Clair NWA - East Cell SCU,42.368637,-82.398232,Lepomis macrochirus,32,0.9
2024-LCS-NWA-,2024-LCS-NWA-190824-004A,19-Aug-24,8,20-Aug-24,St. Clair NWA - East Cell SCU,42.368637,-82.398232,Micropterus nigricans,67,3.8
2024-LCS-NWA-,2024-LCS-NWA-190824-004A,19-Aug-24,8,20-Aug-24,St. Clair NWA - East Cell SCU,42.368637,-82.398232,Notemigonus crysoleucas,51,0.9
2024-LCS-NWA-,2024-LCS-NWA-190824-004A,19-Aug-24,8,20-Aug-24,St. Clair NWA - East Cell SCU,42.368637,-82.398232,Notemigonus crysoleucas,54,1.1
2024-LCS-NWA-,2024-LCS-NWA-190824-004A,19-Aug-24,8,20-Aug-24,St. Clair NWA - East Cell SCU,42.368637,-82.398232,Notemigonus crysoleucas,54,1
2024-LCS-NWA-,2024-LCS-NWA-190824-004A,19-Aug-24,8,20-Aug-24,St. Clair NWA - East Cell SCU,42.368637,-82.398232,Notemigonus crysoleucas,52,1.3
2024-LCS-NWA-,2024-LCS-NWA-190824-004A,19-Aug-24,8,20-Aug-24,St. Clair NWA - East Cell SCU,42.368637,-82.398232,Notemigonus crysoleucas,57,1.6
2024-LCS-NWA-,2024-LCS-NWA-190824-004A,19-Aug-24,8,20-Aug-24,St. Clair NWA - East Cell SCU,42.368637,-82.398232,Notemigonus crysoleucas,57,1.1
2024-LCS-NWA-,2024-LCS-NWA-190824-004A,19-Aug-24,8,20-Aug-24,St. Clair NWA - East Cell SCU,42.368637,-82.398232,Notemigonus crysoleucas,54,1
2024-LCS-NWA-,2024-LCS-NWA-190824-004A,19-Aug-24,8,20-Aug-24,St. Clair NWA - East Cell SCU,42.368637,-82.398232,Notemigonus crysoleucas,49,0.8
2024-LCS-NWA-,2024-LCS-NWA-190824-004A,19-Aug-24,8,20-Aug-24,St. Clair NWA - East Cell SCU,42.368637,-82.398232,Notemigonus crysoleucas,52,0.9
2024-LCS-NWA-,2024-LCS-NWA-190824-004A,19-Aug-24,8,20-Aug-24,St. Clair NWA - East Cell SCU,42.368637,-82.398232,Notemigonus crysoleucas,53,0.9
2024-LCS-NWA-,2024-LCS-NWA-190824-004A,19-Aug-24,8,20-Aug-24,St. Clair NWA - East Cell SCU,42.368637,-82.398232,Notemigonus crysoleucas,42,0.6
2024-LCS-NWA-,2024-LCS-NWA-190824-004A,19-Aug-24,8,20-Aug-24,St. Clair NWA - East Cell SCU,42.368637,-82.398232,Notemigonus crysoleucas,55,1.2
2024-LCS-NWA-,2024-LCS-NWA-190824-004A,19-Aug-24,8,20-Aug-24,St. Clair NWA - East Cell SCU,42.368637,-82.398232,Notemigonus crysoleucas,45,0.7
2024-LCS-NWA-,2024-LCS-NWA-190824-004A,19-Aug-24,8,20-Aug-24,St. Clair NWA - East Cell SCU,42.368637,-82.398232,Notemigonus crysoleucas,47,0.7
2024-LCS-NWA-,2024-LCS-NWA-190824-004A,19-Aug-24,8,20-Aug-24,St. Clair NWA - East Cell SCU,42.368637,-82.398232,Notemigonus crysoleucas,48,0.8
2024-LCS-NWA-,2024-LCS-NWA-190824-004A,19-Aug-24,8,20-Aug-24,St. Clair NWA - East Cell SCU,42.368637,-82.398232,Notemigonus crysoleucas,57,1.4
2024-LCS-NWA-,2024-LCS-NWA-190824-004A,19-Aug-24,8,20-Aug-24,St. Clair NWA - East Cell SCU,42.368637,-82.398232,Notemigonus crysoleucas,55,1.1
2024-LCS-NWA-,2024-LCS-NWA-190824-004A,19-Aug-24,8,20-Aug-24,St. Clair NWA - East Cell SCU,42.368637,-82.398232,Notemigonus crysoleucas,54,1.1
2024-LCS-NWA-,2024-LCS-NWA-190824-004A,19-Aug-24,8,20-Aug-24,St. Clair NWA - East Cell SCU,42.368637,-82.398232,Notemigonus crysoleucas,53,1
2024-LCS-NWA-,2024-LCS-NWA-190824-004A,19-Aug-24,8,20-Aug-24,St. Clair NWA - East Cell SCU,42.368637,-82.398232,Notemigonus crysoleucas,50,0.9
2024-LCS-NWA-,2024-LCS-NWA-190824-004A,19-Aug-24,8,20-Aug-24,St. Clair NWA - East Cell SCU,42.368637,-82.398232,Notemigonus crysoleucas,56,1.2
2024-LCS-NWA-,2024-LCS-NWA-190824-004A,19-Aug-24,8,20-Aug-24,St. Clair NWA - East Cell SCU,42.368637,-82.398232,Notemigonus crysoleucas,55,1.2
2024-LCS-NWA-,2024-LCS-NWA-190824-004A,19-Aug-24,8,20-Aug-24,St. Clair NWA - East Cell SCU,42.368637,-82.398232,Notemigonus crysoleucas,60,1.5
2024-LCS-NWA-,2024-LCS-NWA-190824-004A,19-Aug-24,8,20-Aug-24,St. Clair NWA - East Cell SCU,42.368637,-82.398232,Notemigonus crysoleucas,55,1.3
2024-LCS-NWA-,2024-LCS-NWA-190824-004A,19-Aug-24,8,20-Aug-24,St. Clair NWA - East Cell SCU,42.368637,-82.398232,Notemigonus crysoleucas,55,1
2024-LCS-NWA-,2024-LCS-NWA-190824-004A,19-Aug-24,8,20-Aug-24,St. Clair NWA - East Cell SCU,42.368637,-82.398232,Notemigonus crysoleucas,45,0.6
2024-LCS-NWA-,2024-LCS-NWA-190824-004A,19-Aug-24,8,20-Aug-24,St. Clair NWA - East Cell SCU,42.368637,-82.398232,Notemigonus crysoleucas,48,0.8
2024-LCS-NWA-,2024-LCS-NWA-190824-004A,19-Aug-24,8,20-Aug-24,St. Clair NWA - East Cell SCU,42.368637,-82.398232,Notemigonus crysoleucas,59,1.6
2024-LCS-NWA-,2024-LCS-NWA-190824-004A,19-Aug-24,8,20-Aug-24,St. Clair NWA - East Cell SCU,42.368637,-82.398232,Notemigonus crysoleucas,54,0.9
2024-LCS-NWA-,2024-LCS-NWA-190824-004A,19-Aug-24,8,20-Aug-24,St. Clair NWA - East Cell SCU,42.368637,-82.398232,Notemigonus crysoleucas,58,1.5
2024-LCS-NWA-,2024-LCS-NWA-190824-004A,19-Aug-24,8,20-Aug-24,St. Clair NWA - East Cell SCU,42.368637,-82.398232,Notemigonus crysoleucas,55,1.4
2024-LCS-NWA-,2024-LCS-NWA-190824-004A,19-Aug-24,8,20-Aug-24,St. Clair NWA - East Cell SCU,42.368637,-82.398232,Notemigonus crysoleucas,59,1.4
2024-LCS-NWA-,2024-LCS-NWA-190824-004A,19-Aug-24,8,20-Aug-24,St. Clair NWA - East Cell SCU,42.368637,-82.398232,Notemigonus crysoleucas,59,1.5
2024-LCS-NWA-,2024-LCS-NWA-190824-004A,19-Aug-24,8,20-Aug-24,St. Clair NWA - East Cell SCU,42.368637,-82.398232,Notemigonus crysoleucas,57,1.3
2024-LCS-NWA-,2024-LCS-NWA-190824-004A,19-Aug-24,8,20-Aug-24,St. Clair NWA - East Cell SCU,42.368637,-82.398232,Notemigonus crysoleucas,55,1.2
2024-LCS-NWA-,2024-LCS-NWA-190824-004A,19-Aug-24,8,20-Aug-24,St. Clair NWA - East Cell SCU,42.368637,-82.398232,Notemigonus crysoleucas,53,1
2024-LCS-NWA-,2024-LCS-NWA-190824-004A,19-Aug-24,8,20-Aug-24,St. Clair NWA - East Cell SCU,42.368637,-82.398232,Notemigonus crysoleucas,52,1
2024-LCS-NWA-,2024-LCS-NWA-190824-004A,19-Aug-24,8,20-Aug-24,St. Clair NWA - East Cell SCU,42.368637,-82.398232,Notemigonus crysoleucas,59,1.3
2024-LCS-NWA-,2024-LCS-NWA-190824-004A,19-Aug-24,8,20-Aug-24,St. Clair NWA - East Cell SCU,42.368637,-82.398232,Notemigonus crysoleucas,49,1
2024-LCS-NWA-,2024-LCS-NWA-190824-004A,19-Aug-24,8,20-Aug-24,St. Clair NWA - East Cell SCU,42.368637,-82.398232,Notemigonus crysoleucas,51,0.8
2024-LCS-NWA-,2024-LCS-NWA-190824-004A,19-Aug-24,8,20-Aug-24,St. Clair NWA - East Cell SCU,42.368637,-82.398232,Notemigonus crysoleucas,50,1
2024-LCS-NWA-,2024-LCS-NWA-190824-004A,19-Aug-24,8,20-Aug-24,St. Clair NWA - East Cell SCU,42.368637,-82.398232,Notemigonus crysoleucas,56,1.1
2024-LCS-NWA-,2024-LCS-NWA-190824-004A,19-Aug-24,8,20-Aug-24,St. Clair NWA - East Cell SCU,42.368637,-82.398232,Notemigonus crysoleucas,53,1.2
2024-LCS-NWA-,2024-LCS-NWA-190824-004A,19-Aug-24,8,20-Aug-24,St. Clair NWA - East Cell SCU,42.368637,-82.398232,Notemigonus crysoleucas,57,1
2024-LCS-NWA-,2024-LCS-NWA-190824-004A,19-Aug-24,8,20-Aug-24,St. Clair NWA - East Cell SCU,42.368637,-82.398232,Notemigonus crysoleucas,62,1.5
2024-LCS-NWA-,2024-LCS-NWA-190824-004A,19-Aug-24,8,20-Aug-24,St. Clair NWA - East Cell SCU,42.368637,-82.398232,Notemigonus crysoleucas,54,1.3
2024-LCS-NWA-,2024-LCS-NWA-190824-004A,19-Aug-24,8,20-Aug-24,St. Clair NWA - East Cell SCU,42.368637,-82.398232,Notemigonus crysoleucas,50,1
2024-LCS-NWA-,2024-LCS-NWA-190824-004A,19-Aug-24,8,20-Aug-24,St. Clair NWA - East Cell SCU,42.368637,-82.398232,Notemigonus crysoleucas,47,0.9
2024-LCS-NWA-,2024-LCS-NWA-190824-004A,19-Aug-24,8,20-Aug-24,St. Clair NWA - East Cell SCU,42.368637,-82.398232,Notemigonus crysoleucas,56,1.2
2024-LCS-NWA-,2024-LCS-NWA-190824-004A,19-Aug-24,8,20-Aug-24,St. Clair NWA - East Cell SCU,42.368637,-82.398232,Notemigonus crysoleucas,47,0.9
2024-LCS-NWA-,2024-LCS-NWA-190824-004A,19-Aug-24,8,20-Aug-24,St. Clair NWA - East Cell SCU,42.368637,-82.398232,Notemigonus crysoleucas,50,0.9
2024-LCS-NWA-,2024-LCS-NWA-190824-004A,19-Aug-24,8,20-Aug-24,St. Clair NWA - East Cell SCU,42.368637,-82.398232,Notemigonus crysoleucas,55,1.1
2024-LCS-NWA-,2024-LCS-NWA-190824-004A,19-Aug-24,8,20-Aug-24,St. Clair NWA - East Cell SCU,42.368637,-82.398232,Notemigonus crysoleucas,47,0.6
2024-LCS-NWA-,2024-LCS-NWA-190824-004A,19-Aug-24,8,20-Aug-24,St. Clair NWA - East Cell SCU,42.368637,-82.398232,Notemigonus crysoleucas,52,1
2024-LCS-NWA-,2024-LCS-NWA-190824-004A,19-Aug-24,8,20-Aug-24,St. Clair NWA - East Cell SCU,42.368637,-82.398232,Notemigonus crysoleucas,57,1.1
2024-LCS-NWA-,2024-LCS-NWA-190824-004A,19-Aug-24,8,20-Aug-24,St. Clair NWA - East Cell SCU,42.368637,-82.398232,Notemigonus crysoleucas,56,1.2
2024-LCS-NWA-,2024-LCS-NWA-190824-004A,19-Aug-24,8,20-Aug-24,St. Clair NWA - East Cell SCU,42.368637,-82.398232,Notemigonus crysoleucas,54,1
2024-LCS-NWA-,2024-LCS-NWA-190824-004A,19-Aug-24,8,20-Aug-24,St. Clair NWA - East Cell SCU,42.368637,-82.398232,Notemigonus crysoleucas,55,1.3
2024-LCS-NWA-,2024-LCS-NWA-190824-004A,19-Aug-24,8,20-Aug-24,St. Clair NWA - East Cell SCU,42.368637,-82.398232,Notemigonus crysoleucas,53,1
2024-LCS-NWA-,2024-LCS-NWA-190824-004A,19-Aug-24,8,20-Aug-24,St. Clair NWA - East Cell SCU,42.368637,-82.398232,Notemigonus crysoleucas,48,0.8
2024-LCS-NWA-,2024-LCS-NWA-190824-004A,19-Aug-24,8,20-Aug-24,St. Clair NWA - East Cell SCU,42.368637,-82.398232,Notemigonus crysoleucas,53,1.1
2024-LCS-NWA-,2024-LCS-NWA-190824-004A,19-Aug-24,8,20-Aug-24,St. Clair NWA - East Cell SCU,42.368637,-82.398232,Notemigonus crysoleucas,57,1.3
2024-LCS-NWA-,2024-LCS-NWA-190824-004A,19-Aug-24,8,20-Aug-24,St. Clair NWA - East Cell SCU,42.368637,-82.398232,Notemigonus crysoleucas,48,0.7
2024-LCS-NWA-,2024-LCS-NWA-190824-004A,19-Aug-24,8,20-Aug-24,St. Clair NWA - East Cell SCU,42.368637,-82.398232,Notemigonus crysoleucas,60,1.4
2024-LCS-NWA-,2024-LCS-NWA-190824-004A,19-Aug-24,8,20-Aug-24,St. Clair NWA - East Cell SCU,42.368637,-82.398232,Notemigonus crysoleucas,52,1.1
2024-LCS-NWA-,2024-LCS-NWA-190824-004A,19-Aug-24,8,20-Aug-24,St. Clair NWA - East Cell SCU,42.368637,-82.398232,Notemigonus crysoleucas,50,0.8
2024-LCS-NWA-,2024-LCS-NWA-190824-004A,19-Aug-24,8,20-Aug-24,St. Clair NWA - East Cell SCU,42.368637,-82.398232,Notemigonus crysoleucas,49,0.9
2024-LCS-NWA-,2024-LCS-NWA-190824-004A,19-Aug-24,8,20-Aug-24,St. Clair NWA - East Cell SCU,42.368637,-82.398232,Notemigonus crysoleucas,53,0.8
2024-LCS-NWA-,2024-LCS-NWA-190824-004A,19-Aug-24,8,20-Aug-24,St. Clair NWA - East Cell SCU,42.368637,-82.398232,Notemigonus crysoleucas,53,1.1
2024-LCS-NWA-,2024-LCS-NWA-190824-004A,19-Aug-24,8,20-Aug-24,St. Clair NWA - East Cell SCU,42.368637,-82.398232,Notemigonus crysoleucas,47,0.8
2024-LCS-NWA-,2024-LCS-NWA-190824-004A,19-Aug-24,8,20-Aug-24,St. Clair NWA - East Cell SCU,42.368637,-82.398232,Notemigonus crysoleucas,53,1.1
2024-LCS-NWA-,2024-LCS-NWA-190824-004A,19-Aug-24,8,20-Aug-24,St. Clair NWA - East Cell SCU,42.368637,-82.398232,Notemigonus crysoleucas,51,1
2024-LCS-NWA-,2024-LCS-NWA-190824-004A,19-Aug-24,8,20-Aug-24,St. Clair NWA - East Cell SCU,42.368637,-82.398232,Notemigonus crysoleucas,57,1.2
2024-LCS-NWA-,2024-LCS-NWA-190824-004A,19-Aug-24,8,20-Aug-24,St. Clair NWA - East Cell SCU,42.368637,-82.398232,Notemigonus crysoleucas,54,1.1
2024-LCS-NWA-,2024-LCS-NWA-190824-004A,19-Aug-24,8,20-Aug-24,St. Clair NWA - East Cell SCU,42.368637,-82.398232,Notemigonus crysoleucas,56,1.3
2024-LCS-NWA-,2024-LCS-NWA-190824-004A,19-Aug-24,8,20-Aug-24,St. Clair NWA - East Cell SCU,42.368637,-82.398232,Notemigonus crysoleucas,52,1
2024-LCS-NWA-,2024-LCS-NWA-190824-004A,19-Aug-24,8,20-Aug-24,St. Clair NWA - East Cell SCU,42.368637,-82.398232,Notemigonus crysoleucas,53,0.8
2024-LCS-NWA-,2024-LCS-NWA-190824-004A,19-Aug-24,8,20-Aug-24,St. Clair NWA - East Cell SCU,42.368637,-82.398232,Notemigonus crysoleucas,52,1.2
2024-LCS-NWA-,2024-LCS-NWA-190824-004A,19-Aug-24,8,20-Aug-24,St. Clair NWA - East Cell SCU,42.368637,-82.398232,Notemigonus crysoleucas,50,0.9
2024-LCS-NWA-,2024-LCS-NWA-190824-004A,19-Aug-24,8,20-Aug-24,St. Clair NWA - East Cell SCU,42.368637,-82.398232,Notemigonus crysoleucas,53,1.2
2024-LCS-NWA-,2024-LCS-NWA-190824-004A,19-Aug-24,8,20-Aug-24,St. Clair NWA - East Cell SCU,42.368637,-82.398232,Notemigonus crysoleucas,50,0.8
2024-LCS-NWA-,2024-LCS-NWA-190824-004A,19-Aug-24,8,20-Aug-24,St. Clair NWA - East Cell SCU,42.368637,-82.398232,Notemigonus crysoleucas,57,1.3
2024-LCS-NWA-,2024-LCS-NWA-190824-004A,19-Aug-24,8,20-Aug-24,St. Clair NWA - East Cell SCU,42.368637,-82.398232,Notemigonus crysoleucas,52,0.8
2024-LCS-NWA-,2024-LCS-NWA-190824-004A,19-Aug-24,8,20-Aug-24,St. Clair NWA - East Cell SCU,42.368637,-82.398232,Notemigonus crysoleucas,50,0.8
2024-LCS-NWA-,2024-LCS-NWA-190824-004A,19-Aug-24,8,20-Aug-24,St. Clair NWA - East Cell SCU,42.368637,-82.398232,Notemigonus crysoleucas,53,1
2024-LCS-NWA-,2024-LCS-NWA-190824-004A,19-Aug-24,8,20-Aug-24,St. Clair NWA - East Cell SCU,42.368637,-82.398232,Notemigonus crysoleucas,57,1.1
2024-LCS-NWA-,2024-LCS-NWA-190824-004A,19-Aug-24,8,20-Aug-24,St. Clair NWA - East Cell SCU,42.368637,-82.398232,Notemigonus crysoleucas,47,0.8
2024-LCS-NWA-,2024-LCS-NWA-190824-004A,19-Aug-24,8,20-Aug-24,St. Clair NWA - East Cell SCU,42.368637,-82.398232,Notemigonus crysoleucas,51,1
2024-LCS-NWA-,2024-LCS-NWA-190824-004A,19-Aug-24,8,20-Aug-24,St. Clair NWA - East Cell SCU,42.368637,-82.398232,Notemigonus crysoleucas,55,1.1
2024-LCS-NWA-,2024-LCS-NWA-190824-004A,19-Aug-24,8,20-Aug-24,St. Clair NWA - East Cell SCU,42.368637,-82.398232,Notemigonus crysoleucas,55,1.1
2024-LCS-NWA-,2024-LCS-NWA-190824-004A,19-Aug-24,8,20-Aug-24,St. Clair NWA - East Cell SCU,42.368637,-82.398232,Notemigonus crysoleucas,58,1.5
2024-LCS-NWA-,2024-LCS-NWA-190824-004A,19-Aug-24,8,20-Aug-24,St. Clair NWA - East Cell SCU,42.368637,-82.398232,Notemigonus crysoleucas,52,1.1
2024-LCS-NWA-,2024-LCS-NWA-190824-004A,19-Aug-24,8,20-Aug-24,St. Clair NWA - East Cell SCU,42.368637,-82.398232,Notemigonus crysoleucas,55,1.5
2024-LCS-NWA-,2024-LCS-NWA-190824-004A,19-Aug-24,8,20-Aug-24,St. Clair NWA - East Cell SCU,42.368637,-82.398232,Notemigonus crysoleucas,53,1.1
2024-LCS-NWA-,2024-LCS-NWA-190824-004A,19-Aug-24,8,20-Aug-24,St. Clair NWA - East Cell SCU,42.368637,-82.398232,Notemigonus crysoleucas,52,0.9
2024-LCS-NWA-,2024-LCS-NWA-190824-004A,19-Aug-24,8,20-Aug-24,St. Clair NWA - East Cell SCU,42.368637,-82.398232,Notemigonus crysoleucas,52,1.2
2024-LCS-NWA-,2024-LCS-NWA-190824-004A,19-Aug-24,8,20-Aug-24,St. Clair NWA - East Cell SCU,42.368637,-82.398232,Notemigonus crysoleucas,58,1.4
2024-LCS-NWA-,2024-LCS-NWA-190824-004A,19-Aug-24,8,20-Aug-24,St. Clair NWA - East Cell SCU,42.368637,-82.398232,Notemigonus crysoleucas,54,1.3
2024-LCS-NWA-,2024-LCS-NWA-190824-004A,19-Aug-24,8,20-Aug-24,St. Clair NWA - East Cell SCU,42.368637,-82.398232,Notemigonus crysoleucas,50,0.8
2024-LCS-NWA-,2024-LCS-NWA-190824-004A,19-Aug-24,8,20-Aug-24,St. Clair NWA - East Cell SCU,42.368637,-82.398232,Notemigonus crysoleucas,45,0.5
2024-LCS-NWA-,2024-LCS-NWA-190824-004A,19-Aug-24,8,20-Aug-24,St. Clair NWA - East Cell SCU,42.368637,-82.398232,Notemigonus crysoleucas,55,1
2024-LCS-NWA-,2024-LCS-NWA-190824-004A,19-Aug-24,8,20-Aug-24,St. Clair NWA - East Cell SCU,42.368637,-82.398232,Notemigonus crysoleucas,52,0.9
2024-LCS-NWA-,2024-LCS-NWA-190824-004A,19-Aug-24,8,20-Aug-24,St. Clair NWA - East Cell SCU,42.368637,-82.398232,Notemigonus crysoleucas,56,1.5
2024-LCS-NWA-,2024-LCS-NWA-190824-004A,19-Aug-24,8,20-Aug-24,St. Clair NWA - East Cell SCU,42.368637,-82.398232,Notemigonus crysoleucas,63,1.8
2024-LCS-NWA-,2024-LCS-NWA-190824-004A,19-Aug-24,8,20-Aug-24,St. Clair NWA - East Cell SCU,42.368637,-82.398232,Notemigonus crysoleucas,54,1.1
2024-LCS-NWA-,2024-LCS-NWA-190824-004A,19-Aug-24,8,20-Aug-24,St. Clair NWA - East Cell SCU,42.368637,-82.398232,Notemigonus crysoleucas,56,1.1
2024-LCS-NWA-,2024-LCS-NWA-190824-004A,19-Aug-24,8,20-Aug-24,St. Clair NWA - East Cell SCU,42.368637,-82.398232,Notemigonus crysoleucas,60,1.4
2024-LCS-NWA-,2024-LCS-NWA-190824-004A,19-Aug-24,8,20-Aug-24,St. Clair NWA - East Cell SCU,42.368637,-82.398232,Notemigonus crysoleucas,45,0.7
2024-LCS-NWA-,2024-LCS-NWA-190824-004A,19-Aug-24,8,20-Aug-24,St. Clair NWA - East Cell SCU,42.368637,-82.398232,Notemigonus crysoleucas,53,0.8
2024-LCS-NWA-,2024-LCS-NWA-190824-004A,19-Aug-24,8,20-Aug-24,St. Clair NWA - East Cell SCU,42.368637,-82.398232,Notemigonus crysoleucas,58,1.6
2024-LCS-NWA-,2024-LCS-NWA-190824-004A,19-Aug-24,8,20-Aug-24,St. Clair NWA - East Cell SCU,42.368637,-82.398232,Notemigonus crysoleucas,56,1.5
2024-LCS-NWA-,2024-LCS-NWA-190824-004A,19-Aug-24,8,20-Aug-24,St. Clair NWA - East Cell SCU,42.368637,-82.398232,Notemigonus crysoleucas,58,1.5
2024-LCS-NWA-,2024-LCS-NWA-190824-004A,19-Aug-24,8,20-Aug-24,St. Clair NWA - East Cell SCU,42.368637,-82.398232,Notemigonus crysoleucas,47,0.8
2024-LCS-NWA-,2024-LCS-NWA-190824-004A,19-Aug-24,8,20-Aug-24,St. Clair NWA - East Cell SCU,42.368637,-82.398232,Notemigonus crysoleucas,52,0.9
2024-LCS-NWA-,2024-LCS-NWA-190824-004A,19-Aug-24,8,20-Aug-24,St. Clair NWA - East Cell SCU,42.368637,-82.398232,Notemigonus crysoleucas,50,0.9
2024-LCS-NWA-,2024-LCS-NWA-190824-004A,19-Aug-24,8,20-Aug-24,St. Clair NWA - East Cell SCU,42.368637,-82.398232,Notemigonus crysoleucas,50,1
2024-LCS-NWA-,2024-LCS-NWA-190824-004A,19-Aug-24,8,20-Aug-24,St. Clair NWA - East Cell SCU,42.368637,-82.398232,Notemigonus crysoleucas,47,0.6
2024-LCS-NWA-,2024-LCS-NWA-190824-004A,19-Aug-24,8,20-Aug-24,St. Clair NWA - East Cell SCU,42.368637,-82.398232,Notemigonus crysoleucas,48,0.9
2024-LCS-NWA-,2024-LCS-NWA-190824-005A,19-Aug-24,8,20-Aug-24,St. Clair NWA - East Cell SCU,42.368093,-82.393403,Amia ocellicauda,461,890
2024-LCS-NWA-,2024-LCS-NWA-190824-005A,19-Aug-24,8,20-Aug-24,St. Clair NWA - East Cell SCU,42.368093,-82.393403,Notemigonus crysoleucas,56,1.3
2024-LCS-NWA-,2024-LCS-NWA-190824-005A,19-Aug-24,8,20-Aug-24,St. Clair NWA - East Cell SCU,42.368093,-82.393403,Notemigonus crysoleucas,48,0.9
2024-LCS-NWA-,2024-LCS-NWA-190824-005A,19-Aug-24,8,20-Aug-24,St. Clair NWA - East Cell SCU,42.368093,-82.393403,Notemigonus crysoleucas,49,0.5
2024-LCS-NWA-,2024-LCS-NWA-190824-005A,19-Aug-24,8,20-Aug-24,St. Clair NWA - East Cell SCU,42.368093,-82.393403,Notemigonus crysoleucas,55,1
2024-LCS-NWA-,2024-LCS-NWA-190824-005A,19-Aug-24,8,20-Aug-24,St. Clair NWA - East Cell SCU,42.368093,-82.393403,Notemigonus crysoleucas,53,1.1
2024-LCS-NWA-,2024-LCS-NWA-190824-005A,19-Aug-24,8,20-Aug-24,St. Clair NWA - East Cell SCU,42.368093,-82.393403,Lepomis gibbosus,150,70.3
2024-LCS-NWA-,2024-LCS-NWA-190824-005A,19-Aug-24,8,20-Aug-24,St. Clair NWA - East Cell SCU,42.368093,-82.393403,Lepomis gibbosus,122,36.3
2024-LCS-NWA-,2024-LCS-NWA-190824-005A,19-Aug-24,8,20-Aug-24,St. Clair NWA - East Cell SCU,42.368093,-82.393403,Lepomis gibbosus,48,1.9
2024-LCS-NWA-,2024-LCS-NWA-190824-005A,19-Aug-24,8,20-Aug-24,St. Clair NWA - East Cell SCU,42.368093,-82.393403,Lepomis gibbosus,122,35.4
2024-LCS-NWA-,2024-LCS-NWA-190824-005A,19-Aug-24,8,20-Aug-24,St. Clair NWA - East Cell SCU,42.368093,-82.393403,Lepomis gibbosus,42,1.6
2024-LCS-NWA-,2024-LCS-NWA-190824-005A,19-Aug-24,8,20-Aug-24,St. Clair NWA - East Cell SCU,42.368093,-82.393403,Lepomis gibbosus,70,5.4
2024-LCS-NWA-,2024-LCS-NWA-190824-005A,19-Aug-24,8,20-Aug-24,St. Clair NWA - East Cell SCU,42.368093,-82.393403,Lepomis gibbosus,124,42.9
2024-LCS-NWA-,2024-LCS-NWA-190824-005A,19-Aug-24,8,20-Aug-24,St. Clair NWA - East Cell SCU,42.368093,-82.393403,Lepomis gibbosus,48,1.9
2024-LCS-NWA-,2024-LCS-NWA-190824-005A,19-Aug-24,8,20-Aug-24,St. Clair NWA - East Cell SCU,42.368093,-82.393403,Lepomis gibbosus,45,1.8
2024-LCS-NWA-,2024-LCS-NWA-190824-005A,19-Aug-24,8,20-Aug-24,St. Clair NWA - East Cell SCU,42.368093,-82.393403,Lepomis gibbosus,42,1.1
2024-LCS-NWA-,2024-LCS-NWA-190824-005A,19-Aug-24,8,20-Aug-24,St. Clair NWA - East Cell SCU,42.368093,-82.393403,Lepomis gibbosus,121,33.5
2024-LCS-NWA-,2024-LCS-NWA-190824-005A,19-Aug-24,8,20-Aug-24,St. Clair NWA - East Cell SCU,42.368093,-82.393403,Lepomis gibbosus,43,1.5
2024-LCS-NWA-,2024-LCS-NWA-190824-005A,19-Aug-24,8,20-Aug-24,St. Clair NWA - East Cell SCU,42.368093,-82.393403,Lepomis gibbosus,43,1.2
2024-LCS-NWA-,2024-LCS-NWA-190824-005A,19-Aug-24,8,20-Aug-24,St. Clair NWA - East Cell SCU,42.368093,-82.393403,Lepomis gibbosus,41,1.1
2024-LCS-NWA-,2024-LCS-NWA-190824-005A,19-Aug-24,8,20-Aug-24,St. Clair NWA - East Cell SCU,42.368093,-82.393403,Micropterus nigricans,70,4
2024-LCS-NWA-,2024-LCS-NWA-190824-005A,19-Aug-24,8,20-Aug-24,St. Clair NWA - East Cell SCU,42.368093,-82.393403,Micropterus nigricans,60,4.7
2024-LCS-NWA-,2024-LCS-NWA-190824-005A,19-Aug-24,8,20-Aug-24,St. Clair NWA - East Cell SCU,42.368093,-82.393403,Micropterus nigricans,65,3
2024-LCS-NWA-,2024-LCS-NWA-190824-005A,19-Aug-24,8,20-Aug-24,St. Clair NWA - East Cell SCU,42.368093,-82.393403,Micropterus nigricans,70,4.7
2024-LCS-NWA-,2024-LCS-NWA-190824-005A,19-Aug-24,8,20-Aug-24,St. Clair NWA - East Cell SCU,42.368093,-82.393403,Micropterus nigricans,72,4.6
2024-LCS-NWA-,2024-LCS-NWA-190824-005A,19-Aug-24,8,20-Aug-24,St. Clair NWA - East Cell SCU,42.368093,-82.393403,Micropterus nigricans,63,3.3
2024-LCS-NWA-,2024-LCS-NWA-190824-005A,19-Aug-24,8,20-Aug-24,St. Clair NWA - East Cell SCU,42.368093,-82.393403,Micropterus nigricans,75,5.1
2024-LCS-NWA-,2024-LCS-NWA-190824-005A,19-Aug-24,8,20-Aug-24,St. Clair NWA - East Cell SCU,42.368093,-82.393403,Micropterus nigricans,69,4.1
2024-LCS-NWA-,2024-LCS-NWA-190824-005A,19-Aug-24,8,20-Aug-24,St. Clair NWA - East Cell SCU,42.368093,-82.393403,Micropterus nigricans,62,3.2
2024-LCS-NWA-,2024-LCS-NWA-190824-005A,19-Aug-24,8,20-Aug-24,St. Clair NWA - East Cell SCU,42.368093,-82.393403,Micropterus nigricans,80,5.9
2024-LCS-NWA-,2024-LCS-NWA-190824-005A,19-Aug-24,8,20-Aug-24,St. Clair NWA - East Cell SCU,42.368093,-82.393403,Micropterus nigricans,68,3.7
2024-LCS-NWA-,2024-LCS-NWA-190824-005A,19-Aug-24,8,20-Aug-24,St. Clair NWA - East Cell SCU,42.368093,-82.393403,Micropterus nigricans,74,4.8
2024-LCS-NWA-,2024-LCS-NWA-190824-005A,19-Aug-24,8,20-Aug-24,St. Clair NWA - East Cell SCU,42.368093,-82.393403,Micropterus nigricans,64,3
2024-LCS-NWA-,2024-LCS-NWA-190824-005A,19-Aug-24,8,20-Aug-24,St. Clair NWA - East Cell SCU,42.368093,-82.393403,Micropterus nigricans,68,3.8
2024-LCS-NWA-,2024-LCS-NWA-190824-005A,19-Aug-24,8,20-Aug-24,St. Clair NWA - East Cell SCU,42.368093,-82.393403,Micropterus nigricans,68,3.7
2024-LCS-NWA-,2024-LCS-NWA-190824-005A,19-Aug-24,8,20-Aug-24,St. Clair NWA - East Cell SCU,42.368093,-82.393403,Micropterus nigricans,64,3.2
2024-LCS-NWA-,2024-LCS-NWA-190824-005A,19-Aug-24,8,20-Aug-24,St. Clair NWA - East Cell SCU,42.368093,-82.393403,Micropterus nigricans,67,3.7
2024-LCS-NWA-,2024-LCS-NWA-190824-005A,19-Aug-24,8,20-Aug-24,St. Clair NWA - East Cell SCU,42.368093,-82.393403,Micropterus nigricans,67,3.7
2024-LCS-NWA-,2024-LCS-NWA-190824-005A,19-Aug-24,8,20-Aug-24,St. Clair NWA - East Cell SCU,42.368093,-82.393403,Micropterus nigricans,64,3.3
2024-LCS-NWA-,2024-LCS-NWA-190824-005A,19-Aug-24,8,20-Aug-24,St. Clair NWA - East Cell SCU,42.368093,-82.393403,Pomoxis nigromaculatus,51,1.6
2024-LCS-NWA-,2024-LCS-NWA-190824-005A,19-Aug-24,8,20-Aug-24,St. Clair NWA - East Cell SCU,42.368093,-82.393403,Pomoxis nigromaculatus,69,4.5
2024-LCS-NWA-,2024-LCS-NWA-190824-005A,19-Aug-24,8,20-Aug-24,St. Clair NWA - East Cell SCU,42.368093,-82.393403,Lepomis macrochirus,102,20
2024-LCS-NWA-,2024-LCS-NWA-190824-005A,19-Aug-24,8,20-Aug-24,St. Clair NWA - East Cell SCU,42.368093,-82.393403,Lepomis macrochirus,119,35.3
2024-LCS-NWA-,2024-LCS-NWA-190824-005A,19-Aug-24,8,20-Aug-24,St. Clair NWA - East Cell SCU,42.368093,-82.393403,Lepomis macrochirus,37,0.8
2024-LCS-NWA-,2024-LCS-NWA-190824-005A,19-Aug-24,8,20-Aug-24,St. Clair NWA - East Cell SCU,42.368093,-82.393403,Lepomis macrochirus,30,1.1
2024-LCS-NWA-,2024-LCS-NWA-200824-001A,20-Aug-24,8,21-Aug-24,St. Clair NWA - East Cell SCU,42.363465,-82.404813,Pomoxis nigromaculatus,69,4.4
2024-LCS-NWA-,2024-LCS-NWA-200824-002A,20-Aug-24,8,21-Aug-24,St. Clair NWA - East Cell SCU,42.366165,-82.40395,Lepomis gibbosus,124,38.2
2024-LCS-NWA-,2024-LCS-NWA-200824-002A,20-Aug-24,8,21-Aug-24,St. Clair NWA - East Cell SCU,42.366165,-82.40395,Lepomis gibbosus,118,31.7
2024-LCS-NWA-,2024-LCS-NWA-200824-002A,20-Aug-24,8,21-Aug-24,St. Clair NWA - East Cell SCU,42.366165,-82.40395,Lepomis macrochirus,39,1
2024-LCS-NWA-,2024-LCS-NWA-200824-002A,20-Aug-24,8,21-Aug-24,St. Clair NWA - East Cell SCU,42.366165,-82.40395,Umbra limi,61,2.6
2024-LCS-NWA-,2024-LCS-NWA-200824-002A,20-Aug-24,8,21-Aug-24,St. Clair NWA - East Cell SCU,42.366165,-82.40395,Umbra limi,45,1
2024-LCS-NWA-,2024-LCS-NWA-200824-003A,20-Aug-24,8,21-Aug-24,St. Clair NWA - East Cell SCU,42.367097,-82.403269,Erimyzon sucetta,134,31.7
2024-LCS-NWA-,2024-LCS-NWA-200824-003A,20-Aug-24,8,21-Aug-24,St. Clair NWA - East Cell SCU,42.367097,-82.403269,Micropterus nigricans,66,3.9
2024-LCS-NWA-,2024-LCS-NWA-200824-003A,20-Aug-24,8,21-Aug-24,St. Clair NWA - East Cell SCU,42.367097,-82.403269,Micropterus nigricans,81,7.5
2024-LCS-NWA-,2024-LCS-NWA-200824-003A,20-Aug-24,8,21-Aug-24,St. Clair NWA - East Cell SCU,42.367097,-82.403269,Lepomis gibbosus,76,8.2
2024-LCS-NWA-,2024-LCS-NWA-200824-003A,20-Aug-24,8,21-Aug-24,St. Clair NWA - East Cell SCU,42.367097,-82.403269,Pomoxis nigromaculatus,242,248.8
2024-LCS-NWA-,2024-LCS-NWA-200824-004A,20-Aug-24,8,21-Aug-24,St. Clair NWA - East Cell SCU,42.372435,-82.399719,Lepomis gibbosus,70,6.3
2024-LCS-NWA-,2024-LCS-NWA-200824-004A,20-Aug-24,8,21-Aug-24,St. Clair NWA - East Cell SCU,42.372435,-82.399719,Lepomis gibbosus,47,1.8
2024-LCS-NWA-,2024-LCS-NWA-200824-004A,20-Aug-24,8,21-Aug-24,St. Clair NWA - East Cell SCU,42.372435,-82.399719,Umbra limi,52,1.8
2024-LCS-NWA-,2024-LCS-NWA-200824-004A,20-Aug-24,8,21-Aug-24,St. Clair NWA - East Cell SCU,42.372435,-82.399719,Lepomis macrochirus,76,7.4
2024-LCS-NWA-,2024-LCS-NWA-200824-005A,20-Aug-24,8,21-Aug-24,St. Clair NWA - East Cell SCU,42.374802,-82.399084,Ameiurus natalis,319,470
2024-LCS-NWA-,2024-LCS-NWA-200824-005A,20-Aug-24,8,21-Aug-24,St. Clair NWA - East Cell SCU,42.374802,-82.399084,Lepomis macrochirus,217,230.8
2024-LCS-NWA-,2024-LCS-NWA-200824-005A,20-Aug-24,8,21-Aug-24,St. Clair NWA - East Cell SCU,42.374802,-82.399084,Lepomis macrochirus,127,37.3
2024-LCS-NWA-,2024-LCS-NWA-200824-005A,20-Aug-24,8,21-Aug-24,St. Clair NWA - East Cell SCU,42.374802,-82.399084,Micropterus nigricans,199,107.8
2024-LCS-NWA-,2024-LCS-NWA-200824-005A,20-Aug-24,8,21-Aug-24,St. Clair NWA - East Cell SCU,42.374802,-82.399084,Lepomis gibbosus,157,73
2024-LCS-NWA-,2024-LCS-NWA-200824-005A,20-Aug-24,8,21-Aug-24,St. Clair NWA - East Cell SCU,42.374802,-82.399084,Lepomis gibbosus,121,31.6
2024-LCS-NWA-,2024-LCS-NWA-210824-001A,21-Aug-24,8,22-Aug-24,St. Clair NWA - West Cell SCU,42.367478,-82.40724,Amia ocellicauda,440,710
2024-LCS-NWA-,2024-LCS-NWA-210824-001A,21-Aug-24,8,22-Aug-24,St. Clair NWA - West Cell SCU,42.367478,-82.40724,Amia ocellicauda,435,610
2024-LCS-NWA-,2024-LCS-NWA-210824-001A,21-Aug-24,8,22-Aug-24,St. Clair NWA - West Cell SCU,42.367478,-82.40724,Amia ocellicauda,461,850
2024-LCS-NWA-,2024-LCS-NWA-210824-001A,21-Aug-24,8,22-Aug-24,St. Clair NWA - West Cell SCU,42.367478,-82.40724,Erimyzon sucetta,57,2
2024-LCS-NWA-,2024-LCS-NWA-210824-001A,21-Aug-24,8,22-Aug-24,St. Clair NWA - West Cell SCU,42.367478,-82.40724,Erimyzon sucetta,66,2.9
2024-LCS-NWA-,2024-LCS-NWA-210824-001A,21-Aug-24,8,22-Aug-24,St. Clair NWA - West Cell SCU,42.367478,-82.40724,Lepomis macrochirus,200,165.1
2024-LCS-NWA-,2024-LCS-NWA-210824-001A,21-Aug-24,8,22-Aug-24,St. Clair NWA - West Cell SCU,42.367478,-82.40724,Lepomis macrochirus,89,12.3
2024-LCS-NWA-,2024-LCS-NWA-210824-001A,21-Aug-24,8,22-Aug-24,St. Clair NWA - West Cell SCU,42.367478,-82.40724,Lepomis macrochirus,165,85.1
2024-LCS-NWA-,2024-LCS-NWA-210824-001A,21-Aug-24,8,22-Aug-24,St. Clair NWA - West Cell SCU,42.367478,-82.40724,Lepomis macrochirus,108,24.2
2024-LCS-NWA-,2024-LCS-NWA-210824-001A,21-Aug-24,8,22-Aug-24,St. Clair NWA - West Cell SCU,42.367478,-82.40724,Lepomis macrochirus,99,11.2
2024-LCS-NWA-,2024-LCS-NWA-210824-001A,21-Aug-24,8,22-Aug-24,St. Clair NWA - West Cell SCU,42.367478,-82.40724,Lepomis gibbosus,187,134.2
2024-LCS-NWA-,2024-LCS-NWA-210824-001A,21-Aug-24,8,22-Aug-24,St. Clair NWA - West Cell SCU,42.367478,-82.40724,Lepomis gibbosus,68,5.4
2024-LCS-NWA-,2024-LCS-NWA-210824-001A,21-Aug-24,8,22-Aug-24,St. Clair NWA - West Cell SCU,42.367478,-82.40724,Lepomis gibbosus,40,0.85
2024-LCS-NWA-,2024-LCS-NWA-210824-001A,21-Aug-24,8,22-Aug-24,St. Clair NWA - West Cell SCU,42.367478,-82.40724,Lepomis gibbosus,159,82.5
2024-LCS-NWA-,2024-LCS-NWA-210824-001A,21-Aug-24,8,22-Aug-24,St. Clair NWA - West Cell SCU,42.367478,-82.40724,Lepomis gibbosus,118,27.4
2024-LCS-NWA-,2024-LCS-NWA-210824-002A,21-Aug-24,8,22-Aug-24,St. Clair NWA - West Cell SCU,42.367902,-82.405255,Amia ocellicauda,403,630
2024-LCS-NWA-,2024-LCS-NWA-210824-002A,21-Aug-24,8,22-Aug-24,St. Clair NWA - West Cell SCU,42.367902,-82.405255,Notemigonus crysoleucas,58,1.4
2024-LCS-NWA-,2024-LCS-NWA-210824-002A,21-Aug-24,8,22-Aug-24,St. Clair NWA - West Cell SCU,42.367902,-82.405255,Pomoxis nigromaculatus,177,117.6
2024-LCS-NWA-,2024-LCS-NWA-210824-002A,21-Aug-24,8,22-Aug-24,St. Clair NWA - West Cell SCU,42.367902,-82.405255,Lepomis gibbosus,66,4.9
2024-LCS-NWA-,2024-LCS-NWA-210824-002A,21-Aug-24,8,22-Aug-24,St. Clair NWA - West Cell SCU,42.367902,-82.405255,Lepomis gibbosus,47,1.9
2024-LCS-NWA-,2024-LCS-NWA-210824-002A,21-Aug-24,8,22-Aug-24,St. Clair NWA - West Cell SCU,42.367902,-82.405255,Lepomis gibbosus,42,1.2
2024-LCS-NWA-,2024-LCS-NWA-210824-002A,21-Aug-24,8,22-Aug-24,St. Clair NWA - West Cell SCU,42.367902,-82.405255,Lepomis macrochirus,79,8.8
2024-LCS-NWA-,2024-LCS-NWA-210824-002A,21-Aug-24,8,22-Aug-24,St. Clair NWA - West Cell SCU,42.367902,-82.405255,Lepomis macrochirus,42,1.4
2024-LCS-NWA-,2024-LCS-NWA-210824-002A,21-Aug-24,8,22-Aug-24,St. Clair NWA - West Cell SCU,42.367902,-82.405255,Lepomis macrochirus,36,0.8
2024-LCS-NWA-,2024-LCS-NWA-210824-002A,21-Aug-24,8,22-Aug-24,St. Clair NWA - West Cell SCU,42.367902,-82.405255,Lepomis macrochirus,40,1
2024-LCS-NWA-,2024-LCS-NWA-210824-002A,21-Aug-24,8,22-Aug-24,St. Clair NWA - West Cell SCU,42.367902,-82.405255,Lepomis macrochirus,36,0.7
2024-LCS-NWA-,2024-LCS-NWA-210824-002A,21-Aug-24,8,22-Aug-24,St. Clair NWA - West Cell SCU,42.367902,-82.405255,Lepomis macrochirus,40,0.9
2024-LCS-NWA-,2024-LCS-NWA-210824-002A,21-Aug-24,8,22-Aug-24,St. Clair NWA - West Cell SCU,42.367902,-82.405255,Lepomis macrochirus,40,1.2
2024-LCS-NWA-,2024-LCS-NWA-210824-002A,21-Aug-24,8,22-Aug-24,St. Clair NWA - West Cell SCU,42.367902,-82.405255,Lepomis macrochirus,45,1.8
2024-LCS-NWA-,2024-LCS-NWA-210824-002A,21-Aug-24,8,22-Aug-24,St. Clair NWA - West Cell SCU,42.367902,-82.405255,Lepomis macrochirus,40,0.8
2024-LCS-NWA-,2024-LCS-NWA-210824-002A,21-Aug-24,8,22-Aug-24,St. Clair NWA - West Cell SCU,42.367902,-82.405255,Lepomis macrochirus,37,0.8
2024-LCS-NWA-,2024-LCS-NWA-210824-002A,21-Aug-24,8,22-Aug-24,St. Clair NWA - West Cell SCU,42.367902,-82.405255,Lepomis macrochirus,37,0.7
2024-LCS-NWA-,2024-LCS-NWA-210824-002A,21-Aug-24,8,22-Aug-24,St. Clair NWA - West Cell SCU,42.367902,-82.405255,Lepomis macrochirus,37,0.8
2024-LCS-NWA-,2024-LCS-NWA-210824-002A,21-Aug-24,8,22-Aug-24,St. Clair NWA - West Cell SCU,42.367902,-82.405255,Lepomis macrochirus,38,0.8
2024-LCS-NWA-,2024-LCS-NWA-210824-002A,21-Aug-24,8,22-Aug-24,St. Clair NWA - West Cell SCU,42.367902,-82.405255,Lepomis macrochirus,42,1.1
2024-LCS-NWA-,2024-LCS-NWA-210824-002A,21-Aug-24,8,22-Aug-24,St. Clair NWA - West Cell SCU,42.367902,-82.405255,Lepomis macrochirus,43,1.2
2024-LCS-NWA-,2024-LCS-NWA-210824-002A,21-Aug-24,8,22-Aug-24,St. Clair NWA - West Cell SCU,42.367902,-82.405255,Lepomis macrochirus,50,1.9
2024-LCS-NWA-,2024-LCS-NWA-210824-002A,21-Aug-24,8,22-Aug-24,St. Clair NWA - West Cell SCU,42.367902,-82.405255,Lepomis macrochirus,42,1.1
2024-LCS-NWA-,2024-LCS-NWA-210824-002A,21-Aug-24,8,22-Aug-24,St. Clair NWA - West Cell SCU,42.367902,-82.405255,Lepomis macrochirus,44,1.6
2024-LCS-NWA-,2024-LCS-NWA-210824-002A,21-Aug-24,8,22-Aug-24,St. Clair NWA - West Cell SCU,42.367902,-82.405255,Lepomis macrochirus,38,0.9
2024-LCS-NWA-,2024-LCS-NWA-210824-002A,21-Aug-24,8,22-Aug-24,St. Clair NWA - West Cell SCU,42.367902,-82.405255,Lepomis macrochirus,48,1.8
2024-LCS-NWA-,2024-LCS-NWA-210824-002A,21-Aug-24,8,22-Aug-24,St. Clair NWA - West Cell SCU,42.367902,-82.405255,Lepomis macrochirus,40,1
2024-LCS-NWA-,2024-LCS-NWA-210824-002A,21-Aug-24,8,22-Aug-24,St. Clair NWA - West Cell SCU,42.367902,-82.405255,Lepomis macrochirus,41,1.1
2024-LCS-NWA-,2024-LCS-NWA-210824-002A,21-Aug-24,8,22-Aug-24,St. Clair NWA - West Cell SCU,42.367902,-82.405255,Lepomis macrochirus,42,1.2
2024-LCS-NWA-,2024-LCS-NWA-210824-002A,21-Aug-24,8,22-Aug-24,St. Clair NWA - West Cell SCU,42.367902,-82.405255,Lepomis macrochirus,45,1.4
2024-LCS-NWA-,2024-LCS-NWA-210824-003A,21-Aug-24,8,22-Aug-24,St. Clair NWA - West Cell SCU,42.369407,-82.405687,Amia ocellicauda,589,2060
2024-LCS-NWA-,2024-LCS-NWA-210824-003A,21-Aug-24,8,22-Aug-24,St. Clair NWA - West Cell SCU,42.369407,-82.405687,Lepomis macrochirus,79,9.2
2024-LCS-NWA-,2024-LCS-NWA-210824-003A,21-Aug-24,8,22-Aug-24,St. Clair NWA - West Cell SCU,42.369407,-82.405687,Lepomis macrochirus,188,139.6
2024-LCS-NWA-,2024-LCS-NWA-210824-003A,21-Aug-24,8,22-Aug-24,St. Clair NWA - West Cell SCU,42.369407,-82.405687,Lepomis macrochirus,95,15.4
2024-LCS-NWA-,2024-LCS-NWA-210824-003A,21-Aug-24,8,22-Aug-24,St. Clair NWA - West Cell SCU,42.369407,-82.405687,Lepomis macrochirus,92,12.7
2024-LCS-NWA-,2024-LCS-NWA-210824-003A,21-Aug-24,8,22-Aug-24,St. Clair NWA - West Cell SCU,42.369407,-82.405687,Lepomis macrochirus,121,82.6
2024-LCS-NWA-,2024-LCS-NWA-210824-003A,21-Aug-24,8,22-Aug-24,St. Clair NWA - West Cell SCU,42.369407,-82.405687,Lepomis macrochirus,94,13.3
2024-LCS-NWA-,2024-LCS-NWA-210824-003A,21-Aug-24,8,22-Aug-24,St. Clair NWA - West Cell SCU,42.369407,-82.405687,Lepomis macrochirus,42,1.1
2024-LCS-NWA-,2024-LCS-NWA-210824-003A,21-Aug-24,8,22-Aug-24,St. Clair NWA - West Cell SCU,42.369407,-82.405687,Lepomis macrochirus,116,30.6
2024-LCS-NWA-,2024-LCS-NWA-210824-003A,21-Aug-24,8,22-Aug-24,St. Clair NWA - West Cell SCU,42.369407,-82.405687,Lepomis macrochirus,83,9.8
2024-LCS-NWA-,2024-LCS-NWA-210824-003A,21-Aug-24,8,22-Aug-24,St. Clair NWA - West Cell SCU,42.369407,-82.405687,Lepomis macrochirus,47,2.5
2024-LCS-NWA-,2024-LCS-NWA-210824-003A,21-Aug-24,8,22-Aug-24,St. Clair NWA - West Cell SCU,42.369407,-82.405687,Lepomis macrochirus,48,1.8
2024-LCS-NWA-,2024-LCS-NWA-210824-003A,21-Aug-24,8,22-Aug-24,St. Clair NWA - West Cell SCU,42.369407,-82.405687,Lepomis macrochirus,47,1.4
2024-LCS-NWA-,2024-LCS-NWA-210824-003A,21-Aug-24,8,22-Aug-24,St. Clair NWA - West Cell SCU,42.369407,-82.405687,Lepomis macrochirus,50,1.8
2024-LCS-NWA-,2024-LCS-NWA-210824-003A,21-Aug-24,8,22-Aug-24,St. Clair NWA - West Cell SCU,42.369407,-82.405687,Lepomis macrochirus,56,2.7
2024-LCS-NWA-,2024-LCS-NWA-210824-003A,21-Aug-24,8,22-Aug-24,St. Clair NWA - West Cell SCU,42.369407,-82.405687,Lepomis macrochirus,35,0.7
2024-LCS-NWA-,2024-LCS-NWA-210824-003A,21-Aug-24,8,22-Aug-24,St. Clair NWA - West Cell SCU,42.369407,-82.405687,Lepomis macrochirus,36,0.8
2024-LCS-NWA-,2024-LCS-NWA-210824-003A,21-Aug-24,8,22-Aug-24,St. Clair NWA - West Cell SCU,42.369407,-82.405687,Lepomis macrochirus,41,1
2024-LCS-NWA-,2024-LCS-NWA-210824-003A,21-Aug-24,8,22-Aug-24,St. Clair NWA - West Cell SCU,42.369407,-82.405687,Lepomis gibbosus,52,2.3
2024-LCS-NWA-,2024-LCS-NWA-210824-003A,21-Aug-24,8,22-Aug-24,St. Clair NWA - West Cell SCU,42.369407,-82.405687,Lepomis gibbosus,51,2.2
2024-LCS-NWA-,2024-LCS-NWA-210824-003A,21-Aug-24,8,22-Aug-24,St. Clair NWA - West Cell SCU,42.369407,-82.405687,Lepomis gibbosus,43,1.4
2024-LCS-NWA-,2024-LCS-NWA-210824-003A,21-Aug-24,8,22-Aug-24,St. Clair NWA - West Cell SCU,42.369407,-82.405687,Lepomis gibbosus,45,1.4
2024-LCS-NWA-,2024-LCS-NWA-210824-003A,21-Aug-24,8,22-Aug-24,St. Clair NWA - West Cell SCU,42.369407,-82.405687,Lepomis gibbosus,50,2.1
2024-LCS-NWA-,2024-LCS-NWA-210824-003A,21-Aug-24,8,22-Aug-24,St. Clair NWA - West Cell SCU,42.369407,-82.405687,Lepomis gibbosus,43,1.6
2024-LCS-NWA-,2024-LCS-NWA-210824-003A,21-Aug-24,8,22-Aug-24,St. Clair NWA - West Cell SCU,42.369407,-82.405687,Micropterus nigricans,85,6.9
2024-LCS-NWA-,2024-LCS-NWA-210824-003A,21-Aug-24,8,22-Aug-24,St. Clair NWA - West Cell SCU,42.369407,-82.405687,Pomoxis nigromaculatus,155,47.6
2024-LCS-NWA-,2024-LCS-NWA-210824-004A,21-Aug-24,8,22-Aug-24,St. Clair NWA - West Cell SCU,42.37043,-82.405432,Amia ocellicauda,636,2230
2024-LCS-NWA-,2024-LCS-NWA-210824-004A,21-Aug-24,8,22-Aug-24,St. Clair NWA - West Cell SCU,42.37043,-82.405432,Amia ocellicauda,481,1010
2024-LCS-NWA-,2024-LCS-NWA-210824-004A,21-Aug-24,8,22-Aug-24,St. Clair NWA - West Cell SCU,42.37043,-82.405432,Amia ocellicauda,576,1660
2024-LCS-NWA-,2024-LCS-NWA-210824-004A,21-Aug-24,8,22-Aug-24,St. Clair NWA - West Cell SCU,42.37043,-82.405432,Amia ocellicauda,475,1000
2024-LCS-NWA-,2024-LCS-NWA-210824-004A,21-Aug-24,8,22-Aug-24,St. Clair NWA - West Cell SCU,42.37043,-82.405432,Ameiurus nebulosus,314,390
2024-LCS-NWA-,2024-LCS-NWA-210824-005A,21-Aug-24,8,22-Aug-24,St. Clair NWA - West Cell SCU,42.371727,-82.404154,Erimyzon sucetta,258,221.5
2024-LCS-NWA-,2024-LCS-NWA-210824-005A,21-Aug-24,8,22-Aug-24,St. Clair NWA - West Cell SCU,42.371727,-82.404154,Cyprinus carpio,518,1830
2024-LCS-NWA-,2024-LCS-NWA-210824-005A,21-Aug-24,8,22-Aug-24,St. Clair NWA - West Cell SCU,42.371727,-82.404154,Ameiurus nebulosus,314,330
2024-LCS-NWA-,2024-LCS-NWA-210824-005A,21-Aug-24,8,22-Aug-24,St. Clair NWA - West Cell SCU,42.371727,-82.404154,Lepomis gibbosus,177,132.6
2024-LCS-NWA-,2024-LCS-NWA-210824-005A,21-Aug-24,8,22-Aug-24,St. Clair NWA - West Cell SCU,42.371727,-82.404154,Pomoxis nigromaculatus,261,270
2024-LCS-NWA-,2024-LCS-NWA-210824-005A,21-Aug-24,8,22-Aug-24,St. Clair NWA - West Cell SCU,42.371727,-82.404154,Pomoxis nigromaculatus,199,124.7
2024-LCS-NWA-,2024-LCS-NWA-210824-005A,21-Aug-24,8,22-Aug-24,St. Clair NWA - West Cell SCU,42.371727,-82.404154,Lepomis macrochirus,169,103.9
2024-LCS-NWA-,2024-LCS-NWA-210824-005A,21-Aug-24,8,22-Aug-24,St. Clair NWA - West Cell SCU,42.371727,-82.404154,Lepomis macrochirus,142,58.2
2024-LCS-NWA-,2024-LCS-NWA-210824-005A,21-Aug-24,8,22-Aug-24,St. Clair NWA - West Cell SCU,42.371727,-82.404154,Lepomis macrochirus,195,163.1
2024-LCS-NWA-,2024-LCS-NWA-210824-005A,21-Aug-24,8,22-Aug-24,St. Clair NWA - West Cell SCU,42.371727,-82.404154,Lepomis macrochirus,158,79.1
2024-LCS-NWA-,2024-LCS-NWA-210824-005A,21-Aug-24,8,22-Aug-24,St. Clair NWA - West Cell SCU,42.371727,-82.404154,Lepomis macrochirus,44,1.3
2024-LCS-NWA-,2024-LCS-NWA-210824-005A,21-Aug-24,8,22-Aug-24,St. Clair NWA - West Cell SCU,42.371727,-82.404154,Lepomis macrochirus,155,77.6
2024-LCS-NWA-,2024-LCS-NWA-210824-005A,21-Aug-24,8,22-Aug-24,St. Clair NWA - West Cell SCU,42.371727,-82.404154,Notemigonus crysoleucas,63,1.8
2024-LCS-NWA-,2024-LCS-NWA-210824-005A,21-Aug-24,8,22-Aug-24,St. Clair NWA - West Cell SCU,42.371727,-82.404154,Notemigonus crysoleucas,57,1.3
2024-LCS-NWA-,2024-LCS-NWA-210824-005A,21-Aug-24,8,22-Aug-24,St. Clair NWA - West Cell SCU,42.371727,-82.404154,Notemigonus crysoleucas,68,2.1
2024-LCS-NWA-,2024-LCS-NWA-210824-005A,21-Aug-24,8,22-Aug-24,St. Clair NWA - West Cell SCU,42.371727,-82.404154,Notemigonus crysoleucas,57,1.2
2024-LCS-NWA-,2024-LCS-NWA-210824-005A,21-Aug-24,8,22-Aug-24,St. Clair NWA - West Cell SCU,42.371727,-82.404154,Notemigonus crysoleucas,57,1.4
2024-LCS-NWA-,2024-LCS-NWA-210824-005A,21-Aug-24,8,22-Aug-24,St. Clair NWA - West Cell SCU,42.371727,-82.404154,Notemigonus crysoleucas,60,1.8
2024-LCS-NWA-,2024-LCS-NWA-210824-005A,21-Aug-24,8,22-Aug-24,St. Clair NWA - West Cell SCU,42.371727,-82.404154,Notemigonus crysoleucas,60,1.5
2024-LCS-NWA-,2024-LCS-NWA-210824-005A,21-Aug-24,8,22-Aug-24,St. Clair NWA - West Cell SCU,42.371727,-82.404154,Notemigonus crysoleucas,57,1.5
2024-LCS-NWA-,2024-LCS-NWA-210824-005A,21-Aug-24,8,22-Aug-24,St. Clair NWA - West Cell SCU,42.371727,-82.404154,Notemigonus crysoleucas,66,2.2
2024-LCS-NWA-,2024-LCS-NWA-220824-001A,22-Aug-24,8,23-Aug-24,St. Clair NWA - West Cell SCU,42.373201,-82.405218,Erimyzon sucetta,229,197.9
2024-LCS-NWA-,2024-LCS-NWA-220824-001A,22-Aug-24,8,23-Aug-24,St. Clair NWA - West Cell SCU,42.373201,-82.405218,Erimyzon sucetta,247,270
2024-LCS-NWA-,2024-LCS-NWA-220824-001A,22-Aug-24,8,23-Aug-24,St. Clair NWA - West Cell SCU,42.373201,-82.405218,Amia ocellicauda,547,1350
2024-LCS-NWA-,2024-LCS-NWA-220824-001A,22-Aug-24,8,23-Aug-24,St. Clair NWA - West Cell SCU,42.373201,-82.405218,Ameiurus melas,305,370
2024-LCS-NWA-,2024-LCS-NWA-220824-001A,22-Aug-24,8,23-Aug-24,St. Clair NWA - West Cell SCU,42.373201,-82.405218,Micropterus nigricans,237,170
2024-LCS-NWA-,2024-LCS-NWA-220824-001A,22-Aug-24,8,23-Aug-24,St. Clair NWA - West Cell SCU,42.373201,-82.405218,Lepomis gibbosus,150,63.8
2024-LCS-NWA-,2024-LCS-NWA-220824-001A,22-Aug-24,8,23-Aug-24,St. Clair NWA - West Cell SCU,42.373201,-82.405218,Lepomis gibbosus,130,44.4
2024-LCS-NWA-,2024-LCS-NWA-220824-001A,22-Aug-24,8,23-Aug-24,St. Clair NWA - West Cell SCU,42.373201,-82.405218,Lepomis gibbosus,156,86.8
2024-LCS-NWA-,2024-LCS-NWA-220824-001A,22-Aug-24,8,23-Aug-24,St. Clair NWA - West Cell SCU,42.373201,-82.405218,Lepomis gibbosus,166,99.8
2024-LCS-NWA-,2024-LCS-NWA-220824-001A,22-Aug-24,8,23-Aug-24,St. Clair NWA - West Cell SCU,42.373201,-82.405218,Lepomis macrochirus,185,140.3
2024-LCS-NWA-,2024-LCS-NWA-220824-001A,22-Aug-24,8,23-Aug-24,St. Clair NWA - West Cell SCU,42.373201,-82.405218,Lepomis macrochirus,196,161.2
2024-LCS-NWA-,2024-LCS-NWA-220824-002A,22-Aug-24,8,23-Aug-24,St. Clair NWA - West Cell SCU,42.374471,-82.406624,Erimyzon sucetta,190,92.5
2024-LCS-NWA-,2024-LCS-NWA-220824-002A,22-Aug-24,8,23-Aug-24,St. Clair NWA - West Cell SCU,42.374471,-82.406624,Amia ocellicauda,573,1590
2024-LCS-NWA-,2024-LCS-NWA-220824-002A,22-Aug-24,8,23-Aug-24,St. Clair NWA - West Cell SCU,42.374471,-82.406624,Lepomis gibbosus,117,27.1
2024-LCS-NWA-,2024-LCS-NWA-220824-002A,22-Aug-24,8,23-Aug-24,St. Clair NWA - West Cell SCU,42.374471,-82.406624,Lepomis gibbosus,165,88.3
2024-LCS-NWA-,2024-LCS-NWA-220824-002A,22-Aug-24,8,23-Aug-24,St. Clair NWA - West Cell SCU,42.374471,-82.406624,Lepomis gibbosus,48,1.8
2024-LCS-NWA-,2024-LCS-NWA-220824-002A,22-Aug-24,8,23-Aug-24,St. Clair NWA - West Cell SCU,42.374471,-82.406624,Lepomis gibbosus,44,1.6
2024-LCS-NWA-,2024-LCS-NWA-220824-002A,22-Aug-24,8,23-Aug-24,St. Clair NWA - West Cell SCU,42.374471,-82.406624,Notemigonus crysoleucas,58,1.4
2024-LCS-NWA-,2024-LCS-NWA-220824-002A,22-Aug-24,8,23-Aug-24,St. Clair NWA - West Cell SCU,42.374471,-82.406624,Notemigonus crysoleucas,55,1.2
2024-LCS-NWA-,2024-LCS-NWA-220824-002A,22-Aug-24,8,23-Aug-24,St. Clair NWA - West Cell SCU,42.374471,-82.406624,Lepomis macrochirus,93,12.7
2024-LCS-NWA-,2024-LCS-NWA-220824-002A,22-Aug-24,8,23-Aug-24,St. Clair NWA - West Cell SCU,42.374471,-82.406624,Lepomis macrochirus,41,1.2
2024-LCS-NWA-,2024-LCS-NWA-220824-002A,22-Aug-24,8,23-Aug-24,St. Clair NWA - West Cell SCU,42.374471,-82.406624,Lepomis macrochirus,51,2.1
2024-LCS-NWA-,2024-LCS-NWA-220824-003A,22-Aug-24,8,23-Aug-24,St. Clair NWA - West Cell SCU,42.375706,-82.4044,Erimyzon sucetta,54,1.8
2024-LCS-NWA-,2024-LCS-NWA-220824-003A,22-Aug-24,8,23-Aug-24,St. Clair NWA - West Cell SCU,42.375706,-82.4044,Erimyzon sucetta,59,2.1
2024-LCS-NWA-,2024-LCS-NWA-220824-003A,22-Aug-24,8,23-Aug-24,St. Clair NWA - West Cell SCU,42.375706,-82.4044,Erimyzon sucetta,66,3.5
2024-LCS-NWA-,2024-LCS-NWA-220824-003A,22-Aug-24,8,23-Aug-24,St. Clair NWA - West Cell SCU,42.375706,-82.4044,Amia ocellicauda,402,480
2024-LCS-NWA-,2024-LCS-NWA-220824-003A,22-Aug-24,8,23-Aug-24,St. Clair NWA - West Cell SCU,42.375706,-82.4044,Lepomis gibbosus,113,27
2024-LCS-NWA-,2024-LCS-NWA-220824-003A,22-Aug-24,8,23-Aug-24,St. Clair NWA - West Cell SCU,42.375706,-82.4044,Lepomis gibbosus,117,28
2024-LCS-NWA-,2024-LCS-NWA-220824-003A,22-Aug-24,8,23-Aug-24,St. Clair NWA - West Cell SCU,42.375706,-82.4044,Lepomis gibbosus,94,14.2
2024-LCS-NWA-,2024-LCS-NWA-220824-003A,22-Aug-24,8,23-Aug-24,St. Clair NWA - West Cell SCU,42.375706,-82.4044,Lepomis gibbosus,94,14.9
2024-LCS-NWA-,2024-LCS-NWA-220824-003A,22-Aug-24,8,23-Aug-24,St. Clair NWA - West Cell SCU,42.375706,-82.4044,Lepomis gibbosus,46,1.6
2024-LCS-NWA-,2024-LCS-NWA-220824-003A,22-Aug-24,8,23-Aug-24,St. Clair NWA - West Cell SCU,42.375706,-82.4044,Lepomis gibbosus,88,10.6
2024-LCS-NWA-,2024-LCS-NWA-220824-003A,22-Aug-24,8,23-Aug-24,St. Clair NWA - West Cell SCU,42.375706,-82.4044,Lepomis gibbosus,48,2
2024-LCS-NWA-,2024-LCS-NWA-220824-003A,22-Aug-24,8,23-Aug-24,St. Clair NWA - West Cell SCU,42.375706,-82.4044,Lepomis gibbosus,82,9.4
2024-LCS-NWA-,2024-LCS-NWA-220824-003A,22-Aug-24,8,23-Aug-24,St. Clair NWA - West Cell SCU,42.375706,-82.4044,Lepomis gibbosus,42,1.2
2024-LCS-NWA-,2024-LCS-NWA-220824-003A,22-Aug-24,8,23-Aug-24,St. Clair NWA - West Cell SCU,42.375706,-82.4044,Lepomis gibbosus,84,9.7
2024-LCS-NWA-,2024-LCS-NWA-220824-003A,22-Aug-24,8,23-Aug-24,St. Clair NWA - West Cell SCU,42.375706,-82.4044,Lepomis gibbosus,52,2.3
2024-LCS-NWA-,2024-LCS-NWA-220824-003A,22-Aug-24,8,23-Aug-24,St. Clair NWA - West Cell SCU,42.375706,-82.4044,Lepomis gibbosus,42,1
2024-LCS-NWA-,2024-LCS-NWA-220824-003A,22-Aug-24,8,23-Aug-24,St. Clair NWA - West Cell SCU,42.375706,-82.4044,Lepomis gibbosus,45,1.2
2024-LCS-NWA-,2024-LCS-NWA-220824-003A,22-Aug-24,8,23-Aug-24,St. Clair NWA - West Cell SCU,42.375706,-82.4044,Lepomis gibbosus,44,1.4
2024-LCS-NWA-,2024-LCS-NWA-220824-003A,22-Aug-24,8,23-Aug-24,St. Clair NWA - West Cell SCU,42.375706,-82.4044,Lepomis gibbosus,44,1.4
2024-LCS-NWA-,2024-LCS-NWA-220824-003A,22-Aug-24,8,23-Aug-24,St. Clair NWA - West Cell SCU,42.375706,-82.4044,Lepomis macrochirus,102,18.7
2024-LCS-NWA-,2024-LCS-NWA-220824-003A,22-Aug-24,8,23-Aug-24,St. Clair NWA - West Cell SCU,42.375706,-82.4044,Lepomis macrochirus,97,15.7
2024-LCS-NWA-,2024-LCS-NWA-220824-003A,22-Aug-24,8,23-Aug-24,St. Clair NWA - West Cell SCU,42.375706,-82.4044,Lepomis macrochirus,97,14.3
2024-LCS-NWA-,2024-LCS-NWA-220824-003A,22-Aug-24,8,23-Aug-24,St. Clair NWA - West Cell SCU,42.375706,-82.4044,Lepomis macrochirus,37,0.9
2024-LCS-NWA-,2024-LCS-NWA-220824-003A,22-Aug-24,8,23-Aug-24,St. Clair NWA - West Cell SCU,42.375706,-82.4044,Lepomis macrochirus,49,1.8
2024-LCS-NWA-,2024-LCS-NWA-220824-003A,22-Aug-24,8,23-Aug-24,St. Clair NWA - West Cell SCU,42.375706,-82.4044,Lepomis macrochirus,46,1.7
2024-LCS-NWA-,2024-LCS-NWA-220824-003A,22-Aug-24,8,23-Aug-24,St. Clair NWA - West Cell SCU,42.375706,-82.4044,Notemigonus crysoleucas,120,15.6
2024-LCS-NWA-,2024-LCS-NWA-220824-004A,22-Aug-24,8,23-Aug-24,St. Clair NWA - West Cell SCU,42.376971,-82.403888,Amia ocellicauda,595,1750
2024-LCS-NWA-,2024-LCS-NWA-220824-004A,22-Aug-24,8,23-Aug-24,St. Clair NWA - West Cell SCU,42.376971,-82.403888,Lepomis gibbosus,76,6.8
2024-LCS-NWA-,2024-LCS-NWA-220824-004A,22-Aug-24,8,23-Aug-24,St. Clair NWA - West Cell SCU,42.376971,-82.403888,Lepomis gibbosus,40,1.1
2024-LCS-NWA-,2024-LCS-NWA-220824-004A,22-Aug-24,8,23-Aug-24,St. Clair NWA - West Cell SCU,42.376971,-82.403888,Notemigonus crysoleucas,55,1.1
2024-LCS-NWA-,2024-LCS-NWA-220824-004A,22-Aug-24,8,23-Aug-24,St. Clair NWA - West Cell SCU,42.376971,-82.403888,Notemigonus crysoleucas,59,1.5
2024-LCS-NWA-,2024-LCS-NWA-220824-004A,22-Aug-24,8,23-Aug-24,St. Clair NWA - West Cell SCU,42.376971,-82.403888,Notemigonus crysoleucas,59,1.3
2024-LCS-NWA-,2024-LCS-NWA-220824-004A,22-Aug-24,8,23-Aug-24,St. Clair NWA - West Cell SCU,42.376971,-82.403888,Notemigonus crysoleucas,52,1.4
2024-LCS-NWA-,2024-LCS-NWA-220824-004A,22-Aug-24,8,23-Aug-24,St. Clair NWA - West Cell SCU,42.376971,-82.403888,Lepomis macrochirus,80,7.8
2024-LCS-NWA-,2024-LCS-NWA-220824-004A,22-Aug-24,8,23-Aug-24,St. Clair NWA - West Cell SCU,42.376971,-82.403888,Lepomis macrochirus,74,7
2024-LCS-NWA-,2024-LCS-NWA-220824-005A,22-Aug-24,8,23-Aug-24,St. Clair NWA - West Cell SCU,42.377978,-82.401756,Amia ocellicauda,456,840
2024-LCS-NWA-,2024-LCS-NWA-220824-005A,22-Aug-24,8,23-Aug-24,St. Clair NWA - West Cell SCU,42.377978,-82.401756,Amia ocellicauda,445,740
2024-LCS-NWA-,2024-LCS-NWA-220824-005A,22-Aug-24,8,23-Aug-24,St. Clair NWA - West Cell SCU,42.377978,-82.401756,Amia ocellicauda,487,950
2024-LCS-NWA-,2024-LCS-NWA-220824-005A,22-Aug-24,8,23-Aug-24,St. Clair NWA - West Cell SCU,42.377978,-82.401756,Amia ocellicauda,490,950
2024-LCS-NWA-,2024-LCS-NWA-220824-005A,22-Aug-24,8,23-Aug-24,St. Clair NWA - West Cell SCU,42.377978,-82.401756,Pomoxis nigromaculatus,206,162.1
2024-LCS-NWA-,2024-LCS-NWA-220824-005A,22-Aug-24,8,23-Aug-24,St. Clair NWA - West Cell SCU,42.377978,-82.401756,Pomoxis nigromaculatus,136,36.1
2024-LCS-NWA-,2024-LCS-NWA-220824-005A,22-Aug-24,8,23-Aug-24,St. Clair NWA - West Cell SCU,42.377978,-82.401756,Lepomis macrochirus,83,9
2024-LCS-NWA-,2024-LCS-NWA-220824-005A,22-Aug-24,8,23-Aug-24,St. Clair NWA - West Cell SCU,42.377978,-82.401756,Lepomis macrochirus,78,8.3
2024-LCS-NWA-,2024-LCS-NWA-220824-005A,22-Aug-24,8,23-Aug-24,St. Clair NWA - West Cell SCU,42.377978,-82.401756,Lepomis macrochirus,74,7
2024-LCS-NWA-,2024-LCS-NWA-220824-005A,22-Aug-24,8,23-Aug-24,St. Clair NWA - West Cell SCU,42.377978,-82.401756,Lepomis macrochirus,40,1.2
2024-LCS-NWA-,2024-LCS-NWA-220824-005A,22-Aug-24,8,23-Aug-24,St. Clair NWA - West Cell SCU,42.377978,-82.401756,Lepomis gibbosus,151,69.9
2024-LCS-NWA-,2024-LCS-NWA-220824-005A,22-Aug-24,8,23-Aug-24,St. Clair NWA - West Cell SCU,42.377978,-82.401756,Lepomis gibbosus,177,128.2
2024-LCS-NWA-,2024-LCS-NWA-220824-005A,22-Aug-24,8,23-Aug-24,St. Clair NWA - West Cell SCU,42.377978,-82.401756,Lepomis gibbosus,115,29.4
2024-LCS-NWA-,2024-LCS-NWA-220824-005A,22-Aug-24,8,23-Aug-24,St. Clair NWA - West Cell SCU,42.377978,-82.401756,Lepomis gibbosus,79,8.1
2024-LCS-NWA-,2024-LCS-NWA-220824-005A,22-Aug-24,8,23-Aug-24,St. Clair NWA - West Cell SCU,42.377978,-82.401756,Lepomis gibbosus,50,2.5
2024-LCS-NWA-,2024-LCS-NWA-220824-005A,22-Aug-24,8,23-Aug-24,St. Clair NWA - West Cell SCU,42.377978,-82.401756,Lepomis gibbosus,42,1.2
2024-LCS-NWA-,2024-LCS-NWA-220824-005A,22-Aug-24,8,23-Aug-24,St. Clair NWA - West Cell SCU,42.377978,-82.401756,Erimyzon sucetta,-1,-1
2024-LCS-NWA-,2024-LCS-NWA-260824-001A,26-Aug-24,8,27-Aug-24,St. Clair NWA - West Cell SCU,42.373801,-82.40789,Amia ocellicauda,362,400
2024-LCS-NWA-,2024-LCS-NWA-260824-001A,26-Aug-24,8,27-Aug-24,St. Clair NWA - West Cell SCU,42.373801,-82.40789,Pomoxis nigromaculatus,74,5.3
2024-LCS-NWA-,2024-LCS-NWA-260824-001A,26-Aug-24,8,27-Aug-24,St. Clair NWA - West Cell SCU,42.373801,-82.40789,Lepomis sp,55,2.1
2024-LCS-NWA-,2024-LCS-NWA-260824-001A,26-Aug-24,8,27-Aug-24,St. Clair NWA - West Cell SCU,42.373801,-82.40789,Lepomis gibbosus,50,2
2024-LCS-NWA-,2024-LCS-NWA-260824-001A,26-Aug-24,8,27-Aug-24,St. Clair NWA - West Cell SCU,42.373801,-82.40789,Lepomis gibbosus,109,23
2024-LCS-NWA-,2024-LCS-NWA-260824-001A,26-Aug-24,8,27-Aug-24,St. Clair NWA - West Cell SCU,42.373801,-82.40789,Lepomis gibbosus,48,2.1
2024-LCS-NWA-,2024-LCS-NWA-260824-001A,26-Aug-24,8,27-Aug-24,St. Clair NWA - West Cell SCU,42.373801,-82.40789,Lepomis gibbosus,103,18.4
2024-LCS-NWA-,2024-LCS-NWA-260824-001A,26-Aug-24,8,27-Aug-24,St. Clair NWA - West Cell SCU,42.373801,-82.40789,Lepomis gibbosus,99,16.5
2024-LCS-NWA-,2024-LCS-NWA-260824-002A,26-Aug-24,8,27-Aug-24,St. Clair NWA - West Cell SCU,42.37151,-82.409165,No fish captured,-1,-1
2024-LCS-NWA-,2024-LCS-NWA-260824-003A,26-Aug-24,8,27-Aug-24,St. Clair NWA - West Cell SCU,42.370191,-82.40957,Amia ocellicauda,452,910
2024-LCS-NWA-,2024-LCS-NWA-260824-003A,26-Aug-24,8,27-Aug-24,St. Clair NWA - West Cell SCU,42.370191,-82.40957,Lepomis sp,56,2.9
2024-LCS-NWA-,2024-LCS-NWA-260824-004A,26-Aug-24,8,27-Aug-24,St. Clair NWA - West Cell SCU,42.368149,-82.408938,Esox lucius,546,880
2024-LCS-NWA-,2024-LCS-NWA-260824-004A,26-Aug-24,8,27-Aug-24,St. Clair NWA - West Cell SCU,42.368149,-82.408938,Lepomis macrochirus,210,192.8
2024-LCS-NWA-,2024-LCS-NWA-260824-004A,26-Aug-24,8,27-Aug-24,St. Clair NWA - West Cell SCU,42.368149,-82.408938,Lepomis macrochirus,193,161.7
2024-LCS-NWA-,2024-LCS-NWA-260824-004A,26-Aug-24,8,27-Aug-24,St. Clair NWA - West Cell SCU,42.368149,-82.408938,Lepomis macrochirus,-1,-1
2024-LCS-NWA-,2024-LCS-NWA-260824-004A,26-Aug-24,8,27-Aug-24,St. Clair NWA - West Cell SCU,42.368149,-82.408938,Lepomis gibbosus,137,47.8
2024-LCS-NWA-,2024-LCS-NWA-260824-004A,26-Aug-24,8,27-Aug-24,St. Clair NWA - West Cell SCU,42.368149,-82.408938,Lepomis gibbosus,197,167.3
2024-LCS-NWA-,2024-LCS-NWA-260824-004A,26-Aug-24,8,27-Aug-24,St. Clair NWA - West Cell SCU,42.368149,-82.408938,Lepomis gibbosus,42,1.2
2024-LCS-NWA-,2024-LCS-NWA-260824-004A,26-Aug-24,8,27-Aug-24,St. Clair NWA - West Cell SCU,42.368149,-82.408938,Lepomis gibbosus,182,131.5
2024-LCS-NWA-,2024-LCS-NWA-260824-004A,26-Aug-24,8,27-Aug-24,St. Clair NWA - West Cell SCU,42.368149,-82.408938,Amia ocellicauda,454,830
2024-LCS-NWA-,2024-LCS-NWA-260824-004A,26-Aug-24,8,27-Aug-24,St. Clair NWA - West Cell SCU,42.368149,-82.408938,Micropterus nigricans,253,200
2024-LCS-NWA-,2024-LCS-NWA-260824-005A,26-Aug-24,8,27-Aug-24,St. Clair NWA - West Cell SCU,42.366247,-82.40999,Micropterus nigricans,340,530
2024-LCS-NWA-,2024-LCS-NWA-260824-005A,26-Aug-24,8,27-Aug-24,St. Clair NWA - West Cell SCU,42.366247,-82.40999,Ameiurus nebulosus,321,490
2024-LCS-NWA-,2024-LCS-NWA-260824-005A,26-Aug-24,8,27-Aug-24,St. Clair NWA - West Cell SCU,42.366247,-82.40999,Amia ocellicauda,519,1220
2024-LCS-NWA-,2024-LCS-NWA-260824-005A,26-Aug-24,8,27-Aug-24,St. Clair NWA - West Cell SCU,42.366247,-82.40999,Amia ocellicauda,437,620
2024-LCS-NWA-,2024-LCS-NWA-260824-005A,26-Aug-24,8,27-Aug-24,St. Clair NWA - West Cell SCU,42.366247,-82.40999,Lepomis gibbosus,45,1.6
2024-LCS-NWA-,2024-LCS-NWA-260824-005A,26-Aug-24,8,27-Aug-24,St. Clair NWA - West Cell SCU,42.366247,-82.40999,Lepomis macrochirus,44,1.2
2024-LCS-NWA-,2024-LCS-NWA-270824-001A,27-Aug-24,8,28-Aug-24,St. Clair NWA - West Cell SCU,42.360257,-82.406047,Micropterus nigricans,54,2.1
2024-LCS-NWA-,2024-LCS-NWA-270824-001A,27-Aug-24,8,28-Aug-24,St. Clair NWA - West Cell SCU,42.360257,-82.406047,Micropterus nigricans,67,3.4
2024-LCS-NWA-,2024-LCS-NWA-270824-001A,27-Aug-24,8,28-Aug-24,St. Clair NWA - West Cell SCU,42.360257,-82.406047,Lepomis gibbosus,115,28.3
2024-LCS-NWA-,2024-LCS-NWA-270824-001A,27-Aug-24,8,28-Aug-24,St. Clair NWA - West Cell SCU,42.360257,-82.406047,Lepomis gibbosus,121,32.2
2024-LCS-NWA-,2024-LCS-NWA-270824-001A,27-Aug-24,8,28-Aug-24,St. Clair NWA - West Cell SCU,42.360257,-82.406047,Lepomis gibbosus,90,9.1
2024-LCS-NWA-,2024-LCS-NWA-270824-001A,27-Aug-24,8,28-Aug-24,St. Clair NWA - West Cell SCU,42.360257,-82.406047,Lepomis gibbosus,77,7
2024-LCS-NWA-,2024-LCS-NWA-270824-001A,27-Aug-24,8,28-Aug-24,St. Clair NWA - West Cell SCU,42.360257,-82.406047,Lepomis macrochirus,54,2.4
2024-LCS-NWA-,2024-LCS-NWA-270824-001A,27-Aug-24,8,28-Aug-24,St. Clair NWA - West Cell SCU,42.360257,-82.406047,Lepomis macrochirus,48,1.6
2024-LCS-NWA-,2024-LCS-NWA-270824-001A,27-Aug-24,8,28-Aug-24,St. Clair NWA - West Cell SCU,42.360257,-82.406047,Lepomis macrochirus,42,0.8
2024-LCS-NWA-,2024-LCS-NWA-270824-002A,27-Aug-24,8,28-Aug-24,St. Clair NWA - West Cell SCU,42.361716,-82.40756,Lepomis macrochirus,73,6.1
2024-LCS-NWA-,2024-LCS-NWA-270824-002A,27-Aug-24,8,28-Aug-24,St. Clair NWA - West Cell SCU,42.361716,-82.40756,Lepomis macrochirus,44,1.2
2024-LCS-NWA-,2024-LCS-NWA-270824-002A,27-Aug-24,8,28-Aug-24,St. Clair NWA - West Cell SCU,42.361716,-82.40756,Lepomis gibbosus,53,2.3
2024-LCS-NWA-,2024-LCS-NWA-270824-003A,27-Aug-24,8,28-Aug-24,St. Clair NWA - West Cell SCU,42.363987,-82.406432,Amia ocellicauda,523,1320
2024-LCS-NWA-,2024-LCS-NWA-270824-003A,27-Aug-24,8,28-Aug-24,St. Clair NWA - West Cell SCU,42.363987,-82.406432,Esox lucius,320,160
2024-LCS-NWA-,2024-LCS-NWA-270824-003A,27-Aug-24,8,28-Aug-24,St. Clair NWA - West Cell SCU,42.363987,-82.406432,Erimyzon sucetta,126,27.5
2024-LCS-NWA-,2024-LCS-NWA-270824-003A,27-Aug-24,8,28-Aug-24,St. Clair NWA - West Cell SCU,42.363987,-82.406432,Erimyzon sucetta,131,26.4
2024-LCS-NWA-,2024-LCS-NWA-270824-003A,27-Aug-24,8,28-Aug-24,St. Clair NWA - West Cell SCU,42.363987,-82.406432,Erimyzon sucetta,111,16.4
2024-LCS-NWA-,2024-LCS-NWA-270824-003A,27-Aug-24,8,28-Aug-24,St. Clair NWA - West Cell SCU,42.363987,-82.406432,Lepomis gibbosus,73,6.7
2024-LCS-NWA-,2024-LCS-NWA-270824-003A,27-Aug-24,8,28-Aug-24,St. Clair NWA - West Cell SCU,42.363987,-82.406432,Lepomis gibbosus,182,125
2024-LCS-NWA-,2024-LCS-NWA-270824-003A,27-Aug-24,8,28-Aug-24,St. Clair NWA - West Cell SCU,42.363987,-82.406432,Lepomis gibbosus,87,10.7
2024-LCS-NWA-,2024-LCS-NWA-270824-003A,27-Aug-24,8,28-Aug-24,St. Clair NWA - West Cell SCU,42.363987,-82.406432,Lepomis gibbosus,125,37
2024-LCS-NWA-,2024-LCS-NWA-270824-003A,27-Aug-24,8,28-Aug-24,St. Clair NWA - West Cell SCU,42.363987,-82.406432,Lepomis gibbosus,130,37.8
2024-LCS-NWA-,2024-LCS-NWA-270824-003A,27-Aug-24,8,28-Aug-24,St. Clair NWA - West Cell SCU,42.363987,-82.406432,Lepomis gibbosus,145,55.8
2024-LCS-NWA-,2024-LCS-NWA-270824-003A,27-Aug-24,8,28-Aug-24,St. Clair NWA - West Cell SCU,42.363987,-82.406432,Lepomis gibbosus,118,29.5
2024-LCS-NWA-,2024-LCS-NWA-270824-003A,27-Aug-24,8,28-Aug-24,St. Clair NWA - West Cell SCU,42.363987,-82.406432,Lepomis gibbosus,125,34.5
2024-LCS-NWA-,2024-LCS-NWA-270824-003A,27-Aug-24,8,28-Aug-24,St. Clair NWA - West Cell SCU,42.363987,-82.406432,Lepomis gibbosus,114,25.3
2024-LCS-NWA-,2024-LCS-NWA-270824-003A,27-Aug-24,8,28-Aug-24,St. Clair NWA - West Cell SCU,42.363987,-82.406432,Lepomis gibbosus,123,33.1
2024-LCS-NWA-,2024-LCS-NWA-270824-003A,27-Aug-24,8,28-Aug-24,St. Clair NWA - West Cell SCU,42.363987,-82.406432,Lepomis gibbosus,96,16.1
2024-LCS-NWA-,2024-LCS-NWA-270824-003A,27-Aug-24,8,28-Aug-24,St. Clair NWA - West Cell SCU,42.363987,-82.406432,Lepomis gibbosus,75,6.4
2024-LCS-NWA-,2024-LCS-NWA-270824-003A,27-Aug-24,8,28-Aug-24,St. Clair NWA - West Cell SCU,42.363987,-82.406432,Micropterus nigricans,193,89.1
2024-LCS-NWA-,2024-LCS-NWA-270824-003A,27-Aug-24,8,28-Aug-24,St. Clair NWA - West Cell SCU,42.363987,-82.406432,Micropterus nigricans,67,3.6
2024-LCS-NWA-,2024-LCS-NWA-270824-003A,27-Aug-24,8,28-Aug-24,St. Clair NWA - West Cell SCU,42.363987,-82.406432,Micropterus nigricans,69,4.4
2024-LCS-NWA-,2024-LCS-NWA-270824-003A,27-Aug-24,8,28-Aug-24,St. Clair NWA - West Cell SCU,42.363987,-82.406432,Lepomis macrochirus,101,18.7
2024-LCS-NWA-,2024-LCS-NWA-270824-003A,27-Aug-24,8,28-Aug-24,St. Clair NWA - West Cell SCU,42.363987,-82.406432,Lepomis macrochirus,101,18.6
2024-LCS-NWA-,2024-LCS-NWA-270824-003A,27-Aug-24,8,28-Aug-24,St. Clair NWA - West Cell SCU,42.363987,-82.406432,Lepomis macrochirus,82,9.4
2024-LCS-NWA-,2024-LCS-NWA-270824-003A,27-Aug-24,8,28-Aug-24,St. Clair NWA - West Cell SCU,42.363987,-82.406432,Lepomis macrochirus,88,11.3
2024-LCS-NWA-,2024-LCS-NWA-270824-003A,27-Aug-24,8,28-Aug-24,St. Clair NWA - West Cell SCU,42.363987,-82.406432,Lepomis macrochirus,93,14.1
2024-LCS-NWA-,2024-LCS-NWA-270824-003A,27-Aug-24,8,28-Aug-24,St. Clair NWA - West Cell SCU,42.363987,-82.406432,Lepomis macrochirus,71,5.4
2024-LCS-NWA-,2024-LCS-NWA-270824-003A,27-Aug-24,8,28-Aug-24,St. Clair NWA - West Cell SCU,42.363987,-82.406432,Lepomis macrochirus,42,1.3
2024-LCS-NWA-,2024-LCS-NWA-270824-003A,27-Aug-24,8,28-Aug-24,St. Clair NWA - West Cell SCU,42.363987,-82.406432,Lepomis macrochirus,45,1.5
2024-LCS-NWA-,2024-LCS-NWA-270824-004A,27-Aug-24,8,28-Aug-24,St. Clair NWA - West Cell SCU,42.36316,-82.408201,Erimyzon sucetta,65,2.7
2024-LCS-NWA-,2024-LCS-NWA-270824-004A,27-Aug-24,8,28-Aug-24,St. Clair NWA - West Cell SCU,42.36316,-82.408201,Lepomis gibbosus,127,38.3
2024-LCS-NWA-,2024-LCS-NWA-270824-004A,27-Aug-24,8,28-Aug-24,St. Clair NWA - West Cell SCU,42.36316,-82.408201,Lepomis gibbosus,86,11.8
2024-LCS-NWA-,2024-LCS-NWA-270824-004A,27-Aug-24,8,28-Aug-24,St. Clair NWA - West Cell SCU,42.36316,-82.408201,Lepomis gibbosus,80,8.3
2024-LCS-NWA-,2024-LCS-NWA-270824-004A,27-Aug-24,8,28-Aug-24,St. Clair NWA - West Cell SCU,42.36316,-82.408201,Lepomis gibbosus,86,11.1
2024-LCS-NWA-,2024-LCS-NWA-270824-004A,27-Aug-24,8,28-Aug-24,St. Clair NWA - West Cell SCU,42.36316,-82.408201,Lepomis macrochirus,68,5.7
2024-LCS-NWA-,2024-LCS-NWA-270824-005A,27-Aug-24,8,28-Aug-24,St. Clair NWA - West Cell SCU,42.362658,-82.409085,No fish captured,-1,-1
2024-LCS-NWA-,2024-LCS-NWA-280824-001A,28-Aug-24,8,29-Aug-24,St. Clair NWA - West Cell SCU,42.364431,-82.410675,Micropterus nigricans,75,4.8
2024-LCS-NWA-,2024-LCS-NWA-280824-001A,28-Aug-24,8,29-Aug-24,St. Clair NWA - West Cell SCU,42.364431,-82.410675,Lepomis macrochirus,43,1.3
2024-LCS-NWA-,2024-LCS-NWA-280824-001A,28-Aug-24,8,29-Aug-24,St. Clair NWA - West Cell SCU,42.364431,-82.410675,Lepomis gibbosus,47,1.3
2024-LCS-NWA-,2024-LCS-NWA-280824-001A,28-Aug-24,8,29-Aug-24,St. Clair NWA - West Cell SCU,42.364431,-82.410675,Lepomis gibbosus,170,134
2024-LCS-NWA-,2024-LCS-NWA-280824-001A,28-Aug-24,8,29-Aug-24,St. Clair NWA - West Cell SCU,42.364431,-82.410675,Lepomis gibbosus,40,1
2024-LCS-NWA-,2024-LCS-NWA-280824-001A,28-Aug-24,8,29-Aug-24,St. Clair NWA - West Cell SCU,42.364431,-82.410675,Lepomis gibbosus,49,1.8
2024-LCS-NWA-,2024-LCS-NWA-280824-001A,28-Aug-24,8,29-Aug-24,St. Clair NWA - West Cell SCU,42.364431,-82.410675,Lepomis gibbosus,44,1.3
2024-LCS-NWA-,2024-LCS-NWA-280824-002A,28-Aug-24,8,29-Aug-24,St. Clair NWA - West Cell SCU,42.365586,-82.412616,Amia ocellicauda,460,810
2024-LCS-NWA-,2024-LCS-NWA-280824-002A,28-Aug-24,8,29-Aug-24,St. Clair NWA - West Cell SCU,42.365586,-82.412616,Micropterus nigricans,74,4.9
2024-LCS-NWA-,2024-LCS-NWA-280824-002A,28-Aug-24,8,29-Aug-24,St. Clair NWA - West Cell SCU,42.365586,-82.412616,Lepomis gibbosus,41,1.1
2024-LCS-NWA-,2024-LCS-NWA-280824-002A,28-Aug-24,8,29-Aug-24,St. Clair NWA - West Cell SCU,42.365586,-82.412616,Lepomis macrochirus,87,12.6
2024-LCS-NWA-,2024-LCS-NWA-280824-002A,28-Aug-24,8,29-Aug-24,St. Clair NWA - West Cell SCU,42.365586,-82.412616,Pomoxis nigromaculatus,68,3.9
2024-LCS-NWA-,2024-LCS-NWA-280824-003A,28-Aug-24,8,29-Aug-24,St. Clair NWA - West Cell SCU,42.367552,-82.412689,Erimyzon sucetta,115,21.1
2024-LCS-NWA-,2024-LCS-NWA-280824-003A,28-Aug-24,8,29-Aug-24,St. Clair NWA - West Cell SCU,42.367552,-82.412689,Erimyzon sucetta,-1,-1
2024-LCS-NWA-,2024-LCS-NWA-280824-003A,28-Aug-24,8,29-Aug-24,St. Clair NWA - West Cell SCU,42.367552,-82.412689,Erimyzon sucetta,-1,-1
2024-LCS-NWA-,2024-LCS-NWA-280824-003A,28-Aug-24,8,29-Aug-24,St. Clair NWA - West Cell SCU,42.367552,-82.412689,Amia ocellicauda,522,830
2024-LCS-NWA-,2024-LCS-NWA-280824-003A,28-Aug-24,8,29-Aug-24,St. Clair NWA - West Cell SCU,42.367552,-82.412689,Lepomis gibbosus,-1,-1
2024-LCS-NWA-,2024-LCS-NWA-280824-003A,28-Aug-24,8,29-Aug-24,St. Clair NWA - West Cell SCU,42.367552,-82.412689,Pomoxis nigromaculatus,223,184.2
2024-LCS-NWA-,2024-LCS-NWA-280824-003A,28-Aug-24,8,29-Aug-24,St. Clair NWA - West Cell SCU,42.367552,-82.412689,Lepomis macrochirus,151,72.5
2024-LCS-NWA-,2024-LCS-NWA-280824-003A,28-Aug-24,8,29-Aug-24,St. Clair NWA - West Cell SCU,42.367552,-82.412689,Lepomis macrochirus,146,51.6
2024-LCS-NWA-,2024-LCS-NWA-280824-003A,28-Aug-24,8,29-Aug-24,St. Clair NWA - West Cell SCU,42.367552,-82.412689,Lepomis macrochirus,110,25.6
2024-LCS-NWA-,2024-LCS-NWA-280824-003A,28-Aug-24,8,29-Aug-24,St. Clair NWA - West Cell SCU,42.367552,-82.412689,Lepomis macrochirus,187,11.9
2024-LCS-NWA-,2024-LCS-NWA-280824-003A,28-Aug-24,8,29-Aug-24,St. Clair NWA - West Cell SCU,42.367552,-82.412689,Lepomis macrochirus,97,16.3
2024-LCS-NWA-,2024-LCS-NWA-280824-003A,28-Aug-24,8,29-Aug-24,St. Clair NWA - West Cell SCU,42.367552,-82.412689,Lepomis macrochirus,47,1.9
2024-LCS-NWA-,2024-LCS-NWA-280824-004A,28-Aug-24,8,29-Aug-24,St. Clair NWA - West Cell SCU,42.368038,-82.41464,Amia ocellicauda,437,720
2024-LCS-NWA-,2024-LCS-NWA-280824-004A,28-Aug-24,8,29-Aug-24,St. Clair NWA - West Cell SCU,42.368038,-82.41464,Amia ocellicauda,464,900
2024-LCS-NWA-,2024-LCS-NWA-280824-004A,28-Aug-24,8,29-Aug-24,St. Clair NWA - West Cell SCU,42.368038,-82.41464,Ameiurus melas,329,430
2024-LCS-NWA-,2024-LCS-NWA-280824-004A,28-Aug-24,8,29-Aug-24,St. Clair NWA - West Cell SCU,42.368038,-82.41464,Ameiurus natalis,329,510
2024-LCS-NWA-,2024-LCS-NWA-280824-004A,28-Aug-24,8,29-Aug-24,St. Clair NWA - West Cell SCU,42.368038,-82.41464,Notemigonus crysoleucas,61,1.7
2024-LCS-NWA-,2024-LCS-NWA-280824-004A,28-Aug-24,8,29-Aug-24,St. Clair NWA - West Cell SCU,42.368038,-82.41464,Notemigonus crysoleucas,62,1.6
2024-LCS-NWA-,2024-LCS-NWA-280824-004A,28-Aug-24,8,29-Aug-24,St. Clair NWA - West Cell SCU,42.368038,-82.41464,Notemigonus crysoleucas,107,9.7
2024-LCS-NWA-,2024-LCS-NWA-280824-004A,28-Aug-24,8,29-Aug-24,St. Clair NWA - West Cell SCU,42.368038,-82.41464,Notemigonus crysoleucas,56,1.1
2024-LCS-NWA-,2024-LCS-NWA-280824-004A,28-Aug-24,8,29-Aug-24,St. Clair NWA - West Cell SCU,42.368038,-82.41464,Lepomis gibbosus,100,17.9
2024-LCS-NWA-,2024-LCS-NWA-280824-004A,28-Aug-24,8,29-Aug-24,St. Clair NWA - West Cell SCU,42.368038,-82.41464,Lepomis gibbosus,98,18
2024-LCS-NWA-,2024-LCS-NWA-280824-004A,28-Aug-24,8,29-Aug-24,St. Clair NWA - West Cell SCU,42.368038,-82.41464,Lepomis gibbosus,40,1.4
2024-LCS-NWA-,2024-LCS-NWA-280824-004A,28-Aug-24,8,29-Aug-24,St. Clair NWA - West Cell SCU,42.368038,-82.41464,Lepomis gibbosus,41,1.1
2024-LCS-NWA-,2024-LCS-NWA-280824-004A,28-Aug-24,8,29-Aug-24,St. Clair NWA - West Cell SCU,42.368038,-82.41464,Lepomis gibbosus,88,10.6
2024-LCS-NWA-,2024-LCS-NWA-280824-004A,28-Aug-24,8,29-Aug-24,St. Clair NWA - West Cell SCU,42.368038,-82.41464,Lepomis gibbosus,84,10.7
2024-LCS-NWA-,2024-LCS-NWA-280824-004A,28-Aug-24,8,29-Aug-24,St. Clair NWA - West Cell SCU,42.368038,-82.41464,Lepomis gibbosus,116,29.7
2024-LCS-NWA-,2024-LCS-NWA-280824-004A,28-Aug-24,8,29-Aug-24,St. Clair NWA - West Cell SCU,42.368038,-82.41464,Lepomis gibbosus,45,1.7
2024-LCS-NWA-,2024-LCS-NWA-280824-004A,28-Aug-24,8,29-Aug-24,St. Clair NWA - West Cell SCU,42.368038,-82.41464,Lepomis gibbosus,83,11.9
2024-LCS-NWA-,2024-LCS-NWA-280824-004A,28-Aug-24,8,29-Aug-24,St. Clair NWA - West Cell SCU,42.368038,-82.41464,Lepomis gibbosus,51,1.9
2024-LCS-NWA-,2024-LCS-NWA-280824-004A,28-Aug-24,8,29-Aug-24,St. Clair NWA - West Cell SCU,42.368038,-82.41464,Lepomis gibbosus,48,1.5
2024-LCS-NWA-,2024-LCS-NWA-280824-004A,28-Aug-24,8,29-Aug-24,St. Clair NWA - West Cell SCU,42.368038,-82.41464,Lepomis gibbosus,41,1.2
2024-LCS-NWA-,2024-LCS-NWA-280824-004A,28-Aug-24,8,29-Aug-24,St. Clair NWA - West Cell SCU,42.368038,-82.41464,Lepomis gibbosus,93,14.2
2024-LCS-NWA-,2024-LCS-NWA-280824-004A,28-Aug-24,8,29-Aug-24,St. Clair NWA - West Cell SCU,42.368038,-82.41464,Lepomis gibbosus,43,1.3
2024-LCS-NWA-,2024-LCS-NWA-280824-004A,28-Aug-24,8,29-Aug-24,St. Clair NWA - West Cell SCU,42.368038,-82.41464,Lepomis gibbosus,41,1.2
2024-LCS-NWA-,2024-LCS-NWA-280824-004A,28-Aug-24,8,29-Aug-24,St. Clair NWA - West Cell SCU,42.368038,-82.41464,Lepomis gibbosus,49,1.8
2024-LCS-NWA-,2024-LCS-NWA-280824-004A,28-Aug-24,8,29-Aug-24,St. Clair NWA - West Cell SCU,42.368038,-82.41464,Lepomis gibbosus,41,0.9
2024-LCS-NWA-,2024-LCS-NWA-280824-004A,28-Aug-24,8,29-Aug-24,St. Clair NWA - West Cell SCU,42.368038,-82.41464,Lepomis macrochirus,52,-1
2024-LCS-NWA-,2024-LCS-NWA-280824-004A,28-Aug-24,8,29-Aug-24,St. Clair NWA - West Cell SCU,42.368038,-82.41464,Lepomis macrochirus,40,1
2024-LCS-NWA-,2024-LCS-NWA-280824-004A,28-Aug-24,8,29-Aug-24,St. Clair NWA - West Cell SCU,42.368038,-82.41464,Lepomis macrochirus,46,1.2
2024-LCS-NWA-,2024-LCS-NWA-280824-004A,28-Aug-24,8,29-Aug-24,St. Clair NWA - West Cell SCU,42.368038,-82.41464,Lepomis macrochirus,43,1.2
2024-LCS-NWA-,2024-LCS-NWA-280824-004A,28-Aug-24,8,29-Aug-24,St. Clair NWA - West Cell SCU,42.368038,-82.41464,Lepomis macrochirus,96,16
2024-LCS-NWA-,2024-LCS-NWA-280824-004A,28-Aug-24,8,29-Aug-24,St. Clair NWA - West Cell SCU,42.368038,-82.41464,Pomoxis nigromaculatus,75,5.2
2024-LCS-NWA-,2024-LCS-NWA-280824-004A,28-Aug-24,8,29-Aug-24,St. Clair NWA - West Cell SCU,42.368038,-82.41464,Erimyzon sucetta,-1,-1
2024-LCS-NWA-,2024-LCS-NWA-280824-005A,28-Aug-24,8,29-Aug-24,St. Clair NWA - West Cell SCU,42.368487,-82.41101,Pomoxis nigromaculatus,141,40.2
2024-LCS-NWA-,2024-LCS-NWA-280824-005A,28-Aug-24,8,29-Aug-24,St. Clair NWA - West Cell SCU,42.368487,-82.41101,Pomoxis nigromaculatus,123,23.5
2024-LCS-NWA-,2024-LCS-NWA-280824-005A,28-Aug-24,8,29-Aug-24,St. Clair NWA - West Cell SCU,42.368487,-82.41101,Lepomis gibbosus,195,190.8
2024-LCS-NWA-,2024-LCS-NWA-280824-005A,28-Aug-24,8,29-Aug-24,St. Clair NWA - West Cell SCU,42.368487,-82.41101,Lepomis gibbosus,157,76.8
2024-LCS-NWA-,2024-LCS-NWA-280824-005A,28-Aug-24,8,29-Aug-24,St. Clair NWA - West Cell SCU,42.368487,-82.41101,Lepomis gibbosus,85,10.6
2024-LCS-NWA-,2024-LCS-NWA-280824-005A,28-Aug-24,8,29-Aug-24,St. Clair NWA - West Cell SCU,42.368487,-82.41101,Lepomis gibbosus,85,11.1
2024-LCS-NWA-,2024-LCS-NWA-280824-005A,28-Aug-24,8,29-Aug-24,St. Clair NWA - West Cell SCU,42.368487,-82.41101,Lepomis gibbosus,89,11.1
2024-LCS-NWA-,2024-LCS-NWA-280824-005A,28-Aug-24,8,29-Aug-24,St. Clair NWA - West Cell SCU,42.368487,-82.41101,Lepomis gibbosus,79,9.1
2024-LCS-NWA-,2024-LCS-NWA-280824-005A,28-Aug-24,8,29-Aug-24,St. Clair NWA - West Cell SCU,42.368487,-82.41101,Micropterus nigricans,72,4.1
2024-LCS-NWA-,2024-LCS-NWA-280824-005A,28-Aug-24,8,29-Aug-24,St. Clair NWA - West Cell SCU,42.368487,-82.41101,Lepomis macrochirus,44,1.4
2024-LCS-NWA-,2024-LCS-NWA-280824-006A,28-Aug-24,8,29-Aug-24,St. Clair NWA - West Cell SCU,42.37007,-82.412259,Amia ocellicauda,530,1070
2024-LCS-NWA-,2024-LCS-NWA-280824-006A,28-Aug-24,8,29-Aug-24,St. Clair NWA - West Cell SCU,42.37007,-82.412259,Amia ocellicauda,557,1490
2024-LCS-NWA-,2024-LCS-NWA-280824-006A,28-Aug-24,8,29-Aug-24,St. Clair NWA - West Cell SCU,42.37007,-82.412259,Amia ocellicauda,-1,-1
2024-LCS-NWA-,2024-LCS-NWA-280824-006A,28-Aug-24,8,29-Aug-24,St. Clair NWA - West Cell SCU,42.37007,-82.412259,Ameiurus natalis,276,240
2024-LCS-NWA-,2024-LCS-NWA-280824-006A,28-Aug-24,8,29-Aug-24,St. Clair NWA - West Cell SCU,42.37007,-82.412259,Lepomis macrochirus,195,153.2
2024-LCS-NWA-,2024-LCS-NWA-280824-006A,28-Aug-24,8,29-Aug-24,St. Clair NWA - West Cell SCU,42.37007,-82.412259,Lepomis macrochirus,37,0.8
2024-LCS-NWA-,2024-LCS-NWA-280824-006A,28-Aug-24,8,29-Aug-24,St. Clair NWA - West Cell SCU,42.37007,-82.412259,Lepomis macrochirus,-1,-1
2024-LCS-NWA-,2024-LCS-NWA-280824-006A,28-Aug-24,8,29-Aug-24,St. Clair NWA - West Cell SCU,42.37007,-82.412259,Lepomis macrochirus,-1,-1
2024-LCS-NWA-,2024-LCS-NWA-280824-006A,28-Aug-24,8,29-Aug-24,St. Clair NWA - West Cell SCU,42.37007,-82.412259,Lepomis macrochirus,-1,-1
2024-LCS-NWA-,2024-LCS-NWA-290824-001A,29-Aug-24,8,30-Aug-24,St. Clair NWA - West Cell SCU,42.363656,-82.410229,Erimyzon sucetta,206,131.6
2024-LCS-NWA-,2024-LCS-NWA-290824-001A,29-Aug-24,8,30-Aug-24,St. Clair NWA - West Cell SCU,42.363656,-82.410229,Erimyzon sucetta,216,205.3
2024-LCS-NWA-,2024-LCS-NWA-290824-001A,29-Aug-24,8,30-Aug-24,St. Clair NWA - West Cell SCU,42.363656,-82.410229,Erimyzon sucetta,121,23
2024-LCS-NWA-,2024-LCS-NWA-290824-001A,29-Aug-24,8,30-Aug-24,St. Clair NWA - West Cell SCU,42.363656,-82.410229,Erimyzon sucetta,123,24.2
2024-LCS-NWA-,2024-LCS-NWA-290824-001A,29-Aug-24,8,30-Aug-24,St. Clair NWA - West Cell SCU,42.363656,-82.410229,Erimyzon sucetta,119,26.3
2024-LCS-NWA-,2024-LCS-NWA-290824-001A,29-Aug-24,8,30-Aug-24,St. Clair NWA - West Cell SCU,42.363656,-82.410229,Erimyzon sucetta,136,36.3
2024-LCS-NWA-,2024-LCS-NWA-290824-001A,29-Aug-24,8,30-Aug-24,St. Clair NWA - West Cell SCU,42.363656,-82.410229,Erimyzon sucetta,173,70.7
2024-LCS-NWA-,2024-LCS-NWA-290824-001A,29-Aug-24,8,30-Aug-24,St. Clair NWA - West Cell SCU,42.363656,-82.410229,Amia ocellicauda,442,750
2024-LCS-NWA-,2024-LCS-NWA-290824-001A,29-Aug-24,8,30-Aug-24,St. Clair NWA - West Cell SCU,42.363656,-82.410229,Amia ocellicauda,484,910
2024-LCS-NWA-,2024-LCS-NWA-290824-001A,29-Aug-24,8,30-Aug-24,St. Clair NWA - West Cell SCU,42.363656,-82.410229,Amia ocellicauda,438,770
2024-LCS-NWA-,2024-LCS-NWA-290824-001A,29-Aug-24,8,30-Aug-24,St. Clair NWA - West Cell SCU,42.363656,-82.410229,Amia ocellicauda,452,870
2024-LCS-NWA-,2024-LCS-NWA-290824-001A,29-Aug-24,8,30-Aug-24,St. Clair NWA - West Cell SCU,42.363656,-82.410229,Amia ocellicauda,399,540
2024-LCS-NWA-,2024-LCS-NWA-290824-001A,29-Aug-24,8,30-Aug-24,St. Clair NWA - West Cell SCU,42.363656,-82.410229,Ameiurus nebulosus,317,440
2024-LCS-NWA-,2024-LCS-NWA-290824-001A,29-Aug-24,8,30-Aug-24,St. Clair NWA - West Cell SCU,42.363656,-82.410229,Micropterus nigricans,328,450
2024-LCS-NWA-,2024-LCS-NWA-290824-001A,29-Aug-24,8,30-Aug-24,St. Clair NWA - West Cell SCU,42.363656,-82.410229,Micropterus nigricans,164,53.7
2024-LCS-NWA-,2024-LCS-NWA-290824-001A,29-Aug-24,8,30-Aug-24,St. Clair NWA - West Cell SCU,42.363656,-82.410229,Micropterus nigricans,84,8.1
2024-LCS-NWA-,2024-LCS-NWA-290824-001A,29-Aug-24,8,30-Aug-24,St. Clair NWA - West Cell SCU,42.363656,-82.410229,Micropterus nigricans,63,3.6
2024-LCS-NWA-,2024-LCS-NWA-290824-001A,29-Aug-24,8,30-Aug-24,St. Clair NWA - West Cell SCU,42.363656,-82.410229,Micropterus nigricans,93,9.6
2024-LCS-NWA-,2024-LCS-NWA-290824-001A,29-Aug-24,8,30-Aug-24,St. Clair NWA - West Cell SCU,42.363656,-82.410229,Lepomis gibbosus,164,91.8
2024-LCS-NWA-,2024-LCS-NWA-290824-001A,29-Aug-24,8,30-Aug-24,St. Clair NWA - West Cell SCU,42.363656,-82.410229,Lepomis gibbosus,105,21.2
2024-LCS-NWA-,2024-LCS-NWA-290824-001A,29-Aug-24,8,30-Aug-24,St. Clair NWA - West Cell SCU,42.363656,-82.410229,Lepomis gibbosus,82,10.2
2024-LCS-NWA-,2024-LCS-NWA-290824-001A,29-Aug-24,8,30-Aug-24,St. Clair NWA - West Cell SCU,42.363656,-82.410229,Lepomis gibbosus,132,40.3
2024-LCS-NWA-,2024-LCS-NWA-290824-001A,29-Aug-24,8,30-Aug-24,St. Clair NWA - West Cell SCU,42.363656,-82.410229,Lepomis gibbosus,146,61
2024-LCS-NWA-,2024-LCS-NWA-290824-001A,29-Aug-24,8,30-Aug-24,St. Clair NWA - West Cell SCU,42.363656,-82.410229,Lepomis gibbosus,121,32.9
2024-LCS-NWA-,2024-LCS-NWA-290824-001A,29-Aug-24,8,30-Aug-24,St. Clair NWA - West Cell SCU,42.363656,-82.410229,Lepomis gibbosus,150,58.9
2024-LCS-NWA-,2024-LCS-NWA-290824-001A,29-Aug-24,8,30-Aug-24,St. Clair NWA - West Cell SCU,42.363656,-82.410229,Lepomis gibbosus,137,51.2
2024-LCS-NWA-,2024-LCS-NWA-290824-001A,29-Aug-24,8,30-Aug-24,St. Clair NWA - West Cell SCU,42.363656,-82.410229,Lepomis gibbosus,148,71.6
2024-LCS-NWA-,2024-LCS-NWA-290824-001A,29-Aug-24,8,30-Aug-24,St. Clair NWA - West Cell SCU,42.363656,-82.410229,Lepomis gibbosus,124,37.3
2024-LCS-NWA-,2024-LCS-NWA-290824-001A,29-Aug-24,8,30-Aug-24,St. Clair NWA - West Cell SCU,42.363656,-82.410229,Lepomis gibbosus,87,11.1
2024-LCS-NWA-,2024-LCS-NWA-290824-001A,29-Aug-24,8,30-Aug-24,St. Clair NWA - West Cell SCU,42.363656,-82.410229,Lepomis gibbosus,116,29.9
2024-LCS-NWA-,2024-LCS-NWA-290824-001A,29-Aug-24,8,30-Aug-24,St. Clair NWA - West Cell SCU,42.363656,-82.410229,Lepomis gibbosus,129,40.6
2024-LCS-NWA-,2024-LCS-NWA-290824-001A,29-Aug-24,8,30-Aug-24,St. Clair NWA - West Cell SCU,42.363656,-82.410229,Lepomis gibbosus,146,63.2
2024-LCS-NWA-,2024-LCS-NWA-290824-001A,29-Aug-24,8,30-Aug-24,St. Clair NWA - West Cell SCU,42.363656,-82.410229,Lepomis gibbosus,157,86.1
2024-LCS-NWA-,2024-LCS-NWA-290824-001A,29-Aug-24,8,30-Aug-24,St. Clair NWA - West Cell SCU,42.363656,-82.410229,Lepomis gibbosus,119,33.7
2024-LCS-NWA-,2024-LCS-NWA-290824-001A,29-Aug-24,8,30-Aug-24,St. Clair NWA - West Cell SCU,42.363656,-82.410229,Lepomis gibbosus,137,52
2024-LCS-NWA-,2024-LCS-NWA-290824-001A,29-Aug-24,8,30-Aug-24,St. Clair NWA - West Cell SCU,42.363656,-82.410229,Lepomis gibbosus,134,46.8
2024-LCS-NWA-,2024-LCS-NWA-290824-001A,29-Aug-24,8,30-Aug-24,St. Clair NWA - West Cell SCU,42.363656,-82.410229,Lepomis gibbosus,125,40.5
2024-LCS-NWA-,2024-LCS-NWA-290824-001A,29-Aug-24,8,30-Aug-24,St. Clair NWA - West Cell SCU,42.363656,-82.410229,Lepomis gibbosus,127,41
2024-LCS-NWA-,2024-LCS-NWA-290824-001A,29-Aug-24,8,30-Aug-24,St. Clair NWA - West Cell SCU,42.363656,-82.410229,Lepomis gibbosus,172,115.3
2024-LCS-NWA-,2024-LCS-NWA-290824-001A,29-Aug-24,8,30-Aug-24,St. Clair NWA - West Cell SCU,42.363656,-82.410229,Lepomis gibbosus,154,77.1
2024-LCS-NWA-,2024-LCS-NWA-290824-001A,29-Aug-24,8,30-Aug-24,St. Clair NWA - West Cell SCU,42.363656,-82.410229,Lepomis gibbosus,154,71.9
2024-LCS-NWA-,2024-LCS-NWA-290824-001A,29-Aug-24,8,30-Aug-24,St. Clair NWA - West Cell SCU,42.363656,-82.410229,Lepomis gibbosus,120,31.7
2024-LCS-NWA-,2024-LCS-NWA-290824-001A,29-Aug-24,8,30-Aug-24,St. Clair NWA - West Cell SCU,42.363656,-82.410229,Lepomis gibbosus,124,37.1
2024-LCS-NWA-,2024-LCS-NWA-290824-001A,29-Aug-24,8,30-Aug-24,St. Clair NWA - West Cell SCU,42.363656,-82.410229,Lepomis gibbosus,131,45.7
2024-LCS-NWA-,2024-LCS-NWA-290824-001A,29-Aug-24,8,30-Aug-24,St. Clair NWA - West Cell SCU,42.363656,-82.410229,Lepomis gibbosus,117,35.4
2024-LCS-NWA-,2024-LCS-NWA-290824-001A,29-Aug-24,8,30-Aug-24,St. Clair NWA - West Cell SCU,42.363656,-82.410229,Lepomis gibbosus,111,25.2
2024-LCS-NWA-,2024-LCS-NWA-290824-001A,29-Aug-24,8,30-Aug-24,St. Clair NWA - West Cell SCU,42.363656,-82.410229,Lepomis gibbosus,134,48.1
2024-LCS-NWA-,2024-LCS-NWA-290824-001A,29-Aug-24,8,30-Aug-24,St. Clair NWA - West Cell SCU,42.363656,-82.410229,Lepomis gibbosus,125,36.9
2024-LCS-NWA-,2024-LCS-NWA-290824-001A,29-Aug-24,8,30-Aug-24,St. Clair NWA - West Cell SCU,42.363656,-82.410229,Lepomis gibbosus,122,33.1
2024-LCS-NWA-,2024-LCS-NWA-290824-001A,29-Aug-24,8,30-Aug-24,St. Clair NWA - West Cell SCU,42.363656,-82.410229,Lepomis gibbosus,88,12.4
2024-LCS-NWA-,2024-LCS-NWA-290824-001A,29-Aug-24,8,30-Aug-24,St. Clair NWA - West Cell SCU,42.363656,-82.410229,Lepomis gibbosus,83,10.7
2024-LCS-NWA-,2024-LCS-NWA-290824-001A,29-Aug-24,8,30-Aug-24,St. Clair NWA - West Cell SCU,42.363656,-82.410229,Lepomis gibbosus,75,7.6
2024-LCS-NWA-,2024-LCS-NWA-290824-001A,29-Aug-24,8,30-Aug-24,St. Clair NWA - West Cell SCU,42.363656,-82.410229,Lepomis gibbosus,45,1.8
2024-LCS-NWA-,2024-LCS-NWA-290824-001A,29-Aug-24,8,30-Aug-24,St. Clair NWA - West Cell SCU,42.363656,-82.410229,Lepomis macrochirus,93,15.6
2024-LCS-NWA-,2024-LCS-NWA-290824-001A,29-Aug-24,8,30-Aug-24,St. Clair NWA - West Cell SCU,42.363656,-82.410229,Lepomis macrochirus,105,22.7
2024-LCS-NWA-,2024-LCS-NWA-290824-001A,29-Aug-24,8,30-Aug-24,St. Clair NWA - West Cell SCU,42.363656,-82.410229,Lepomis macrochirus,95,17.2
2024-LCS-NWA-,2024-LCS-NWA-290824-001A,29-Aug-24,8,30-Aug-24,St. Clair NWA - West Cell SCU,42.363656,-82.410229,Lepomis macrochirus,111,29.5
2024-LCS-NWA-,2024-LCS-NWA-290824-001A,29-Aug-24,8,30-Aug-24,St. Clair NWA - West Cell SCU,42.363656,-82.410229,Lepomis macrochirus,84,11.3
2024-LCS-NWA-,2024-LCS-NWA-290824-001A,29-Aug-24,8,30-Aug-24,St. Clair NWA - West Cell SCU,42.363656,-82.410229,Lepomis macrochirus,107,26.9
2024-LCS-NWA-,2024-LCS-NWA-290824-001A,29-Aug-24,8,30-Aug-24,St. Clair NWA - West Cell SCU,42.363656,-82.410229,Lepomis macrochirus,83,10.4
2024-LCS-NWA-,2024-LCS-NWA-290824-001A,29-Aug-24,8,30-Aug-24,St. Clair NWA - West Cell SCU,42.363656,-82.410229,Lepomis macrochirus,98,18.9
2024-LCS-NWA-,2024-LCS-NWA-290824-001A,29-Aug-24,8,30-Aug-24,St. Clair NWA - West Cell SCU,42.363656,-82.410229,Lepomis macrochirus,49,2.2
2024-LCS-NWA-,2024-LCS-NWA-290824-001A,29-Aug-24,8,30-Aug-24,St. Clair NWA - West Cell SCU,42.363656,-82.410229,Lepomis macrochirus,84,9.8
2024-LCS-NWA-,2024-LCS-NWA-290824-001A,29-Aug-24,8,30-Aug-24,St. Clair NWA - West Cell SCU,42.363656,-82.410229,Lepomis macrochirus,101,19.7
2024-LCS-NWA-,2024-LCS-NWA-290824-001A,29-Aug-24,8,30-Aug-24,St. Clair NWA - West Cell SCU,42.363656,-82.410229,Lepomis macrochirus,102,21.1
2024-LCS-NWA-,2024-LCS-NWA-290824-001A,29-Aug-24,8,30-Aug-24,St. Clair NWA - West Cell SCU,42.363656,-82.410229,Lepomis macrochirus,161,83.9
2024-LCS-NWA-,2024-LCS-NWA-290824-001A,29-Aug-24,8,30-Aug-24,St. Clair NWA - West Cell SCU,42.363656,-82.410229,Lepomis macrochirus,90,13.5
2024-LCS-NWA-,2024-LCS-NWA-290824-001A,29-Aug-24,8,30-Aug-24,St. Clair NWA - West Cell SCU,42.363656,-82.410229,Lepomis macrochirus,44,1.4
2024-LCS-NWA-,2024-LCS-NWA-290824-001A,29-Aug-24,8,30-Aug-24,St. Clair NWA - West Cell SCU,42.363656,-82.410229,Lepomis macrochirus,45,1.3
2024-LCS-NWA-,2024-LCS-NWA-290824-001A,29-Aug-24,8,30-Aug-24,St. Clair NWA - West Cell SCU,42.363656,-82.410229,Lepomis macrochirus,42,1.3
2024-LCS-NWA-,2024-LCS-NWA-290824-001A,29-Aug-24,8,30-Aug-24,St. Clair NWA - West Cell SCU,42.363656,-82.410229,Notemigonus crysoleucas,56,1.4
2024-LCS-NWA-,2024-LCS-NWA-290824-001A,29-Aug-24,8,30-Aug-24,St. Clair NWA - West Cell SCU,42.363656,-82.410229,Notemigonus crysoleucas,52,1.4
2024-LCS-NWA-,2024-LCS-NWA-290824-001A,29-Aug-24,8,30-Aug-24,St. Clair NWA - West Cell SCU,42.363656,-82.410229,Notemigonus crysoleucas,60,1.8
2024-LCS-NWA-,2024-LCS-NWA-290824-001A,29-Aug-24,8,30-Aug-24,St. Clair NWA - West Cell SCU,42.363656,-82.410229,Notemigonus crysoleucas,71,2
2024-LCS-NWA-,2024-LCS-NWA-290824-001A,29-Aug-24,8,30-Aug-24,St. Clair NWA - West Cell SCU,42.363656,-82.410229,Notemigonus crysoleucas,59,1.8
2024-LCS-NWA-,2024-LCS-NWA-290824-001A,29-Aug-24,8,30-Aug-24,St. Clair NWA - West Cell SCU,42.363656,-82.410229,Notemigonus crysoleucas,57,1.8
2024-LCS-NWA-,2024-LCS-NWA-290824-001A,29-Aug-24,8,30-Aug-24,St. Clair NWA - West Cell SCU,42.363656,-82.410229,Notemigonus crysoleucas,65,2
2024-LCS-NWA-,2024-LCS-NWA-290824-001A,29-Aug-24,8,30-Aug-24,St. Clair NWA - West Cell SCU,42.363656,-82.410229,Notemigonus crysoleucas,54,1.3
2024-LCS-NWA-,2024-LCS-NWA-290824-001A,29-Aug-24,8,30-Aug-24,St. Clair NWA - West Cell SCU,42.363656,-82.410229,Notemigonus crysoleucas,59,1.3
2024-LCS-NWA-,2024-LCS-NWA-290824-002A,29-Aug-24,8,30-Aug-24,St. Clair NWA - West Cell SCU,42.360893,-82.406906,Erimyzon sucetta,67,3.9
2024-LCS-NWA-,2024-LCS-NWA-290824-002A,29-Aug-24,8,30-Aug-24,St. Clair NWA - West Cell SCU,42.360893,-82.406906,Erimyzon sucetta,57,2.2
2024-LCS-NWA-,2024-LCS-NWA-290824-002A,29-Aug-24,8,30-Aug-24,St. Clair NWA - West Cell SCU,42.360893,-82.406906,Lepomis gibbosus,49,1.9
2024-LCS-NWA-,2024-LCS-NWA-290824-002A,29-Aug-24,8,30-Aug-24,St. Clair NWA - West Cell SCU,42.360893,-82.406906,Lepomis gibbosus,44,1.6
2024-LCS-NWA-,2024-LCS-NWA-290824-002A,29-Aug-24,8,30-Aug-24,St. Clair NWA - West Cell SCU,42.360893,-82.406906,Notemigonus crysoleucas,58,1.6
2024-LCS-NWA-,2024-LCS-NWA-290824-002A,29-Aug-24,8,30-Aug-24,St. Clair NWA - West Cell SCU,42.360893,-82.406906,Notemigonus crysoleucas,51,1
2024-LCS-NWA-,2024-LCS-NWA-290824-002A,29-Aug-24,8,30-Aug-24,St. Clair NWA - West Cell SCU,42.360893,-82.406906,Notemigonus crysoleucas,49,0.7
2024-LCS-NWA-,2024-LCS-NWA-290824-002A,29-Aug-24,8,30-Aug-24,St. Clair NWA - West Cell SCU,42.360893,-82.406906,Micropterus nigricans,55,2
2024-LCS-NWA-,2024-LCS-NWA-290824-002A,29-Aug-24,8,30-Aug-24,St. Clair NWA - West Cell SCU,42.360893,-82.406906,Micropterus nigricans,56,2.2
2024-LCS-NWA-,2024-LCS-NWA-290824-002A,29-Aug-24,8,30-Aug-24,St. Clair NWA - West Cell SCU,42.360893,-82.406906,Umbra limi,49,1.6
2024-LCS-NWA-,2024-LCS-NWA-290824-003A,29-Aug-24,8,30-Aug-24,St. Clair NWA - West Cell SCU,42.364873,-82.411728,Erimyzon sucetta,65,3.3
2024-LCS-NWA-,2024-LCS-NWA-290824-003A,29-Aug-24,8,30-Aug-24,St. Clair NWA - West Cell SCU,42.364873,-82.411728,Erimyzon sucetta,70,3.8
2024-LCS-NWA-,2024-LCS-NWA-290824-003A,29-Aug-24,8,30-Aug-24,St. Clair NWA - West Cell SCU,42.364873,-82.411728,Erimyzon sucetta,59,2.3
2024-LCS-NWA-,2024-LCS-NWA-290824-003A,29-Aug-24,8,30-Aug-24,St. Clair NWA - West Cell SCU,42.364873,-82.411728,Lepomis macrochirus,87,10.9
2024-LCS-NWA-,2024-LCS-NWA-290824-003A,29-Aug-24,8,30-Aug-24,St. Clair NWA - West Cell SCU,42.364873,-82.411728,Lepomis macrochirus,100,18.5
2024-LCS-NWA-,2024-LCS-NWA-290824-003A,29-Aug-24,8,30-Aug-24,St. Clair NWA - West Cell SCU,42.364873,-82.411728,Micropterus nigricans,79,5.9
2024-LCS-NWA-,2024-LCS-NWA-290824-003A,29-Aug-24,8,30-Aug-24,St. Clair NWA - West Cell SCU,42.364873,-82.411728,Lepomis gibbosus,117,29.8
2024-LCS-NWA-,2024-LCS-NWA-290824-003A,29-Aug-24,8,30-Aug-24,St. Clair NWA - West Cell SCU,42.364873,-82.411728,Lepomis gibbosus,121,35
2024-LCS-NWA-,2024-LCS-NWA-290824-003A,29-Aug-24,8,30-Aug-24,St. Clair NWA - West Cell SCU,42.364873,-82.411728,Lepomis gibbosus,119,34.4
2024-LCS-NWA-,2024-LCS-NWA-290824-004A,29-Aug-24,8,30-Aug-24,St. Clair NWA - West Cell SCU,42.366433,-82.411598,Erimyzon sucetta,199,122.1
2024-LCS-NWA-,2024-LCS-NWA-290824-004A,29-Aug-24,8,30-Aug-24,St. Clair NWA - West Cell SCU,42.366433,-82.411598,Erimyzon sucetta,121,18
2024-LCS-NWA-,2024-LCS-NWA-290824-004A,29-Aug-24,8,30-Aug-24,St. Clair NWA - West Cell SCU,42.366433,-82.411598,Lepomis macrochirus,39,1.3
2024-LCS-NWA-,2024-LCS-NWA-290824-004A,29-Aug-24,8,30-Aug-24,St. Clair NWA - West Cell SCU,42.366433,-82.411598,Lepomis macrochirus,40,1.1
2024-LCS-NWA-,2024-LCS-NWA-290824-004A,29-Aug-24,8,30-Aug-24,St. Clair NWA - West Cell SCU,42.366433,-82.411598,Lepomis macrochirus,40,1
2024-LCS-NWA-,2024-LCS-NWA-290824-004A,29-Aug-24,8,30-Aug-24,St. Clair NWA - West Cell SCU,42.366433,-82.411598,Lepomis macrochirus,88,12.7
2024-LCS-NWA-,2024-LCS-NWA-290824-004A,29-Aug-24,8,30-Aug-24,St. Clair NWA - West Cell SCU,42.366433,-82.411598,Lepomis gibbosus,51,2.3
2024-LCS-NWA-,2024-LCS-NWA-290824-004A,29-Aug-24,8,30-Aug-24,St. Clair NWA - West Cell SCU,42.366433,-82.411598,Lepomis gibbosus,41,1
2024-LCS-NWA-,2024-LCS-NWA-290824-004A,29-Aug-24,8,30-Aug-24,St. Clair NWA - West Cell SCU,42.366433,-82.411598,Lepomis gibbosus,40,1.1
2024-LCS-NWA-,2024-LCS-NWA-290824-004A,29-Aug-24,8,30-Aug-24,St. Clair NWA - West Cell SCU,42.366433,-82.411598,Pomoxis nigromaculatus,135,37.4
2024-LCS-NWA-,2024-LCS-NWA-290824-005A,29-Aug-24,8,30-Aug-24,St. Clair NWA - West Cell SCU,42.366314,-82.41347,Ameiurus melas,314,410
2024-LCS-NWA-,2024-LCS-NWA-290824-005A,29-Aug-24,8,30-Aug-24,St. Clair NWA - West Cell SCU,42.366314,-82.41347,Ameiurus melas,291,320
2024-LCS-NWA-,2024-LCS-NWA-290824-005A,29-Aug-24,8,30-Aug-24,St. Clair NWA - West Cell SCU,42.366314,-82.41347,Lepomis gibbosus,149,70.6
2024-LCS-NWA-,2024-LCS-NWA-290824-005A,29-Aug-24,8,30-Aug-24,St. Clair NWA - West Cell SCU,42.366314,-82.41347,Lepomis gibbosus,136,54.4
2024-LCS-NWA-,2024-LCS-NWA-290824-005A,29-Aug-24,8,30-Aug-24,St. Clair NWA - West Cell SCU,42.366314,-82.41347,Lepomis gibbosus,140,60.6
2024-LCS-NWA-,2024-LCS-NWA-290824-005A,29-Aug-24,8,30-Aug-24,St. Clair NWA - West Cell SCU,42.366314,-82.41347,Lepomis gibbosus,176,122.6
2024-LCS-NWA-,2024-LCS-NWA-290824-005A,29-Aug-24,8,30-Aug-24,St. Clair NWA - West Cell SCU,42.366314,-82.41347,Lepomis gibbosus,123,37.4
2024-LCS-NWA-,2024-LCS-NWA-290824-005A,29-Aug-24,8,30-Aug-24,St. Clair NWA - West Cell SCU,42.366314,-82.41347,Lepomis gibbosus,141,53.1
2024-LCS-NWA-,2024-LCS-NWA-290824-005A,29-Aug-24,8,30-Aug-24,St. Clair NWA - West Cell SCU,42.366314,-82.41347,Lepomis gibbosus,130,46.2
2024-LCS-NWA-,2024-LCS-NWA-290824-005A,29-Aug-24,8,30-Aug-24,St. Clair NWA - West Cell SCU,42.366314,-82.41347,Lepomis gibbosus,120,36.9
2024-LCS-NWA-,2024-LCS-NWA-290824-005A,29-Aug-24,8,30-Aug-24,St. Clair NWA - West Cell SCU,42.366314,-82.41347,Lepomis gibbosus,-1,-1
2024-LCS-NWA-,2024-LCS-NWA-290824-005A,29-Aug-24,8,30-Aug-24,St. Clair NWA - West Cell SCU,42.366314,-82.41347,Lepomis gibbosus,-1,-1
2024-LCS-NWA-,2024-LCS-NWA-290824-005A,29-Aug-24,8,30-Aug-24,St. Clair NWA - West Cell SCU,42.366314,-82.41347,Lepomis macrochirus,165,103.2
2024-LCS-NWA-,2024-LCS-NWA-290824-005A,29-Aug-24,8,30-Aug-24,St. Clair NWA - West Cell SCU,42.366314,-82.41347,Lepomis macrochirus,86,10.3
2024-LCS-NWA-,2024-LCS-NWA-290824-005A,29-Aug-24,8,30-Aug-24,St. Clair NWA - West Cell SCU,42.366314,-82.41347,Lepomis macrochirus,104,21.2
2024-LCS-NWA-,2024-LCS-NWA-290824-005A,29-Aug-24,8,30-Aug-24,St. Clair NWA - West Cell SCU,42.366314,-82.41347,Lepomis macrochirus,89,14.9
2024-LCS-NWA-,2024-LCS-NWA-290824-005A,29-Aug-24,8,30-Aug-24,St. Clair NWA - West Cell SCU,42.366314,-82.41347,Lepomis macrochirus,35,0.7
2024-LCS-NWA-,2024-LCS-NWA-290824-005A,29-Aug-24,8,30-Aug-24,St. Clair NWA - West Cell SCU,42.366314,-82.41347,Lepomis macrochirus,47,1.7
2024-LCS-NWA-,2024-LCS-NWA-290824-005A,29-Aug-24,8,30-Aug-24,St. Clair NWA - West Cell SCU,42.366314,-82.41347,Lepomis macrochirus,44,1.3
2024-LCS-NWA-,2024-LCS-NWA-290824-005A,29-Aug-24,8,30-Aug-24,St. Clair NWA - West Cell SCU,42.366314,-82.41347,Notemigonus crysoleucas,63,2.2
2024-LCS-NWA-,2024-LCS-NWA-290824-005A,29-Aug-24,8,30-Aug-24,St. Clair NWA - West Cell SCU,42.366314,-82.41347,Notemigonus crysoleucas,62,1.8
2024-LCS-NWA-,2024-LCS-NWA-290824-005A,29-Aug-24,8,30-Aug-24,St. Clair NWA - West Cell SCU,42.366314,-82.41347,Notemigonus crysoleucas,61,1.7
2024-LCS-NWA-,2024-LCS-NWA-290824-005A,29-Aug-24,8,30-Aug-24,St. Clair NWA - West Cell SCU,42.366314,-82.41347,Notemigonus crysoleucas,48,0.8
2024-LCS-NWA-,2024-LCS-NWA-290824-005A,29-Aug-24,8,30-Aug-24,St. Clair NWA - West Cell SCU,42.366314,-82.41347,Pomoxis nigromaculatus,137,39.5
2024-LCS-NWA-,2024-LCS-NWA-290824-005A,29-Aug-24,8,30-Aug-24,St. Clair NWA - West Cell SCU,42.366314,-82.41347,Pomoxis nigromaculatus,144,43.1
2024-LCS-NWA-,2024-LCS-NWA-290824-005A,29-Aug-24,8,30-Aug-24,St. Clair NWA - West Cell SCU,42.366314,-82.41347,Micropterus nigricans,166,60.1
2024-LCS-NWA-,2024-LCS-NWA-290824-006A,29-Aug-24,8,30-Aug-24,St. Clair NWA - West Cell SCU,42.367001,-82.414344,Lepomis macrochirus,98,16.1
2024-LCS-NWA-,2024-LCS-NWA-290824-006A,29-Aug-24,8,30-Aug-24,St. Clair NWA - West Cell SCU,42.367001,-82.414344,Lepomis macrochirus,78,7.4
2024-LCS-NWA-,2024-LCS-NWA-290824-006A,29-Aug-24,8,30-Aug-24,St. Clair NWA - West Cell SCU,42.367001,-82.414344,Lepomis macrochirus,51,2.4
2024-LCS-NWA-,2024-LCS-NWA-290824-006A,29-Aug-24,8,30-Aug-24,St. Clair NWA - West Cell SCU,42.367001,-82.414344,Lepomis macrochirus,86,10.7
2024-LCS-NWA-,2024-LCS-NWA-290824-006A,29-Aug-24,8,30-Aug-24,St. Clair NWA - West Cell SCU,42.367001,-82.414344,Lepomis macrochirus,86,11.4
2024-LCS-NWA-,2024-LCS-NWA-290824-006A,29-Aug-24,8,30-Aug-24,St. Clair NWA - West Cell SCU,42.367001,-82.414344,Lepomis macrochirus,43,2
2024-LCS-NWA-,2024-LCS-NWA-290824-006A,29-Aug-24,8,30-Aug-24,St. Clair NWA - West Cell SCU,42.367001,-82.414344,Lepomis macrochirus,51,2.8
2024-LCS-NWA-,2024-LCS-NWA-290824-006A,29-Aug-24,8,30-Aug-24,St. Clair NWA - West Cell SCU,42.367001,-82.414344,Lepomis macrochirus,45,1.5
2024-LCS-NWA-,2024-LCS-NWA-290824-006A,29-Aug-24,8,30-Aug-24,St. Clair NWA - West Cell SCU,42.367001,-82.414344,Lepomis macrochirus,38,1
2024-LCS-NWA-,2024-LCS-NWA-290824-006A,29-Aug-24,8,30-Aug-24,St. Clair NWA - West Cell SCU,42.367001,-82.414344,Lepomis macrochirus,48,2
2024-LCS-NWA-,2024-LCS-NWA-290824-006A,29-Aug-24,8,30-Aug-24,St. Clair NWA - West Cell SCU,42.367001,-82.414344,Lepomis macrochirus,48,2
2024-LCS-NWA-,2024-LCS-NWA-290824-006A,29-Aug-24,8,30-Aug-24,St. Clair NWA - West Cell SCU,42.367001,-82.414344,Lepomis macrochirus,44,1.3
2024-LCS-NWA-,2024-LCS-NWA-290824-006A,29-Aug-24,8,30-Aug-24,St. Clair NWA - West Cell SCU,42.367001,-82.414344,Lepomis macrochirus,45,1.4
2024-LCS-NWA-,2024-LCS-NWA-290824-006A,29-Aug-24,8,30-Aug-24,St. Clair NWA - West Cell SCU,42.367001,-82.414344,Lepomis macrochirus,44,1.3
2024-LCS-NWA-,2024-LCS-NWA-290824-006A,29-Aug-24,8,30-Aug-24,St. Clair NWA - West Cell SCU,42.367001,-82.414344,Umbra limi,57,2.2
2024-LCS-NWA-,2024-LCS-NWA-290824-006A,29-Aug-24,8,30-Aug-24,St. Clair NWA - West Cell SCU,42.367001,-82.414344,Lepomis gibbosus,130,40.9
2024-LCS-NWA-,2024-LCS-NWA-290824-006A,29-Aug-24,8,30-Aug-24,St. Clair NWA - West Cell SCU,42.367001,-82.414344,Lepomis gibbosus,124,40
2024-LCS-NWA-,2024-LCS-NWA-290824-006A,29-Aug-24,8,30-Aug-24,St. Clair NWA - West Cell SCU,42.367001,-82.414344,Lepomis gibbosus,112,29.1
2024-LCS-NWA-,2024-LCS-NWA-290824-006A,29-Aug-24,8,30-Aug-24,St. Clair NWA - West Cell SCU,42.367001,-82.414344,Lepomis gibbosus,124,36.4
2024-LCS-NWA-,2024-LCS-NWA-290824-006A,29-Aug-24,8,30-Aug-24,St. Clair NWA - West Cell SCU,42.367001,-82.414344,Lepomis gibbosus,44,1.6
2024-LCS-NWA-,2024-LCS-NWA-290824-006A,29-Aug-24,8,30-Aug-24,St. Clair NWA - West Cell SCU,42.367001,-82.414344,Lepomis gibbosus,110,28
2024-LCS-NWA-,2024-LCS-NWA-290824-006A,29-Aug-24,8,30-Aug-24,St. Clair NWA - West Cell SCU,42.367001,-82.414344,Lepomis gibbosus,102,20.2
2024-LCS-NWA-,2024-LCS-NWA-290824-006A,29-Aug-24,8,30-Aug-24,St. Clair NWA - West Cell SCU,42.367001,-82.414344,Lepomis gibbosus,74,7.2
2024-LCS-NWA-,2024-LCS-NWA-290824-006A,29-Aug-24,8,30-Aug-24,St. Clair NWA - West Cell SCU,42.367001,-82.414344,Lepomis gibbosus,92,14.8
2024-LCS-NWA-,2024-LCS-NWA-290824-006A,29-Aug-24,8,30-Aug-24,St. Clair NWA - West Cell SCU,42.367001,-82.414344,Lepomis gibbosus,39,1.1
2024-LCS-NWA-,2024-LCS-NWA-290824-006A,29-Aug-24,8,30-Aug-24,St. Clair NWA - West Cell SCU,42.367001,-82.414344,Lepomis gibbosus,77,9.1
2024-LCS-NWA-,2024-LCS-NWA-290824-006A,29-Aug-24,8,30-Aug-24,St. Clair NWA - West Cell SCU,42.367001,-82.414344,Lepomis gibbosus,134,46.3
2024-LCS-NWA-,2024-LCS-NWA-290824-006A,29-Aug-24,8,30-Aug-24,St. Clair NWA - West Cell SCU,42.367001,-82.414344,Micropterus nigricans,97,11.2
2024-LCS-NWA-,2024-LCS-NWA-030924-001A,3-Sep-24,9,4-Sep-24,St. Clair NWA - West Cell SCU,42.371526,-82.411943,No fish captured,-1,-1
2024-LCS-NWA-,2024-LCS-NWA-030924-002A,3-Sep-24,9,4-Sep-24,St. Clair NWA - West Cell SCU,42.370331,-82.413539,Amia ocellicauda,442,720
2024-LCS-NWA-,2024-LCS-NWA-030924-002A,3-Sep-24,9,4-Sep-24,St. Clair NWA - West Cell SCU,42.370331,-82.413539,Notemigonus crysoleucas,64,1.93
2024-LCS-NWA-,2024-LCS-NWA-030924-002A,3-Sep-24,9,4-Sep-24,St. Clair NWA - West Cell SCU,42.370331,-82.413539,Pomoxis nigromaculatus,224,170
2024-LCS-NWA-,2024-LCS-NWA-030924-002A,3-Sep-24,9,4-Sep-24,St. Clair NWA - West Cell SCU,42.370331,-82.413539,Lepomis gibbosus,44,1.45
2024-LCS-NWA-,2024-LCS-NWA-030924-002A,3-Sep-24,9,4-Sep-24,St. Clair NWA - West Cell SCU,42.370331,-82.413539,Lepomis gibbosus,152,74.9
2024-LCS-NWA-,2024-LCS-NWA-030924-002A,3-Sep-24,9,4-Sep-24,St. Clair NWA - West Cell SCU,42.370331,-82.413539,Lepomis gibbosus,125,50.6
2024-LCS-NWA-,2024-LCS-NWA-030924-002A,3-Sep-24,9,4-Sep-24,St. Clair NWA - West Cell SCU,42.370331,-82.413539,Lepomis gibbosus,146,61.9
2024-LCS-NWA-,2024-LCS-NWA-030924-002A,3-Sep-24,9,4-Sep-24,St. Clair NWA - West Cell SCU,42.370331,-82.413539,Lepomis gibbosus,118,30.1
2024-LCS-NWA-,2024-LCS-NWA-030924-002A,3-Sep-24,9,4-Sep-24,St. Clair NWA - West Cell SCU,42.370331,-82.413539,Lepomis gibbosus,53,2.5
2024-LCS-NWA-,2024-LCS-NWA-030924-002A,3-Sep-24,9,4-Sep-24,St. Clair NWA - West Cell SCU,42.370331,-82.413539,Lepomis gibbosus,49,2
2024-LCS-NWA-,2024-LCS-NWA-030924-002A,3-Sep-24,9,4-Sep-24,St. Clair NWA - West Cell SCU,42.370331,-82.413539,Lepomis macrochirus,196,150
2024-LCS-NWA-,2024-LCS-NWA-030924-002A,3-Sep-24,9,4-Sep-24,St. Clair NWA - West Cell SCU,42.370331,-82.413539,Lepomis macrochirus,89,11.1
2024-LCS-NWA-,2024-LCS-NWA-030924-003A,3-Sep-24,9,4-Sep-24,St. Clair NWA - West Cell SCU,42.369435,-82.414097,Amia ocellicauda,475,960
2024-LCS-NWA-,2024-LCS-NWA-030924-003A,3-Sep-24,9,4-Sep-24,St. Clair NWA - West Cell SCU,42.369435,-82.414097,Lepomis macrochirus,174,99.7
2024-LCS-NWA-,2024-LCS-NWA-030924-003A,3-Sep-24,9,4-Sep-24,St. Clair NWA - West Cell SCU,42.369435,-82.414097,Lepomis macrochirus,136,48.4
2024-LCS-NWA-,2024-LCS-NWA-030924-003A,3-Sep-24,9,4-Sep-24,St. Clair NWA - West Cell SCU,42.369435,-82.414097,Lepomis macrochirus,43,1.1
2024-LCS-NWA-,2024-LCS-NWA-030924-003A,3-Sep-24,9,4-Sep-24,St. Clair NWA - West Cell SCU,42.369435,-82.414097,Lepomis macrochirus,87,11.8
2024-LCS-NWA-,2024-LCS-NWA-030924-003A,3-Sep-24,9,4-Sep-24,St. Clair NWA - West Cell SCU,42.369435,-82.414097,Lepomis gibbosus,180,122.8
2024-LCS-NWA-,2024-LCS-NWA-030924-003A,3-Sep-24,9,4-Sep-24,St. Clair NWA - West Cell SCU,42.369435,-82.414097,Lepomis gibbosus,206,182.3
2024-LCS-NWA-,2024-LCS-NWA-030924-003A,3-Sep-24,9,4-Sep-24,St. Clair NWA - West Cell SCU,42.369435,-82.414097,Lepomis gibbosus,151,64
2024-LCS-NWA-,2024-LCS-NWA-030924-003A,3-Sep-24,9,4-Sep-24,St. Clair NWA - West Cell SCU,42.369435,-82.414097,Lepomis gibbosus,153,70.7
2024-LCS-NWA-,2024-LCS-NWA-030924-003A,3-Sep-24,9,4-Sep-24,St. Clair NWA - West Cell SCU,42.369435,-82.414097,Lepomis gibbosus,45,1.4
2024-LCS-NWA-,2024-LCS-NWA-030924-003A,3-Sep-24,9,4-Sep-24,St. Clair NWA - West Cell SCU,42.369435,-82.414097,Lepomis gibbosus,44,1.5
2024-LCS-NWA-,2024-LCS-NWA-030924-004A,3-Sep-24,9,4-Sep-24,St. Clair NWA - West Cell SCU,42.369617,-82.410914,Amia ocellicauda,413,560
2024-LCS-NWA-,2024-LCS-NWA-030924-004A,3-Sep-24,9,4-Sep-24,St. Clair NWA - West Cell SCU,42.369617,-82.410914,Pomoxis nigromaculatus,292,430
2024-LCS-NWA-,2024-LCS-NWA-030924-004A,3-Sep-24,9,4-Sep-24,St. Clair NWA - West Cell SCU,42.369617,-82.410914,Lepomis macrochirus,215,222.2
2024-LCS-NWA-,2024-LCS-NWA-030924-004A,3-Sep-24,9,4-Sep-24,St. Clair NWA - West Cell SCU,42.369617,-82.410914,Lepomis macrochirus,151,64.4
2024-LCS-NWA-,2024-LCS-NWA-030924-004A,3-Sep-24,9,4-Sep-24,St. Clair NWA - West Cell SCU,42.369617,-82.410914,Lepomis macrochirus,99,15.8
2024-LCS-NWA-,2024-LCS-NWA-030924-004A,3-Sep-24,9,4-Sep-24,St. Clair NWA - West Cell SCU,42.369617,-82.410914,Lepomis gibbosus,81,7.8
2024-LCS-NWA-,2024-LCS-NWA-030924-004A,3-Sep-24,9,4-Sep-24,St. Clair NWA - West Cell SCU,42.369617,-82.410914,Lepomis gibbosus,86,11.2
2024-LCS-NWA-,2024-LCS-NWA-030924-004A,3-Sep-24,9,4-Sep-24,St. Clair NWA - West Cell SCU,42.369617,-82.410914,Lepomis gibbosus,79,8.1
2024-LCS-NWA-,2024-LCS-NWA-030924-004A,3-Sep-24,9,4-Sep-24,St. Clair NWA - West Cell SCU,42.369617,-82.410914,Lepomis gibbosus,86,11.9
2024-LCS-NWA-,2024-LCS-NWA-030924-004A,3-Sep-24,9,4-Sep-24,St. Clair NWA - West Cell SCU,42.369617,-82.410914,Lepomis gibbosus,52,2.2
2024-LCS-NWA-,2024-LCS-NWA-030924-004A,3-Sep-24,9,4-Sep-24,St. Clair NWA - West Cell SCU,42.369617,-82.410914,Notemigonus crysoleucas,64,1.9
2024-LCS-NWA-,2024-LCS-NWA-030924-005A,3-Sep-24,9,4-Sep-24,St. Clair NWA - West Cell SCU,42.371075,-82.409511,Lepomis gibbosus,52,2.2
2024-LCS-NWA-,2024-LCS-NWA-030924-005A,3-Sep-24,9,4-Sep-24,St. Clair NWA - West Cell SCU,42.371075,-82.409511,Lepomis gibbosus,45,1.4
2024-LCS-NWA-,2024-LCS-NWA-030924-005A,3-Sep-24,9,4-Sep-24,St. Clair NWA - West Cell SCU,42.371075,-82.409511,Lepomis gibbosus,42,1.3
2024-LCS-NWA-,2024-LCS-NWA-030924-005A,3-Sep-24,9,4-Sep-24,St. Clair NWA - West Cell SCU,42.371075,-82.409511,Lepomis gibbosus,44,1.3
2024-LCS-NWA-,2024-LCS-NWA-030924-005A,3-Sep-24,9,4-Sep-24,St. Clair NWA - West Cell SCU,42.371075,-82.409511,Lepomis gibbosus,50,2.1
2024-LCS-NWA-,2024-LCS-NWA-030924-005A,3-Sep-24,9,4-Sep-24,St. Clair NWA - West Cell SCU,42.371075,-82.409511,Lepomis gibbosus,49,2.2
2024-LCS-NWA-,2024-LCS-NWA-030924-005A,3-Sep-24,9,4-Sep-24,St. Clair NWA - West Cell SCU,42.371075,-82.409511,Lepomis gibbosus,45,1.7
2024-LCS-NWA-,2024-LCS-NWA-030924-005A,3-Sep-24,9,4-Sep-24,St. Clair NWA - West Cell SCU,42.371075,-82.409511,Lepomis macrochirus,43,1.3
2024-LCS-NWA-,2024-LCS-NWA-040924-001A,4-Sep-24,9,5-Sep-24,St. Clair NWA - West Cell SCU,42.37173,-82.406945,No fish captured,-1,-1
2024-LCS-NWA-,2024-LCS-NWA-040924-002A,4-Sep-24,9,5-Sep-24,St. Clair NWA - West Cell SCU,42.369251,-82.407406,Cyprinus carpio,595,2240
2024-LCS-NWA-,2024-LCS-NWA-040924-002A,4-Sep-24,9,5-Sep-24,St. Clair NWA - West Cell SCU,42.369251,-82.407406,Notemigonus crysoleucas,63,1.8
2024-LCS-NWA-,2024-LCS-NWA-040924-002A,4-Sep-24,9,5-Sep-24,St. Clair NWA - West Cell SCU,42.369251,-82.407406,Notemigonus crysoleucas,67,2.2
2024-LCS-NWA-,2024-LCS-NWA-040924-002A,4-Sep-24,9,5-Sep-24,St. Clair NWA - West Cell SCU,42.369251,-82.407406,Notemigonus crysoleucas,69,2.5
2024-LCS-NWA-,2024-LCS-NWA-040924-002A,4-Sep-24,9,5-Sep-24,St. Clair NWA - West Cell SCU,42.369251,-82.407406,Notemigonus crysoleucas,59,1.3
2024-LCS-NWA-,2024-LCS-NWA-040924-002A,4-Sep-24,9,5-Sep-24,St. Clair NWA - West Cell SCU,42.369251,-82.407406,Notemigonus crysoleucas,69,1.4
2024-LCS-NWA-,2024-LCS-NWA-040924-002A,4-Sep-24,9,5-Sep-24,St. Clair NWA - West Cell SCU,42.369251,-82.407406,Notemigonus crysoleucas,58,1.4
2024-LCS-NWA-,2024-LCS-NWA-040924-002A,4-Sep-24,9,5-Sep-24,St. Clair NWA - West Cell SCU,42.369251,-82.407406,Notemigonus crysoleucas,65,1.9
2024-LCS-NWA-,2024-LCS-NWA-040924-002A,4-Sep-24,9,5-Sep-24,St. Clair NWA - West Cell SCU,42.369251,-82.407406,Notemigonus crysoleucas,65,1.8
2024-LCS-NWA-,2024-LCS-NWA-040924-002A,4-Sep-24,9,5-Sep-24,St. Clair NWA - West Cell SCU,42.369251,-82.407406,Micropterus nigricans,95,10
2024-LCS-NWA-,2024-LCS-NWA-040924-002A,4-Sep-24,9,5-Sep-24,St. Clair NWA - West Cell SCU,42.369251,-82.407406,Lepomis gibbosus,43,1.3
2024-LCS-NWA-,2024-LCS-NWA-040924-002A,4-Sep-24,9,5-Sep-24,St. Clair NWA - West Cell SCU,42.369251,-82.407406,Erimyzon sucetta,85,6.9
2024-LCS-NWA-,2024-LCS-NWA-040924-003A,4-Sep-24,9,5-Sep-24,St. Clair NWA - West Cell SCU,42.371742,-82.405433,Amia ocellicauda,560,1640
2024-LCS-NWA-,2024-LCS-NWA-040924-003A,4-Sep-24,9,5-Sep-24,St. Clair NWA - West Cell SCU,42.371742,-82.405433,Notemigonus crysoleucas,63,1.8
2024-LCS-NWA-,2024-LCS-NWA-040924-003A,4-Sep-24,9,5-Sep-24,St. Clair NWA - West Cell SCU,42.371742,-82.405433,Notemigonus crysoleucas,64,1.8
2024-LCS-NWA-,2024-LCS-NWA-040924-003A,4-Sep-24,9,5-Sep-24,St. Clair NWA - West Cell SCU,42.371742,-82.405433,Lepomis macrochirus,75,7.1
2024-LCS-NWA-,2024-LCS-NWA-040924-003A,4-Sep-24,9,5-Sep-24,St. Clair NWA - West Cell SCU,42.371742,-82.405433,Lepomis macrochirus,90,12.6
2024-LCS-NWA-,2024-LCS-NWA-040924-003A,4-Sep-24,9,5-Sep-24,St. Clair NWA - West Cell SCU,42.371742,-82.405433,Lepomis macrochirus,88,11
2024-LCS-NWA-,2024-LCS-NWA-040924-003A,4-Sep-24,9,5-Sep-24,St. Clair NWA - West Cell SCU,42.371742,-82.405433,Lepomis macrochirus,49,1.8
2024-LCS-NWA-,2024-LCS-NWA-040924-003A,4-Sep-24,9,5-Sep-24,St. Clair NWA - West Cell SCU,42.371742,-82.405433,Lepomis gibbosus,99,16.4
2024-LCS-NWA-,2024-LCS-NWA-040924-003A,4-Sep-24,9,5-Sep-24,St. Clair NWA - West Cell SCU,42.371742,-82.405433,Lepomis gibbosus,54,2.8
2024-LCS-NWA-,2024-LCS-NWA-040924-003A,4-Sep-24,9,5-Sep-24,St. Clair NWA - West Cell SCU,42.371742,-82.405433,Lepomis gibbosus,46,1.7
2024-LCS-NWA-,2024-LCS-NWA-040924-003A,4-Sep-24,9,5-Sep-24,St. Clair NWA - West Cell SCU,42.371742,-82.405433,Lepomis gibbosus,-1,-1
2024-LCS-NWA-,2024-LCS-NWA-040924-003A,4-Sep-24,9,5-Sep-24,St. Clair NWA - West Cell SCU,42.371742,-82.405433,Erimyzon sucetta,62,2.9
