Time_sec,BV_Volts,Temperature_C,DO_mgL,Q,SN,InWater,DateTime,Field.Number,Date,Time,www.epochconverter.com,0.006944444
,,22.83,8.39,,YSI,SET,8/8/2023 16:57,2023-LCS-NWA-080823-001A,8/8/2023,16:57,,
1691529420,3.42,24.816,8.648,0.966,7450-770855,TRUE,8/8/2023 17:17,2023-LCS-NWA-080823-001A,8/8/2023,17:17,,
1691530020,3.42,24.195,8.718,0.967,7450-770855,TRUE,8/8/2023 17:27,2023-LCS-NWA-080823-001A,8/8/2023,17:27,,
1691530380,3.42,24.52,7.924,0.921,7450-049711,TRUE,8/8/2023 17:33,2023-LCS-NWA-080823-002A,8/8/2023,17:33,,
1691530620,3.42,24.044,8.496,0.967,7450-770855,TRUE,8/8/2023 17:37,2023-LCS-NWA-080823-001A,8/8/2023,17:37,,
,,22.81,7.11,,YSI,SET,8/8/2023 17:39,2023-LCS-NWA-080823-002A,8/8/2023,17:39,,
1691530980,3.42,24.218,7.94,0.921,7450-049711,TRUE,8/8/2023 17:43,2023-LCS-NWA-080823-002A,8/8/2023,17:43,,
1691531220,3.42,24.019,8.226,0.966,7450-770855,TRUE,8/8/2023 17:47,2023-LCS-NWA-080823-001A,8/8/2023,17:47,,
1691531580,3.42,23.932,7.353,0.921,7450-049711,TRUE,8/8/2023 17:53,2023-LCS-NWA-080823-002A,8/8/2023,17:53,,
1691531820,3.42,24.01,8.093,0.966,7450-770855,TRUE,8/8/2023 17:57,2023-LCS-NWA-080823-001A,8/8/2023,17:57,,
1691532180,3.42,24.067,7.442,0.921,7450-049711,TRUE,8/8/2023 18:03,2023-LCS-NWA-080823-002A,8/8/2023,18:03,,
1691532420,3.42,24.01,7.992,0.967,7450-770855,TRUE,8/8/2023 18:07,2023-LCS-NWA-080823-001A,8/8/2023,18:07,,
,,21.35,2.46,,YSI,SET,8/8/2023 18:08,2023-LCS-NWA-080823-003A,8/8/2023,18:08,,
1691532780,3.42,24.209,7.436,0.921,7450-049711,TRUE,8/8/2023 18:13,2023-LCS-NWA-080823-002A,8/8/2023,18:13,,
1691533020,3.42,24.027,7.958,0.966,7450-770855,TRUE,8/8/2023 18:17,2023-LCS-NWA-080823-001A,8/8/2023,18:17,,
1691533020,3.42,23.635,2.972,0.972,7450-064567,TRUE,8/8/2023 18:17,2023-LCS-NWA-080823-003A,8/8/2023,18:17,,
1691533380,3.42,24.343,7.461,0.921,7450-049711,TRUE,8/8/2023 18:23,2023-LCS-NWA-080823-002A,8/8/2023,18:23,,
1691533620,3.42,24.035,7.905,0.967,7450-770855,TRUE,8/8/2023 18:27,2023-LCS-NWA-080823-001A,8/8/2023,18:27,,
1691533620,3.42,22.814,3.208,0.974,7450-064567,TRUE,8/8/2023 18:27,2023-LCS-NWA-080823-003A,8/8/2023,18:27,,
1691533980,3.42,24.511,7.735,0.921,7450-049711,TRUE,8/8/2023 18:33,2023-LCS-NWA-080823-002A,8/8/2023,18:33,,
1691534220,3.42,24.044,7.897,0.966,7450-770855,TRUE,8/8/2023 18:37,2023-LCS-NWA-080823-001A,8/8/2023,18:37,,
1691534220,3.42,22.597,3.181,0.975,7450-064567,TRUE,8/8/2023 18:37,2023-LCS-NWA-080823-003A,8/8/2023,18:37,,
1691534580,3.42,24.545,8.532,0.921,7450-049711,TRUE,8/8/2023 18:43,2023-LCS-NWA-080823-002A,8/8/2023,18:43,,
1691534820,3.42,24.077,7.871,0.966,7450-770855,TRUE,8/8/2023 18:47,2023-LCS-NWA-080823-001A,8/8/2023,18:47,,
1691534820,3.42,22.48,3.181,0.975,7450-064567,TRUE,8/8/2023 18:47,2023-LCS-NWA-080823-003A,8/8/2023,18:47,,
1691535180,3.42,24.705,8.535,0.922,7450-049711,TRUE,8/8/2023 18:53,2023-LCS-NWA-080823-002A,8/8/2023,18:53,,
1691535420,3.42,24.111,7.978,0.967,7450-770855,TRUE,8/8/2023 18:57,2023-LCS-NWA-080823-001A,8/8/2023,18:57,,
1691535420,3.42,22.404,3.096,0.975,7450-064567,TRUE,8/8/2023 18:57,2023-LCS-NWA-080823-003A,8/8/2023,18:57,,
1691535780,3.42,24.763,8.427,0.921,7450-049711,TRUE,8/8/2023 19:03,2023-LCS-NWA-080823-002A,8/8/2023,19:03,,
1691536020,3.42,24.136,8.025,0.966,7450-770855,TRUE,8/8/2023 19:07,2023-LCS-NWA-080823-001A,8/8/2023,19:07,,
1691536020,3.42,22.404,2.754,0.974,7450-064567,TRUE,8/8/2023 19:07,2023-LCS-NWA-080823-003A,8/8/2023,19:07,,
1691536380,3.42,24.805,9.159,0.922,7450-049711,TRUE,8/8/2023 19:13,2023-LCS-NWA-080823-002A,8/8/2023,19:13,,
,,21.94,2.80,,YSI,SET,8/8/2023 19:13,2023-LCS-NWA-080823-005A,8/8/2023,19:13,,
1691536620,3.42,24.111,8.059,0.966,7450-770855,TRUE,8/8/2023 19:17,2023-LCS-NWA-080823-001A,8/8/2023,19:17,,
1691536620,3.42,22.547,3.158,0.975,7450-064567,TRUE,8/8/2023 19:17,2023-LCS-NWA-080823-003A,8/8/2023,19:17,,
1691536980,3.42,24.89,9.218,0.922,7450-049711,TRUE,8/8/2023 19:23,2023-LCS-NWA-080823-002A,8/8/2023,19:23,,
1691537220,3.42,24.161,8.145,0.966,7450-770855,TRUE,8/8/2023 19:27,2023-LCS-NWA-080823-001A,8/8/2023,19:27,,
1691537220,3.42,22.413,2.934,0.974,7450-064567,TRUE,8/8/2023 19:27,2023-LCS-NWA-080823-003A,8/8/2023,19:27,,
1691537580,3.42,24.797,8.832,0.921,7450-049711,TRUE,8/8/2023 19:33,2023-LCS-NWA-080823-002A,8/8/2023,19:33,,
1691537820,3.42,24.119,7.995,0.967,7450-770855,TRUE,8/8/2023 19:37,2023-LCS-NWA-080823-001A,8/8/2023,19:37,,
1691537820,3.42,22.379,2.848,0.974,7450-064567,TRUE,8/8/2023 19:37,2023-LCS-NWA-080823-003A,8/8/2023,19:37,,
1691538120,3.45,22.798,2.222,0.984,7450-778298,TRUE,8/8/2023 19:42,2023-LCS-NWA-080823-005A,8/8/2023,19:42,,
1691538180,3.42,24.814,9.355,0.922,7450-049711,TRUE,8/8/2023 19:43,2023-LCS-NWA-080823-002A,8/8/2023,19:43,,
1691538420,3.42,24.111,7.959,0.966,7450-770855,TRUE,8/8/2023 19:47,2023-LCS-NWA-080823-001A,8/8/2023,19:47,,
1691538420,3.42,22.304,2.673,0.974,7450-064567,TRUE,8/8/2023 19:47,2023-LCS-NWA-080823-003A,8/8/2023,19:47,,
1691538720,3.46,22.229,2.078,0.985,7450-778298,TRUE,8/8/2023 19:52,2023-LCS-NWA-080823-005A,8/8/2023,19:52,,
1691538780,3.42,24.797,9.086,0.922,7450-049711,TRUE,8/8/2023 19:53,2023-LCS-NWA-080823-002A,8/8/2023,19:53,,
1691539020,3.42,24.094,8.029,0.965,7450-770855,TRUE,8/8/2023 19:57,2023-LCS-NWA-080823-001A,8/8/2023,19:57,,
1691539020,3.42,22.296,2.588,0.975,7450-064567,TRUE,8/8/2023 19:57,2023-LCS-NWA-080823-003A,8/8/2023,19:57,,
1691539320,3.45,21.987,2.081,0.986,7450-778298,TRUE,8/8/2023 20:02,2023-LCS-NWA-080823-005A,8/8/2023,20:02,,
1691539380,3.42,24.738,9.728,0.923,7450-049711,TRUE,8/8/2023 20:03,2023-LCS-NWA-080823-002A,8/8/2023,20:03,,
1691539620,3.42,24.086,7.784,0.966,7450-770855,TRUE,8/8/2023 20:07,2023-LCS-NWA-080823-001A,8/8/2023,20:07,,
1691539620,3.42,22.271,2.431,0.975,7450-064567,TRUE,8/8/2023 20:07,2023-LCS-NWA-080823-003A,8/8/2023,20:07,,
1691539920,3.45,21.836,1.644,0.985,7450-778298,TRUE,8/8/2023 20:12,2023-LCS-NWA-080823-005A,8/8/2023,20:12,,
1691539980,3.42,24.738,9.997,0.922,7450-049711,TRUE,8/8/2023 20:13,2023-LCS-NWA-080823-002A,8/8/2023,20:13,,
1691540220,3.42,24.111,7.833,0.966,7450-770855,TRUE,8/8/2023 20:17,2023-LCS-NWA-080823-001A,8/8/2023,20:17,,
1691540220,3.42,22.287,2.692,0.975,7450-064567,TRUE,8/8/2023 20:17,2023-LCS-NWA-080823-003A,8/8/2023,20:17,,
1691540520,3.45,21.819,1.855,0.985,7450-778298,TRUE,8/8/2023 20:22,2023-LCS-NWA-080823-005A,8/8/2023,20:22,,
1691540580,3.42,24.721,10.072,0.923,7450-049711,TRUE,8/8/2023 20:23,2023-LCS-NWA-080823-002A,8/8/2023,20:23,,
1691540820,3.42,24.102,7.926,0.966,7450-770855,TRUE,8/8/2023 20:27,2023-LCS-NWA-080823-001A,8/8/2023,20:27,,
1691540820,3.42,22.246,3.065,0.975,7450-064567,TRUE,8/8/2023 20:27,2023-LCS-NWA-080823-003A,8/8/2023,20:27,,
1691541120,3.45,21.895,1.474,0.984,7450-778298,TRUE,8/8/2023 20:32,2023-LCS-NWA-080823-005A,8/8/2023,20:32,,
1691541180,3.42,24.679,10.303,0.923,7450-049711,TRUE,8/8/2023 20:33,2023-LCS-NWA-080823-002A,8/8/2023,20:33,,
1691541420,3.42,24.119,7.859,0.966,7450-770855,TRUE,8/8/2023 20:37,2023-LCS-NWA-080823-001A,8/8/2023,20:37,,
1691541420,3.42,22.404,4.087,0.975,7450-064567,TRUE,8/8/2023 20:37,2023-LCS-NWA-080823-003A,8/8/2023,20:37,,
1691541720,3.45,21.685,1.362,0.984,7450-778298,TRUE,8/8/2023 20:42,2023-LCS-NWA-080823-005A,8/8/2023,20:42,,
1691541780,3.42,24.427,10.23,0.922,7450-049711,TRUE,8/8/2023 20:43,2023-LCS-NWA-080823-002A,8/8/2023,20:43,,
1691542020,3.42,24.111,7.824,0.966,7450-770855,TRUE,8/8/2023 20:47,2023-LCS-NWA-080823-001A,8/8/2023,20:47,,
1691542020,3.42,22.513,4.653,0.975,7450-064567,TRUE,8/8/2023 20:47,2023-LCS-NWA-080823-003A,8/8/2023,20:47,,
1691542320,3.45,21.853,1.622,0.985,7450-778298,TRUE,8/8/2023 20:52,2023-LCS-NWA-080823-005A,8/8/2023,20:52,,
1691542380,3.42,24.301,10.829,0.923,7450-049711,TRUE,8/8/2023 20:53,2023-LCS-NWA-080823-002A,8/8/2023,20:53,,
1691542620,3.42,24.144,7.754,0.966,7450-770855,TRUE,8/8/2023 20:57,2023-LCS-NWA-080823-001A,8/8/2023,20:57,,
1691542620,3.42,22.764,5.252,0.975,7450-064567,TRUE,8/8/2023 20:57,2023-LCS-NWA-080823-003A,8/8/2023,20:57,,
1691542920,3.45,21.819,2.14,0.986,7450-778298,TRUE,8/8/2023 21:02,2023-LCS-NWA-080823-005A,8/8/2023,21:02,,
1691542980,3.42,24.209,10.889,0.924,7450-049711,TRUE,8/8/2023 21:03,2023-LCS-NWA-080823-002A,8/8/2023,21:03,,
1691543220,3.42,24.161,8.06,0.967,7450-770855,TRUE,8/8/2023 21:07,2023-LCS-NWA-080823-001A,8/8/2023,21:07,,
1691543220,3.42,22.639,4.626,0.975,7450-064567,TRUE,8/8/2023 21:07,2023-LCS-NWA-080823-003A,8/8/2023,21:07,,
1691543520,3.45,21.711,1.828,0.985,7450-778298,TRUE,8/8/2023 21:12,2023-LCS-NWA-080823-005A,8/8/2023,21:12,,
1691543580,3.42,24.176,10.98,0.924,7450-049711,TRUE,8/8/2023 21:13,2023-LCS-NWA-080823-002A,8/8/2023,21:13,,
1691543820,3.42,24.203,8.661,0.966,7450-770855,TRUE,8/8/2023 21:17,2023-LCS-NWA-080823-001A,8/8/2023,21:17,,
1691543820,3.42,22.789,5.138,0.975,7450-064567,TRUE,8/8/2023 21:17,2023-LCS-NWA-080823-003A,8/8/2023,21:17,,
1691544120,3.45,21.677,1.754,0.985,7450-778298,TRUE,8/8/2023 21:22,2023-LCS-NWA-080823-005A,8/8/2023,21:22,,
1691544180,3.42,24.134,10.763,0.921,7450-049711,TRUE,8/8/2023 21:23,2023-LCS-NWA-080823-002A,8/8/2023,21:23,,
1691544420,3.42,24.237,8.797,0.965,7450-770855,TRUE,8/8/2023 21:27,2023-LCS-NWA-080823-001A,8/8/2023,21:27,,
1691544420,3.42,22.689,4.996,0.974,7450-064567,TRUE,8/8/2023 21:27,2023-LCS-NWA-080823-003A,8/8/2023,21:27,,
1691544720,3.45,21.685,2.278,0.986,7450-778298,TRUE,8/8/2023 21:32,2023-LCS-NWA-080823-005A,8/8/2023,21:32,,
1691544780,3.42,23.84,10.266,0.921,7450-049711,TRUE,8/8/2023 21:33,2023-LCS-NWA-080823-002A,8/8/2023,21:33,,
1691545020,3.42,24.169,8.82,0.965,7450-770855,TRUE,8/8/2023 21:37,2023-LCS-NWA-080823-001A,8/8/2023,21:37,,
1691545020,3.42,22.597,4.847,0.974,7450-064567,TRUE,8/8/2023 21:37,2023-LCS-NWA-080823-003A,8/8/2023,21:37,,
1691545320,3.45,21.685,2.112,0.985,7450-778298,TRUE,8/8/2023 21:42,2023-LCS-NWA-080823-005A,8/8/2023,21:42,,
1691545380,3.42,23.781,9.678,0.92,7450-049711,TRUE,8/8/2023 21:43,2023-LCS-NWA-080823-002A,8/8/2023,21:43,,
1691545620,3.42,24.153,9.04,0.965,7450-770855,TRUE,8/8/2023 21:47,2023-LCS-NWA-080823-001A,8/8/2023,21:47,,
1691545620,3.42,22.513,4.423,0.975,7450-064567,TRUE,8/8/2023 21:47,2023-LCS-NWA-080823-003A,8/8/2023,21:47,,
1691545920,3.45,21.711,1.866,0.985,7450-778298,TRUE,8/8/2023 21:52,2023-LCS-NWA-080823-005A,8/8/2023,21:52,,
1691545980,3.42,23.756,10.075,0.921,7450-049711,TRUE,8/8/2023 21:53,2023-LCS-NWA-080823-002A,8/8/2023,21:53,,
1691546220,3.42,24.069,8.801,0.965,7450-770855,TRUE,8/8/2023 21:57,2023-LCS-NWA-080823-001A,8/8/2023,21:57,,
1691546220,3.42,22.421,4.187,0.975,7450-064567,TRUE,8/8/2023 21:57,2023-LCS-NWA-080823-003A,8/8/2023,21:57,,
1691546520,3.45,21.685,1.878,0.985,7450-778298,TRUE,8/8/2023 22:02,2023-LCS-NWA-080823-005A,8/8/2023,22:02,,
1691546580,3.42,23.731,9.871,0.921,7450-049711,TRUE,8/8/2023 22:03,2023-LCS-NWA-080823-002A,8/8/2023,22:03,,
1691546820,3.42,24.01,8.658,0.966,7450-770855,TRUE,8/8/2023 22:07,2023-LCS-NWA-080823-001A,8/8/2023,22:07,,
1691546820,3.42,22.438,4.366,0.975,7450-064567,TRUE,8/8/2023 22:07,2023-LCS-NWA-080823-003A,8/8/2023,22:07,,
1691547120,3.45,21.936,2.611,0.985,7450-778298,TRUE,8/8/2023 22:12,2023-LCS-NWA-080823-005A,8/8/2023,22:12,,
1691547180,3.42,23.622,9.789,0.92,7450-049711,TRUE,8/8/2023 22:13,2023-LCS-NWA-080823-002A,8/8/2023,22:13,,
1691547420,3.42,23.993,8.779,0.965,7450-770855,TRUE,8/8/2023 22:17,2023-LCS-NWA-080823-001A,8/8/2023,22:17,,
1691547420,3.42,22.43,4.263,0.975,7450-064567,TRUE,8/8/2023 22:17,2023-LCS-NWA-080823-003A,8/8/2023,22:17,,
1691547720,3.45,21.803,2.236,0.985,7450-778298,TRUE,8/8/2023 22:22,2023-LCS-NWA-080823-005A,8/8/2023,22:22,,
1691547780,3.42,23.563,9.451,0.92,7450-049711,TRUE,8/8/2023 22:23,2023-LCS-NWA-080823-002A,8/8/2023,22:23,,
1691548020,3.42,23.935,8.558,0.965,7450-770855,TRUE,8/8/2023 22:27,2023-LCS-NWA-080823-001A,8/8/2023,22:27,,
1691548020,3.42,22.363,3.869,0.975,7450-064567,TRUE,8/8/2023 22:27,2023-LCS-NWA-080823-003A,8/8/2023,22:27,,
1691548320,3.45,21.92,2.383,0.985,7450-778298,TRUE,8/8/2023 22:32,2023-LCS-NWA-080823-005A,8/8/2023,22:32,,
1691548380,3.42,23.488,9.391,0.92,7450-049711,TRUE,8/8/2023 22:33,2023-LCS-NWA-080823-002A,8/8/2023,22:33,,
1691548620,3.42,23.952,8.634,0.963,7450-770855,TRUE,8/8/2023 22:37,2023-LCS-NWA-080823-001A,8/8/2023,22:37,,
1691548620,3.42,22.304,3.623,0.975,7450-064567,TRUE,8/8/2023 22:37,2023-LCS-NWA-080823-003A,8/8/2023,22:37,,
1691548920,3.45,21.794,2.04,0.985,7450-778298,TRUE,8/8/2023 22:42,2023-LCS-NWA-080823-005A,8/8/2023,22:42,,
1691548980,3.42,23.455,9.191,0.92,7450-049711,TRUE,8/8/2023 22:43,2023-LCS-NWA-080823-002A,8/8/2023,22:43,,
1691549220,3.42,23.918,8.406,0.963,7450-770855,TRUE,8/8/2023 22:47,2023-LCS-NWA-080823-001A,8/8/2023,22:47,,
1691549220,3.42,22.237,3.262,0.975,7450-064567,TRUE,8/8/2023 22:47,2023-LCS-NWA-080823-003A,8/8/2023,22:47,,
1691549520,3.45,21.844,2.412,0.985,7450-778298,TRUE,8/8/2023 22:52,2023-LCS-NWA-080823-005A,8/8/2023,22:52,,
1691549580,3.42,23.312,8.862,0.92,7450-049711,TRUE,8/8/2023 22:53,2023-LCS-NWA-080823-002A,8/8/2023,22:53,,
1691549820,3.42,23.859,8.28,0.962,7450-770855,TRUE,8/8/2023 22:57,2023-LCS-NWA-080823-001A,8/8/2023,22:57,,
1691549820,3.42,22.246,3.547,0.975,7450-064567,TRUE,8/8/2023 22:57,2023-LCS-NWA-080823-003A,8/8/2023,22:57,,
1691550120,3.45,21.903,2.304,0.985,7450-778298,TRUE,8/8/2023 23:02,2023-LCS-NWA-080823-005A,8/8/2023,23:02,,
1691550180,3.42,23.228,8.477,0.919,7450-049711,TRUE,8/8/2023 23:03,2023-LCS-NWA-080823-002A,8/8/2023,23:03,,
1691550420,3.42,23.776,8.121,0.964,7450-770855,TRUE,8/8/2023 23:07,2023-LCS-NWA-080823-001A,8/8/2023,23:07,,
1691550420,3.42,22.229,3.521,0.975,7450-064567,TRUE,8/8/2023 23:07,2023-LCS-NWA-080823-003A,8/8/2023,23:07,,
1691550720,3.45,21.911,2.388,0.985,7450-778298,TRUE,8/8/2023 23:12,2023-LCS-NWA-080823-005A,8/8/2023,23:12,,
1691550780,3.42,23.17,8.305,0.919,7450-049711,TRUE,8/8/2023 23:13,2023-LCS-NWA-080823-002A,8/8/2023,23:13,,
1691551020,3.42,23.717,7.936,0.963,7450-770855,TRUE,8/8/2023 23:17,2023-LCS-NWA-080823-001A,8/8/2023,23:17,,
1691551020,3.42,22.137,3.296,0.975,7450-064567,TRUE,8/8/2023 23:17,2023-LCS-NWA-080823-003A,8/8/2023,23:17,,
1691551320,3.45,21.836,2.39,0.985,7450-778298,TRUE,8/8/2023 23:22,2023-LCS-NWA-080823-005A,8/8/2023,23:22,,
1691551380,3.42,23.111,7.871,0.918,7450-049711,TRUE,8/8/2023 23:23,2023-LCS-NWA-080823-002A,8/8/2023,23:23,,
1691551620,3.42,23.658,7.739,0.963,7450-770855,TRUE,8/8/2023 23:27,2023-LCS-NWA-080823-001A,8/8/2023,23:27,,
1691551620,3.41,22.103,3.151,0.975,7450-064567,TRUE,8/8/2023 23:27,2023-LCS-NWA-080823-003A,8/8/2023,23:27,,
1691551920,3.45,21.895,2.751,0.985,7450-778298,TRUE,8/8/2023 23:32,2023-LCS-NWA-080823-005A,8/8/2023,23:32,,
1691551980,3.42,23.036,7.964,0.918,7450-049711,TRUE,8/8/2023 23:33,2023-LCS-NWA-080823-002A,8/8/2023,23:33,,
1691552220,3.42,23.583,7.606,0.962,7450-770855,TRUE,8/8/2023 23:37,2023-LCS-NWA-080823-001A,8/8/2023,23:37,,
1691552220,3.42,22.02,2.86,0.975,7450-064567,TRUE,8/8/2023 23:37,2023-LCS-NWA-080823-003A,8/8/2023,23:37,,
1691552520,3.45,22.054,3.496,0.985,7450-778298,TRUE,8/8/2023 23:42,2023-LCS-NWA-080823-005A,8/8/2023,23:42,,
1691552580,3.42,23.019,7.921,0.919,7450-049711,TRUE,8/8/2023 23:43,2023-LCS-NWA-080823-002A,8/8/2023,23:43,,
1691552820,3.42,23.516,7.491,0.962,7450-770855,TRUE,8/8/2023 23:47,2023-LCS-NWA-080823-001A,8/8/2023,23:47,,
1691552820,3.42,21.995,2.869,0.975,7450-064567,TRUE,8/8/2023 23:47,2023-LCS-NWA-080823-003A,8/8/2023,23:47,,
1691553120,3.45,21.978,2.894,0.985,7450-778298,TRUE,8/8/2023 23:52,2023-LCS-NWA-080823-005A,8/8/2023,23:52,,
1691553180,3.42,22.977,7.749,0.918,7450-049711,TRUE,8/8/2023 23:53,2023-LCS-NWA-080823-002A,8/8/2023,23:53,,
1691553420,3.42,23.457,7.245,0.962,7450-770855,TRUE,8/8/2023 23:57,2023-LCS-NWA-080823-001A,8/8/2023,23:57,,
1691553420,3.42,21.903,2.63,0.975,7450-064567,TRUE,8/8/2023 23:57,2023-LCS-NWA-080823-003A,8/8/2023,23:57,,
1691553720,3.45,21.987,2.996,0.985,7450-778298,TRUE,8/9/2023 0:02,2023-LCS-NWA-080823-005A,8/9/2023,0:02,,
1691553780,3.42,22.91,7.337,0.918,7450-049711,TRUE,8/9/2023 0:03,2023-LCS-NWA-080823-002A,8/9/2023,0:03,,
1691554020,3.42,23.399,6.979,0.962,7450-770855,TRUE,8/9/2023 0:07,2023-LCS-NWA-080823-001A,8/9/2023,0:07,,
1691554020,3.42,21.894,2.565,0.975,7450-064567,TRUE,8/9/2023 0:07,2023-LCS-NWA-080823-003A,8/9/2023,0:07,,
1691554320,3.45,21.953,2.951,0.986,7450-778298,TRUE,8/9/2023 0:12,2023-LCS-NWA-080823-005A,8/9/2023,0:12,,
1691554380,3.42,22.877,7.39,0.918,7450-049711,TRUE,8/9/2023 0:13,2023-LCS-NWA-080823-002A,8/9/2023,0:13,,
1691554620,3.42,23.34,6.818,0.962,7450-770855,TRUE,8/9/2023 0:17,2023-LCS-NWA-080823-001A,8/9/2023,0:17,,
1691554620,3.42,21.869,2.329,0.975,7450-064567,TRUE,8/9/2023 0:17,2023-LCS-NWA-080823-003A,8/9/2023,0:17,,
1691554920,3.45,21.878,2.756,0.986,7450-778298,TRUE,8/9/2023 0:22,2023-LCS-NWA-080823-005A,8/9/2023,0:22,,
1691554980,3.42,22.818,7.113,0.918,7450-049711,TRUE,8/9/2023 0:23,2023-LCS-NWA-080823-002A,8/9/2023,0:23,,
1691555220,3.42,23.307,4.391,0.901,7450-770855,TRUE,8/9/2023 0:27,2023-LCS-NWA-080823-001A,8/9/2023,0:27,,
1691555220,3.42,21.819,2.216,0.975,7450-064567,TRUE,8/9/2023 0:27,2023-LCS-NWA-080823-003A,8/9/2023,0:27,,
1691555520,3.45,21.92,2.699,0.986,7450-778298,TRUE,8/9/2023 0:32,2023-LCS-NWA-080823-005A,8/9/2023,0:32,,
1691555580,3.42,22.793,7.067,0.918,7450-049711,TRUE,8/9/2023 0:33,2023-LCS-NWA-080823-002A,8/9/2023,0:33,,
1691555820,3.42,23.24,4.583,0.931,7450-770855,TRUE,8/9/2023 0:37,2023-LCS-NWA-080823-001A,8/9/2023,0:37,,
1691555820,3.42,21.761,2.013,0.974,7450-064567,TRUE,8/9/2023 0:37,2023-LCS-NWA-080823-003A,8/9/2023,0:37,,
1691556120,3.45,21.769,2.303,0.985,7450-778298,TRUE,8/9/2023 0:42,2023-LCS-NWA-080823-005A,8/9/2023,0:42,,
1691556180,3.42,22.76,6.941,0.918,7450-049711,TRUE,8/9/2023 0:43,2023-LCS-NWA-080823-002A,8/9/2023,0:43,,
1691556420,3.42,23.19,4.673,0.944,7450-770855,TRUE,8/9/2023 0:47,2023-LCS-NWA-080823-001A,8/9/2023,0:47,,
1691556420,3.42,21.736,1.94,0.974,7450-064567,TRUE,8/9/2023 0:47,2023-LCS-NWA-080823-003A,8/9/2023,0:47,,
1691556720,3.45,21.794,2.345,0.986,7450-778298,TRUE,8/9/2023 0:52,2023-LCS-NWA-080823-005A,8/9/2023,0:52,,
1691556780,3.42,22.751,6.897,0.918,7450-049711,TRUE,8/9/2023 0:53,2023-LCS-NWA-080823-002A,8/9/2023,0:53,,
1691557020,3.42,23.165,4.594,0.953,7450-770855,TRUE,8/9/2023 0:57,2023-LCS-NWA-080823-001A,8/9/2023,0:57,,
1691557020,3.42,21.71,1.732,0.974,7450-064567,TRUE,8/9/2023 0:57,2023-LCS-NWA-080823-003A,8/9/2023,0:57,,
1691557320,3.45,21.719,2.046,0.985,7450-778298,TRUE,8/9/2023 1:02,2023-LCS-NWA-080823-005A,8/9/2023,1:02,,
1691557380,3.42,22.71,6.793,0.919,7450-049711,TRUE,8/9/2023 1:03,2023-LCS-NWA-080823-002A,8/9/2023,1:03,,
1691557620,3.42,23.114,4.375,0.959,7450-770855,TRUE,8/9/2023 1:07,2023-LCS-NWA-080823-001A,8/9/2023,1:07,,
1691557620,3.42,21.669,1.636,0.973,7450-064567,TRUE,8/9/2023 1:07,2023-LCS-NWA-080823-003A,8/9/2023,1:07,,
1691557920,3.45,21.861,2.461,0.986,7450-778298,TRUE,8/9/2023 1:12,2023-LCS-NWA-080823-005A,8/9/2023,1:12,,
1691557980,3.42,22.676,6.794,0.918,7450-049711,TRUE,8/9/2023 1:13,2023-LCS-NWA-080823-002A,8/9/2023,1:13,,
1691558220,3.42,23.056,4.606,0.957,7450-770855,TRUE,8/9/2023 1:17,2023-LCS-NWA-080823-001A,8/9/2023,1:17,,
1691558220,3.42,21.652,1.403,0.972,7450-064567,TRUE,8/9/2023 1:17,2023-LCS-NWA-080823-003A,8/9/2023,1:17,,
1691558520,3.45,21.869,2.385,0.986,7450-778298,TRUE,8/9/2023 1:22,2023-LCS-NWA-080823-005A,8/9/2023,1:22,,
1691558580,3.42,22.626,6.499,0.918,7450-049711,TRUE,8/9/2023 1:23,2023-LCS-NWA-080823-002A,8/9/2023,1:23,,
1691558820,3.42,23.022,4.502,0.962,7450-770855,TRUE,8/9/2023 1:27,2023-LCS-NWA-080823-001A,8/9/2023,1:27,,
1691558820,3.42,21.618,1.376,0.972,7450-064567,TRUE,8/9/2023 1:27,2023-LCS-NWA-080823-003A,8/9/2023,1:27,,
1691559120,3.45,21.878,2.284,0.986,7450-778298,TRUE,8/9/2023 1:32,2023-LCS-NWA-080823-005A,8/9/2023,1:32,,
1691559180,3.42,22.592,6.415,0.918,7450-049711,TRUE,8/9/2023 1:33,2023-LCS-NWA-080823-002A,8/9/2023,1:33,,
1691559420,3.42,22.972,4.581,0.96,7450-770855,TRUE,8/9/2023 1:37,2023-LCS-NWA-080823-001A,8/9/2023,1:37,,
1691559420,3.42,21.602,1.286,0.971,7450-064567,TRUE,8/9/2023 1:37,2023-LCS-NWA-080823-003A,8/9/2023,1:37,,
1691559720,3.45,21.828,2.053,0.985,7450-778298,TRUE,8/9/2023 1:42,2023-LCS-NWA-080823-005A,8/9/2023,1:42,,
1691559780,3.42,22.559,6.191,0.917,7450-049711,TRUE,8/9/2023 1:43,2023-LCS-NWA-080823-002A,8/9/2023,1:43,,
1691560020,3.42,22.947,4.57,0.959,7450-770855,TRUE,8/9/2023 1:47,2023-LCS-NWA-080823-001A,8/9/2023,1:47,,
1691560020,3.42,21.568,1.176,0.97,7450-064567,TRUE,8/9/2023 1:47,2023-LCS-NWA-080823-003A,8/9/2023,1:47,,
1691560320,3.45,21.844,2.168,0.985,7450-778298,TRUE,8/9/2023 1:52,2023-LCS-NWA-080823-005A,8/9/2023,1:52,,
1691560380,3.42,22.526,5.977,0.918,7450-049711,TRUE,8/9/2023 1:53,2023-LCS-NWA-080823-002A,8/9/2023,1:53,,
1691560620,3.42,22.905,4.468,0.96,7450-770855,TRUE,8/9/2023 1:57,2023-LCS-NWA-080823-001A,8/9/2023,1:57,,
1691560620,3.42,21.535,1.118,0.97,7450-064567,TRUE,8/9/2023 1:57,2023-LCS-NWA-080823-003A,8/9/2023,1:57,,
1691560920,3.45,21.811,2.128,0.985,7450-778298,TRUE,8/9/2023 2:02,2023-LCS-NWA-080823-005A,8/9/2023,2:02,,
1691560980,3.42,22.509,5.809,0.918,7450-049711,TRUE,8/9/2023 2:03,2023-LCS-NWA-080823-002A,8/9/2023,2:03,,
1691561220,3.42,22.855,4.455,0.958,7450-770855,TRUE,8/9/2023 2:07,2023-LCS-NWA-080823-001A,8/9/2023,2:07,,
1691561220,3.42,21.543,0.942,0.968,7450-064567,TRUE,8/9/2023 2:07,2023-LCS-NWA-080823-003A,8/9/2023,2:07,,
1691561520,3.45,21.752,2.022,0.985,7450-778298,TRUE,8/9/2023 2:12,2023-LCS-NWA-080823-005A,8/9/2023,2:12,,
1691561580,3.42,22.459,5.654,0.918,7450-049711,TRUE,8/9/2023 2:13,2023-LCS-NWA-080823-002A,8/9/2023,2:13,,
1691561820,3.42,22.813,4.394,0.958,7450-770855,TRUE,8/9/2023 2:17,2023-LCS-NWA-080823-001A,8/9/2023,2:17,,
1691561820,3.42,21.526,0.889,0.968,7450-064567,TRUE,8/9/2023 2:17,2023-LCS-NWA-080823-003A,8/9/2023,2:17,,
1691562120,3.45,21.786,2.126,0.985,7450-778298,TRUE,8/9/2023 2:22,2023-LCS-NWA-080823-005A,8/9/2023,2:22,,
1691562180,3.42,22.434,5.588,0.918,7450-049711,TRUE,8/9/2023 2:23,2023-LCS-NWA-080823-002A,8/9/2023,2:23,,
1691562420,3.42,22.78,4.505,0.955,7450-770855,TRUE,8/9/2023 2:27,2023-LCS-NWA-080823-001A,8/9/2023,2:27,,
1691562420,3.42,21.485,0.794,0.966,7450-064567,TRUE,8/9/2023 2:27,2023-LCS-NWA-080823-003A,8/9/2023,2:27,,
1691562720,3.45,21.761,2.023,0.985,7450-778298,TRUE,8/9/2023 2:32,2023-LCS-NWA-080823-005A,8/9/2023,2:32,,
1691562780,3.42,22.367,5.099,0.918,7450-049711,TRUE,8/9/2023 2:33,2023-LCS-NWA-080823-002A,8/9/2023,2:33,,
1691563020,3.42,22.763,4.402,0.955,7450-770855,TRUE,8/9/2023 2:37,2023-LCS-NWA-080823-001A,8/9/2023,2:37,,
1691563020,3.42,21.468,0.795,0.966,7450-064567,TRUE,8/9/2023 2:37,2023-LCS-NWA-080823-003A,8/9/2023,2:37,,
1691563320,3.45,21.727,1.922,0.985,7450-778298,TRUE,8/9/2023 2:42,2023-LCS-NWA-080823-005A,8/9/2023,2:42,,
1691563380,3.42,22.383,5.064,0.918,7450-049711,TRUE,8/9/2023 2:43,2023-LCS-NWA-080823-002A,8/9/2023,2:43,,
1691563620,3.42,22.705,4.248,0.957,7450-770855,TRUE,8/9/2023 2:47,2023-LCS-NWA-080823-001A,8/9/2023,2:47,,
1691563620,3.42,21.443,0.69,0.965,7450-064567,TRUE,8/9/2023 2:47,2023-LCS-NWA-080823-003A,8/9/2023,2:47,,
1691563920,3.45,21.694,1.873,0.985,7450-778298,TRUE,8/9/2023 2:52,2023-LCS-NWA-080823-005A,8/9/2023,2:52,,
1691563980,3.42,22.367,5.046,0.918,7450-049711,TRUE,8/9/2023 2:53,2023-LCS-NWA-080823-002A,8/9/2023,2:53,,
1691564220,3.42,22.671,4.32,0.955,7450-770855,TRUE,8/9/2023 2:57,2023-LCS-NWA-080823-001A,8/9/2023,2:57,,
1691564220,3.42,21.426,0.603,0.964,7450-064567,TRUE,8/9/2023 2:57,2023-LCS-NWA-080823-003A,8/9/2023,2:57,,
1691564520,3.45,21.719,1.815,0.985,7450-778298,TRUE,8/9/2023 3:02,2023-LCS-NWA-080823-005A,8/9/2023,3:02,,
1691564580,3.42,22.333,4.861,0.918,7450-049711,TRUE,8/9/2023 3:03,2023-LCS-NWA-080823-002A,8/9/2023,3:03,,
1691564820,3.42,22.646,4.297,0.954,7450-770855,TRUE,8/9/2023 3:07,2023-LCS-NWA-080823-001A,8/9/2023,3:07,,
1691564820,3.42,21.409,0.45,0.961,7450-064567,TRUE,8/9/2023 3:07,2023-LCS-NWA-080823-003A,8/9/2023,3:07,,
1691565120,3.45,21.702,1.77,0.985,7450-778298,TRUE,8/9/2023 3:12,2023-LCS-NWA-080823-005A,8/9/2023,3:12,,
1691565180,3.42,22.316,4.712,0.918,7450-049711,TRUE,8/9/2023 3:13,2023-LCS-NWA-080823-002A,8/9/2023,3:13,,
1691565420,3.42,22.596,4.099,0.955,7450-770855,TRUE,8/9/2023 3:17,2023-LCS-NWA-080823-001A,8/9/2023,3:17,,
1691565420,3.42,21.384,0.417,0.96,7450-064567,TRUE,8/9/2023 3:17,2023-LCS-NWA-080823-003A,8/9/2023,3:17,,
1691565720,3.45,21.66,1.689,0.984,7450-778298,TRUE,8/9/2023 3:22,2023-LCS-NWA-080823-005A,8/9/2023,3:22,,
1691565780,3.42,22.283,4.583,0.918,7450-049711,TRUE,8/9/2023 3:23,2023-LCS-NWA-080823-002A,8/9/2023,3:23,,
1691566020,3.42,22.562,4.056,0.954,7450-770855,TRUE,8/9/2023 3:27,2023-LCS-NWA-080823-001A,8/9/2023,3:27,,
1691566020,3.42,21.368,0.468,0.961,7450-064567,TRUE,8/9/2023 3:27,2023-LCS-NWA-080823-003A,8/9/2023,3:27,,
1691566320,3.45,21.652,1.588,0.984,7450-778298,TRUE,8/9/2023 3:32,2023-LCS-NWA-080823-005A,8/9/2023,3:32,,
1691566380,3.42,22.258,4.493,0.918,7450-049711,TRUE,8/9/2023 3:33,2023-LCS-NWA-080823-002A,8/9/2023,3:33,,
1691566620,3.42,22.521,3.984,0.953,7450-770855,TRUE,8/9/2023 3:37,2023-LCS-NWA-080823-001A,8/9/2023,3:37,,
1691566620,3.42,21.343,0.357,0.959,7450-064567,TRUE,8/9/2023 3:37,2023-LCS-NWA-080823-003A,8/9/2023,3:37,,
1691566920,3.45,21.619,1.487,0.983,7450-778298,TRUE,8/9/2023 3:42,2023-LCS-NWA-080823-005A,8/9/2023,3:42,,
1691566980,3.42,22.241,4.399,0.918,7450-049711,TRUE,8/9/2023 3:43,2023-LCS-NWA-080823-002A,8/9/2023,3:43,,
1691567220,3.42,22.479,4.047,0.949,7450-770855,TRUE,8/9/2023 3:47,2023-LCS-NWA-080823-001A,8/9/2023,3:47,,
1691567220,3.42,21.326,0.278,0.957,7450-064567,TRUE,8/9/2023 3:47,2023-LCS-NWA-080823-003A,8/9/2023,3:47,,
1691567520,3.45,21.56,1.395,0.983,7450-778298,TRUE,8/9/2023 3:52,2023-LCS-NWA-080823-005A,8/9/2023,3:52,,
1691567580,3.42,22.199,4.369,0.918,7450-049711,TRUE,8/9/2023 3:53,2023-LCS-NWA-080823-002A,8/9/2023,3:53,,
1691567820,3.42,22.454,3.93,0.95,7450-770855,TRUE,8/9/2023 3:57,2023-LCS-NWA-080823-001A,8/9/2023,3:57,,
1691567820,3.42,21.267,0.269,0.957,7450-064567,TRUE,8/9/2023 3:57,2023-LCS-NWA-080823-003A,8/9/2023,3:57,,
1691568120,3.45,21.476,1.258,0.982,7450-778298,TRUE,8/9/2023 4:02,2023-LCS-NWA-080823-005A,8/9/2023,4:02,,
1691568180,3.42,22.183,4.248,0.918,7450-049711,TRUE,8/9/2023 4:03,2023-LCS-NWA-080823-002A,8/9/2023,4:03,,
1691568420,3.42,22.404,3.863,0.951,7450-770855,TRUE,8/9/2023 4:07,2023-LCS-NWA-080823-001A,8/9/2023,4:07,,
1691568420,3.42,21.209,0.335,0.958,7450-064567,TRUE,8/9/2023 4:07,2023-LCS-NWA-080823-003A,8/9/2023,4:07,,
1691568720,3.45,21.46,1.236,0.982,7450-778298,TRUE,8/9/2023 4:12,2023-LCS-NWA-080823-005A,8/9/2023,4:12,,
1691568780,3.42,22.132,4.11,0.918,7450-049711,TRUE,8/9/2023 4:13,2023-LCS-NWA-080823-002A,8/9/2023,4:13,,
1691569020,3.42,22.37,3.809,0.951,7450-770855,TRUE,8/9/2023 4:17,2023-LCS-NWA-080823-001A,8/9/2023,4:17,,
1691569020,3.42,21.217,0.209,0.956,7450-064567,TRUE,8/9/2023 4:17,2023-LCS-NWA-080823-003A,8/9/2023,4:17,,
1691569320,3.45,21.485,1.272,0.982,7450-778298,TRUE,8/9/2023 4:22,2023-LCS-NWA-080823-005A,8/9/2023,4:22,,
1691569380,3.42,22.099,4.098,0.918,7450-049711,TRUE,8/9/2023 4:23,2023-LCS-NWA-080823-002A,8/9/2023,4:23,,
1691569620,3.42,22.337,3.751,0.952,7450-770855,TRUE,8/9/2023 4:27,2023-LCS-NWA-080823-001A,8/9/2023,4:27,,
1691569620,3.42,21.184,0.191,0.955,7450-064567,TRUE,8/9/2023 4:27,2023-LCS-NWA-080823-003A,8/9/2023,4:27,,
1691569920,3.45,21.393,1.178,0.982,7450-778298,TRUE,8/9/2023 4:32,2023-LCS-NWA-080823-005A,8/9/2023,4:32,,
1691569980,3.42,22.066,3.9,0.919,7450-049711,TRUE,8/9/2023 4:33,2023-LCS-NWA-080823-002A,8/9/2023,4:33,,
1691570220,3.42,22.303,3.699,0.954,7450-770855,TRUE,8/9/2023 4:37,2023-LCS-NWA-080823-001A,8/9/2023,4:37,,
1691570220,3.42,21.159,0.184,0.955,7450-064567,TRUE,8/9/2023 4:37,2023-LCS-NWA-080823-003A,8/9/2023,4:37,,
1691570520,3.45,21.434,1.177,0.981,7450-778298,TRUE,8/9/2023 4:42,2023-LCS-NWA-080823-005A,8/9/2023,4:42,,
1691570580,3.42,22.015,3.675,0.918,7450-049711,TRUE,8/9/2023 4:43,2023-LCS-NWA-080823-002A,8/9/2023,4:43,,
1691570820,3.42,22.27,3.742,0.952,7450-770855,TRUE,8/9/2023 4:47,2023-LCS-NWA-080823-001A,8/9/2023,4:47,,
1691570820,3.42,21.133,0.153,0.954,7450-064567,TRUE,8/9/2023 4:47,2023-LCS-NWA-080823-003A,8/9/2023,4:47,,
1691571120,3.45,21.409,1.122,0.981,7450-778298,TRUE,8/9/2023 4:52,2023-LCS-NWA-080823-005A,8/9/2023,4:52,,
1691571180,3.42,21.99,3.541,0.918,7450-049711,TRUE,8/9/2023 4:53,2023-LCS-NWA-080823-002A,8/9/2023,4:53,,
1691571420,3.42,22.203,3.572,0.954,7450-770855,TRUE,8/9/2023 4:57,2023-LCS-NWA-080823-001A,8/9/2023,4:57,,
1691571420,3.42,21.133,0.141,0.954,7450-064567,TRUE,8/9/2023 4:57,2023-LCS-NWA-080823-003A,8/9/2023,4:57,,
1691571720,3.45,21.434,1.245,0.982,7450-778298,TRUE,8/9/2023 5:02,2023-LCS-NWA-080823-005A,8/9/2023,5:02,,
1691571780,3.42,21.932,3.355,0.918,7450-049711,TRUE,8/9/2023 5:03,2023-LCS-NWA-080823-002A,8/9/2023,5:03,,
1691572020,3.42,22.195,3.392,0.955,7450-770855,TRUE,8/9/2023 5:07,2023-LCS-NWA-080823-001A,8/9/2023,5:07,,
1691572020,3.41,21.067,0.127,0.953,7450-064567,TRUE,8/9/2023 5:07,2023-LCS-NWA-080823-003A,8/9/2023,5:07,,
1691572320,3.45,21.418,1.212,0.981,7450-778298,TRUE,8/9/2023 5:12,2023-LCS-NWA-080823-005A,8/9/2023,5:12,,
1691572380,3.42,21.915,3.318,0.918,7450-049711,TRUE,8/9/2023 5:13,2023-LCS-NWA-080823-002A,8/9/2023,5:13,,
1691572620,3.42,22.153,3.726,0.956,7450-770855,TRUE,8/9/2023 5:17,2023-LCS-NWA-080823-001A,8/9/2023,5:17,,
1691572620,3.41,21.033,0.14,0.954,7450-064567,TRUE,8/9/2023 5:17,2023-LCS-NWA-080823-003A,8/9/2023,5:17,,
1691572920,3.45,21.384,1.155,0.981,7450-778298,TRUE,8/9/2023 5:22,2023-LCS-NWA-080823-005A,8/9/2023,5:22,,
1691572980,3.42,21.848,3.23,0.918,7450-049711,TRUE,8/9/2023 5:23,2023-LCS-NWA-080823-002A,8/9/2023,5:23,,
1691573220,3.42,22.094,3.823,0.96,7450-770855,TRUE,8/9/2023 5:27,2023-LCS-NWA-080823-001A,8/9/2023,5:27,,
1691573220,3.41,21.025,0.105,0.953,7450-064567,TRUE,8/9/2023 5:27,2023-LCS-NWA-080823-003A,8/9/2023,5:27,,
1691573520,3.45,21.359,1.215,0.981,7450-778298,TRUE,8/9/2023 5:32,2023-LCS-NWA-080823-005A,8/9/2023,5:32,,
1691573580,3.42,21.873,3.222,0.919,7450-049711,TRUE,8/9/2023 5:33,2023-LCS-NWA-080823-002A,8/9/2023,5:33,,
1691573820,3.42,22.069,3.845,0.963,7450-770855,TRUE,8/9/2023 5:37,2023-LCS-NWA-080823-001A,8/9/2023,5:37,,
1691573820,3.41,20.991,0.122,0.953,7450-064567,TRUE,8/9/2023 5:37,2023-LCS-NWA-080823-003A,8/9/2023,5:37,,
1691574120,3.45,21.326,1.158,0.981,7450-778298,TRUE,8/9/2023 5:42,2023-LCS-NWA-080823-005A,8/9/2023,5:42,,
1691574180,3.42,21.84,3.148,0.919,7450-049711,TRUE,8/9/2023 5:43,2023-LCS-NWA-080823-002A,8/9/2023,5:43,,
1691574420,3.42,22.019,3.874,0.964,7450-770855,TRUE,8/9/2023 5:47,2023-LCS-NWA-080823-001A,8/9/2023,5:47,,
1691574420,3.41,20.95,0.08,0.952,7450-064567,TRUE,8/9/2023 5:47,2023-LCS-NWA-080823-003A,8/9/2023,5:47,,
1691574720,3.45,21.334,0.996,0.98,7450-778298,TRUE,8/9/2023 5:52,2023-LCS-NWA-080823-005A,8/9/2023,5:52,,
1691574780,3.42,21.84,3.081,0.919,7450-049711,TRUE,8/9/2023 5:53,2023-LCS-NWA-080823-002A,8/9/2023,5:53,,
1691575020,3.42,21.986,3.876,0.965,7450-770855,TRUE,8/9/2023 5:57,2023-LCS-NWA-080823-001A,8/9/2023,5:57,,
1691575020,3.41,20.924,0.1,0.953,7450-064567,TRUE,8/9/2023 5:57,2023-LCS-NWA-080823-003A,8/9/2023,5:57,,
1691575320,3.45,21.276,1.012,0.98,7450-778298,TRUE,8/9/2023 6:02,2023-LCS-NWA-080823-005A,8/9/2023,6:02,,
1691575380,3.42,21.773,2.94,0.919,7450-049711,TRUE,8/9/2023 6:03,2023-LCS-NWA-080823-002A,8/9/2023,6:03,,
1691575620,3.42,21.961,3.894,0.965,7450-770855,TRUE,8/9/2023 6:07,2023-LCS-NWA-080823-001A,8/9/2023,6:07,,
1691575620,3.41,20.916,0.08,0.952,7450-064567,TRUE,8/9/2023 6:07,2023-LCS-NWA-080823-003A,8/9/2023,6:07,,
1691575920,3.45,21.259,0.861,0.978,7450-778298,TRUE,8/9/2023 6:12,2023-LCS-NWA-080823-005A,8/9/2023,6:12,,
1691575980,3.42,21.781,2.776,0.919,7450-049711,TRUE,8/9/2023 6:13,2023-LCS-NWA-080823-002A,8/9/2023,6:13,,
1691576220,3.42,21.911,3.974,0.966,7450-770855,TRUE,8/9/2023 6:17,2023-LCS-NWA-080823-001A,8/9/2023,6:17,,
1691576220,3.41,20.874,0.084,0.952,7450-064567,TRUE,8/9/2023 6:17,2023-LCS-NWA-080823-003A,8/9/2023,6:17,,
1691576520,3.45,21.25,0.759,0.977,7450-778298,TRUE,8/9/2023 6:22,2023-LCS-NWA-080823-005A,8/9/2023,6:22,,
1691576580,3.42,21.731,2.641,0.919,7450-049711,TRUE,8/9/2023 6:23,2023-LCS-NWA-080823-002A,8/9/2023,6:23,,
1691576820,3.42,21.877,4.013,0.966,7450-770855,TRUE,8/9/2023 6:27,2023-LCS-NWA-080823-001A,8/9/2023,6:27,,
1691576820,3.41,20.858,0.079,0.952,7450-064567,TRUE,8/9/2023 6:27,2023-LCS-NWA-080823-003A,8/9/2023,6:27,,
1691577120,3.45,21.209,0.767,0.977,7450-778298,TRUE,8/9/2023 6:32,2023-LCS-NWA-080823-005A,8/9/2023,6:32,,
1691577180,3.42,21.698,2.528,0.919,7450-049711,TRUE,8/9/2023 6:33,2023-LCS-NWA-080823-002A,8/9/2023,6:33,,
1691577420,3.42,21.869,3.869,0.966,7450-770855,TRUE,8/9/2023 6:37,2023-LCS-NWA-080823-001A,8/9/2023,6:37,,
1691577420,3.41,20.816,0.107,0.953,7450-064567,TRUE,8/9/2023 6:37,2023-LCS-NWA-080823-003A,8/9/2023,6:37,,
1691577720,3.45,21.158,0.73,0.977,7450-778298,TRUE,8/9/2023 6:42,2023-LCS-NWA-080823-005A,8/9/2023,6:42,,
1691577780,3.42,21.689,2.317,0.919,7450-049711,TRUE,8/9/2023 6:43,2023-LCS-NWA-080823-002A,8/9/2023,6:43,,
1691578020,3.42,21.835,3.759,0.965,7450-770855,TRUE,8/9/2023 6:47,2023-LCS-NWA-080823-001A,8/9/2023,6:47,,
1691578020,3.41,20.799,0.119,0.953,7450-064567,TRUE,8/9/2023 6:47,2023-LCS-NWA-080823-003A,8/9/2023,6:47,,
1691578320,3.45,21.117,0.803,0.978,7450-778298,TRUE,8/9/2023 6:52,2023-LCS-NWA-080823-005A,8/9/2023,6:52,,
1691578380,3.42,21.664,2.225,0.918,7450-049711,TRUE,8/9/2023 6:53,2023-LCS-NWA-080823-002A,8/9/2023,6:53,,
1691578620,3.42,21.785,3.803,0.966,7450-770855,TRUE,8/9/2023 6:57,2023-LCS-NWA-080823-001A,8/9/2023,6:57,,
1691578620,3.41,20.782,0.093,0.953,7450-064567,TRUE,8/9/2023 6:57,2023-LCS-NWA-080823-003A,8/9/2023,6:57,,
1691578920,3.45,21.1,0.682,0.976,7450-778298,TRUE,8/9/2023 7:02,2023-LCS-NWA-080823-005A,8/9/2023,7:02,,
1691578980,3.42,21.631,2.069,0.918,7450-049711,TRUE,8/9/2023 7:03,2023-LCS-NWA-080823-002A,8/9/2023,7:03,,
1691579220,3.42,21.76,3.734,0.966,7450-770855,TRUE,8/9/2023 7:07,2023-LCS-NWA-080823-001A,8/9/2023,7:07,,
1691579220,3.41,20.791,0.09,0.952,7450-064567,TRUE,8/9/2023 7:07,2023-LCS-NWA-080823-003A,8/9/2023,7:07,,
1691579520,3.44,21.033,0.624,0.976,7450-778298,TRUE,8/9/2023 7:12,2023-LCS-NWA-080823-005A,8/9/2023,7:12,,
1691579580,3.42,21.597,1.917,0.918,7450-049711,TRUE,8/9/2023 7:13,2023-LCS-NWA-080823-002A,8/9/2023,7:13,,
1691579820,3.42,21.718,3.611,0.965,7450-770855,TRUE,8/9/2023 7:17,2023-LCS-NWA-080823-001A,8/9/2023,7:17,,
1691579820,3.41,20.774,0.05,0.951,7450-064567,TRUE,8/9/2023 7:17,2023-LCS-NWA-080823-003A,8/9/2023,7:17,,
1691580120,3.44,21.05,0.645,0.975,7450-778298,TRUE,8/9/2023 7:22,2023-LCS-NWA-080823-005A,8/9/2023,7:22,,
1691580180,3.42,21.597,1.836,0.918,7450-049711,TRUE,8/9/2023 7:23,2023-LCS-NWA-080823-002A,8/9/2023,7:23,,
1691580420,3.42,21.718,3.527,0.966,7450-770855,TRUE,8/9/2023 7:27,2023-LCS-NWA-080823-001A,8/9/2023,7:27,,
1691580420,3.41,20.757,0.09,0.953,7450-064567,TRUE,8/9/2023 7:27,2023-LCS-NWA-080823-003A,8/9/2023,7:27,,
1691580720,3.44,21.058,0.636,0.976,7450-778298,TRUE,8/9/2023 7:32,2023-LCS-NWA-080823-005A,8/9/2023,7:32,,
1691580780,3.42,21.581,1.757,0.918,7450-049711,TRUE,8/9/2023 7:33,2023-LCS-NWA-080823-002A,8/9/2023,7:33,,
1691581020,3.42,21.702,3.447,0.965,7450-770855,TRUE,8/9/2023 7:37,2023-LCS-NWA-080823-001A,8/9/2023,7:37,,
1691581020,3.41,20.757,0.11,0.953,7450-064567,TRUE,8/9/2023 7:37,2023-LCS-NWA-080823-003A,8/9/2023,7:37,,
1691581320,3.44,21.025,0.586,0.975,7450-778298,TRUE,8/9/2023 7:42,2023-LCS-NWA-080823-005A,8/9/2023,7:42,,
1691581380,3.42,21.597,1.767,0.917,7450-049711,TRUE,8/9/2023 7:43,2023-LCS-NWA-080823-002A,8/9/2023,7:43,,
1691581620,3.42,21.693,3.069,0.967,7450-770855,TRUE,8/9/2023 7:47,2023-LCS-NWA-080823-001A,8/9/2023,7:47,,
1691581620,3.41,20.765,0.086,0.952,7450-064567,TRUE,8/9/2023 7:47,2023-LCS-NWA-080823-003A,8/9/2023,7:47,,
1691581920,3.44,20.999,0.68,0.976,7450-778298,TRUE,8/9/2023 7:52,2023-LCS-NWA-080823-005A,8/9/2023,7:52,,
1691581980,3.42,21.589,1.807,0.917,7450-049711,TRUE,8/9/2023 7:53,2023-LCS-NWA-080823-002A,8/9/2023,7:53,,
1691582220,3.42,21.685,2.959,0.967,7450-770855,TRUE,8/9/2023 7:57,2023-LCS-NWA-080823-001A,8/9/2023,7:57,,
1691582220,3.41,20.765,0.122,0.954,7450-064567,TRUE,8/9/2023 7:57,2023-LCS-NWA-080823-003A,8/9/2023,7:57,,
1691582520,3.44,20.999,0.653,0.976,7450-778298,TRUE,8/9/2023 8:02,2023-LCS-NWA-080823-005A,8/9/2023,8:02,,
1691582580,3.42,21.606,1.779,0.918,7450-049711,TRUE,8/9/2023 8:03,2023-LCS-NWA-080823-002A,8/9/2023,8:03,,
1691582820,3.42,21.693,2.944,0.967,7450-770855,TRUE,8/9/2023 8:07,2023-LCS-NWA-080823-001A,8/9/2023,8:07,,
1691582820,3.41,20.824,0.194,0.955,7450-064567,TRUE,8/9/2023 8:07,2023-LCS-NWA-080823-003A,8/9/2023,8:07,,
1691583120,3.44,20.999,0.604,0.975,7450-778298,TRUE,8/9/2023 8:12,2023-LCS-NWA-080823-005A,8/9/2023,8:12,,
1691583180,3.42,21.681,1.685,0.917,7450-049711,TRUE,8/9/2023 8:13,2023-LCS-NWA-080823-002A,8/9/2023,8:13,,
1691583420,3.42,21.693,2.914,0.967,7450-770855,TRUE,8/9/2023 8:17,2023-LCS-NWA-080823-001A,8/9/2023,8:17,,
1691583420,3.41,20.74,0.307,0.958,7450-064567,TRUE,8/9/2023 8:17,2023-LCS-NWA-080823-003A,8/9/2023,8:17,,
1691583720,3.44,20.983,0.565,0.975,7450-778298,TRUE,8/9/2023 8:22,2023-LCS-NWA-080823-005A,8/9/2023,8:22,,
1691583780,3.42,21.714,1.861,0.918,7450-049711,TRUE,8/9/2023 8:23,2023-LCS-NWA-080823-002A,8/9/2023,8:23,,
1691584020,3.42,21.718,2.919,0.967,7450-770855,TRUE,8/9/2023 8:27,2023-LCS-NWA-080823-001A,8/9/2023,8:27,,
1691584020,3.41,20.791,0.411,0.96,7450-064567,TRUE,8/9/2023 8:27,2023-LCS-NWA-080823-003A,8/9/2023,8:27,,
1691584320,3.44,21.016,0.622,0.975,7450-778298,TRUE,8/9/2023 8:32,2023-LCS-NWA-080823-005A,8/9/2023,8:32,,
1691584380,3.42,21.739,1.79,0.917,7450-049711,TRUE,8/9/2023 8:33,2023-LCS-NWA-080823-002A,8/9/2023,8:33,,
1691584620,3.42,21.769,2.875,0.967,7450-770855,TRUE,8/9/2023 8:37,2023-LCS-NWA-080823-001A,8/9/2023,8:37,,
1691584620,3.41,20.908,0.603,0.964,7450-064567,TRUE,8/9/2023 8:37,2023-LCS-NWA-080823-003A,8/9/2023,8:37,,
1691584920,3.44,21.033,0.628,0.976,7450-778298,TRUE,8/9/2023 8:42,2023-LCS-NWA-080823-005A,8/9/2023,8:42,,
1691584980,3.42,21.798,1.741,0.917,7450-049711,TRUE,8/9/2023 8:43,2023-LCS-NWA-080823-002A,8/9/2023,8:43,,
1691585220,3.42,21.827,2.994,0.967,7450-770855,TRUE,8/9/2023 8:47,2023-LCS-NWA-080823-001A,8/9/2023,8:47,,
1691585220,3.41,20.933,0.678,0.965,7450-064567,TRUE,8/9/2023 8:47,2023-LCS-NWA-080823-003A,8/9/2023,8:47,,
1691585520,3.45,21.075,0.632,0.975,7450-778298,TRUE,8/9/2023 8:52,2023-LCS-NWA-080823-005A,8/9/2023,8:52,,
1691585580,3.42,21.915,1.762,0.917,7450-049711,TRUE,8/9/2023 8:53,2023-LCS-NWA-080823-002A,8/9/2023,8:53,,
1691585820,3.42,21.835,3.148,0.967,7450-770855,TRUE,8/9/2023 8:57,2023-LCS-NWA-080823-001A,8/9/2023,8:57,,
1691585820,3.41,20.966,0.71,0.965,7450-064567,TRUE,8/9/2023 8:57,2023-LCS-NWA-080823-003A,8/9/2023,8:57,,
1691586120,3.45,21.083,0.579,0.975,7450-778298,TRUE,8/9/2023 9:02,2023-LCS-NWA-080823-005A,8/9/2023,9:02,,
1691586180,3.42,21.974,1.884,0.917,7450-049711,TRUE,8/9/2023 9:03,2023-LCS-NWA-080823-002A,8/9/2023,9:03,,
1691586420,3.42,21.911,3.203,0.967,7450-770855,TRUE,8/9/2023 9:07,2023-LCS-NWA-080823-001A,8/9/2023,9:07,,
1691586420,3.41,20.983,0.81,0.966,7450-064567,TRUE,8/9/2023 9:07,2023-LCS-NWA-080823-003A,8/9/2023,9:07,,
1691586720,3.45,21.117,0.639,0.975,7450-778298,TRUE,8/9/2023 9:12,2023-LCS-NWA-080823-005A,8/9/2023,9:12,,
1691586780,3.42,22.074,2.391,0.918,7450-049711,TRUE,8/9/2023 9:13,2023-LCS-NWA-080823-002A,8/9/2023,9:13,,
1691587020,3.42,21.944,3.322,0.967,7450-770855,TRUE,8/9/2023 9:17,2023-LCS-NWA-080823-001A,8/9/2023,9:17,,
1691587020,3.42,21.15,1.261,0.971,7450-064567,TRUE,8/9/2023 9:17,2023-LCS-NWA-080823-003A,8/9/2023,9:17,,
1691587320,3.45,21.125,0.682,0.976,7450-778298,TRUE,8/9/2023 9:22,2023-LCS-NWA-080823-005A,8/9/2023,9:22,,
1691587380,3.42,22.241,2.423,0.918,7450-049711,TRUE,8/9/2023 9:23,2023-LCS-NWA-080823-002A,8/9/2023,9:23,,
1691587620,3.42,22.003,3.115,0.967,7450-770855,TRUE,8/9/2023 9:27,2023-LCS-NWA-080823-001A,8/9/2023,9:27,,
1691587620,3.42,21.2,1.222,0.97,7450-064567,TRUE,8/9/2023 9:27,2023-LCS-NWA-080823-003A,8/9/2023,9:27,,
1691587920,3.45,21.175,0.856,0.978,7450-778298,TRUE,8/9/2023 9:32,2023-LCS-NWA-080823-005A,8/9/2023,9:32,,
1691587980,3.42,22.35,2.501,0.918,7450-049711,TRUE,8/9/2023 9:33,2023-LCS-NWA-080823-002A,8/9/2023,9:33,,
1691588220,3.42,22.069,3.01,0.967,7450-770855,TRUE,8/9/2023 9:37,2023-LCS-NWA-080823-001A,8/9/2023,9:37,,
1691588220,3.42,21.167,1.067,0.969,7450-064567,TRUE,8/9/2023 9:37,2023-LCS-NWA-080823-003A,8/9/2023,9:37,,
1691588520,3.45,21.184,0.748,0.977,7450-778298,TRUE,8/9/2023 9:42,2023-LCS-NWA-080823-005A,8/9/2023,9:42,,
1691588580,3.42,22.467,2.626,0.918,7450-049711,TRUE,8/9/2023 9:43,2023-LCS-NWA-080823-002A,8/9/2023,9:43,,
1691588820,3.42,22.111,3.008,0.967,7450-770855,TRUE,8/9/2023 9:47,2023-LCS-NWA-080823-001A,8/9/2023,9:47,,
1691588820,3.42,21.167,1.094,0.969,7450-064567,TRUE,8/9/2023 9:47,2023-LCS-NWA-080823-003A,8/9/2023,9:47,,
1691589120,3.45,21.192,0.842,0.978,7450-778298,TRUE,8/9/2023 9:52,2023-LCS-NWA-080823-005A,8/9/2023,9:52,,
,,,,,,FISH,8/9/2023 9:53,2023-LCS-NWA-080823-001A,8/9/2023,9:53,,
1691589180,3.42,22.526,2.657,0.918,7450-049711,TRUE,8/9/2023 9:53,2023-LCS-NWA-080823-002A,8/9/2023,9:53,,
1691589420,3.42,22.145,2.975,0.967,7450-770855,FALSE,8/9/2023 9:57,2023-LCS-NWA-080823-001A,8/9/2023,9:57,,
1691589420,3.42,21.284,1.386,0.971,7450-064567,TRUE,8/9/2023 9:57,2023-LCS-NWA-080823-003A,8/9/2023,9:57,,
1691589720,3.45,21.167,0.557,0.975,7450-778298,TRUE,8/9/2023 10:02,2023-LCS-NWA-080823-005A,8/9/2023,10:02,,
1691589780,3.42,22.701,2.83,0.918,7450-049711,TRUE,8/9/2023 10:03,2023-LCS-NWA-080823-002A,8/9/2023,10:03,,
1691590020,3.42,22.245,3.137,0.966,7450-770855,FALSE,8/9/2023 10:07,2023-LCS-NWA-080823-001A,8/9/2023,10:07,,
1691590020,3.42,21.334,1.349,0.971,7450-064567,TRUE,8/9/2023 10:07,2023-LCS-NWA-080823-003A,8/9/2023,10:07,,
1691590320,3.45,21.192,0.655,0.976,7450-778298,TRUE,8/9/2023 10:12,2023-LCS-NWA-080823-005A,8/9/2023,10:12,,
1691590380,3.42,22.743,2.758,0.918,7450-049711,TRUE,8/9/2023 10:13,2023-LCS-NWA-080823-002A,8/9/2023,10:13,,
1691590620,3.42,21.292,1.064,0.968,7450-064567,TRUE,8/9/2023 10:17,2023-LCS-NWA-080823-003A,8/9/2023,10:17,,
1691590920,3.45,21.284,0.8,0.978,7450-778298,TRUE,8/9/2023 10:22,2023-LCS-NWA-080823-005A,8/9/2023,10:22,,
1691590980,3.42,22.726,2.287,0.918,7450-049711,TRUE,8/9/2023 10:23,2023-LCS-NWA-080823-002A,8/9/2023,10:23,,
1691591220,3.41,21.451,1.239,0.97,7450-064567,TRUE,8/9/2023 10:27,2023-LCS-NWA-080823-003A,8/9/2023,10:27,,
1691591520,3.45,21.276,0.449,0.973,7450-778298,TRUE,8/9/2023 10:32,2023-LCS-NWA-080823-005A,8/9/2023,10:32,,
1691591580,3.42,22.877,2.323,0.918,7450-049711,TRUE,8/9/2023 10:33,2023-LCS-NWA-080823-002A,8/9/2023,10:33,,
1691591820,3.41,21.518,1.36,0.97,7450-064567,TRUE,8/9/2023 10:37,2023-LCS-NWA-080823-003A,8/9/2023,10:37,,
1691592120,3.45,21.267,0.603,0.975,7450-778298,TRUE,8/9/2023 10:42,2023-LCS-NWA-080823-005A,8/9/2023,10:42,,
1691592180,3.42,22.885,2.205,0.918,7450-049711,TRUE,8/9/2023 10:43,2023-LCS-NWA-080823-002A,8/9/2023,10:43,,
,,,,,,FISH,8/9/2023 10:47,2023-LCS-NWA-080823-002A,8/9/2023,10:47,,
1691592420,3.41,21.485,1.203,0.969,7450-064567,TRUE,8/9/2023 10:47,2023-LCS-NWA-080823-003A,8/9/2023,10:47,,
1691592720,3.45,21.292,0.716,0.977,7450-778298,TRUE,8/9/2023 10:52,2023-LCS-NWA-080823-005A,8/9/2023,10:52,,
1691592780,3.42,23.019,7.843,0.915,7450-049711,FALSE,8/9/2023 10:53,2023-LCS-NWA-080823-002A,8/9/2023,10:53,,
1691593020,3.41,21.51,1.16,0.969,7450-064567,TRUE,8/9/2023 10:57,2023-LCS-NWA-080823-003A,8/9/2023,10:57,,
1691593320,3.45,21.292,0.546,0.974,7450-778298,TRUE,8/9/2023 11:02,2023-LCS-NWA-080823-005A,8/9/2023,11:02,,
1691593620,3.41,21.694,1.553,0.971,7450-064567,TRUE,8/9/2023 11:07,2023-LCS-NWA-080823-003A,8/9/2023,11:07,,
1691593920,3.45,21.317,0.355,0.971,7450-778298,TRUE,8/9/2023 11:12,2023-LCS-NWA-080823-005A,8/9/2023,11:12,,
1691594220,3.41,21.518,0.878,0.966,7450-064567,TRUE,8/9/2023 11:17,2023-LCS-NWA-080823-003A,8/9/2023,11:17,,
1691594520,3.45,21.351,0.444,0.973,7450-778298,TRUE,8/9/2023 11:22,2023-LCS-NWA-080823-005A,8/9/2023,11:22,,
1691594820,3.41,21.593,1.016,0.968,7450-064567,TRUE,8/9/2023 11:27,2023-LCS-NWA-080823-003A,8/9/2023,11:27,,
1691595120,3.45,21.401,0.338,0.971,7450-778298,TRUE,8/9/2023 11:32,2023-LCS-NWA-080823-005A,8/9/2023,11:32,,
,,,,,,FISH,8/9/2023 11:35,2023-LCS-NWA-080823-003A,8/9/2023,11:35,,
1691595420,3.41,21.736,1.282,0.97,7450-064567,FALSE,8/9/2023 11:37,2023-LCS-NWA-080823-003A,8/9/2023,11:37,,
1691595720,3.45,21.451,0.517,0.974,7450-778298,TRUE,8/9/2023 11:42,2023-LCS-NWA-080823-005A,8/9/2023,11:42,,
1691596020,3.41,22.831,7.962,0.974,7450-064567,FALSE,8/9/2023 11:47,2023-LCS-NWA-080823-003A,8/9/2023,11:47,,
1691596320,3.45,21.46,0.466,0.973,7450-778298,TRUE,8/9/2023 11:52,2023-LCS-NWA-080823-005A,8/9/2023,11:52,,
1691596920,3.45,21.451,0.572,0.974,7450-778298,TRUE,8/9/2023 12:02,2023-LCS-NWA-080823-005A,8/9/2023,12:02,,
1691597520,3.45,21.56,0.574,0.975,7450-778298,TRUE,8/9/2023 12:12,2023-LCS-NWA-080823-005A,8/9/2023,12:12,,
1691598120,3.45,21.535,0.572,0.975,7450-778298,TRUE,8/9/2023 12:22,2023-LCS-NWA-080823-005A,8/9/2023,12:22,,
1691598720,3.44,21.627,0.721,0.977,7450-778298,TRUE,8/9/2023 12:32,2023-LCS-NWA-080823-005A,8/9/2023,12:32,,
1691599320,3.44,21.619,0.83,0.978,7450-778298,TRUE,8/9/2023 12:42,2023-LCS-NWA-080823-005A,8/9/2023,12:42,,
1691599920,3.44,21.66,0.732,0.977,7450-778298,TRUE,8/9/2023 12:52,2023-LCS-NWA-080823-005A,8/9/2023,12:52,,
1691600520,3.44,21.685,0.477,0.973,7450-778298,TRUE,8/9/2023 13:02,2023-LCS-NWA-080823-005A,8/9/2023,13:02,,
,,,,,,FISH,8/9/2023 13:05,2023-LCS-NWA-080823-005A,8/9/2023,13:05,,
1691601120,3.44,21.694,0.722,0.977,7450-778298,FALSE,8/9/2023 13:12,2023-LCS-NWA-080823-005A,8/9/2023,13:12,,
1691601720,3.44,21.744,0.762,0.977,7450-778298,FALSE,8/9/2023 13:22,2023-LCS-NWA-080823-005A,8/9/2023,13:22,,
1691602320,3.44,22.054,1.602,0.984,7450-778298,FALSE,8/9/2023 13:32,2023-LCS-NWA-080823-005A,8/9/2023,13:32,,
1691602920,3.43,26.312,7.705,0.983,7450-778298,FALSE,8/9/2023 13:42,2023-LCS-NWA-080823-005A,8/9/2023,13:42,,
,,25.77,8.85,,YSI,SET,8/9/2023 15:56,2023-LCS-NWA-090823-001A,8/9/2023,15:56,,
1691611020,3.43,26.416,9.351,0.918,7450-049711,TRUE,8/9/2023 15:57,2023-LCS-NWA-090823-001A,8/9/2023,15:57,,
1691611620,3.44,26.002,9.051,0.919,7450-049711,TRUE,8/9/2023 16:07,2023-LCS-NWA-090823-001A,8/9/2023,16:07,,
1691612220,3.44,25.858,9.215,0.918,7450-049711,TRUE,8/9/2023 16:17,2023-LCS-NWA-090823-001A,8/9/2023,16:17,,
,,23.43,4.04,,YSI,SET,8/9/2023 16:24,2023-LCS-NWA-090823-002A,8/9/2023,16:24,,
1691612820,3.44,25.808,9.568,0.919,7450-049711,TRUE,8/9/2023 16:27,2023-LCS-NWA-090823-001A,8/9/2023,16:27,,
1691613120,3.44,24.984,5.133,0.966,7450-770855,TRUE,8/9/2023 16:32,2023-LCS-NWA-090823-002A,8/9/2023,16:32,,
1691613420,3.44,25.808,9.88,0.919,7450-049711,TRUE,8/9/2023 16:37,2023-LCS-NWA-090823-001A,8/9/2023,16:37,,
,,23.59,2.78,,YSI,SET,8/9/2023 16:40,2023-LCS-NWA-090823-003A,8/9/2023,16:40,,
1691613720,3.44,24.463,4.698,0.966,7450-770855,TRUE,8/9/2023 16:42,2023-LCS-NWA-090823-002A,8/9/2023,16:42,,
1691614020,3.44,25.808,9.969,0.92,7450-049711,TRUE,8/9/2023 16:47,2023-LCS-NWA-090823-001A,8/9/2023,16:47,,
1691614320,3.44,24.463,4.365,0.967,7450-770855,TRUE,8/9/2023 16:52,2023-LCS-NWA-090823-002A,8/9/2023,16:52,,
1691614620,3.44,25.799,9.903,0.919,7450-049711,TRUE,8/9/2023 16:57,2023-LCS-NWA-090823-001A,8/9/2023,16:57,,
1691614920,3.44,24.471,4.348,0.967,7450-770855,TRUE,8/9/2023 17:02,2023-LCS-NWA-090823-002A,8/9/2023,17:02,,
1691615220,3.44,25.782,9.578,0.919,7450-049711,TRUE,8/9/2023 17:07,2023-LCS-NWA-090823-001A,8/9/2023,17:07,,
1691615520,3.44,24.446,4.346,0.967,7450-770855,TRUE,8/9/2023 17:12,2023-LCS-NWA-090823-002A,8/9/2023,17:12,,
1691615520,3.45,24.954,1.805,0.985,7450-778298,TRUE,8/9/2023 17:12,2023-LCS-NWA-090823-003A,8/9/2023,17:12,,
1691615820,3.44,25.74,9.808,0.918,7450-049711,TRUE,8/9/2023 17:17,2023-LCS-NWA-090823-001A,8/9/2023,17:17,,
1691616120,3.44,24.48,4.394,0.966,7450-770855,TRUE,8/9/2023 17:22,2023-LCS-NWA-090823-002A,8/9/2023,17:22,,
1691616120,3.46,24.845,1.637,0.985,7450-778298,TRUE,8/9/2023 17:22,2023-LCS-NWA-090823-003A,8/9/2023,17:22,,
1691616420,3.44,25.715,9.95,0.919,7450-049711,TRUE,8/9/2023 17:27,2023-LCS-NWA-090823-001A,8/9/2023,17:27,,
1691616720,3.44,24.497,4.451,0.967,7450-770855,TRUE,8/9/2023 17:32,2023-LCS-NWA-090823-002A,8/9/2023,17:32,,
1691616720,3.45,24.887,1.659,0.985,7450-778298,TRUE,8/9/2023 17:32,2023-LCS-NWA-090823-003A,8/9/2023,17:32,,
1691617020,3.44,25.69,9.962,0.92,7450-049711,TRUE,8/9/2023 17:37,2023-LCS-NWA-090823-001A,8/9/2023,17:37,,
1691617320,3.44,24.497,4.368,0.966,7450-770855,TRUE,8/9/2023 17:42,2023-LCS-NWA-090823-002A,8/9/2023,17:42,,
1691617320,3.45,25.022,1.964,0.985,7450-778298,TRUE,8/9/2023 17:42,2023-LCS-NWA-090823-003A,8/9/2023,17:42,,
1691617440,3.43,24.289,5.769,0.975,7450-064567,FALSE,8/9/2023 17:44,2023-LCS-NWA-090823-006A,8/9/2023,17:44,,
,,23.16,5.44,,YSI,SET,8/9/2023 17:44,2023-LCS-NWA-090823-006A,8/9/2023,17:44,,
1691617620,3.44,25.647,9.963,0.92,7450-049711,TRUE,8/9/2023 17:47,2023-LCS-NWA-090823-001A,8/9/2023,17:47,,
1691617920,3.44,24.471,4.247,0.967,7450-770855,TRUE,8/9/2023 17:52,2023-LCS-NWA-090823-002A,8/9/2023,17:52,,
1691617920,3.45,25.064,2.251,0.986,7450-778298,TRUE,8/9/2023 17:52,2023-LCS-NWA-090823-003A,8/9/2023,17:52,,
1691618040,3.44,23.811,4.89,0.976,7450-064567,TRUE,8/9/2023 17:54,2023-LCS-NWA-090823-006A,8/9/2023,17:54,,
1691618220,3.44,25.597,10.07,0.919,7450-049711,TRUE,8/9/2023 17:57,2023-LCS-NWA-090823-001A,8/9/2023,17:57,,
1691618520,3.44,24.463,4.08,0.967,7450-770855,TRUE,8/9/2023 18:02,2023-LCS-NWA-090823-002A,8/9/2023,18:02,,
1691618520,3.45,25.097,2.394,0.986,7450-778298,TRUE,8/9/2023 18:02,2023-LCS-NWA-090823-003A,8/9/2023,18:02,,
1691618640,3.44,24.012,5.18,0.975,7450-064567,TRUE,8/9/2023 18:04,2023-LCS-NWA-090823-006A,8/9/2023,18:04,,
1691618820,3.44,25.588,9.981,0.919,7450-049711,TRUE,8/9/2023 18:07,2023-LCS-NWA-090823-001A,8/9/2023,18:07,,
1691619120,3.44,24.387,3.851,0.967,7450-770855,TRUE,8/9/2023 18:12,2023-LCS-NWA-090823-002A,8/9/2023,18:12,,
1691619120,3.45,25.106,2.502,0.986,7450-778298,TRUE,8/9/2023 18:12,2023-LCS-NWA-090823-003A,8/9/2023,18:12,,
1691619240,3.43,24.121,5.851,0.976,7450-064567,TRUE,8/9/2023 18:14,2023-LCS-NWA-090823-006A,8/9/2023,18:14,,
1691619420,3.44,25.521,9.768,0.918,7450-049711,TRUE,8/9/2023 18:17,2023-LCS-NWA-090823-001A,8/9/2023,18:17,,
1691619720,3.44,24.304,3.95,0.967,7450-770855,TRUE,8/9/2023 18:22,2023-LCS-NWA-090823-002A,8/9/2023,18:22,,
1691619720,3.45,25.123,3.296,0.986,7450-778298,TRUE,8/9/2023 18:22,2023-LCS-NWA-090823-003A,8/9/2023,18:22,,
1691619840,3.43,24.13,5.864,0.975,7450-064567,TRUE,8/9/2023 18:24,2023-LCS-NWA-090823-006A,8/9/2023,18:24,,
1691620020,3.44,25.529,9.826,0.918,7450-049711,TRUE,8/9/2023 18:27,2023-LCS-NWA-090823-001A,8/9/2023,18:27,,
1691620320,3.43,24.237,3.903,0.966,7450-770855,TRUE,8/9/2023 18:32,2023-LCS-NWA-090823-002A,8/9/2023,18:32,,
1691620320,3.45,25.131,3.269,0.986,7450-778298,TRUE,8/9/2023 18:32,2023-LCS-NWA-090823-003A,8/9/2023,18:32,,
1691620440,3.43,24.088,5.388,0.975,7450-064567,TRUE,8/9/2023 18:34,2023-LCS-NWA-090823-006A,8/9/2023,18:34,,
1691620620,3.44,25.521,9.893,0.919,7450-049711,TRUE,8/9/2023 18:37,2023-LCS-NWA-090823-001A,8/9/2023,18:37,,
1691620920,3.43,24.228,3.561,0.966,7450-770855,TRUE,8/9/2023 18:42,2023-LCS-NWA-090823-002A,8/9/2023,18:42,,
1691620920,3.45,25.123,3.292,0.986,7450-778298,TRUE,8/9/2023 18:42,2023-LCS-NWA-090823-003A,8/9/2023,18:42,,
1691621040,3.43,24.163,5.334,0.975,7450-064567,TRUE,8/9/2023 18:44,2023-LCS-NWA-090823-006A,8/9/2023,18:44,,
1691621220,3.44,25.504,9.979,0.918,7450-049711,TRUE,8/9/2023 18:47,2023-LCS-NWA-090823-001A,8/9/2023,18:47,,
1691621520,3.43,24.195,3.693,0.966,7450-770855,TRUE,8/9/2023 18:52,2023-LCS-NWA-090823-002A,8/9/2023,18:52,,
1691621520,3.45,25.139,3.333,0.986,7450-778298,TRUE,8/9/2023 18:52,2023-LCS-NWA-090823-003A,8/9/2023,18:52,,
1691621640,3.43,24.171,5.902,0.975,7450-064567,TRUE,8/9/2023 18:54,2023-LCS-NWA-090823-006A,8/9/2023,18:54,,
1691621820,3.44,25.479,9.906,0.918,7450-049711,TRUE,8/9/2023 18:57,2023-LCS-NWA-090823-001A,8/9/2023,18:57,,
1691622120,3.43,24.203,3.829,0.966,7450-770855,TRUE,8/9/2023 19:02,2023-LCS-NWA-090823-002A,8/9/2023,19:02,,
1691622120,3.45,25.106,3.221,0.986,7450-778298,TRUE,8/9/2023 19:02,2023-LCS-NWA-090823-003A,8/9/2023,19:02,,
1691622240,3.43,24.113,6.311,0.975,7450-064567,TRUE,8/9/2023 19:04,2023-LCS-NWA-090823-006A,8/9/2023,19:04,,
1691622420,3.44,25.428,9.853,0.918,7450-049711,TRUE,8/9/2023 19:07,2023-LCS-NWA-090823-001A,8/9/2023,19:07,,
1691622720,3.43,24.111,3.934,0.966,7450-770855,TRUE,8/9/2023 19:12,2023-LCS-NWA-090823-002A,8/9/2023,19:12,,
1691622720,3.45,25.038,3.676,0.986,7450-778298,TRUE,8/9/2023 19:12,2023-LCS-NWA-090823-003A,8/9/2023,19:12,,
1691622840,3.44,24.44,8.42,0.976,7450-064567,TRUE,8/9/2023 19:14,2023-LCS-NWA-090823-006A,8/9/2023,19:14,,
1691623020,3.43,25.361,9.819,0.918,7450-049711,TRUE,8/9/2023 19:17,2023-LCS-NWA-090823-001A,8/9/2023,19:17,,
1691623320,3.43,24.128,4.537,0.966,7450-770855,TRUE,8/9/2023 19:22,2023-LCS-NWA-090823-002A,8/9/2023,19:22,,
1691623320,3.45,24.963,3.973,0.985,7450-778298,TRUE,8/9/2023 19:22,2023-LCS-NWA-090823-003A,8/9/2023,19:22,,
1691623440,3.44,24.364,8.25,0.976,7450-064567,TRUE,8/9/2023 19:24,2023-LCS-NWA-090823-006A,8/9/2023,19:24,,
1691623620,3.43,25.31,9.787,0.918,7450-049711,TRUE,8/9/2023 19:27,2023-LCS-NWA-090823-001A,8/9/2023,19:27,,
1691623920,3.43,24.077,4.646,0.966,7450-770855,TRUE,8/9/2023 19:32,2023-LCS-NWA-090823-002A,8/9/2023,19:32,,
1691623920,3.45,24.87,3.896,0.986,7450-778298,TRUE,8/9/2023 19:32,2023-LCS-NWA-090823-003A,8/9/2023,19:32,,
1691624040,3.43,24.222,7.394,0.975,7450-064567,TRUE,8/9/2023 19:34,2023-LCS-NWA-090823-006A,8/9/2023,19:34,,
1691624220,3.43,25.26,9.704,0.918,7450-049711,TRUE,8/9/2023 19:37,2023-LCS-NWA-090823-001A,8/9/2023,19:37,,
1691624520,3.44,23.993,4.359,0.966,7450-770855,TRUE,8/9/2023 19:42,2023-LCS-NWA-090823-002A,8/9/2023,19:42,,
1691624520,3.45,24.786,3.879,0.986,7450-778298,TRUE,8/9/2023 19:42,2023-LCS-NWA-090823-003A,8/9/2023,19:42,,
1691624640,3.43,24.247,7.929,0.976,7450-064567,TRUE,8/9/2023 19:44,2023-LCS-NWA-090823-006A,8/9/2023,19:44,,
1691624820,3.43,25.235,9.697,0.918,7450-049711,TRUE,8/9/2023 19:47,2023-LCS-NWA-090823-001A,8/9/2023,19:47,,
1691625120,3.43,23.935,4.328,0.966,7450-770855,TRUE,8/9/2023 19:52,2023-LCS-NWA-090823-002A,8/9/2023,19:52,,
1691625120,3.45,24.71,4.062,0.985,7450-778298,TRUE,8/9/2023 19:52,2023-LCS-NWA-090823-003A,8/9/2023,19:52,,
1691625240,3.43,24.188,7.458,0.975,7450-064567,TRUE,8/9/2023 19:54,2023-LCS-NWA-090823-006A,8/9/2023,19:54,,
1691625420,3.43,25.184,9.62,0.918,7450-049711,TRUE,8/9/2023 19:57,2023-LCS-NWA-090823-001A,8/9/2023,19:57,,
1691625720,3.44,23.826,4.312,0.966,7450-770855,TRUE,8/9/2023 20:02,2023-LCS-NWA-090823-002A,8/9/2023,20:02,,
1691625720,3.45,24.618,4.034,0.985,7450-778298,TRUE,8/9/2023 20:02,2023-LCS-NWA-090823-003A,8/9/2023,20:02,,
1691625840,3.43,24.163,7.477,0.975,7450-064567,TRUE,8/9/2023 20:04,2023-LCS-NWA-090823-006A,8/9/2023,20:04,,
1691626020,3.43,25.15,9.542,0.917,7450-049711,TRUE,8/9/2023 20:07,2023-LCS-NWA-090823-001A,8/9/2023,20:07,,
1691626320,3.44,23.725,4.125,0.966,7450-770855,TRUE,8/9/2023 20:12,2023-LCS-NWA-090823-002A,8/9/2023,20:12,,
1691626320,3.45,24.551,3.951,0.985,7450-778298,TRUE,8/9/2023 20:12,2023-LCS-NWA-090823-003A,8/9/2023,20:12,,
1691626440,3.43,23.987,7.007,0.974,7450-064567,TRUE,8/9/2023 20:14,2023-LCS-NWA-090823-006A,8/9/2023,20:14,,
1691626620,3.43,25.125,9.49,0.918,7450-049711,TRUE,8/9/2023 20:17,2023-LCS-NWA-090823-001A,8/9/2023,20:17,,
1691626920,3.44,23.6,3.578,0.966,7450-770855,TRUE,8/9/2023 20:22,2023-LCS-NWA-090823-002A,8/9/2023,20:22,,
1691626920,3.46,24.458,3.656,0.986,7450-778298,TRUE,8/9/2023 20:22,2023-LCS-NWA-090823-003A,8/9/2023,20:22,,
1691627040,3.43,24.037,7.011,0.975,7450-064567,TRUE,8/9/2023 20:24,2023-LCS-NWA-090823-006A,8/9/2023,20:24,,
1691627220,3.43,25.108,9.367,0.918,7450-049711,TRUE,8/9/2023 20:27,2023-LCS-NWA-090823-001A,8/9/2023,20:27,,
1691627520,3.44,23.575,3.546,0.966,7450-770855,TRUE,8/9/2023 20:32,2023-LCS-NWA-090823-002A,8/9/2023,20:32,,
1691627520,3.45,24.399,3.508,0.986,7450-778298,TRUE,8/9/2023 20:32,2023-LCS-NWA-090823-003A,8/9/2023,20:32,,
1691627640,3.43,23.953,6.559,0.975,7450-064567,TRUE,8/9/2023 20:34,2023-LCS-NWA-090823-006A,8/9/2023,20:34,,
1691627820,3.43,25.075,9.298,0.917,7450-049711,TRUE,8/9/2023 20:37,2023-LCS-NWA-090823-001A,8/9/2023,20:37,,
1691628120,3.44,23.591,3.875,0.966,7450-770855,TRUE,8/9/2023 20:42,2023-LCS-NWA-090823-002A,8/9/2023,20:42,,
1691628120,3.45,24.307,3.323,0.986,7450-778298,TRUE,8/9/2023 20:42,2023-LCS-NWA-090823-003A,8/9/2023,20:42,,
1691628240,3.43,23.903,6.334,0.975,7450-064567,TRUE,8/9/2023 20:44,2023-LCS-NWA-090823-006A,8/9/2023,20:44,,
1691628420,3.43,25.041,9.185,0.916,7450-049711,TRUE,8/9/2023 20:47,2023-LCS-NWA-090823-001A,8/9/2023,20:47,,
1691628720,3.44,23.508,3.447,0.966,7450-770855,TRUE,8/9/2023 20:52,2023-LCS-NWA-090823-002A,8/9/2023,20:52,,
1691628720,3.45,24.257,3.401,0.986,7450-778298,TRUE,8/9/2023 20:52,2023-LCS-NWA-090823-003A,8/9/2023,20:52,,
1691628840,3.43,23.861,6.376,0.975,7450-064567,TRUE,8/9/2023 20:54,2023-LCS-NWA-090823-006A,8/9/2023,20:54,,
1691629020,3.43,24.999,9.106,0.917,7450-049711,TRUE,8/9/2023 20:57,2023-LCS-NWA-090823-001A,8/9/2023,20:57,,
1691629320,3.44,23.483,3.214,0.967,7450-770855,TRUE,8/9/2023 21:02,2023-LCS-NWA-090823-002A,8/9/2023,21:02,,
1691629320,3.45,24.19,3.304,0.986,7450-778298,TRUE,8/9/2023 21:02,2023-LCS-NWA-090823-003A,8/9/2023,21:02,,
1691629440,3.43,23.828,6.255,0.975,7450-064567,TRUE,8/9/2023 21:04,2023-LCS-NWA-090823-006A,8/9/2023,21:04,,
1691629620,3.43,24.965,8.969,0.917,7450-049711,TRUE,8/9/2023 21:07,2023-LCS-NWA-090823-001A,8/9/2023,21:07,,
1691629920,3.44,23.474,2.955,0.966,7450-770855,TRUE,8/9/2023 21:12,2023-LCS-NWA-090823-002A,8/9/2023,21:12,,
1691629920,3.45,24.131,3.236,0.986,7450-778298,TRUE,8/9/2023 21:12,2023-LCS-NWA-090823-003A,8/9/2023,21:12,,
1691630040,3.43,23.794,6.149,0.974,7450-064567,TRUE,8/9/2023 21:14,2023-LCS-NWA-090823-006A,8/9/2023,21:14,,
1691630220,3.43,24.948,8.849,0.917,7450-049711,TRUE,8/9/2023 21:17,2023-LCS-NWA-090823-001A,8/9/2023,21:17,,
1691630520,3.44,23.416,2.778,0.966,7450-770855,TRUE,8/9/2023 21:22,2023-LCS-NWA-090823-002A,8/9/2023,21:22,,
1691630520,3.45,24.106,3.101,0.986,7450-778298,TRUE,8/9/2023 21:22,2023-LCS-NWA-090823-003A,8/9/2023,21:22,,
1691630640,3.43,23.752,6.055,0.974,7450-064567,TRUE,8/9/2023 21:24,2023-LCS-NWA-090823-006A,8/9/2023,21:24,,
1691630820,3.43,24.932,8.741,0.917,7450-049711,TRUE,8/9/2023 21:27,2023-LCS-NWA-090823-001A,8/9/2023,21:27,,
1691631120,3.44,23.399,2.559,0.966,7450-770855,TRUE,8/9/2023 21:32,2023-LCS-NWA-090823-002A,8/9/2023,21:32,,
1691631120,3.45,24.013,3.01,0.986,7450-778298,TRUE,8/9/2023 21:32,2023-LCS-NWA-090823-003A,8/9/2023,21:32,,
1691631240,3.43,23.643,5.523,0.974,7450-064567,TRUE,8/9/2023 21:34,2023-LCS-NWA-090823-006A,8/9/2023,21:34,,
1691631420,3.43,24.89,8.686,0.917,7450-049711,TRUE,8/9/2023 21:37,2023-LCS-NWA-090823-001A,8/9/2023,21:37,,
1691631720,3.44,23.357,2.29,0.966,7450-770855,TRUE,8/9/2023 21:42,2023-LCS-NWA-090823-002A,8/9/2023,21:42,,
1691631720,3.45,23.938,2.885,0.986,7450-778298,TRUE,8/9/2023 21:42,2023-LCS-NWA-090823-003A,8/9/2023,21:42,,
1691631840,3.43,23.593,5.551,0.974,7450-064567,TRUE,8/9/2023 21:44,2023-LCS-NWA-090823-006A,8/9/2023,21:44,,
1691632020,3.43,24.89,8.573,0.916,7450-049711,TRUE,8/9/2023 21:47,2023-LCS-NWA-090823-001A,8/9/2023,21:47,,
1691632320,3.44,23.273,2.096,0.965,7450-770855,TRUE,8/9/2023 21:52,2023-LCS-NWA-090823-002A,8/9/2023,21:52,,
1691632320,3.45,23.929,2.796,0.986,7450-778298,TRUE,8/9/2023 21:52,2023-LCS-NWA-090823-003A,8/9/2023,21:52,,
1691632440,3.43,23.551,5.512,0.974,7450-064567,TRUE,8/9/2023 21:54,2023-LCS-NWA-090823-006A,8/9/2023,21:54,,
1691632620,3.43,24.839,8.462,0.916,7450-049711,TRUE,8/9/2023 21:57,2023-LCS-NWA-090823-001A,8/9/2023,21:57,,
1691632920,3.44,23.265,1.937,0.965,7450-770855,TRUE,8/9/2023 22:02,2023-LCS-NWA-090823-002A,8/9/2023,22:02,,
1691632920,3.45,23.871,2.656,0.986,7450-778298,TRUE,8/9/2023 22:02,2023-LCS-NWA-090823-003A,8/9/2023,22:02,,
1691633040,3.43,23.518,6.146,0.974,7450-064567,TRUE,8/9/2023 22:04,2023-LCS-NWA-090823-006A,8/9/2023,22:04,,
1691633220,3.43,24.814,8.385,0.916,7450-049711,TRUE,8/9/2023 22:07,2023-LCS-NWA-090823-001A,8/9/2023,22:07,,
1691633520,3.44,23.257,1.726,0.964,7450-770855,TRUE,8/9/2023 22:12,2023-LCS-NWA-090823-002A,8/9/2023,22:12,,
1691633520,3.45,23.804,2.586,0.986,7450-778298,TRUE,8/9/2023 22:12,2023-LCS-NWA-090823-003A,8/9/2023,22:12,,
1691633640,3.43,23.492,5.846,0.974,7450-064567,TRUE,8/9/2023 22:14,2023-LCS-NWA-090823-006A,8/9/2023,22:14,,
1691633820,3.43,24.805,8.256,0.916,7450-049711,TRUE,8/9/2023 22:17,2023-LCS-NWA-090823-001A,8/9/2023,22:17,,
1691634120,3.43,23.215,1.816,0.964,7450-770855,TRUE,8/9/2023 22:22,2023-LCS-NWA-090823-002A,8/9/2023,22:22,,
1691634120,3.45,23.762,2.39,0.986,7450-778298,TRUE,8/9/2023 22:22,2023-LCS-NWA-090823-003A,8/9/2023,22:22,,
1691634240,3.43,23.492,5.692,0.974,7450-064567,TRUE,8/9/2023 22:24,2023-LCS-NWA-090823-006A,8/9/2023,22:24,,
1691634420,3.43,24.78,8.179,0.917,7450-049711,TRUE,8/9/2023 22:27,2023-LCS-NWA-090823-001A,8/9/2023,22:27,,
1691634720,3.43,23.173,1.704,0.964,7450-770855,TRUE,8/9/2023 22:32,2023-LCS-NWA-090823-002A,8/9/2023,22:32,,
1691634720,3.45,23.686,2.25,0.986,7450-778298,TRUE,8/9/2023 22:32,2023-LCS-NWA-090823-003A,8/9/2023,22:32,,
1691634840,3.43,23.442,5.537,0.974,7450-064567,TRUE,8/9/2023 22:34,2023-LCS-NWA-090823-006A,8/9/2023,22:34,,
1691635020,3.43,24.755,8.1,0.916,7450-049711,TRUE,8/9/2023 22:37,2023-LCS-NWA-090823-001A,8/9/2023,22:37,,
1691635320,3.43,23.19,1.73,0.965,7450-770855,TRUE,8/9/2023 22:42,2023-LCS-NWA-090823-002A,8/9/2023,22:42,,
1691635320,3.45,23.653,2.165,0.986,7450-778298,TRUE,8/9/2023 22:42,2023-LCS-NWA-090823-003A,8/9/2023,22:42,,
1691635440,3.43,23.4,5.484,0.975,7450-064567,TRUE,8/9/2023 22:44,2023-LCS-NWA-090823-006A,8/9/2023,22:44,,
1691635620,3.43,24.738,8.02,0.917,7450-049711,TRUE,8/9/2023 22:47,2023-LCS-NWA-090823-001A,8/9/2023,22:47,,
1691635920,3.43,23.106,1.639,0.964,7450-770855,TRUE,8/9/2023 22:52,2023-LCS-NWA-090823-002A,8/9/2023,22:52,,
1691635920,3.45,23.586,2.148,0.986,7450-778298,TRUE,8/9/2023 22:52,2023-LCS-NWA-090823-003A,8/9/2023,22:52,,
1691636040,3.43,23.358,5.321,0.974,7450-064567,TRUE,8/9/2023 22:54,2023-LCS-NWA-090823-006A,8/9/2023,22:54,,
1691636220,3.43,24.705,7.929,0.916,7450-049711,TRUE,8/9/2023 22:57,2023-LCS-NWA-090823-001A,8/9/2023,22:57,,
1691636520,3.43,23.064,1.493,0.964,7450-770855,TRUE,8/9/2023 23:02,2023-LCS-NWA-090823-002A,8/9/2023,23:02,,
1691636520,3.45,23.552,1.947,0.986,7450-778298,TRUE,8/9/2023 23:02,2023-LCS-NWA-090823-003A,8/9/2023,23:02,,
1691636640,3.43,23.317,5.199,0.974,7450-064567,TRUE,8/9/2023 23:04,2023-LCS-NWA-090823-006A,8/9/2023,23:04,,
1691636820,3.43,24.679,7.814,0.916,7450-049711,TRUE,8/9/2023 23:07,2023-LCS-NWA-090823-001A,8/9/2023,23:07,,
1691637120,3.43,23.081,1.532,0.964,7450-770855,TRUE,8/9/2023 23:12,2023-LCS-NWA-090823-002A,8/9/2023,23:12,,
1691637120,3.45,23.535,1.809,0.985,7450-778298,TRUE,8/9/2023 23:12,2023-LCS-NWA-090823-003A,8/9/2023,23:12,,
1691637240,3.43,23.291,4.606,0.974,7450-064567,TRUE,8/9/2023 23:14,2023-LCS-NWA-090823-006A,8/9/2023,23:14,,
1691637420,3.43,24.654,7.692,0.916,7450-049711,TRUE,8/9/2023 23:17,2023-LCS-NWA-090823-001A,8/9/2023,23:17,,
1691637720,3.43,22.997,1.419,0.963,7450-770855,TRUE,8/9/2023 23:22,2023-LCS-NWA-090823-002A,8/9/2023,23:22,,
1691637720,3.45,23.443,1.71,0.985,7450-778298,TRUE,8/9/2023 23:22,2023-LCS-NWA-090823-003A,8/9/2023,23:22,,
1691637840,3.43,23.25,4.6,0.975,7450-064567,TRUE,8/9/2023 23:24,2023-LCS-NWA-090823-006A,8/9/2023,23:24,,
1691638020,3.43,24.646,7.584,0.916,7450-049711,TRUE,8/9/2023 23:27,2023-LCS-NWA-090823-001A,8/9/2023,23:27,,
1691638320,3.43,22.989,1.341,0.963,7450-770855,TRUE,8/9/2023 23:32,2023-LCS-NWA-090823-002A,8/9/2023,23:32,,
1691638320,3.45,23.401,1.725,0.985,7450-778298,TRUE,8/9/2023 23:32,2023-LCS-NWA-090823-003A,8/9/2023,23:32,,
1691638440,3.43,23.166,4.183,0.974,7450-064567,TRUE,8/9/2023 23:34,2023-LCS-NWA-090823-006A,8/9/2023,23:34,,
1691638620,3.43,24.612,7.373,0.916,7450-049711,TRUE,8/9/2023 23:37,2023-LCS-NWA-090823-001A,8/9/2023,23:37,,
1691638920,3.43,22.947,1.17,0.961,7450-770855,TRUE,8/9/2023 23:42,2023-LCS-NWA-090823-002A,8/9/2023,23:42,,
1691638920,3.45,23.359,1.695,0.985,7450-778298,TRUE,8/9/2023 23:42,2023-LCS-NWA-090823-003A,8/9/2023,23:42,,
1691639040,3.43,23.107,4.055,0.974,7450-064567,TRUE,8/9/2023 23:44,2023-LCS-NWA-090823-006A,8/9/2023,23:44,,
1691639220,3.43,24.587,7.227,0.916,7450-049711,TRUE,8/9/2023 23:47,2023-LCS-NWA-090823-001A,8/9/2023,23:47,,
1691639520,3.43,22.989,1.147,0.961,7450-770855,TRUE,8/9/2023 23:52,2023-LCS-NWA-090823-002A,8/9/2023,23:52,,
1691639520,3.45,23.326,1.535,0.984,7450-778298,TRUE,8/9/2023 23:52,2023-LCS-NWA-090823-003A,8/9/2023,23:52,,
1691639640,3.43,23.099,3.648,0.975,7450-064567,TRUE,8/9/2023 23:54,2023-LCS-NWA-090823-006A,8/9/2023,23:54,,
1691639820,3.43,24.562,7.086,0.916,7450-049711,TRUE,8/9/2023 23:57,2023-LCS-NWA-090823-001A,8/9/2023,23:57,,
1691640120,3.43,22.964,1.137,0.961,7450-770855,TRUE,8/10/2023 0:02,2023-LCS-NWA-090823-002A,8/10/2023,0:02,,
1691640120,3.45,23.267,1.489,0.984,7450-778298,TRUE,8/10/2023 0:02,2023-LCS-NWA-090823-003A,8/10/2023,0:02,,
1691640240,3.43,23.082,3.541,0.975,7450-064567,TRUE,8/10/2023 0:04,2023-LCS-NWA-090823-006A,8/10/2023,0:04,,
1691640420,3.43,24.537,7.007,0.915,7450-049711,TRUE,8/10/2023 0:07,2023-LCS-NWA-090823-001A,8/10/2023,0:07,,
1691640720,3.43,22.939,0.924,0.959,7450-770855,TRUE,8/10/2023 0:12,2023-LCS-NWA-090823-002A,8/10/2023,0:12,,
1691640720,3.45,23.234,1.334,0.984,7450-778298,TRUE,8/10/2023 0:12,2023-LCS-NWA-090823-003A,8/10/2023,0:12,,
1691640840,3.43,23.007,3.43,0.975,7450-064567,TRUE,8/10/2023 0:14,2023-LCS-NWA-090823-006A,8/10/2023,0:14,,
1691641020,3.43,24.511,5.827,0.885,7450-049711,TRUE,8/10/2023 0:17,2023-LCS-NWA-090823-001A,8/10/2023,0:17,,
1691641320,3.43,22.905,0.954,0.959,7450-770855,TRUE,8/10/2023 0:22,2023-LCS-NWA-090823-002A,8/10/2023,0:22,,
1691641320,3.45,23.2,1.358,0.984,7450-778298,TRUE,8/10/2023 0:22,2023-LCS-NWA-090823-003A,8/10/2023,0:22,,
1691641440,3.43,22.923,3.353,0.974,7450-064567,TRUE,8/10/2023 0:24,2023-LCS-NWA-090823-006A,8/10/2023,0:24,,
1691641620,3.43,24.495,5.601,0.888,7450-049711,TRUE,8/10/2023 0:27,2023-LCS-NWA-090823-001A,8/10/2023,0:27,,
1691641920,3.43,22.88,0.811,0.957,7450-770855,TRUE,8/10/2023 0:32,2023-LCS-NWA-090823-002A,8/10/2023,0:32,,
1691641920,3.45,23.175,1.228,0.983,7450-778298,TRUE,8/10/2023 0:32,2023-LCS-NWA-090823-003A,8/10/2023,0:32,,
1691642040,3.43,22.906,3.375,0.975,7450-064567,TRUE,8/10/2023 0:34,2023-LCS-NWA-090823-006A,8/10/2023,0:34,,
1691642220,3.43,24.469,5.663,0.894,7450-049711,TRUE,8/10/2023 0:37,2023-LCS-NWA-090823-001A,8/10/2023,0:37,,
1691642520,3.43,22.863,0.732,0.956,7450-770855,TRUE,8/10/2023 0:42,2023-LCS-NWA-090823-002A,8/10/2023,0:42,,
1691642520,3.45,23.15,1.117,0.982,7450-778298,TRUE,8/10/2023 0:42,2023-LCS-NWA-090823-003A,8/10/2023,0:42,,
1691642640,3.43,22.957,3.277,0.974,7450-064567,TRUE,8/10/2023 0:44,2023-LCS-NWA-090823-006A,8/10/2023,0:44,,
1691642820,3.43,24.461,5.762,0.9,7450-049711,TRUE,8/10/2023 0:47,2023-LCS-NWA-090823-001A,8/10/2023,0:47,,
1691643120,3.43,22.847,0.753,0.956,7450-770855,TRUE,8/10/2023 0:52,2023-LCS-NWA-090823-002A,8/10/2023,0:52,,
1691643120,3.45,23.083,1.163,0.982,7450-778298,TRUE,8/10/2023 0:52,2023-LCS-NWA-090823-003A,8/10/2023,0:52,,
1691643240,3.43,22.94,3.52,0.975,7450-064567,TRUE,8/10/2023 0:54,2023-LCS-NWA-090823-006A,8/10/2023,0:54,,
1691643420,3.43,24.427,5.832,0.904,7450-049711,TRUE,8/10/2023 0:57,2023-LCS-NWA-090823-001A,8/10/2023,0:57,,
1691643720,3.43,22.813,0.661,0.954,7450-770855,TRUE,8/10/2023 1:02,2023-LCS-NWA-090823-002A,8/10/2023,1:02,,
1691643720,3.45,23.049,1.017,0.981,7450-778298,TRUE,8/10/2023 1:02,2023-LCS-NWA-090823-003A,8/10/2023,1:02,,
1691643840,3.43,22.898,3.286,0.975,7450-064567,TRUE,8/10/2023 1:04,2023-LCS-NWA-090823-006A,8/10/2023,1:04,,
1691644020,3.43,24.385,5.419,0.907,7450-049711,TRUE,8/10/2023 1:07,2023-LCS-NWA-090823-001A,8/10/2023,1:07,,
1691644320,3.43,22.797,0.49,0.951,7450-770855,TRUE,8/10/2023 1:12,2023-LCS-NWA-090823-002A,8/10/2023,1:12,,
1691644320,3.45,23.033,0.984,0.981,7450-778298,TRUE,8/10/2023 1:12,2023-LCS-NWA-090823-003A,8/10/2023,1:12,,
1691644440,3.43,22.89,3.163,0.975,7450-064567,TRUE,8/10/2023 1:14,2023-LCS-NWA-090823-006A,8/10/2023,1:14,,
1691644620,3.43,24.369,5.705,0.909,7450-049711,TRUE,8/10/2023 1:17,2023-LCS-NWA-090823-001A,8/10/2023,1:17,,
1691644920,3.43,22.771,0.625,0.954,7450-770855,TRUE,8/10/2023 1:22,2023-LCS-NWA-090823-002A,8/10/2023,1:22,,
1691644920,3.45,22.999,0.994,0.981,7450-778298,TRUE,8/10/2023 1:22,2023-LCS-NWA-090823-003A,8/10/2023,1:22,,
1691645040,3.43,22.814,2.852,0.974,7450-064567,TRUE,8/10/2023 1:24,2023-LCS-NWA-090823-006A,8/10/2023,1:24,,
1691645220,3.43,24.352,5.716,0.911,7450-049711,TRUE,8/10/2023 1:27,2023-LCS-NWA-090823-001A,8/10/2023,1:27,,
1691645520,3.43,22.755,0.559,0.952,7450-770855,TRUE,8/10/2023 1:32,2023-LCS-NWA-090823-002A,8/10/2023,1:32,,
1691645520,3.45,22.982,0.954,0.98,7450-778298,TRUE,8/10/2023 1:32,2023-LCS-NWA-090823-003A,8/10/2023,1:32,,
1691645640,3.43,22.856,2.956,0.974,7450-064567,TRUE,8/10/2023 1:34,2023-LCS-NWA-090823-006A,8/10/2023,1:34,,
1691645820,3.43,24.327,5.65,0.913,7450-049711,TRUE,8/10/2023 1:37,2023-LCS-NWA-090823-001A,8/10/2023,1:37,,
1691646120,3.43,22.738,0.556,0.952,7450-770855,TRUE,8/10/2023 1:42,2023-LCS-NWA-090823-002A,8/10/2023,1:42,,
1691646120,3.45,22.949,0.947,0.98,7450-778298,TRUE,8/10/2023 1:42,2023-LCS-NWA-090823-003A,8/10/2023,1:42,,
1691646240,3.43,22.789,2.957,0.974,7450-064567,TRUE,8/10/2023 1:44,2023-LCS-NWA-090823-006A,8/10/2023,1:44,,
1691646420,3.43,24.327,5.579,0.913,7450-049711,TRUE,8/10/2023 1:47,2023-LCS-NWA-090823-001A,8/10/2023,1:47,,
1691646720,3.43,22.696,0.498,0.951,7450-770855,TRUE,8/10/2023 1:52,2023-LCS-NWA-090823-002A,8/10/2023,1:52,,
1691646720,3.45,22.907,0.851,0.979,7450-778298,TRUE,8/10/2023 1:52,2023-LCS-NWA-090823-003A,8/10/2023,1:52,,
1691646840,3.43,22.789,2.766,0.974,7450-064567,TRUE,8/10/2023 1:54,2023-LCS-NWA-090823-006A,8/10/2023,1:54,,
1691647020,3.43,24.293,5.477,0.914,7450-049711,TRUE,8/10/2023 1:57,2023-LCS-NWA-090823-001A,8/10/2023,1:57,,
1691647320,3.43,22.705,0.468,0.95,7450-770855,TRUE,8/10/2023 2:02,2023-LCS-NWA-090823-002A,8/10/2023,2:02,,
1691647320,3.45,22.899,0.953,0.98,7450-778298,TRUE,8/10/2023 2:02,2023-LCS-NWA-090823-003A,8/10/2023,2:02,,
1691647440,3.43,22.789,2.808,0.974,7450-064567,TRUE,8/10/2023 2:04,2023-LCS-NWA-090823-006A,8/10/2023,2:04,,
1691647620,3.43,24.276,5.471,0.915,7450-049711,TRUE,8/10/2023 2:07,2023-LCS-NWA-090823-001A,8/10/2023,2:07,,
1691647920,3.43,22.671,0.431,0.949,7450-770855,TRUE,8/10/2023 2:12,2023-LCS-NWA-090823-002A,8/10/2023,2:12,,
1691647920,3.45,22.865,0.839,0.979,7450-778298,TRUE,8/10/2023 2:12,2023-LCS-NWA-090823-003A,8/10/2023,2:12,,
1691648040,3.43,22.789,2.771,0.974,7450-064567,TRUE,8/10/2023 2:14,2023-LCS-NWA-090823-006A,8/10/2023,2:14,,
1691648220,3.43,24.259,5.422,0.914,7450-049711,TRUE,8/10/2023 2:17,2023-LCS-NWA-090823-001A,8/10/2023,2:17,,
1691648520,3.43,22.654,0.398,0.948,7450-770855,TRUE,8/10/2023 2:22,2023-LCS-NWA-090823-002A,8/10/2023,2:22,,
1691648520,3.45,22.832,0.836,0.979,7450-778298,TRUE,8/10/2023 2:22,2023-LCS-NWA-090823-003A,8/10/2023,2:22,,
1691648640,3.43,22.756,2.761,0.974,7450-064567,TRUE,8/10/2023 2:24,2023-LCS-NWA-090823-006A,8/10/2023,2:24,,
1691648820,3.43,24.251,5.233,0.915,7450-049711,TRUE,8/10/2023 2:27,2023-LCS-NWA-090823-001A,8/10/2023,2:27,,
1691649120,3.43,22.629,0.432,0.949,7450-770855,TRUE,8/10/2023 2:32,2023-LCS-NWA-090823-002A,8/10/2023,2:32,,
1691649120,3.45,22.807,0.863,0.979,7450-778298,TRUE,8/10/2023 2:32,2023-LCS-NWA-090823-003A,8/10/2023,2:32,,
1691649240,3.43,22.739,2.737,0.974,7450-064567,TRUE,8/10/2023 2:34,2023-LCS-NWA-090823-006A,8/10/2023,2:34,,
1691649420,3.43,24.218,5.236,0.915,7450-049711,TRUE,8/10/2023 2:37,2023-LCS-NWA-090823-001A,8/10/2023,2:37,,
1691649720,3.43,22.613,0.42,0.949,7450-770855,TRUE,8/10/2023 2:42,2023-LCS-NWA-090823-002A,8/10/2023,2:42,,
1691649720,3.45,22.807,0.819,0.978,7450-778298,TRUE,8/10/2023 2:42,2023-LCS-NWA-090823-003A,8/10/2023,2:42,,
1691649840,3.43,22.697,2.752,0.974,7450-064567,TRUE,8/10/2023 2:44,2023-LCS-NWA-090823-006A,8/10/2023,2:44,,
1691650020,3.43,24.209,5.12,0.915,7450-049711,TRUE,8/10/2023 2:47,2023-LCS-NWA-090823-001A,8/10/2023,2:47,,
1691650320,3.43,22.588,0.384,0.948,7450-770855,TRUE,8/10/2023 2:52,2023-LCS-NWA-090823-002A,8/10/2023,2:52,,
1691650320,3.45,22.773,0.885,0.979,7450-778298,TRUE,8/10/2023 2:52,2023-LCS-NWA-090823-003A,8/10/2023,2:52,,
1691650440,3.43,22.689,2.67,0.974,7450-064567,TRUE,8/10/2023 2:54,2023-LCS-NWA-090823-006A,8/10/2023,2:54,,
1691650620,3.43,24.167,5.152,0.915,7450-049711,TRUE,8/10/2023 2:57,2023-LCS-NWA-090823-001A,8/10/2023,2:57,,
1691650920,3.43,22.571,0.391,0.948,7450-770855,TRUE,8/10/2023 3:02,2023-LCS-NWA-090823-002A,8/10/2023,3:02,,
1691650920,3.45,22.723,0.919,0.98,7450-778298,TRUE,8/10/2023 3:02,2023-LCS-NWA-090823-003A,8/10/2023,3:02,,
1691651040,3.43,22.647,2.427,0.975,7450-064567,TRUE,8/10/2023 3:04,2023-LCS-NWA-090823-006A,8/10/2023,3:04,,
1691651220,3.43,24.159,5.2,0.915,7450-049711,TRUE,8/10/2023 3:07,2023-LCS-NWA-090823-001A,8/10/2023,3:07,,
1691651520,3.43,22.537,0.342,0.947,7450-770855,TRUE,8/10/2023 3:12,2023-LCS-NWA-090823-002A,8/10/2023,3:12,,
1691651520,3.45,22.706,0.84,0.979,7450-778298,TRUE,8/10/2023 3:12,2023-LCS-NWA-090823-003A,8/10/2023,3:12,,
1691651640,3.43,22.614,2.322,0.974,7450-064567,TRUE,8/10/2023 3:14,2023-LCS-NWA-090823-006A,8/10/2023,3:14,,
1691651820,3.42,24.134,5.164,0.915,7450-049711,TRUE,8/10/2023 3:17,2023-LCS-NWA-090823-001A,8/10/2023,3:17,,
1691652120,3.43,22.512,0.301,0.946,7450-770855,TRUE,8/10/2023 3:22,2023-LCS-NWA-090823-002A,8/10/2023,3:22,,
1691652120,3.45,22.681,0.794,0.978,7450-778298,TRUE,8/10/2023 3:22,2023-LCS-NWA-090823-003A,8/10/2023,3:22,,
1691652240,3.43,22.614,2.387,0.974,7450-064567,TRUE,8/10/2023 3:24,2023-LCS-NWA-090823-006A,8/10/2023,3:24,,
1691652420,3.43,24.1,5.291,0.914,7450-049711,TRUE,8/10/2023 3:27,2023-LCS-NWA-090823-001A,8/10/2023,3:27,,
1691652720,3.43,22.496,0.289,0.946,7450-770855,TRUE,8/10/2023 3:32,2023-LCS-NWA-090823-002A,8/10/2023,3:32,,
1691652720,3.45,22.664,0.827,0.979,7450-778298,TRUE,8/10/2023 3:32,2023-LCS-NWA-090823-003A,8/10/2023,3:32,,
1691652840,3.43,22.555,2.153,0.974,7450-064567,TRUE,8/10/2023 3:34,2023-LCS-NWA-090823-006A,8/10/2023,3:34,,
1691653020,3.43,24.05,5.246,0.915,7450-049711,TRUE,8/10/2023 3:37,2023-LCS-NWA-090823-001A,8/10/2023,3:37,,
1691653320,3.43,22.445,0.282,0.946,7450-770855,TRUE,8/10/2023 3:42,2023-LCS-NWA-090823-002A,8/10/2023,3:42,,
1691653320,3.45,22.631,0.988,0.98,7450-778298,TRUE,8/10/2023 3:42,2023-LCS-NWA-090823-003A,8/10/2023,3:42,,
1691653440,3.43,22.53,2.088,0.974,7450-064567,TRUE,8/10/2023 3:44,2023-LCS-NWA-090823-006A,8/10/2023,3:44,,
1691653620,3.43,24.025,5.094,0.915,7450-049711,TRUE,8/10/2023 3:47,2023-LCS-NWA-090823-001A,8/10/2023,3:47,,
1691653920,3.43,22.379,0.313,0.946,7450-770855,TRUE,8/10/2023 3:52,2023-LCS-NWA-090823-002A,8/10/2023,3:52,,
1691653920,3.45,22.589,0.856,0.979,7450-778298,TRUE,8/10/2023 3:52,2023-LCS-NWA-090823-003A,8/10/2023,3:52,,
1691654040,3.43,22.455,1.987,0.974,7450-064567,TRUE,8/10/2023 3:54,2023-LCS-NWA-090823-006A,8/10/2023,3:54,,
1691654220,3.43,23.966,4.974,0.914,7450-049711,TRUE,8/10/2023 3:57,2023-LCS-NWA-090823-001A,8/10/2023,3:57,,
1691654520,3.43,22.312,0.27,0.945,7450-770855,TRUE,8/10/2023 4:02,2023-LCS-NWA-090823-002A,8/10/2023,4:02,,
1691654520,3.45,22.522,0.74,0.978,7450-778298,TRUE,8/10/2023 4:02,2023-LCS-NWA-090823-003A,8/10/2023,4:02,,
1691654640,3.43,22.438,1.893,0.974,7450-064567,TRUE,8/10/2023 4:04,2023-LCS-NWA-090823-006A,8/10/2023,4:04,,
1691654820,3.43,23.924,4.985,0.915,7450-049711,TRUE,8/10/2023 4:07,2023-LCS-NWA-090823-001A,8/10/2023,4:07,,
1691655120,3.43,22.278,0.252,0.945,7450-770855,TRUE,8/10/2023 4:12,2023-LCS-NWA-090823-002A,8/10/2023,4:12,,
1691655120,3.45,22.497,0.714,0.977,7450-778298,TRUE,8/10/2023 4:12,2023-LCS-NWA-090823-003A,8/10/2023,4:12,,
1691655240,3.43,22.371,1.841,0.974,7450-064567,TRUE,8/10/2023 4:14,2023-LCS-NWA-090823-006A,8/10/2023,4:14,,
1691655420,3.43,23.882,5.063,0.915,7450-049711,TRUE,8/10/2023 4:17,2023-LCS-NWA-090823-001A,8/10/2023,4:17,,
1691655720,3.43,22.237,0.232,0.944,7450-770855,TRUE,8/10/2023 4:22,2023-LCS-NWA-090823-002A,8/10/2023,4:22,,
1691655720,3.45,22.438,0.709,0.977,7450-778298,TRUE,8/10/2023 4:22,2023-LCS-NWA-090823-003A,8/10/2023,4:22,,
1691655840,3.43,22.329,1.705,0.974,7450-064567,TRUE,8/10/2023 4:24,2023-LCS-NWA-090823-006A,8/10/2023,4:24,,
1691656020,3.43,23.857,5.154,0.914,7450-049711,TRUE,8/10/2023 4:27,2023-LCS-NWA-090823-001A,8/10/2023,4:27,,
1691656320,3.43,22.145,0.269,0.945,7450-770855,TRUE,8/10/2023 4:32,2023-LCS-NWA-090823-002A,8/10/2023,4:32,,
1691656320,3.45,22.405,0.652,0.977,7450-778298,TRUE,8/10/2023 4:32,2023-LCS-NWA-090823-003A,8/10/2023,4:32,,
1691656440,3.43,22.312,1.631,0.973,7450-064567,TRUE,8/10/2023 4:34,2023-LCS-NWA-090823-006A,8/10/2023,4:34,,
1691656620,3.43,23.84,5.08,0.915,7450-049711,TRUE,8/10/2023 4:37,2023-LCS-NWA-090823-001A,8/10/2023,4:37,,
1691656920,3.43,22.111,0.27,0.945,7450-770855,TRUE,8/10/2023 4:42,2023-LCS-NWA-090823-002A,8/10/2023,4:42,,
1691656920,3.45,22.321,0.612,0.976,7450-778298,TRUE,8/10/2023 4:42,2023-LCS-NWA-090823-003A,8/10/2023,4:42,,
1691657040,3.43,22.262,1.59,0.973,7450-064567,TRUE,8/10/2023 4:44,2023-LCS-NWA-090823-006A,8/10/2023,4:44,,
1691657220,3.43,23.807,5.011,0.915,7450-049711,TRUE,8/10/2023 4:47,2023-LCS-NWA-090823-001A,8/10/2023,4:47,,
1691657520,3.43,22.078,0.25,0.945,7450-770855,TRUE,8/10/2023 4:52,2023-LCS-NWA-090823-002A,8/10/2023,4:52,,
1691657520,3.45,22.288,0.609,0.976,7450-778298,TRUE,8/10/2023 4:52,2023-LCS-NWA-090823-003A,8/10/2023,4:52,,
1691657640,3.43,22.246,1.366,0.971,7450-064567,TRUE,8/10/2023 4:54,2023-LCS-NWA-090823-006A,8/10/2023,4:54,,
1691657820,3.43,23.781,4.875,0.915,7450-049711,TRUE,8/10/2023 4:57,2023-LCS-NWA-090823-001A,8/10/2023,4:57,,
1691658120,3.43,22.036,0.187,0.943,7450-770855,TRUE,8/10/2023 5:02,2023-LCS-NWA-090823-002A,8/10/2023,5:02,,
1691658120,3.45,22.246,0.584,0.975,7450-778298,TRUE,8/10/2023 5:02,2023-LCS-NWA-090823-003A,8/10/2023,5:02,,
1691658240,3.43,22.195,1.379,0.972,7450-064567,TRUE,8/10/2023 5:04,2023-LCS-NWA-090823-006A,8/10/2023,5:04,,
1691658420,3.43,23.739,4.937,0.915,7450-049711,TRUE,8/10/2023 5:07,2023-LCS-NWA-090823-001A,8/10/2023,5:07,,
1691658720,3.43,22.028,0.139,0.942,7450-770855,TRUE,8/10/2023 5:12,2023-LCS-NWA-090823-002A,8/10/2023,5:12,,
1691658720,3.45,22.204,0.52,0.974,7450-778298,TRUE,8/10/2023 5:12,2023-LCS-NWA-090823-003A,8/10/2023,5:12,,
1691658840,3.43,22.162,1.227,0.971,7450-064567,TRUE,8/10/2023 5:14,2023-LCS-NWA-090823-006A,8/10/2023,5:14,,
1691659020,3.43,23.714,4.978,0.915,7450-049711,TRUE,8/10/2023 5:17,2023-LCS-NWA-090823-001A,8/10/2023,5:17,,
1691659320,3.43,21.961,0.2,0.943,7450-770855,TRUE,8/10/2023 5:22,2023-LCS-NWA-090823-002A,8/10/2023,5:22,,
1691659320,3.45,22.171,0.488,0.974,7450-778298,TRUE,8/10/2023 5:22,2023-LCS-NWA-090823-003A,8/10/2023,5:22,,
1691659440,3.42,22.145,1.111,0.97,7450-064567,TRUE,8/10/2023 5:24,2023-LCS-NWA-090823-006A,8/10/2023,5:24,,
1691659620,3.43,23.689,4.938,0.914,7450-049711,TRUE,8/10/2023 5:27,2023-LCS-NWA-090823-001A,8/10/2023,5:27,,
1691659920,3.43,21.902,0.275,0.945,7450-770855,TRUE,8/10/2023 5:32,2023-LCS-NWA-090823-002A,8/10/2023,5:32,,
1691659920,3.45,22.112,0.551,0.975,7450-778298,TRUE,8/10/2023 5:32,2023-LCS-NWA-090823-003A,8/10/2023,5:32,,
1691660040,3.42,22.095,0.976,0.969,7450-064567,TRUE,8/10/2023 5:34,2023-LCS-NWA-090823-006A,8/10/2023,5:34,,
1691660220,3.43,23.664,4.732,0.914,7450-049711,TRUE,8/10/2023 5:37,2023-LCS-NWA-090823-001A,8/10/2023,5:37,,
1691660520,3.43,21.869,0.218,0.944,7450-770855,TRUE,8/10/2023 5:42,2023-LCS-NWA-090823-002A,8/10/2023,5:42,,
1691660520,3.45,22.079,0.429,0.973,7450-778298,TRUE,8/10/2023 5:42,2023-LCS-NWA-090823-003A,8/10/2023,5:42,,
1691660640,3.42,22.062,0.993,0.969,7450-064567,TRUE,8/10/2023 5:44,2023-LCS-NWA-090823-006A,8/10/2023,5:44,,
1691660820,3.43,23.622,4.561,0.914,7450-049711,TRUE,8/10/2023 5:47,2023-LCS-NWA-090823-001A,8/10/2023,5:47,,
1691661120,3.43,21.869,0.136,0.941,7450-770855,TRUE,8/10/2023 5:52,2023-LCS-NWA-090823-002A,8/10/2023,5:52,,
1691661120,3.45,22.028,0.476,0.974,7450-778298,TRUE,8/10/2023 5:52,2023-LCS-NWA-090823-003A,8/10/2023,5:52,,
1691661240,3.42,22.028,0.953,0.968,7450-064567,TRUE,8/10/2023 5:54,2023-LCS-NWA-090823-006A,8/10/2023,5:54,,
1691661420,3.43,23.547,4.369,0.914,7450-049711,TRUE,8/10/2023 5:57,2023-LCS-NWA-090823-001A,8/10/2023,5:57,,
1691661720,3.43,21.819,0.172,0.942,7450-770855,TRUE,8/10/2023 6:02,2023-LCS-NWA-090823-002A,8/10/2023,6:02,,
1691661720,3.45,22.003,0.479,0.974,7450-778298,TRUE,8/10/2023 6:02,2023-LCS-NWA-090823-003A,8/10/2023,6:02,,
1691661840,3.42,22.003,0.906,0.968,7450-064567,TRUE,8/10/2023 6:04,2023-LCS-NWA-090823-006A,8/10/2023,6:04,,
1691662020,3.43,23.505,4.428,0.914,7450-049711,TRUE,8/10/2023 6:07,2023-LCS-NWA-090823-001A,8/10/2023,6:07,,
1691662320,3.43,21.769,0.182,0.943,7450-770855,TRUE,8/10/2023 6:12,2023-LCS-NWA-090823-002A,8/10/2023,6:12,,
1691662320,3.45,21.97,0.357,0.971,7450-778298,TRUE,8/10/2023 6:12,2023-LCS-NWA-090823-003A,8/10/2023,6:12,,
1691662440,3.42,21.97,0.796,0.966,7450-064567,TRUE,8/10/2023 6:14,2023-LCS-NWA-090823-006A,8/10/2023,6:14,,
1691662620,3.43,23.488,4.399,0.914,7450-049711,TRUE,8/10/2023 6:17,2023-LCS-NWA-090823-001A,8/10/2023,6:17,,
1691662920,3.43,21.727,0.176,0.942,7450-770855,TRUE,8/10/2023 6:22,2023-LCS-NWA-090823-002A,8/10/2023,6:22,,
1691662920,3.45,21.961,0.349,0.971,7450-778298,TRUE,8/10/2023 6:22,2023-LCS-NWA-090823-003A,8/10/2023,6:22,,
1691663040,3.42,21.936,0.798,0.966,7450-064567,TRUE,8/10/2023 6:24,2023-LCS-NWA-090823-006A,8/10/2023,6:24,,
1691663220,3.43,23.446,4.281,0.914,7450-049711,TRUE,8/10/2023 6:27,2023-LCS-NWA-090823-001A,8/10/2023,6:27,,
1691663520,3.43,21.71,0.184,0.943,7450-770855,TRUE,8/10/2023 6:32,2023-LCS-NWA-090823-002A,8/10/2023,6:32,,
1691663520,3.45,21.886,0.367,0.972,7450-778298,TRUE,8/10/2023 6:32,2023-LCS-NWA-090823-003A,8/10/2023,6:32,,
1691663640,3.42,21.878,0.752,0.966,7450-064567,TRUE,8/10/2023 6:34,2023-LCS-NWA-090823-006A,8/10/2023,6:34,,
1691663820,3.43,23.404,4.09,0.914,7450-049711,TRUE,8/10/2023 6:37,2023-LCS-NWA-090823-001A,8/10/2023,6:37,,
1691664120,3.43,21.677,0.163,0.942,7450-770855,TRUE,8/10/2023 6:42,2023-LCS-NWA-090823-002A,8/10/2023,6:42,,
1691664120,3.45,21.836,0.313,0.971,7450-778298,TRUE,8/10/2023 6:42,2023-LCS-NWA-090823-003A,8/10/2023,6:42,,
1691664240,3.42,21.869,0.668,0.964,7450-064567,TRUE,8/10/2023 6:44,2023-LCS-NWA-090823-006A,8/10/2023,6:44,,
1691664420,3.43,23.413,3.984,0.914,7450-049711,TRUE,8/10/2023 6:47,2023-LCS-NWA-090823-001A,8/10/2023,6:47,,
1691664720,3.43,21.652,0.169,0.942,7450-770855,TRUE,8/10/2023 6:52,2023-LCS-NWA-090823-002A,8/10/2023,6:52,,
1691664720,3.45,21.819,0.332,0.971,7450-778298,TRUE,8/10/2023 6:52,2023-LCS-NWA-090823-003A,8/10/2023,6:52,,
1691664840,3.42,21.819,0.657,0.964,7450-064567,TRUE,8/10/2023 6:54,2023-LCS-NWA-090823-006A,8/10/2023,6:54,,
1691665020,3.43,23.388,3.797,0.914,7450-049711,TRUE,8/10/2023 6:57,2023-LCS-NWA-090823-001A,8/10/2023,6:57,,
1691665320,3.43,21.601,0.158,0.942,7450-770855,TRUE,8/10/2023 7:02,2023-LCS-NWA-090823-002A,8/10/2023,7:02,,
1691665320,3.45,21.777,0.237,0.969,7450-778298,TRUE,8/10/2023 7:02,2023-LCS-NWA-090823-003A,8/10/2023,7:02,,
1691665440,3.42,21.836,0.558,0.963,7450-064567,TRUE,8/10/2023 7:04,2023-LCS-NWA-090823-006A,8/10/2023,7:04,,
1691665620,3.43,23.371,3.667,0.914,7450-049711,TRUE,8/10/2023 7:07,2023-LCS-NWA-090823-001A,8/10/2023,7:07,,
1691665920,3.43,21.593,0.134,0.941,7450-770855,TRUE,8/10/2023 7:12,2023-LCS-NWA-090823-002A,8/10/2023,7:12,,
1691665920,3.45,21.752,0.27,0.97,7450-778298,TRUE,8/10/2023 7:12,2023-LCS-NWA-090823-003A,8/10/2023,7:12,,
1691666040,3.42,21.811,0.605,0.964,7450-064567,TRUE,8/10/2023 7:14,2023-LCS-NWA-090823-006A,8/10/2023,7:14,,
1691666220,3.43,23.312,3.365,0.915,7450-049711,TRUE,8/10/2023 7:17,2023-LCS-NWA-090823-001A,8/10/2023,7:17,,
1691666520,3.43,21.576,0.137,0.941,7450-770855,TRUE,8/10/2023 7:22,2023-LCS-NWA-090823-002A,8/10/2023,7:22,,
1691666520,3.45,21.744,0.308,0.971,7450-778298,TRUE,8/10/2023 7:22,2023-LCS-NWA-090823-003A,8/10/2023,7:22,,
1691666640,3.42,21.794,0.57,0.963,7450-064567,TRUE,8/10/2023 7:24,2023-LCS-NWA-090823-006A,8/10/2023,7:24,,
1691666820,3.43,23.304,3.247,0.915,7450-049711,TRUE,8/10/2023 7:27,2023-LCS-NWA-090823-001A,8/10/2023,7:27,,
1691667120,3.43,21.535,0.149,0.941,7450-770855,TRUE,8/10/2023 7:32,2023-LCS-NWA-090823-002A,8/10/2023,7:32,,
1691667120,3.45,21.727,0.282,0.97,7450-778298,TRUE,8/10/2023 7:32,2023-LCS-NWA-090823-003A,8/10/2023,7:32,,
1691667240,3.42,21.786,0.578,0.963,7450-064567,TRUE,8/10/2023 7:34,2023-LCS-NWA-090823-006A,8/10/2023,7:34,,
1691667420,3.43,23.321,3.371,0.915,7450-049711,TRUE,8/10/2023 7:37,2023-LCS-NWA-090823-001A,8/10/2023,7:37,,
1691667720,3.43,21.518,0.136,0.941,7450-770855,TRUE,8/10/2023 7:42,2023-LCS-NWA-090823-002A,8/10/2023,7:42,,
1691667720,3.45,21.677,0.316,0.971,7450-778298,TRUE,8/10/2023 7:42,2023-LCS-NWA-090823-003A,8/10/2023,7:42,,
1691667840,3.42,21.786,0.571,0.963,7450-064567,TRUE,8/10/2023 7:44,2023-LCS-NWA-090823-006A,8/10/2023,7:44,,
1691668020,3.43,23.287,3.347,0.915,7450-049711,TRUE,8/10/2023 7:47,2023-LCS-NWA-090823-001A,8/10/2023,7:47,,
1691668320,3.43,21.51,0.101,0.94,7450-770855,TRUE,8/10/2023 7:52,2023-LCS-NWA-090823-002A,8/10/2023,7:52,,
1691668320,3.45,21.635,0.266,0.97,7450-778298,TRUE,8/10/2023 7:52,2023-LCS-NWA-090823-003A,8/10/2023,7:52,,
1691668440,3.42,21.769,0.563,0.963,7450-064567,TRUE,8/10/2023 7:54,2023-LCS-NWA-090823-006A,8/10/2023,7:54,,
1691668620,3.43,23.287,3.413,0.915,7450-049711,TRUE,8/10/2023 7:57,2023-LCS-NWA-090823-001A,8/10/2023,7:57,,
1691668920,3.43,21.476,0.145,0.942,7450-770855,TRUE,8/10/2023 8:02,2023-LCS-NWA-090823-002A,8/10/2023,8:02,,
1691668920,3.45,21.61,0.279,0.97,7450-778298,TRUE,8/10/2023 8:02,2023-LCS-NWA-090823-003A,8/10/2023,8:02,,
1691669040,3.42,21.761,0.563,0.963,7450-064567,TRUE,8/10/2023 8:04,2023-LCS-NWA-090823-006A,8/10/2023,8:04,,
1691669220,3.43,23.279,3.374,0.915,7450-049711,TRUE,8/10/2023 8:07,2023-LCS-NWA-090823-001A,8/10/2023,8:07,,
1691669520,3.43,21.468,0.127,0.941,7450-770855,TRUE,8/10/2023 8:12,2023-LCS-NWA-090823-002A,8/10/2023,8:12,,
1691669520,3.45,21.577,0.268,0.97,7450-778298,TRUE,8/10/2023 8:12,2023-LCS-NWA-090823-003A,8/10/2023,8:12,,
1691669640,3.42,21.769,0.586,0.964,7450-064567,TRUE,8/10/2023 8:14,2023-LCS-NWA-090823-006A,8/10/2023,8:14,,
1691669820,3.43,23.27,3.337,0.915,7450-049711,TRUE,8/10/2023 8:17,2023-LCS-NWA-090823-001A,8/10/2023,8:17,,
,,,,,,FISH,8/10/2023 8:18,2023-LCS-NWA-090823-001A,8/10/2023,8:18,,
1691670120,3.43,21.501,0.119,0.941,7450-770855,TRUE,8/10/2023 8:22,2023-LCS-NWA-090823-002A,8/10/2023,8:22,,
1691670120,3.45,21.593,0.243,0.969,7450-778298,TRUE,8/10/2023 8:22,2023-LCS-NWA-090823-003A,8/10/2023,8:22,,
1691670240,3.42,21.794,0.558,0.963,7450-064567,TRUE,8/10/2023 8:24,2023-LCS-NWA-090823-006A,8/10/2023,8:24,,
1691670420,3.42,22.049,7.939,0.911,7450-049711,FALSE,8/10/2023 8:27,2023-LCS-NWA-090823-001A,8/10/2023,8:27,,
1691670720,3.43,21.493,0.136,0.941,7450-770855,TRUE,8/10/2023 8:32,2023-LCS-NWA-090823-002A,8/10/2023,8:32,,
1691670720,3.45,21.585,0.254,0.969,7450-778298,TRUE,8/10/2023 8:32,2023-LCS-NWA-090823-003A,8/10/2023,8:32,,
1691670840,3.42,21.819,0.668,0.965,7450-064567,TRUE,8/10/2023 8:34,2023-LCS-NWA-090823-006A,8/10/2023,8:34,,
1691671320,3.43,21.526,0.186,0.942,7450-770855,TRUE,8/10/2023 8:42,2023-LCS-NWA-090823-002A,8/10/2023,8:42,,
1691671320,3.45,21.585,0.219,0.969,7450-778298,TRUE,8/10/2023 8:42,2023-LCS-NWA-090823-003A,8/10/2023,8:42,,
1691671440,3.42,21.853,0.687,0.965,7450-064567,TRUE,8/10/2023 8:44,2023-LCS-NWA-090823-006A,8/10/2023,8:44,,
1691671920,3.43,21.568,0.297,0.946,7450-770855,TRUE,8/10/2023 8:52,2023-LCS-NWA-090823-002A,8/10/2023,8:52,,
1691671920,3.45,21.585,0.214,0.968,7450-778298,TRUE,8/10/2023 8:52,2023-LCS-NWA-090823-003A,8/10/2023,8:52,,
1691672040,3.42,21.903,0.834,0.967,7450-064567,TRUE,8/10/2023 8:54,2023-LCS-NWA-090823-006A,8/10/2023,8:54,,
,,,,,,FISH,8/10/2023 9:01,2023-LCS-NWA-090823-002A,8/10/2023,9:01,,
1691672520,3.43,21.593,0.38,0.947,7450-770855,FALSE,8/10/2023 9:02,2023-LCS-NWA-090823-002A,8/10/2023,9:02,,
1691672520,3.45,21.644,0.262,0.969,7450-778298,TRUE,8/10/2023 9:02,2023-LCS-NWA-090823-003A,8/10/2023,9:02,,
1691672640,3.42,21.961,1.037,0.969,7450-064567,TRUE,8/10/2023 9:04,2023-LCS-NWA-090823-006A,8/10/2023,9:04,,
1691673120,3.43,21.66,0.452,0.949,7450-770855,FALSE,8/10/2023 9:12,2023-LCS-NWA-090823-002A,8/10/2023,9:12,,
1691673120,3.45,21.669,0.295,0.97,7450-778298,TRUE,8/10/2023 9:12,2023-LCS-NWA-090823-003A,8/10/2023,9:12,,
1691673240,3.42,22.02,1.205,0.97,7450-064567,TRUE,8/10/2023 9:14,2023-LCS-NWA-090823-006A,8/10/2023,9:14,,
1691673720,3.43,22.37,8.108,0.962,7450-770855,FALSE,8/10/2023 9:22,2023-LCS-NWA-090823-002A,8/10/2023,9:22,,
1691673720,3.45,21.711,0.254,0.969,7450-778298,TRUE,8/10/2023 9:22,2023-LCS-NWA-090823-003A,8/10/2023,9:22,,
1691673840,3.42,22.062,1.367,0.971,7450-064567,TRUE,8/10/2023 9:24,2023-LCS-NWA-090823-006A,8/10/2023,9:24,,
1691674320,3.42,22.053,1.17,0.961,7450-770855,FALSE,8/10/2023 9:32,2023-LCS-NWA-090823-002A,8/10/2023,9:32,,
1691674320,3.45,21.736,0.301,0.97,7450-778298,TRUE,8/10/2023 9:32,2023-LCS-NWA-090823-003A,8/10/2023,9:32,,
1691674440,3.42,22.103,1.225,0.97,7450-064567,TRUE,8/10/2023 9:34,2023-LCS-NWA-090823-006A,8/10/2023,9:34,,
1691674920,3.43,21.969,0.075,0.94,7450-770855,FALSE,8/10/2023 9:42,2023-LCS-NWA-090823-002A,8/10/2023,9:42,,
1691674920,3.45,21.786,0.3,0.97,7450-778298,TRUE,8/10/2023 9:42,2023-LCS-NWA-090823-003A,8/10/2023,9:42,,
1691675040,3.42,22.137,1.149,0.97,7450-064567,TRUE,8/10/2023 9:44,2023-LCS-NWA-090823-006A,8/10/2023,9:44,,
1691675520,3.43,21.911,0.107,0.941,7450-770855,FALSE,8/10/2023 9:52,2023-LCS-NWA-090823-002A,8/10/2023,9:52,,
1691675520,3.45,21.828,0.277,0.97,7450-778298,TRUE,8/10/2023 9:52,2023-LCS-NWA-090823-003A,8/10/2023,9:52,,
1691675640,3.42,22.204,1.367,0.971,7450-064567,TRUE,8/10/2023 9:54,2023-LCS-NWA-090823-006A,8/10/2023,9:54,,
,,,,,,FISH,8/10/2023 9:54,2023-LCS-NWA-090823-003A,8/10/2023,9:54,,
1691676120,3.43,23.516,7.957,0.962,7450-770855,FALSE,8/10/2023 10:02,2023-LCS-NWA-090823-002A,8/10/2023,10:02,,
1691676120,3.45,21.895,0.245,0.969,7450-778298,FALSE,8/10/2023 10:02,2023-LCS-NWA-090823-003A,8/10/2023,10:02,,
1691676240,3.42,22.271,1.454,0.972,7450-064567,TRUE,8/10/2023 10:04,2023-LCS-NWA-090823-006A,8/10/2023,10:04,,
1691676720,3.45,21.911,0.28,0.97,7450-778298,FALSE,8/10/2023 10:12,2023-LCS-NWA-090823-003A,8/10/2023,10:12,,
1691676840,3.42,22.338,1.614,0.972,7450-064567,TRUE,8/10/2023 10:14,2023-LCS-NWA-090823-006A,8/10/2023,10:14,,
1691677320,3.45,22.196,7.88,0.981,7450-778298,FALSE,8/10/2023 10:22,2023-LCS-NWA-090823-003A,8/10/2023,10:22,,
1691677440,3.42,22.271,0.94,0.968,7450-064567,TRUE,8/10/2023 10:24,2023-LCS-NWA-090823-006A,8/10/2023,10:24,,
1691678040,3.42,22.455,1.714,0.973,7450-064567,TRUE,8/10/2023 10:34,2023-LCS-NWA-090823-006A,8/10/2023,10:34,,
1691678640,3.42,22.354,1.044,0.969,7450-064567,TRUE,8/10/2023 10:44,2023-LCS-NWA-090823-006A,8/10/2023,10:44,,
1691679240,3.42,22.547,1.411,0.971,7450-064567,TRUE,8/10/2023 10:54,2023-LCS-NWA-090823-006A,8/10/2023,10:54,,
1691679840,3.42,22.48,1.131,0.969,7450-064567,TRUE,8/10/2023 11:04,2023-LCS-NWA-090823-006A,8/10/2023,11:04,,
1691680440,3.42,22.58,1.263,0.97,7450-064567,TRUE,8/10/2023 11:14,2023-LCS-NWA-090823-006A,8/10/2023,11:14,,
1691681040,3.42,22.689,1.526,0.972,7450-064567,TRUE,8/10/2023 11:24,2023-LCS-NWA-090823-006A,8/10/2023,11:24,,
,,,,,,FISH,8/10/2023 11:34,2023-LCS-NWA-090823-006A,8/10/2023,11:34,,
1691681640,3.42,22.471,0.781,0.965,7450-064567,FALSE,8/10/2023 11:34,2023-LCS-NWA-090823-006A,8/10/2023,11:34,,
,,23.19,3.36,,YSI,SET,8/10/2023 13:54,2023-LCS-NWA-100823-001A,8/10/2023,13:54,,
1691691180,3.43,24.984,1.966,0.964,7450-770855,TRUE,8/10/2023 14:13,2023-LCS-NWA-100823-001A,8/10/2023,14:13,,
1691691780,3.44,23.784,1.831,0.964,7450-770855,TRUE,8/10/2023 14:23,2023-LCS-NWA-100823-001A,8/10/2023,14:23,,
1691692380,3.44,23.399,1.784,0.964,7450-770855,TRUE,8/10/2023 14:33,2023-LCS-NWA-100823-001A,8/10/2023,14:33,,
,,25.63,6.38,,YSI,SET,8/10/2023 14:35,2023-LCS-NWA-100823-003A,8/10/2023,14:35,,
1691692980,3.44,23.24,1.72,0.963,7450-770855,TRUE,8/10/2023 14:43,2023-LCS-NWA-100823-001A,8/10/2023,14:43,,
1691693580,3.43,23.165,1.567,0.963,7450-770855,TRUE,8/10/2023 14:53,2023-LCS-NWA-100823-001A,8/10/2023,14:53,,
1691694060,3.47,27.653,7.433,0.985,7450-778298,TRUE,8/10/2023 15:01,2023-LCS-NWA-100823-003A,8/10/2023,15:01,,
1691694180,3.43,23.139,1.189,0.961,7450-770855,TRUE,8/10/2023 15:03,2023-LCS-NWA-100823-001A,8/10/2023,15:03,,
1691694660,3.47,26.812,6.948,0.986,7450-778298,TRUE,8/10/2023 15:11,2023-LCS-NWA-100823-003A,8/10/2023,15:11,,
1691694780,3.43,23.181,1.144,0.96,7450-770855,TRUE,8/10/2023 15:13,2023-LCS-NWA-100823-001A,8/10/2023,15:13,,
1691695260,3.47,26.608,7.055,0.988,7450-778298,TRUE,8/10/2023 15:21,2023-LCS-NWA-100823-003A,8/10/2023,15:21,,
,,24.30,3.71,,YSI,SET,8/10/2023 15:21,2023-LCS-NWA-100823-005A,8/10/2023,15:21,,
1691695320,3.44,24.343,0.519,0.917,7450-049711,TRUE,8/10/2023 15:22,2023-LCS-NWA-100823-005A,8/10/2023,15:22,,
1691695380,3.43,23.181,1.065,0.959,7450-770855,TRUE,8/10/2023 15:23,2023-LCS-NWA-100823-001A,8/10/2023,15:23,,
1691695860,3.47,26.659,6.904,0.988,7450-778298,TRUE,8/10/2023 15:31,2023-LCS-NWA-100823-003A,8/10/2023,15:31,,
1691695920,3.44,23.237,0.45,0.914,7450-049711,TRUE,8/10/2023 15:32,2023-LCS-NWA-100823-005A,8/10/2023,15:32,,
1691695980,3.44,23.198,1.099,0.959,7450-770855,TRUE,8/10/2023 15:33,2023-LCS-NWA-100823-001A,8/10/2023,15:33,,
1691696460,3.47,26.795,6.978,0.988,7450-778298,TRUE,8/10/2023 15:41,2023-LCS-NWA-100823-003A,8/10/2023,15:41,,
1691696520,3.43,22.91,0.379,0.912,7450-049711,TRUE,8/10/2023 15:42,2023-LCS-NWA-100823-005A,8/10/2023,15:42,,
1691696580,3.44,23.231,1.167,0.96,7450-770855,TRUE,8/10/2023 15:43,2023-LCS-NWA-100823-001A,8/10/2023,15:43,,
1691697060,3.46,26.948,7.253,0.988,7450-778298,TRUE,8/10/2023 15:51,2023-LCS-NWA-100823-003A,8/10/2023,15:51,,
1691697120,3.44,22.76,0.31,0.91,7450-049711,TRUE,8/10/2023 15:52,2023-LCS-NWA-100823-005A,8/10/2023,15:52,,
1691697180,3.44,23.273,1.234,0.961,7450-770855,TRUE,8/10/2023 15:53,2023-LCS-NWA-100823-001A,8/10/2023,15:53,,
,,24.71,3.75,,YSI,SET,8/10/2023 15:59,2023-LCS-NWA-100823-006A,8/10/2023,15:59,,
1691697660,3.46,27.015,7.234,0.989,7450-778298,TRUE,8/10/2023 16:01,2023-LCS-NWA-100823-003A,8/10/2023,16:01,,
1691697720,3.44,22.634,0.286,0.909,7450-049711,TRUE,8/10/2023 16:02,2023-LCS-NWA-100823-005A,8/10/2023,16:02,,
1691697780,3.44,23.307,0.992,0.958,7450-770855,TRUE,8/10/2023 16:03,2023-LCS-NWA-100823-001A,8/10/2023,16:03,,
1691697900,3.43,27.65,9.36,0.972,7450-064567,TRUE,8/10/2023 16:05,2023-LCS-NWA-100823-006A,8/10/2023,16:05,,
1691698260,3.46,27.083,7.303,0.989,7450-778298,TRUE,8/10/2023 16:11,2023-LCS-NWA-100823-003A,8/10/2023,16:11,,
1691698320,3.44,22.684,0.432,0.912,7450-049711,TRUE,8/10/2023 16:12,2023-LCS-NWA-100823-005A,8/10/2023,16:12,,
1691698380,3.44,23.315,0.997,0.958,7450-770855,TRUE,8/10/2023 16:13,2023-LCS-NWA-100823-001A,8/10/2023,16:13,,
1691698500,3.43,27.132,9.355,0.973,7450-064567,TRUE,8/10/2023 16:15,2023-LCS-NWA-100823-006A,8/10/2023,16:15,,
1691698860,3.46,27.032,7.678,0.99,7450-778298,TRUE,8/10/2023 16:21,2023-LCS-NWA-100823-003A,8/10/2023,16:21,,
1691698920,3.44,22.484,0.304,0.909,7450-049711,TRUE,8/10/2023 16:22,2023-LCS-NWA-100823-005A,8/10/2023,16:22,,
1691698980,3.44,23.324,1.076,0.959,7450-770855,TRUE,8/10/2023 16:23,2023-LCS-NWA-100823-001A,8/10/2023,16:23,,
1691699100,3.43,26.954,9.247,0.975,7450-064567,TRUE,8/10/2023 16:25,2023-LCS-NWA-100823-006A,8/10/2023,16:25,,
1691699460,3.46,27.015,7.915,0.99,7450-778298,TRUE,8/10/2023 16:31,2023-LCS-NWA-100823-003A,8/10/2023,16:31,,
1691699520,3.44,22.492,0.354,0.91,7450-049711,TRUE,8/10/2023 16:32,2023-LCS-NWA-100823-005A,8/10/2023,16:32,,
1691699580,3.44,23.332,1.117,0.959,7450-770855,TRUE,8/10/2023 16:33,2023-LCS-NWA-100823-001A,8/10/2023,16:33,,
1691699700,3.43,26.954,9.187,0.975,7450-064567,TRUE,8/10/2023 16:35,2023-LCS-NWA-100823-006A,8/10/2023,16:35,,
1691700060,3.46,26.99,7.584,0.99,7450-778298,TRUE,8/10/2023 16:41,2023-LCS-NWA-100823-003A,8/10/2023,16:41,,
1691700120,3.44,22.526,0.762,0.917,7450-049711,TRUE,8/10/2023 16:42,2023-LCS-NWA-100823-005A,8/10/2023,16:42,,
1691700180,3.44,23.382,1.195,0.96,7450-770855,TRUE,8/10/2023 16:43,2023-LCS-NWA-100823-001A,8/10/2023,16:43,,
1691700300,3.43,27.064,9.784,0.975,7450-064567,TRUE,8/10/2023 16:45,2023-LCS-NWA-100823-006A,8/10/2023,16:45,,
1691700660,3.46,26.982,7.957,0.989,7450-778298,TRUE,8/10/2023 16:51,2023-LCS-NWA-100823-003A,8/10/2023,16:51,,
1691700720,3.44,22.417,0.421,0.911,7450-049711,TRUE,8/10/2023 16:52,2023-LCS-NWA-100823-005A,8/10/2023,16:52,,
1691700780,3.43,23.466,1.274,0.961,7450-770855,TRUE,8/10/2023 16:53,2023-LCS-NWA-100823-001A,8/10/2023,16:53,,
1691700900,3.43,27.03,9.598,0.975,7450-064567,TRUE,8/10/2023 16:55,2023-LCS-NWA-100823-006A,8/10/2023,16:55,,
1691701260,3.46,26.998,8.353,0.99,7450-778298,TRUE,8/10/2023 17:01,2023-LCS-NWA-100823-003A,8/10/2023,17:01,,
1691701320,3.44,22.492,0.702,0.916,7450-049711,TRUE,8/10/2023 17:02,2023-LCS-NWA-100823-005A,8/10/2023,17:02,,
1691701380,3.43,23.474,1.236,0.961,7450-770855,TRUE,8/10/2023 17:03,2023-LCS-NWA-100823-001A,8/10/2023,17:03,,
1691701500,3.42,27.106,9.338,0.974,7450-064567,TRUE,8/10/2023 17:05,2023-LCS-NWA-100823-006A,8/10/2023,17:05,,
1691701860,3.46,26.956,8.455,0.988,7450-778298,TRUE,8/10/2023 17:11,2023-LCS-NWA-100823-003A,8/10/2023,17:11,,
1691701920,3.44,22.459,0.579,0.914,7450-049711,TRUE,8/10/2023 17:12,2023-LCS-NWA-100823-005A,8/10/2023,17:12,,
1691701980,3.43,23.483,1.185,0.96,7450-770855,TRUE,8/10/2023 17:13,2023-LCS-NWA-100823-001A,8/10/2023,17:13,,
1691702100,3.42,27.072,9.687,0.973,7450-064567,TRUE,8/10/2023 17:15,2023-LCS-NWA-100823-006A,8/10/2023,17:15,,
1691702460,3.46,26.973,8.068,0.989,7450-778298,TRUE,8/10/2023 17:21,2023-LCS-NWA-100823-003A,8/10/2023,17:21,,
1691702520,3.44,22.45,0.54,0.913,7450-049711,TRUE,8/10/2023 17:22,2023-LCS-NWA-100823-005A,8/10/2023,17:22,,
1691702580,3.43,23.55,1.149,0.96,7450-770855,TRUE,8/10/2023 17:23,2023-LCS-NWA-100823-001A,8/10/2023,17:23,,
1691702700,3.42,27.14,9.508,0.973,7450-064567,TRUE,8/10/2023 17:25,2023-LCS-NWA-100823-006A,8/10/2023,17:25,,
1691703060,3.46,27.015,7.482,0.988,7450-778298,TRUE,8/10/2023 17:31,2023-LCS-NWA-100823-003A,8/10/2023,17:31,,
1691703120,3.43,22.517,0.631,0.914,7450-049711,TRUE,8/10/2023 17:32,2023-LCS-NWA-100823-005A,8/10/2023,17:32,,
1691703180,3.43,23.608,1.115,0.959,7450-770855,TRUE,8/10/2023 17:33,2023-LCS-NWA-100823-001A,8/10/2023,17:33,,
1691703300,3.42,27.132,8.696,0.973,7450-064567,TRUE,8/10/2023 17:35,2023-LCS-NWA-100823-006A,8/10/2023,17:35,,
1691703660,3.46,27.015,7.829,0.988,7450-778298,TRUE,8/10/2023 17:41,2023-LCS-NWA-100823-003A,8/10/2023,17:41,,
1691703720,3.43,22.584,0.856,0.917,7450-049711,TRUE,8/10/2023 17:42,2023-LCS-NWA-100823-005A,8/10/2023,17:42,,
1691703780,3.43,23.6,0.982,0.958,7450-770855,TRUE,8/10/2023 17:43,2023-LCS-NWA-100823-001A,8/10/2023,17:43,,
1691703900,3.42,27.098,7.862,0.974,7450-064567,TRUE,8/10/2023 17:45,2023-LCS-NWA-100823-006A,8/10/2023,17:45,,
1691704260,3.46,27.049,7.826,0.988,7450-778298,TRUE,8/10/2023 17:51,2023-LCS-NWA-100823-003A,8/10/2023,17:51,,
1691704320,3.43,22.576,0.898,0.917,7450-049711,TRUE,8/10/2023 17:52,2023-LCS-NWA-100823-005A,8/10/2023,17:52,,
1691704380,3.43,23.633,1.008,0.958,7450-770855,TRUE,8/10/2023 17:53,2023-LCS-NWA-100823-001A,8/10/2023,17:53,,
1691704500,3.42,27.115,8.78,0.974,7450-064567,TRUE,8/10/2023 17:55,2023-LCS-NWA-100823-006A,8/10/2023,17:55,,
1691704860,3.46,27.015,8.051,0.988,7450-778298,TRUE,8/10/2023 18:01,2023-LCS-NWA-100823-003A,8/10/2023,18:01,,
1691704920,3.43,22.526,0.807,0.916,7450-049711,TRUE,8/10/2023 18:02,2023-LCS-NWA-100823-005A,8/10/2023,18:02,,
1691704980,3.43,23.65,0.979,0.958,7450-770855,TRUE,8/10/2023 18:03,2023-LCS-NWA-100823-001A,8/10/2023,18:03,,
1691705100,3.42,27.123,8.904,0.975,7450-064567,TRUE,8/10/2023 18:05,2023-LCS-NWA-100823-006A,8/10/2023,18:05,,
1691705460,3.46,27.032,8.214,0.989,7450-778298,TRUE,8/10/2023 18:11,2023-LCS-NWA-100823-003A,8/10/2023,18:11,,
1691705520,3.43,22.592,1.128,0.919,7450-049711,TRUE,8/10/2023 18:12,2023-LCS-NWA-100823-005A,8/10/2023,18:12,,
1691705580,3.43,23.667,0.828,0.956,7450-770855,TRUE,8/10/2023 18:13,2023-LCS-NWA-100823-001A,8/10/2023,18:13,,
1691705700,3.42,27.055,9.001,0.975,7450-064567,TRUE,8/10/2023 18:15,2023-LCS-NWA-100823-006A,8/10/2023,18:15,,
1691706060,3.46,27.066,8.276,0.988,7450-778298,TRUE,8/10/2023 18:21,2023-LCS-NWA-100823-003A,8/10/2023,18:21,,
1691706120,3.43,22.551,1.166,0.919,7450-049711,TRUE,8/10/2023 18:22,2023-LCS-NWA-100823-005A,8/10/2023,18:22,,
1691706180,3.43,23.759,0.956,0.958,7450-770855,TRUE,8/10/2023 18:23,2023-LCS-NWA-100823-001A,8/10/2023,18:23,,
1691706300,3.42,27.013,8.831,0.974,7450-064567,TRUE,8/10/2023 18:25,2023-LCS-NWA-100823-006A,8/10/2023,18:25,,
1691706660,3.46,27.041,8.298,0.989,7450-778298,TRUE,8/10/2023 18:31,2023-LCS-NWA-100823-003A,8/10/2023,18:31,,
1691706720,3.43,22.584,1.131,0.919,7450-049711,TRUE,8/10/2023 18:32,2023-LCS-NWA-100823-005A,8/10/2023,18:32,,
1691706780,3.43,23.75,0.874,0.956,7450-770855,TRUE,8/10/2023 18:33,2023-LCS-NWA-100823-001A,8/10/2023,18:33,,
1691706900,3.42,26.903,8.805,0.975,7450-064567,TRUE,8/10/2023 18:35,2023-LCS-NWA-100823-006A,8/10/2023,18:35,,
1691707260,3.46,27.058,8.201,0.989,7450-778298,TRUE,8/10/2023 18:41,2023-LCS-NWA-100823-003A,8/10/2023,18:41,,
1691707320,3.43,22.659,1.475,0.921,7450-049711,TRUE,8/10/2023 18:42,2023-LCS-NWA-100823-005A,8/10/2023,18:42,,
1691707380,3.43,23.784,0.817,0.956,7450-770855,TRUE,8/10/2023 18:43,2023-LCS-NWA-100823-001A,8/10/2023,18:43,,
1691707500,3.42,26.708,9.227,0.976,7450-064567,TRUE,8/10/2023 18:45,2023-LCS-NWA-100823-006A,8/10/2023,18:45,,
1691707860,3.46,26.99,8.019,0.988,7450-778298,TRUE,8/10/2023 18:51,2023-LCS-NWA-100823-003A,8/10/2023,18:51,,
1691707920,3.43,22.542,0.89,0.917,7450-049711,TRUE,8/10/2023 18:52,2023-LCS-NWA-100823-005A,8/10/2023,18:52,,
1691707980,3.43,23.776,0.824,0.956,7450-770855,TRUE,8/10/2023 18:53,2023-LCS-NWA-100823-001A,8/10/2023,18:53,,
1691708100,3.43,26.657,8.914,0.976,7450-064567,TRUE,8/10/2023 18:55,2023-LCS-NWA-100823-006A,8/10/2023,18:55,,
1691708460,3.46,26.922,8.043,0.988,7450-778298,TRUE,8/10/2023 19:01,2023-LCS-NWA-100823-003A,8/10/2023,19:01,,
1691708520,3.43,22.668,1.317,0.92,7450-049711,TRUE,8/10/2023 19:02,2023-LCS-NWA-100823-005A,8/10/2023,19:02,,
1691708580,3.43,23.817,0.782,0.955,7450-770855,TRUE,8/10/2023 19:03,2023-LCS-NWA-100823-001A,8/10/2023,19:03,,
1691708700,3.42,26.564,8.42,0.975,7450-064567,TRUE,8/10/2023 19:05,2023-LCS-NWA-100823-006A,8/10/2023,19:05,,
1691709060,3.46,26.829,7.952,0.988,7450-778298,TRUE,8/10/2023 19:11,2023-LCS-NWA-100823-003A,8/10/2023,19:11,,
1691709120,3.43,22.643,1.594,0.921,7450-049711,TRUE,8/10/2023 19:12,2023-LCS-NWA-100823-005A,8/10/2023,19:12,,
1691709180,3.43,23.859,1.016,0.959,7450-770855,TRUE,8/10/2023 19:13,2023-LCS-NWA-100823-001A,8/10/2023,19:13,,
1691709300,3.42,26.428,7.749,0.975,7450-064567,TRUE,8/10/2023 19:15,2023-LCS-NWA-100823-006A,8/10/2023,19:15,,
1691709660,3.46,26.778,7.953,0.989,7450-778298,TRUE,8/10/2023 19:21,2023-LCS-NWA-100823-003A,8/10/2023,19:21,,
1691709720,3.43,22.743,2.173,0.921,7450-049711,TRUE,8/10/2023 19:22,2023-LCS-NWA-100823-005A,8/10/2023,19:22,,
1691709780,3.43,23.935,1.15,0.96,7450-770855,TRUE,8/10/2023 19:23,2023-LCS-NWA-100823-001A,8/10/2023,19:23,,
1691709900,3.42,26.285,7.863,0.975,7450-064567,TRUE,8/10/2023 19:25,2023-LCS-NWA-100823-006A,8/10/2023,19:25,,
1691710260,3.46,26.702,7.762,0.989,7450-778298,TRUE,8/10/2023 19:31,2023-LCS-NWA-100823-003A,8/10/2023,19:31,,
1691710320,3.43,22.643,2.381,0.922,7450-049711,TRUE,8/10/2023 19:32,2023-LCS-NWA-100823-005A,8/10/2023,19:32,,
1691710380,3.43,23.901,1.165,0.96,7450-770855,TRUE,8/10/2023 19:33,2023-LCS-NWA-100823-001A,8/10/2023,19:33,,
1691710500,3.42,26.192,7.883,0.975,7450-064567,TRUE,8/10/2023 19:35,2023-LCS-NWA-100823-006A,8/10/2023,19:35,,
1691710860,3.46,26.642,7.676,0.989,7450-778298,TRUE,8/10/2023 19:41,2023-LCS-NWA-100823-003A,8/10/2023,19:41,,
1691710920,3.43,22.71,2.211,0.922,7450-049711,TRUE,8/10/2023 19:42,2023-LCS-NWA-100823-005A,8/10/2023,19:42,,
1691710980,3.43,23.901,1.022,0.958,7450-770855,TRUE,8/10/2023 19:43,2023-LCS-NWA-100823-001A,8/10/2023,19:43,,
1691711100,3.42,26.082,7.625,0.975,7450-064567,TRUE,8/10/2023 19:45,2023-LCS-NWA-100823-006A,8/10/2023,19:45,,
1691711460,3.46,26.549,7.386,0.989,7450-778298,TRUE,8/10/2023 19:51,2023-LCS-NWA-100823-003A,8/10/2023,19:51,,
1691711520,3.43,22.793,2.6,0.922,7450-049711,TRUE,8/10/2023 19:52,2023-LCS-NWA-100823-005A,8/10/2023,19:52,,
1691711580,3.43,23.968,1.582,0.962,7450-770855,TRUE,8/10/2023 19:53,2023-LCS-NWA-100823-001A,8/10/2023,19:53,,
1691711700,3.42,25.989,7.491,0.975,7450-064567,TRUE,8/10/2023 19:55,2023-LCS-NWA-100823-006A,8/10/2023,19:55,,
1691712060,3.46,26.456,7.375,0.988,7450-778298,TRUE,8/10/2023 20:01,2023-LCS-NWA-100823-003A,8/10/2023,20:01,,
1691712120,3.43,22.676,2.307,0.922,7450-049711,TRUE,8/10/2023 20:02,2023-LCS-NWA-100823-005A,8/10/2023,20:02,,
1691712180,3.43,24.035,1.955,0.963,7450-770855,TRUE,8/10/2023 20:03,2023-LCS-NWA-100823-001A,8/10/2023,20:03,,
1691712300,3.42,25.888,7.205,0.975,7450-064567,TRUE,8/10/2023 20:05,2023-LCS-NWA-100823-006A,8/10/2023,20:05,,
1691712660,3.46,26.355,7.294,0.988,7450-778298,TRUE,8/10/2023 20:11,2023-LCS-NWA-100823-003A,8/10/2023,20:11,,
1691712720,3.43,22.693,2.041,0.922,7450-049711,TRUE,8/10/2023 20:12,2023-LCS-NWA-100823-005A,8/10/2023,20:12,,
1691712780,3.43,23.935,1.484,0.962,7450-770855,TRUE,8/10/2023 20:13,2023-LCS-NWA-100823-001A,8/10/2023,20:13,,
1691712900,3.42,25.829,7.245,0.974,7450-064567,TRUE,8/10/2023 20:15,2023-LCS-NWA-100823-006A,8/10/2023,20:15,,
1691713260,3.46,26.287,7.45,0.988,7450-778298,TRUE,8/10/2023 20:21,2023-LCS-NWA-100823-003A,8/10/2023,20:21,,
1691713320,3.43,22.668,2.067,0.921,7450-049711,TRUE,8/10/2023 20:22,2023-LCS-NWA-100823-005A,8/10/2023,20:22,,
1691713380,3.43,24.094,2.411,0.964,7450-770855,TRUE,8/10/2023 20:23,2023-LCS-NWA-100823-001A,8/10/2023,20:23,,
1691713500,3.42,25.761,7.012,0.974,7450-064567,TRUE,8/10/2023 20:25,2023-LCS-NWA-100823-006A,8/10/2023,20:25,,
1691713860,3.46,26.219,7.422,0.989,7450-778298,TRUE,8/10/2023 20:31,2023-LCS-NWA-100823-003A,8/10/2023,20:31,,
1691713920,3.43,22.785,2.269,0.921,7450-049711,TRUE,8/10/2023 20:32,2023-LCS-NWA-100823-005A,8/10/2023,20:32,,
1691713980,3.43,24.144,2.73,0.964,7450-770855,TRUE,8/10/2023 20:33,2023-LCS-NWA-100823-001A,8/10/2023,20:33,,
1691714100,3.42,25.694,6.826,0.975,7450-064567,TRUE,8/10/2023 20:35,2023-LCS-NWA-100823-006A,8/10/2023,20:35,,
1691714460,3.46,26.152,7.36,0.988,7450-778298,TRUE,8/10/2023 20:41,2023-LCS-NWA-100823-003A,8/10/2023,20:41,,
1691714520,3.43,22.701,1.975,0.921,7450-049711,TRUE,8/10/2023 20:42,2023-LCS-NWA-100823-005A,8/10/2023,20:42,,
1691714580,3.42,24.153,2.63,0.964,7450-770855,TRUE,8/10/2023 20:43,2023-LCS-NWA-100823-001A,8/10/2023,20:43,,
1691714700,3.42,25.626,6.589,0.975,7450-064567,TRUE,8/10/2023 20:45,2023-LCS-NWA-100823-006A,8/10/2023,20:45,,
1691715060,3.46,26.101,7.277,0.989,7450-778298,TRUE,8/10/2023 20:51,2023-LCS-NWA-100823-003A,8/10/2023,20:51,,
1691715120,3.43,22.693,2.159,0.921,7450-049711,TRUE,8/10/2023 20:52,2023-LCS-NWA-100823-005A,8/10/2023,20:52,,
1691715180,3.42,24.102,2.665,0.964,7450-770855,TRUE,8/10/2023 20:53,2023-LCS-NWA-100823-001A,8/10/2023,20:53,,
1691715300,3.42,25.559,6.351,0.974,7450-064567,TRUE,8/10/2023 20:55,2023-LCS-NWA-100823-006A,8/10/2023,20:55,,
1691715660,3.46,26.067,6.937,0.988,7450-778298,TRUE,8/10/2023 21:01,2023-LCS-NWA-100823-003A,8/10/2023,21:01,,
1691715720,3.43,22.81,2.676,0.922,7450-049711,TRUE,8/10/2023 21:02,2023-LCS-NWA-100823-005A,8/10/2023,21:02,,
1691715780,3.43,24.019,2.379,0.964,7450-770855,TRUE,8/10/2023 21:03,2023-LCS-NWA-100823-001A,8/10/2023,21:03,,
1691715900,3.42,25.483,6.116,0.974,7450-064567,TRUE,8/10/2023 21:05,2023-LCS-NWA-100823-006A,8/10/2023,21:05,,
1691716260,3.46,26,6.678,0.988,7450-778298,TRUE,8/10/2023 21:11,2023-LCS-NWA-100823-003A,8/10/2023,21:11,,
1691716320,3.43,22.718,2.385,0.922,7450-049711,TRUE,8/10/2023 21:12,2023-LCS-NWA-100823-005A,8/10/2023,21:12,,
1691716380,3.42,24.144,2.847,0.964,7450-770855,TRUE,8/10/2023 21:13,2023-LCS-NWA-100823-001A,8/10/2023,21:13,,
1691716500,3.42,25.424,5.94,0.974,7450-064567,TRUE,8/10/2023 21:15,2023-LCS-NWA-100823-006A,8/10/2023,21:15,,
1691716860,3.46,25.983,6.383,0.988,7450-778298,TRUE,8/10/2023 21:21,2023-LCS-NWA-100823-003A,8/10/2023,21:21,,
1691716920,3.43,22.659,2.168,0.921,7450-049711,TRUE,8/10/2023 21:22,2023-LCS-NWA-100823-005A,8/10/2023,21:22,,
1691716980,3.42,24.203,3.151,0.964,7450-770855,TRUE,8/10/2023 21:23,2023-LCS-NWA-100823-001A,8/10/2023,21:23,,
1691717100,3.42,25.365,5.708,0.974,7450-064567,TRUE,8/10/2023 21:25,2023-LCS-NWA-100823-006A,8/10/2023,21:25,,
1691717460,3.46,25.907,6.235,0.988,7450-778298,TRUE,8/10/2023 21:31,2023-LCS-NWA-100823-003A,8/10/2023,21:31,,
1691717520,3.43,22.802,2.496,0.922,7450-049711,TRUE,8/10/2023 21:32,2023-LCS-NWA-100823-005A,8/10/2023,21:32,,
1691717580,3.42,24.178,3.019,0.964,7450-770855,TRUE,8/10/2023 21:33,2023-LCS-NWA-100823-001A,8/10/2023,21:33,,
1691717700,3.42,25.289,5.5,0.974,7450-064567,TRUE,8/10/2023 21:35,2023-LCS-NWA-100823-006A,8/10/2023,21:35,,
1691718060,3.46,25.864,6.135,0.988,7450-778298,TRUE,8/10/2023 21:41,2023-LCS-NWA-100823-003A,8/10/2023,21:41,,
1691718120,3.43,22.643,2.001,0.921,7450-049711,TRUE,8/10/2023 21:42,2023-LCS-NWA-100823-005A,8/10/2023,21:42,,
1691718180,3.43,24.312,2.998,0.963,7450-770855,TRUE,8/10/2023 21:43,2023-LCS-NWA-100823-001A,8/10/2023,21:43,,
1691718300,3.42,25.239,5.4,0.974,7450-064567,TRUE,8/10/2023 21:45,2023-LCS-NWA-100823-006A,8/10/2023,21:45,,
1691718660,3.46,25.797,5.999,0.988,7450-778298,TRUE,8/10/2023 21:51,2023-LCS-NWA-100823-003A,8/10/2023,21:51,,
1691718720,3.43,22.71,2.216,0.921,7450-049711,TRUE,8/10/2023 21:52,2023-LCS-NWA-100823-005A,8/10/2023,21:52,,
1691718780,3.43,24.362,3.974,0.963,7450-770855,TRUE,8/10/2023 21:53,2023-LCS-NWA-100823-001A,8/10/2023,21:53,,
1691718900,3.42,25.188,5.326,0.974,7450-064567,TRUE,8/10/2023 21:55,2023-LCS-NWA-100823-006A,8/10/2023,21:55,,
1691719260,3.46,25.746,5.778,0.988,7450-778298,TRUE,8/10/2023 22:01,2023-LCS-NWA-100823-003A,8/10/2023,22:01,,
1691719320,3.43,22.576,2.343,0.921,7450-049711,TRUE,8/10/2023 22:02,2023-LCS-NWA-100823-005A,8/10/2023,22:02,,
1691719380,3.43,24.404,3.964,0.964,7450-770855,TRUE,8/10/2023 22:03,2023-LCS-NWA-100823-001A,8/10/2023,22:03,,
1691719500,3.42,25.129,5.204,0.974,7450-064567,TRUE,8/10/2023 22:05,2023-LCS-NWA-100823-006A,8/10/2023,22:05,,
1691719860,3.46,25.687,5.628,0.988,7450-778298,TRUE,8/10/2023 22:11,2023-LCS-NWA-100823-003A,8/10/2023,22:11,,
1691719920,3.43,22.592,2.158,0.921,7450-049711,TRUE,8/10/2023 22:12,2023-LCS-NWA-100823-005A,8/10/2023,22:12,,
1691719980,3.43,24.396,3.421,0.964,7450-770855,TRUE,8/10/2023 22:13,2023-LCS-NWA-100823-001A,8/10/2023,22:13,,
1691720100,3.42,25.087,5.016,0.974,7450-064567,TRUE,8/10/2023 22:15,2023-LCS-NWA-100823-006A,8/10/2023,22:15,,
1691720460,3.46,25.637,5.491,0.988,7450-778298,TRUE,8/10/2023 22:21,2023-LCS-NWA-100823-003A,8/10/2023,22:21,,
1691720520,3.43,22.542,1.638,0.92,7450-049711,TRUE,8/10/2023 22:22,2023-LCS-NWA-100823-005A,8/10/2023,22:22,,
1691720580,3.43,24.362,3.669,0.963,7450-770855,TRUE,8/10/2023 22:23,2023-LCS-NWA-100823-001A,8/10/2023,22:23,,
1691720700,3.42,25.02,4.813,0.974,7450-064567,TRUE,8/10/2023 22:25,2023-LCS-NWA-100823-006A,8/10/2023,22:25,,
1691721060,3.46,25.586,5.688,0.989,7450-778298,TRUE,8/10/2023 22:31,2023-LCS-NWA-100823-003A,8/10/2023,22:31,,
1691721120,3.43,22.592,2.569,0.921,7450-049711,TRUE,8/10/2023 22:32,2023-LCS-NWA-100823-005A,8/10/2023,22:32,,
1691721180,3.43,24.463,3.518,0.964,7450-770855,TRUE,8/10/2023 22:33,2023-LCS-NWA-100823-001A,8/10/2023,22:33,,
1691721300,3.42,24.969,4.76,0.974,7450-064567,TRUE,8/10/2023 22:35,2023-LCS-NWA-100823-006A,8/10/2023,22:35,,
1691721660,3.46,25.502,5.461,0.988,7450-778298,TRUE,8/10/2023 22:41,2023-LCS-NWA-100823-003A,8/10/2023,22:41,,
1691721720,3.43,22.375,1.671,0.92,7450-049711,TRUE,8/10/2023 22:42,2023-LCS-NWA-100823-005A,8/10/2023,22:42,,
1691721780,3.43,24.337,3.307,0.964,7450-770855,TRUE,8/10/2023 22:43,2023-LCS-NWA-100823-001A,8/10/2023,22:43,,
1691721900,3.42,24.894,4.244,0.974,7450-064567,TRUE,8/10/2023 22:45,2023-LCS-NWA-100823-006A,8/10/2023,22:45,,
1691722260,3.46,25.384,5.812,0.988,7450-778298,TRUE,8/10/2023 22:51,2023-LCS-NWA-100823-003A,8/10/2023,22:51,,
1691722320,3.43,22.358,1.841,0.92,7450-049711,TRUE,8/10/2023 22:52,2023-LCS-NWA-100823-005A,8/10/2023,22:52,,
1691722380,3.43,24.32,3.185,0.965,7450-770855,TRUE,8/10/2023 22:53,2023-LCS-NWA-100823-001A,8/10/2023,22:53,,
1691722500,3.42,24.784,3.853,0.974,7450-064567,TRUE,8/10/2023 22:55,2023-LCS-NWA-100823-006A,8/10/2023,22:55,,
1691722860,3.45,25.24,6.014,0.988,7450-778298,TRUE,8/10/2023 23:01,2023-LCS-NWA-100823-003A,8/10/2023,23:01,,
1691722920,3.43,22.291,1.916,0.921,7450-049711,TRUE,8/10/2023 23:02,2023-LCS-NWA-100823-005A,8/10/2023,23:02,,
1691722980,3.43,24.27,3.112,0.964,7450-770855,TRUE,8/10/2023 23:03,2023-LCS-NWA-100823-001A,8/10/2023,23:03,,
1691723100,3.42,24.7,3.777,0.975,7450-064567,TRUE,8/10/2023 23:05,2023-LCS-NWA-100823-006A,8/10/2023,23:05,,
1691723460,3.45,25.148,5.741,0.988,7450-778298,TRUE,8/10/2023 23:11,2023-LCS-NWA-100823-003A,8/10/2023,23:11,,
1691723520,3.43,22.224,1.976,0.92,7450-049711,TRUE,8/10/2023 23:12,2023-LCS-NWA-100823-005A,8/10/2023,23:12,,
1691723580,3.42,24.203,3.151,0.964,7450-770855,TRUE,8/10/2023 23:13,2023-LCS-NWA-100823-001A,8/10/2023,23:13,,
1691723700,3.42,24.616,3.906,0.974,7450-064567,TRUE,8/10/2023 23:15,2023-LCS-NWA-100823-006A,8/10/2023,23:15,,
1691724060,3.46,25.022,5.446,0.987,7450-778298,TRUE,8/10/2023 23:21,2023-LCS-NWA-100823-003A,8/10/2023,23:21,,
1691724120,3.42,22.174,1.509,0.919,7450-049711,TRUE,8/10/2023 23:22,2023-LCS-NWA-100823-005A,8/10/2023,23:22,,
1691724180,3.42,24.06,2.663,0.964,7450-770855,TRUE,8/10/2023 23:23,2023-LCS-NWA-100823-001A,8/10/2023,23:23,,
1691724300,3.42,24.516,3.939,0.974,7450-064567,TRUE,8/10/2023 23:25,2023-LCS-NWA-100823-006A,8/10/2023,23:25,,
1691724660,3.46,24.929,5.262,0.987,7450-778298,TRUE,8/10/2023 23:31,2023-LCS-NWA-100823-003A,8/10/2023,23:31,,
1691724720,3.42,22.124,1.719,0.92,7450-049711,TRUE,8/10/2023 23:32,2023-LCS-NWA-100823-005A,8/10/2023,23:32,,
1691724780,3.42,24.027,2.896,0.964,7450-770855,TRUE,8/10/2023 23:33,2023-LCS-NWA-100823-001A,8/10/2023,23:33,,
1691724900,3.42,24.448,3.728,0.974,7450-064567,TRUE,8/10/2023 23:35,2023-LCS-NWA-100823-006A,8/10/2023,23:35,,
1691725260,3.46,24.828,5.132,0.987,7450-778298,TRUE,8/10/2023 23:41,2023-LCS-NWA-100823-003A,8/10/2023,23:41,,
1691725320,3.42,22.074,1.665,0.92,7450-049711,TRUE,8/10/2023 23:42,2023-LCS-NWA-100823-005A,8/10/2023,23:42,,
1691725380,3.42,23.926,2.883,0.964,7450-770855,TRUE,8/10/2023 23:43,2023-LCS-NWA-100823-001A,8/10/2023,23:43,,
1691725500,3.42,24.364,3.609,0.974,7450-064567,TRUE,8/10/2023 23:45,2023-LCS-NWA-100823-006A,8/10/2023,23:45,,
1691725860,3.46,24.694,5.001,0.988,7450-778298,TRUE,8/10/2023 23:51,2023-LCS-NWA-100823-003A,8/10/2023,23:51,,
1691725920,3.42,22.024,1.498,0.919,7450-049711,TRUE,8/10/2023 23:52,2023-LCS-NWA-100823-005A,8/10/2023,23:52,,
1691725980,3.43,23.843,2.978,0.964,7450-770855,TRUE,8/10/2023 23:53,2023-LCS-NWA-100823-001A,8/10/2023,23:53,,
1691726100,3.42,24.306,3.561,0.974,7450-064567,TRUE,8/10/2023 23:55,2023-LCS-NWA-100823-006A,8/10/2023,23:55,,
1691726460,3.46,24.576,4.875,0.988,7450-778298,TRUE,8/11/2023 0:01,2023-LCS-NWA-100823-003A,8/11/2023,0:01,,
1691726520,3.42,21.957,1.488,0.919,7450-049711,TRUE,8/11/2023 0:02,2023-LCS-NWA-100823-005A,8/11/2023,0:02,,
1691726580,3.43,23.725,2.893,0.964,7450-770855,TRUE,8/11/2023 0:03,2023-LCS-NWA-100823-001A,8/11/2023,0:03,,
1691726700,3.42,24.255,3.489,0.974,7450-064567,TRUE,8/11/2023 0:05,2023-LCS-NWA-100823-006A,8/11/2023,0:05,,
1691727060,3.46,24.492,4.814,0.988,7450-778298,TRUE,8/11/2023 0:11,2023-LCS-NWA-100823-003A,8/11/2023,0:11,,
1691727120,3.42,21.915,1.361,0.918,7450-049711,TRUE,8/11/2023 0:12,2023-LCS-NWA-100823-005A,8/11/2023,0:12,,
1691727180,3.43,23.658,2.869,0.964,7450-770855,TRUE,8/11/2023 0:13,2023-LCS-NWA-100823-001A,8/11/2023,0:13,,
1691727300,3.42,24.155,3.335,0.974,7450-064567,TRUE,8/11/2023 0:15,2023-LCS-NWA-100823-006A,8/11/2023,0:15,,
1691727660,3.46,24.416,4.667,0.988,7450-778298,TRUE,8/11/2023 0:21,2023-LCS-NWA-100823-003A,8/11/2023,0:21,,
1691727720,3.42,21.865,1.296,0.918,7450-049711,TRUE,8/11/2023 0:22,2023-LCS-NWA-100823-005A,8/11/2023,0:22,,
1691727780,3.43,23.575,2.774,0.964,7450-770855,TRUE,8/11/2023 0:23,2023-LCS-NWA-100823-001A,8/11/2023,0:23,,
1691727900,3.42,24.079,3.118,0.974,7450-064567,TRUE,8/11/2023 0:25,2023-LCS-NWA-100823-006A,8/11/2023,0:25,,
1691728260,3.46,24.299,4.543,0.988,7450-778298,TRUE,8/11/2023 0:31,2023-LCS-NWA-100823-003A,8/11/2023,0:31,,
1691728320,3.42,21.781,1.118,0.917,7450-049711,TRUE,8/11/2023 0:32,2023-LCS-NWA-100823-005A,8/11/2023,0:32,,
1691728380,3.43,23.533,2.719,0.964,7450-770855,TRUE,8/11/2023 0:33,2023-LCS-NWA-100823-001A,8/11/2023,0:33,,
1691728500,3.42,24.037,3.085,0.974,7450-064567,TRUE,8/11/2023 0:35,2023-LCS-NWA-100823-006A,8/11/2023,0:35,,
1691728860,3.45,24.198,4.579,0.988,7450-778298,TRUE,8/11/2023 0:41,2023-LCS-NWA-100823-003A,8/11/2023,0:41,,
1691728920,3.42,21.739,0.946,0.916,7450-049711,TRUE,8/11/2023 0:42,2023-LCS-NWA-100823-005A,8/11/2023,0:42,,
1691728980,3.43,23.474,2.637,0.964,7450-770855,TRUE,8/11/2023 0:43,2023-LCS-NWA-100823-001A,8/11/2023,0:43,,
1691729100,3.42,23.953,2.883,0.974,7450-064567,TRUE,8/11/2023 0:45,2023-LCS-NWA-100823-006A,8/11/2023,0:45,,
1691729460,3.45,24.064,4.609,0.987,7450-778298,TRUE,8/11/2023 0:51,2023-LCS-NWA-100823-003A,8/11/2023,0:51,,
1691729520,3.42,21.673,0.919,0.915,7450-049711,TRUE,8/11/2023 0:52,2023-LCS-NWA-100823-005A,8/11/2023,0:52,,
1691729580,3.43,23.424,2.484,0.964,7450-770855,TRUE,8/11/2023 0:53,2023-LCS-NWA-100823-001A,8/11/2023,0:53,,
1691729700,3.42,23.878,2.824,0.973,7450-064567,TRUE,8/11/2023 0:55,2023-LCS-NWA-100823-006A,8/11/2023,0:55,,
1691730060,3.45,23.988,4.425,0.987,7450-778298,TRUE,8/11/2023 1:01,2023-LCS-NWA-100823-003A,8/11/2023,1:01,,
1691730120,3.42,21.614,0.883,0.915,7450-049711,TRUE,8/11/2023 1:02,2023-LCS-NWA-100823-005A,8/11/2023,1:02,,
1691730180,3.43,23.39,2.479,0.964,7450-770855,TRUE,8/11/2023 1:03,2023-LCS-NWA-100823-001A,8/11/2023,1:03,,
1691730300,3.42,23.811,2.704,0.974,7450-064567,TRUE,8/11/2023 1:05,2023-LCS-NWA-100823-006A,8/11/2023,1:05,,
1691730660,3.46,23.896,4.271,0.988,7450-778298,TRUE,8/11/2023 1:11,2023-LCS-NWA-100823-003A,8/11/2023,1:11,,
1691730720,3.42,21.581,0.798,0.914,7450-049711,TRUE,8/11/2023 1:12,2023-LCS-NWA-100823-005A,8/11/2023,1:12,,
1691730780,3.43,23.357,2.48,0.964,7450-770855,TRUE,8/11/2023 1:13,2023-LCS-NWA-100823-001A,8/11/2023,1:13,,
1691730900,3.42,23.769,2.596,0.974,7450-064567,TRUE,8/11/2023 1:15,2023-LCS-NWA-100823-006A,8/11/2023,1:15,,
1691731260,3.46,23.804,4.208,0.988,7450-778298,TRUE,8/11/2023 1:21,2023-LCS-NWA-100823-003A,8/11/2023,1:21,,
1691731320,3.42,21.539,0.738,0.913,7450-049711,TRUE,8/11/2023 1:22,2023-LCS-NWA-100823-005A,8/11/2023,1:22,,
1691731380,3.43,23.273,2.291,0.964,7450-770855,TRUE,8/11/2023 1:23,2023-LCS-NWA-100823-001A,8/11/2023,1:23,,
1691731500,3.42,23.71,2.591,0.974,7450-064567,TRUE,8/11/2023 1:25,2023-LCS-NWA-100823-006A,8/11/2023,1:25,,
1691731860,3.46,23.686,4.079,0.988,7450-778298,TRUE,8/11/2023 1:31,2023-LCS-NWA-100823-003A,8/11/2023,1:31,,
1691731920,3.42,21.455,0.708,0.913,7450-049711,TRUE,8/11/2023 1:32,2023-LCS-NWA-100823-005A,8/11/2023,1:32,,
1691731980,3.43,23.248,2.183,0.963,7450-770855,TRUE,8/11/2023 1:33,2023-LCS-NWA-100823-001A,8/11/2023,1:33,,
1691732100,3.42,23.677,2.482,0.974,7450-064567,TRUE,8/11/2023 1:35,2023-LCS-NWA-100823-006A,8/11/2023,1:35,,
1691732460,3.46,23.619,3.868,0.989,7450-778298,TRUE,8/11/2023 1:41,2023-LCS-NWA-100823-003A,8/11/2023,1:41,,
1691732520,3.42,21.455,0.687,0.912,7450-049711,TRUE,8/11/2023 1:42,2023-LCS-NWA-100823-005A,8/11/2023,1:42,,
1691732580,3.43,23.198,2.027,0.963,7450-770855,TRUE,8/11/2023 1:43,2023-LCS-NWA-100823-001A,8/11/2023,1:43,,
1691732700,3.42,23.601,2.327,0.974,7450-064567,TRUE,8/11/2023 1:45,2023-LCS-NWA-100823-006A,8/11/2023,1:45,,
1691733060,3.46,23.519,3.832,0.988,7450-778298,TRUE,8/11/2023 1:51,2023-LCS-NWA-100823-003A,8/11/2023,1:51,,
1691733120,3.42,21.397,0.659,0.912,7450-049711,TRUE,8/11/2023 1:52,2023-LCS-NWA-100823-005A,8/11/2023,1:52,,
1691733180,3.42,23.165,1.974,0.963,7450-770855,TRUE,8/11/2023 1:53,2023-LCS-NWA-100823-001A,8/11/2023,1:53,,
1691733300,3.42,23.534,2.362,0.974,7450-064567,TRUE,8/11/2023 1:55,2023-LCS-NWA-100823-006A,8/11/2023,1:55,,
1691733660,3.46,23.443,3.756,0.988,7450-778298,TRUE,8/11/2023 2:01,2023-LCS-NWA-100823-003A,8/11/2023,2:01,,
1691733720,3.42,21.355,0.587,0.911,7450-049711,TRUE,8/11/2023 2:02,2023-LCS-NWA-100823-005A,8/11/2023,2:02,,
1691733780,3.42,23.123,1.919,0.963,7450-770855,TRUE,8/11/2023 2:03,2023-LCS-NWA-100823-001A,8/11/2023,2:03,,
1691733900,3.42,23.501,2.163,0.974,7450-064567,TRUE,8/11/2023 2:05,2023-LCS-NWA-100823-006A,8/11/2023,2:05,,
1691734260,3.46,23.376,3.718,0.988,7450-778298,TRUE,8/11/2023 2:11,2023-LCS-NWA-100823-003A,8/11/2023,2:11,,
1691734320,3.42,21.313,0.577,0.911,7450-049711,TRUE,8/11/2023 2:12,2023-LCS-NWA-100823-005A,8/11/2023,2:12,,
1691734380,3.42,23.073,2.015,0.963,7450-770855,TRUE,8/11/2023 2:13,2023-LCS-NWA-100823-001A,8/11/2023,2:13,,
1691734500,3.42,23.434,2.07,0.974,7450-064567,TRUE,8/11/2023 2:15,2023-LCS-NWA-100823-006A,8/11/2023,2:15,,
1691734860,3.46,23.326,3.653,0.988,7450-778298,TRUE,8/11/2023 2:21,2023-LCS-NWA-100823-003A,8/11/2023,2:21,,
1691734920,3.42,21.28,0.566,0.91,7450-049711,TRUE,8/11/2023 2:22,2023-LCS-NWA-100823-005A,8/11/2023,2:22,,
1691734980,3.42,23.056,1.822,0.962,7450-770855,TRUE,8/11/2023 2:23,2023-LCS-NWA-100823-001A,8/11/2023,2:23,,
1691735100,3.42,23.358,1.981,0.974,7450-064567,TRUE,8/11/2023 2:25,2023-LCS-NWA-100823-006A,8/11/2023,2:25,,
1691735460,3.46,23.259,3.61,0.989,7450-778298,TRUE,8/11/2023 2:31,2023-LCS-NWA-100823-003A,8/11/2023,2:31,,
1691735520,3.42,21.229,0.52,0.909,7450-049711,TRUE,8/11/2023 2:32,2023-LCS-NWA-100823-005A,8/11/2023,2:32,,
1691735580,3.42,23.014,1.844,0.962,7450-770855,TRUE,8/11/2023 2:33,2023-LCS-NWA-100823-001A,8/11/2023,2:33,,
1691735700,3.42,23.308,1.935,0.973,7450-064567,TRUE,8/11/2023 2:35,2023-LCS-NWA-100823-006A,8/11/2023,2:35,,
1691736060,3.45,23.192,3.522,0.988,7450-778298,TRUE,8/11/2023 2:41,2023-LCS-NWA-100823-003A,8/11/2023,2:41,,
1691736120,3.42,21.179,0.485,0.909,7450-049711,TRUE,8/11/2023 2:42,2023-LCS-NWA-100823-005A,8/11/2023,2:42,,
1691736180,3.42,22.947,1.67,0.962,7450-770855,TRUE,8/11/2023 2:43,2023-LCS-NWA-100823-001A,8/11/2023,2:43,,
1691736300,3.42,23.275,1.813,0.973,7450-064567,TRUE,8/11/2023 2:45,2023-LCS-NWA-100823-006A,8/11/2023,2:45,,
1691736660,3.45,23.142,3.5,0.988,7450-778298,TRUE,8/11/2023 2:51,2023-LCS-NWA-100823-003A,8/11/2023,2:51,,
1691736720,3.42,21.154,0.436,0.908,7450-049711,TRUE,8/11/2023 2:52,2023-LCS-NWA-100823-005A,8/11/2023,2:52,,
1691736780,3.42,22.914,1.671,0.962,7450-770855,TRUE,8/11/2023 2:53,2023-LCS-NWA-100823-001A,8/11/2023,2:53,,
1691736900,3.42,23.233,1.813,0.973,7450-064567,TRUE,8/11/2023 2:55,2023-LCS-NWA-100823-006A,8/11/2023,2:55,,
1691737260,3.45,23.058,3.523,0.988,7450-778298,TRUE,8/11/2023 3:01,2023-LCS-NWA-100823-003A,8/11/2023,3:01,,
1691737320,3.42,21.121,0.397,0.907,7450-049711,TRUE,8/11/2023 3:02,2023-LCS-NWA-100823-005A,8/11/2023,3:02,,
1691737380,3.42,22.88,1.482,0.961,7450-770855,TRUE,8/11/2023 3:03,2023-LCS-NWA-100823-001A,8/11/2023,3:03,,
1691737500,3.42,23.141,1.695,0.973,7450-064567,TRUE,8/11/2023 3:05,2023-LCS-NWA-100823-006A,8/11/2023,3:05,,
1691737860,3.45,23.049,3.423,0.988,7450-778298,TRUE,8/11/2023 3:11,2023-LCS-NWA-100823-003A,8/11/2023,3:11,,
1691737920,3.42,21.079,0.342,0.906,7450-049711,TRUE,8/11/2023 3:12,2023-LCS-NWA-100823-005A,8/11/2023,3:12,,
1691737980,3.42,22.855,1.475,0.961,7450-770855,TRUE,8/11/2023 3:13,2023-LCS-NWA-100823-001A,8/11/2023,3:13,,
1691738100,3.42,23.099,1.633,0.973,7450-064567,TRUE,8/11/2023 3:15,2023-LCS-NWA-100823-006A,8/11/2023,3:15,,
1691738460,3.45,22.991,3.371,0.988,7450-778298,TRUE,8/11/2023 3:21,2023-LCS-NWA-100823-003A,8/11/2023,3:21,,
1691738520,3.42,21.054,0.29,0.905,7450-049711,TRUE,8/11/2023 3:22,2023-LCS-NWA-100823-005A,8/11/2023,3:22,,
1691738580,3.42,22.805,1.489,0.961,7450-770855,TRUE,8/11/2023 3:23,2023-LCS-NWA-100823-001A,8/11/2023,3:23,,
1691738700,3.42,23.057,1.517,0.972,7450-064567,TRUE,8/11/2023 3:25,2023-LCS-NWA-100823-006A,8/11/2023,3:25,,
1691739060,3.45,22.974,3.171,0.988,7450-778298,TRUE,8/11/2023 3:31,2023-LCS-NWA-100823-003A,8/11/2023,3:31,,
1691739120,3.42,21.012,0.25,0.905,7450-049711,TRUE,8/11/2023 3:32,2023-LCS-NWA-100823-005A,8/11/2023,3:32,,
1691739180,3.42,22.78,1.392,0.961,7450-770855,TRUE,8/11/2023 3:33,2023-LCS-NWA-100823-001A,8/11/2023,3:33,,
1691739300,3.42,23.024,1.438,0.972,7450-064567,TRUE,8/11/2023 3:35,2023-LCS-NWA-100823-006A,8/11/2023,3:35,,
1691739660,3.45,22.907,3.104,0.988,7450-778298,TRUE,8/11/2023 3:41,2023-LCS-NWA-100823-003A,8/11/2023,3:41,,
1691739720,3.42,20.97,0.221,0.904,7450-049711,TRUE,8/11/2023 3:42,2023-LCS-NWA-100823-005A,8/11/2023,3:42,,
1691739780,3.43,22.755,1.28,0.96,7450-770855,TRUE,8/11/2023 3:43,2023-LCS-NWA-100823-001A,8/11/2023,3:43,,
1691739900,3.42,22.973,1.324,0.971,7450-064567,TRUE,8/11/2023 3:45,2023-LCS-NWA-100823-006A,8/11/2023,3:45,,
1691740260,3.45,22.865,2.997,0.988,7450-778298,TRUE,8/11/2023 3:51,2023-LCS-NWA-100823-003A,8/11/2023,3:51,,
1691740320,3.42,20.937,0.233,0.904,7450-049711,TRUE,8/11/2023 3:52,2023-LCS-NWA-100823-005A,8/11/2023,3:52,,
1691740380,3.43,22.713,1.216,0.959,7450-770855,TRUE,8/11/2023 3:53,2023-LCS-NWA-100823-001A,8/11/2023,3:53,,
1691740500,3.42,22.923,1.189,0.97,7450-064567,TRUE,8/11/2023 3:55,2023-LCS-NWA-100823-006A,8/11/2023,3:55,,
1691740860,3.45,22.832,3.018,0.988,7450-778298,TRUE,8/11/2023 4:01,2023-LCS-NWA-100823-003A,8/11/2023,4:01,,
1691740920,3.42,20.912,0.248,0.904,7450-049711,TRUE,8/11/2023 4:02,2023-LCS-NWA-100823-005A,8/11/2023,4:02,,
1691740980,3.43,22.68,1.122,0.959,7450-770855,TRUE,8/11/2023 4:03,2023-LCS-NWA-100823-001A,8/11/2023,4:03,,
1691741100,3.42,22.898,1.143,0.97,7450-064567,TRUE,8/11/2023 4:05,2023-LCS-NWA-100823-006A,8/11/2023,4:05,,
1691741460,3.45,22.782,2.971,0.988,7450-778298,TRUE,8/11/2023 4:11,2023-LCS-NWA-100823-003A,8/11/2023,4:11,,
1691741520,3.42,20.903,0.166,0.902,7450-049711,TRUE,8/11/2023 4:12,2023-LCS-NWA-100823-005A,8/11/2023,4:12,,
1691741580,3.43,22.646,1.101,0.958,7450-770855,TRUE,8/11/2023 4:13,2023-LCS-NWA-100823-001A,8/11/2023,4:13,,
1691741700,3.42,22.865,1.039,0.969,7450-064567,TRUE,8/11/2023 4:15,2023-LCS-NWA-100823-006A,8/11/2023,4:15,,
1691742060,3.45,22.748,2.837,0.988,7450-778298,TRUE,8/11/2023 4:21,2023-LCS-NWA-100823-003A,8/11/2023,4:21,,
1691742120,3.42,20.845,0.208,0.903,7450-049711,TRUE,8/11/2023 4:22,2023-LCS-NWA-100823-005A,8/11/2023,4:22,,
1691742180,3.43,22.613,1.019,0.958,7450-770855,TRUE,8/11/2023 4:23,2023-LCS-NWA-100823-001A,8/11/2023,4:23,,
1691742300,3.42,22.823,1.02,0.969,7450-064567,TRUE,8/11/2023 4:25,2023-LCS-NWA-100823-006A,8/11/2023,4:25,,
1691742660,3.46,22.706,2.527,0.988,7450-778298,TRUE,8/11/2023 4:31,2023-LCS-NWA-100823-003A,8/11/2023,4:31,,
1691742720,3.42,20.811,0.175,0.902,7450-049711,TRUE,8/11/2023 4:32,2023-LCS-NWA-100823-005A,8/11/2023,4:32,,
1691742780,3.43,22.571,0.989,0.957,7450-770855,TRUE,8/11/2023 4:33,2023-LCS-NWA-100823-001A,8/11/2023,4:33,,
1691742900,3.42,22.781,1.172,0.97,7450-064567,TRUE,8/11/2023 4:35,2023-LCS-NWA-100823-006A,8/11/2023,4:35,,
1691743260,3.46,22.639,2.733,0.988,7450-778298,TRUE,8/11/2023 4:41,2023-LCS-NWA-100823-003A,8/11/2023,4:41,,
1691743320,3.42,20.795,0.109,0.901,7450-049711,TRUE,8/11/2023 4:42,2023-LCS-NWA-100823-005A,8/11/2023,4:42,,
1691743380,3.43,22.537,0.937,0.956,7450-770855,TRUE,8/11/2023 4:43,2023-LCS-NWA-100823-001A,8/11/2023,4:43,,
1691743500,3.42,22.756,0.947,0.968,7450-064567,TRUE,8/11/2023 4:45,2023-LCS-NWA-100823-006A,8/11/2023,4:45,,
1691743860,3.46,22.606,2.74,0.988,7450-778298,TRUE,8/11/2023 4:51,2023-LCS-NWA-100823-003A,8/11/2023,4:51,,
1691743920,3.42,20.761,0.135,0.901,7450-049711,TRUE,8/11/2023 4:52,2023-LCS-NWA-100823-005A,8/11/2023,4:52,,
1691743980,3.43,22.512,0.827,0.955,7450-770855,TRUE,8/11/2023 4:53,2023-LCS-NWA-100823-001A,8/11/2023,4:53,,
1691744100,3.42,22.697,1.015,0.969,7450-064567,TRUE,8/11/2023 4:55,2023-LCS-NWA-100823-006A,8/11/2023,4:55,,
1691744460,3.46,22.539,2.546,0.988,7450-778298,TRUE,8/11/2023 5:01,2023-LCS-NWA-100823-003A,8/11/2023,5:01,,
1691744520,3.42,20.703,0.145,0.901,7450-049711,TRUE,8/11/2023 5:02,2023-LCS-NWA-100823-005A,8/11/2023,5:02,,
1691744580,3.43,22.479,0.768,0.954,7450-770855,TRUE,8/11/2023 5:03,2023-LCS-NWA-100823-001A,8/11/2023,5:03,,
1691744700,3.42,22.681,0.85,0.967,7450-064567,TRUE,8/11/2023 5:05,2023-LCS-NWA-100823-006A,8/11/2023,5:05,,
1691745060,3.46,22.514,2.512,0.989,7450-778298,TRUE,8/11/2023 5:11,2023-LCS-NWA-100823-003A,8/11/2023,5:11,,
1691745120,3.42,20.669,0.105,0.9,7450-049711,TRUE,8/11/2023 5:12,2023-LCS-NWA-100823-005A,8/11/2023,5:12,,
1691745180,3.43,22.429,0.743,0.953,7450-770855,TRUE,8/11/2023 5:13,2023-LCS-NWA-100823-001A,8/11/2023,5:13,,
1691745300,3.42,22.639,0.873,0.967,7450-064567,TRUE,8/11/2023 5:15,2023-LCS-NWA-100823-006A,8/11/2023,5:15,,
1691745660,3.46,22.455,2.41,0.988,7450-778298,TRUE,8/11/2023 5:21,2023-LCS-NWA-100823-003A,8/11/2023,5:21,,
1691745720,3.42,20.644,0.095,0.9,7450-049711,TRUE,8/11/2023 5:22,2023-LCS-NWA-100823-005A,8/11/2023,5:22,,
1691745780,3.43,22.437,0.633,0.952,7450-770855,TRUE,8/11/2023 5:23,2023-LCS-NWA-100823-001A,8/11/2023,5:23,,
1691745900,3.42,22.572,0.859,0.967,7450-064567,TRUE,8/11/2023 5:25,2023-LCS-NWA-100823-006A,8/11/2023,5:25,,
1691746260,3.46,22.405,2.359,0.988,7450-778298,TRUE,8/11/2023 5:31,2023-LCS-NWA-100823-003A,8/11/2023,5:31,,
1691746320,3.42,20.627,0.11,0.9,7450-049711,TRUE,8/11/2023 5:32,2023-LCS-NWA-100823-005A,8/11/2023,5:32,,
1691746380,3.43,22.395,0.593,0.951,7450-770855,TRUE,8/11/2023 5:33,2023-LCS-NWA-100823-001A,8/11/2023,5:33,,
1691746500,3.42,22.547,0.661,0.964,7450-064567,TRUE,8/11/2023 5:35,2023-LCS-NWA-100823-006A,8/11/2023,5:35,,
1691746860,3.46,22.371,2.259,0.988,7450-778298,TRUE,8/11/2023 5:41,2023-LCS-NWA-100823-003A,8/11/2023,5:41,,
1691746920,3.42,20.594,0.104,0.9,7450-049711,TRUE,8/11/2023 5:42,2023-LCS-NWA-100823-005A,8/11/2023,5:42,,
1691746980,3.43,22.362,0.583,0.951,7450-770855,TRUE,8/11/2023 5:43,2023-LCS-NWA-100823-001A,8/11/2023,5:43,,
1691747100,3.42,22.496,0.6,0.963,7450-064567,TRUE,8/11/2023 5:45,2023-LCS-NWA-100823-006A,8/11/2023,5:45,,
1691747460,3.46,22.321,2.25,0.988,7450-778298,TRUE,8/11/2023 5:51,2023-LCS-NWA-100823-003A,8/11/2023,5:51,,
1691747520,3.42,20.552,0.091,0.9,7450-049711,TRUE,8/11/2023 5:52,2023-LCS-NWA-100823-005A,8/11/2023,5:52,,
1691747580,3.43,22.345,0.471,0.948,7450-770855,TRUE,8/11/2023 5:53,2023-LCS-NWA-100823-001A,8/11/2023,5:53,,
1691747700,3.42,22.471,0.697,0.965,7450-064567,TRUE,8/11/2023 5:55,2023-LCS-NWA-100823-006A,8/11/2023,5:55,,
1691748060,3.46,22.246,2.224,0.988,7450-778298,TRUE,8/11/2023 6:01,2023-LCS-NWA-100823-003A,8/11/2023,6:01,,
1691748120,3.42,20.519,0.099,0.9,7450-049711,TRUE,8/11/2023 6:02,2023-LCS-NWA-100823-005A,8/11/2023,6:02,,
1691748180,3.43,22.32,0.344,0.945,7450-770855,TRUE,8/11/2023 6:03,2023-LCS-NWA-100823-001A,8/11/2023,6:03,,
1691748300,3.42,22.413,0.558,0.962,7450-064567,TRUE,8/11/2023 6:05,2023-LCS-NWA-100823-006A,8/11/2023,6:05,,
1691748660,3.46,22.196,2.138,0.988,7450-778298,TRUE,8/11/2023 6:11,2023-LCS-NWA-100823-003A,8/11/2023,6:11,,
1691748720,3.42,20.493,0.086,0.9,7450-049711,TRUE,8/11/2023 6:12,2023-LCS-NWA-100823-005A,8/11/2023,6:12,,
1691748780,3.43,22.287,0.3,0.944,7450-770855,TRUE,8/11/2023 6:13,2023-LCS-NWA-100823-001A,8/11/2023,6:13,,
1691748900,3.42,22.371,0.697,0.964,7450-064567,TRUE,8/11/2023 6:15,2023-LCS-NWA-100823-006A,8/11/2023,6:15,,
1691749260,3.45,22.162,2.076,0.988,7450-778298,TRUE,8/11/2023 6:21,2023-LCS-NWA-100823-003A,8/11/2023,6:21,,
1691749320,3.42,20.435,0.085,0.9,7450-049711,TRUE,8/11/2023 6:22,2023-LCS-NWA-100823-005A,8/11/2023,6:22,,
1691749380,3.43,22.262,0.296,0.944,7450-770855,TRUE,8/11/2023 6:23,2023-LCS-NWA-100823-001A,8/11/2023,6:23,,
1691749500,3.42,22.321,0.602,0.963,7450-064567,TRUE,8/11/2023 6:25,2023-LCS-NWA-100823-006A,8/11/2023,6:25,,
1691749860,3.45,22.112,2.007,0.988,7450-778298,TRUE,8/11/2023 6:31,2023-LCS-NWA-100823-003A,8/11/2023,6:31,,
1691749920,3.42,20.418,0.105,0.9,7450-049711,TRUE,8/11/2023 6:32,2023-LCS-NWA-100823-005A,8/11/2023,6:32,,
1691749980,3.43,22.22,0.282,0.944,7450-770855,TRUE,8/11/2023 6:33,2023-LCS-NWA-100823-001A,8/11/2023,6:33,,
1691750100,3.42,22.304,0.409,0.96,7450-064567,TRUE,8/11/2023 6:35,2023-LCS-NWA-100823-006A,8/11/2023,6:35,,
1691750460,3.45,22.054,2,0.988,7450-778298,TRUE,8/11/2023 6:41,2023-LCS-NWA-100823-003A,8/11/2023,6:41,,
1691750520,3.42,20.376,0.102,0.9,7450-049711,TRUE,8/11/2023 6:42,2023-LCS-NWA-100823-005A,8/11/2023,6:42,,
1691750580,3.43,22.22,0.182,0.941,7450-770855,TRUE,8/11/2023 6:43,2023-LCS-NWA-100823-001A,8/11/2023,6:43,,
1691750700,3.42,22.246,0.385,0.959,7450-064567,TRUE,8/11/2023 6:45,2023-LCS-NWA-100823-006A,8/11/2023,6:45,,
1691751060,3.45,22.003,1.92,0.988,7450-778298,TRUE,8/11/2023 6:51,2023-LCS-NWA-100823-003A,8/11/2023,6:51,,
1691751120,3.42,20.334,0.114,0.9,7450-049711,TRUE,8/11/2023 6:52,2023-LCS-NWA-100823-005A,8/11/2023,6:52,,
1691751180,3.43,22.178,0.139,0.94,7450-770855,TRUE,8/11/2023 6:53,2023-LCS-NWA-100823-001A,8/11/2023,6:53,,
1691751300,3.42,22.212,0.341,0.958,7450-064567,TRUE,8/11/2023 6:55,2023-LCS-NWA-100823-006A,8/11/2023,6:55,,
1691751660,3.45,21.953,1.89,0.988,7450-778298,TRUE,8/11/2023 7:01,2023-LCS-NWA-100823-003A,8/11/2023,7:01,,
1691751720,3.42,20.301,0.099,0.9,7450-049711,TRUE,8/11/2023 7:02,2023-LCS-NWA-100823-005A,8/11/2023,7:02,,
1691751780,3.42,22.161,0.113,0.939,7450-770855,TRUE,8/11/2023 7:03,2023-LCS-NWA-100823-001A,8/11/2023,7:03,,
1691751900,3.42,22.162,0.455,0.961,7450-064567,TRUE,8/11/2023 7:05,2023-LCS-NWA-100823-006A,8/11/2023,7:05,,
1691752260,3.45,21.886,1.96,0.988,7450-778298,TRUE,8/11/2023 7:11,2023-LCS-NWA-100823-003A,8/11/2023,7:11,,
1691752320,3.42,20.276,0.097,0.9,7450-049711,TRUE,8/11/2023 7:12,2023-LCS-NWA-100823-005A,8/11/2023,7:12,,
1691752380,3.42,22.136,0.081,0.938,7450-770855,TRUE,8/11/2023 7:13,2023-LCS-NWA-100823-001A,8/11/2023,7:13,,
1691752500,3.42,22.145,0.387,0.959,7450-064567,TRUE,8/11/2023 7:15,2023-LCS-NWA-100823-006A,8/11/2023,7:15,,
1691752860,3.45,21.853,1.916,0.988,7450-778298,TRUE,8/11/2023 7:21,2023-LCS-NWA-100823-003A,8/11/2023,7:21,,
1691752920,3.42,20.251,0.067,0.899,7450-049711,TRUE,8/11/2023 7:22,2023-LCS-NWA-100823-005A,8/11/2023,7:22,,
1691752980,3.42,22.111,0.079,0.938,7450-770855,TRUE,8/11/2023 7:23,2023-LCS-NWA-100823-001A,8/11/2023,7:23,,
1691753100,3.42,22.095,0.368,0.958,7450-064567,TRUE,8/11/2023 7:25,2023-LCS-NWA-100823-006A,8/11/2023,7:25,,
1691753460,3.45,21.811,1.832,0.987,7450-778298,TRUE,8/11/2023 7:31,2023-LCS-NWA-100823-003A,8/11/2023,7:31,,
1691753520,3.42,20.226,0.076,0.899,7450-049711,TRUE,8/11/2023 7:32,2023-LCS-NWA-100823-005A,8/11/2023,7:32,,
1691753580,3.42,22.069,0.073,0.938,7450-770855,TRUE,8/11/2023 7:33,2023-LCS-NWA-100823-001A,8/11/2023,7:33,,
1691753700,3.42,22.087,0.319,0.957,7450-064567,TRUE,8/11/2023 7:35,2023-LCS-NWA-100823-006A,8/11/2023,7:35,,
1691754060,3.45,21.777,1.839,0.987,7450-778298,TRUE,8/11/2023 7:41,2023-LCS-NWA-100823-003A,8/11/2023,7:41,,
1691754120,3.42,20.209,0.092,0.9,7450-049711,TRUE,8/11/2023 7:42,2023-LCS-NWA-100823-005A,8/11/2023,7:42,,
1691754180,3.42,22.069,0.211,0.942,7450-770855,TRUE,8/11/2023 7:43,2023-LCS-NWA-100823-001A,8/11/2023,7:43,,
1691754300,3.42,22.062,0.297,0.957,7450-064567,TRUE,8/11/2023 7:45,2023-LCS-NWA-100823-006A,8/11/2023,7:45,,
1691754660,3.45,21.752,1.815,0.987,7450-778298,TRUE,8/11/2023 7:51,2023-LCS-NWA-100823-003A,8/11/2023,7:51,,
1691754720,3.42,20.217,0.042,0.899,7450-049711,TRUE,8/11/2023 7:52,2023-LCS-NWA-100823-005A,8/11/2023,7:52,,
1691754780,3.42,22.044,0.064,0.937,7450-770855,TRUE,8/11/2023 7:53,2023-LCS-NWA-100823-001A,8/11/2023,7:53,,
1691754900,3.42,22.062,0.302,0.957,7450-064567,TRUE,8/11/2023 7:55,2023-LCS-NWA-100823-006A,8/11/2023,7:55,,
1691755260,3.45,21.727,1.837,0.987,7450-778298,TRUE,8/11/2023 8:01,2023-LCS-NWA-100823-003A,8/11/2023,8:01,,
1691755320,3.42,20.226,0.093,0.9,7450-049711,TRUE,8/11/2023 8:02,2023-LCS-NWA-100823-005A,8/11/2023,8:02,,
1691755380,3.42,22.019,0.107,0.939,7450-770855,TRUE,8/11/2023 8:03,2023-LCS-NWA-100823-001A,8/11/2023,8:03,,
1691755500,3.42,22.07,0.267,0.956,7450-064567,TRUE,8/11/2023 8:05,2023-LCS-NWA-100823-006A,8/11/2023,8:05,,
1691755860,3.45,21.719,1.806,0.987,7450-778298,TRUE,8/11/2023 8:11,2023-LCS-NWA-100823-003A,8/11/2023,8:11,,
1691755920,3.42,20.234,0.101,0.9,7450-049711,TRUE,8/11/2023 8:12,2023-LCS-NWA-100823-005A,8/11/2023,8:12,,
1691755980,3.42,22.036,0.077,0.938,7450-770855,TRUE,8/11/2023 8:13,2023-LCS-NWA-100823-001A,8/11/2023,8:13,,
1691756100,3.42,22.07,0.281,0.957,7450-064567,TRUE,8/11/2023 8:15,2023-LCS-NWA-100823-006A,8/11/2023,8:15,,
1691756460,3.45,21.694,1.778,0.987,7450-778298,TRUE,8/11/2023 8:21,2023-LCS-NWA-100823-003A,8/11/2023,8:21,,
1691756520,3.42,20.242,0.151,0.901,7450-049711,TRUE,8/11/2023 8:22,2023-LCS-NWA-100823-005A,8/11/2023,8:22,,
1691756580,3.42,22.044,0.128,0.939,7450-770855,TRUE,8/11/2023 8:23,2023-LCS-NWA-100823-001A,8/11/2023,8:23,,
,,,,,,FISH,8/11/2023 8:23,2023-LCS-NWA-100823-001A,8/11/2023,8:23,,
1691756700,3.41,22.087,0.422,0.96,7450-064567,TRUE,8/11/2023 8:25,2023-LCS-NWA-100823-006A,8/11/2023,8:25,,
1691757060,3.45,21.694,1.741,0.987,7450-778298,TRUE,8/11/2023 8:31,2023-LCS-NWA-100823-003A,8/11/2023,8:31,,
1691757120,3.42,20.293,0.16,0.902,7450-049711,TRUE,8/11/2023 8:32,2023-LCS-NWA-100823-005A,8/11/2023,8:32,,
1691757180,3.42,22.061,0.143,0.94,7450-770855,FALSE,8/11/2023 8:33,2023-LCS-NWA-100823-001A,8/11/2023,8:33,,
1691757300,3.42,22.103,0.53,0.962,7450-064567,TRUE,8/11/2023 8:35,2023-LCS-NWA-100823-006A,8/11/2023,8:35,,
1691757660,3.45,21.685,1.81,0.987,7450-778298,TRUE,8/11/2023 8:41,2023-LCS-NWA-100823-003A,8/11/2023,8:41,,
1691757720,3.42,20.293,0.088,0.9,7450-049711,TRUE,8/11/2023 8:42,2023-LCS-NWA-100823-005A,8/11/2023,8:42,,
1691757780,3.42,21.76,8.212,0.96,7450-770855,FALSE,8/11/2023 8:43,2023-LCS-NWA-100823-001A,8/11/2023,8:43,,
1691757900,3.42,22.17,0.562,0.963,7450-064567,TRUE,8/11/2023 8:45,2023-LCS-NWA-100823-006A,8/11/2023,8:45,,
1691758260,3.45,21.702,1.638,0.987,7450-778298,TRUE,8/11/2023 8:51,2023-LCS-NWA-100823-003A,8/11/2023,8:51,,
1691758320,3.42,20.351,0.086,0.9,7450-049711,TRUE,8/11/2023 8:52,2023-LCS-NWA-100823-005A,8/11/2023,8:52,,
1691758500,3.42,22.246,0.789,0.966,7450-064567,TRUE,8/11/2023 8:55,2023-LCS-NWA-100823-006A,8/11/2023,8:55,,
1691758860,3.45,21.769,1.966,0.988,7450-778298,TRUE,8/11/2023 9:01,2023-LCS-NWA-100823-003A,8/11/2023,9:01,,
1691758920,3.42,20.385,0.098,0.9,7450-049711,TRUE,8/11/2023 9:02,2023-LCS-NWA-100823-005A,8/11/2023,9:02,,
1691759100,3.42,22.321,0.754,0.965,7450-064567,TRUE,8/11/2023 9:05,2023-LCS-NWA-100823-006A,8/11/2023,9:05,,
1691759460,3.45,21.777,2.146,0.987,7450-778298,TRUE,8/11/2023 9:11,2023-LCS-NWA-100823-003A,8/11/2023,9:11,,
1691759520,3.42,20.468,0.109,0.9,7450-049711,TRUE,8/11/2023 9:12,2023-LCS-NWA-100823-005A,8/11/2023,9:12,,
1691759700,3.42,22.363,0.945,0.968,7450-064567,TRUE,8/11/2023 9:15,2023-LCS-NWA-100823-006A,8/11/2023,9:15,,
1691760060,3.45,21.828,2.205,0.987,7450-778298,TRUE,8/11/2023 9:21,2023-LCS-NWA-100823-003A,8/11/2023,9:21,,
1691760120,3.42,20.435,0.064,0.899,7450-049711,TRUE,8/11/2023 9:22,2023-LCS-NWA-100823-005A,8/11/2023,9:22,,
1691760300,3.42,22.505,1.391,0.971,7450-064567,TRUE,8/11/2023 9:25,2023-LCS-NWA-100823-006A,8/11/2023,9:25,,
1691760660,3.45,21.878,2.302,0.988,7450-778298,TRUE,8/11/2023 9:31,2023-LCS-NWA-100823-003A,8/11/2023,9:31,,
1691760720,3.41,20.527,0.124,0.9,7450-049711,TRUE,8/11/2023 9:32,2023-LCS-NWA-100823-005A,8/11/2023,9:32,,
1691760900,3.42,22.572,1.297,0.971,7450-064567,TRUE,8/11/2023 9:35,2023-LCS-NWA-100823-006A,8/11/2023,9:35,,
1691761260,3.45,21.895,2.091,0.987,7450-778298,TRUE,8/11/2023 9:41,2023-LCS-NWA-100823-003A,8/11/2023,9:41,,
1691761320,3.41,20.519,0.135,0.901,7450-049711,TRUE,8/11/2023 9:42,2023-LCS-NWA-100823-005A,8/11/2023,9:42,,
1691761500,3.42,22.731,1.685,0.972,7450-064567,TRUE,8/11/2023 9:45,2023-LCS-NWA-100823-006A,8/11/2023,9:45,,
1691761860,3.45,21.953,2.115,0.986,7450-778298,TRUE,8/11/2023 9:51,2023-LCS-NWA-100823-003A,8/11/2023,9:51,,
1691761920,3.41,20.535,0.121,0.9,7450-049711,TRUE,8/11/2023 9:52,2023-LCS-NWA-100823-005A,8/11/2023,9:52,,
1691762100,3.42,22.789,1.949,0.973,7450-064567,TRUE,8/11/2023 9:55,2023-LCS-NWA-100823-006A,8/11/2023,9:55,,
1691762460,3.45,22.07,2.316,0.987,7450-778298,TRUE,8/11/2023 10:01,2023-LCS-NWA-100823-003A,8/11/2023,10:01,,
1691762520,3.41,20.594,0.178,0.902,7450-049711,TRUE,8/11/2023 10:02,2023-LCS-NWA-100823-005A,8/11/2023,10:02,,
1691762700,3.41,22.898,1.933,0.973,7450-064567,TRUE,8/11/2023 10:05,2023-LCS-NWA-100823-006A,8/11/2023,10:05,,
1691763060,3.45,22.146,2.497,0.987,7450-778298,TRUE,8/11/2023 10:11,2023-LCS-NWA-100823-003A,8/11/2023,10:11,,
1691763120,3.41,20.519,0.029,0.898,7450-049711,TRUE,8/11/2023 10:12,2023-LCS-NWA-100823-005A,8/11/2023,10:12,,
1691763300,3.41,23.007,2.031,0.973,7450-064567,TRUE,8/11/2023 10:15,2023-LCS-NWA-100823-006A,8/11/2023,10:15,,
1691763660,3.45,22.296,2.616,0.987,7450-778298,TRUE,8/11/2023 10:21,2023-LCS-NWA-100823-003A,8/11/2023,10:21,,
1691763720,3.41,20.594,0.074,0.899,7450-049711,TRUE,8/11/2023 10:22,2023-LCS-NWA-100823-005A,8/11/2023,10:22,,
1691763900,3.41,23.166,2.502,0.974,7450-064567,TRUE,8/11/2023 10:25,2023-LCS-NWA-100823-006A,8/11/2023,10:25,,
,,,,,,FISH,8/11/2023 10:25,2023-LCS-NWA-100823-003A,8/11/2023,10:25,,
1691764260,3.45,22.355,2.476,0.987,7450-778298,FALSE,8/11/2023 10:31,2023-LCS-NWA-100823-003A,8/11/2023,10:31,,
1691764320,3.41,20.744,0.325,0.905,7450-049711,TRUE,8/11/2023 10:32,2023-LCS-NWA-100823-005A,8/11/2023,10:32,,
1691764500,3.41,23.199,2.534,0.973,7450-064567,TRUE,8/11/2023 10:35,2023-LCS-NWA-100823-006A,8/11/2023,10:35,,
1691764860,3.45,22.48,2.64,0.987,7450-778298,FALSE,8/11/2023 10:41,2023-LCS-NWA-100823-003A,8/11/2023,10:41,,
1691764920,3.41,20.678,0.12,0.9,7450-049711,TRUE,8/11/2023 10:42,2023-LCS-NWA-100823-005A,8/11/2023,10:42,,
1691765100,3.42,23.317,2.58,0.974,7450-064567,TRUE,8/11/2023 10:45,2023-LCS-NWA-100823-006A,8/11/2023,10:45,,
1691765460,3.45,22.522,3.107,0.986,7450-778298,FALSE,8/11/2023 10:51,2023-LCS-NWA-100823-003A,8/11/2023,10:51,,
1691765520,3.41,20.786,0.21,0.902,7450-049711,TRUE,8/11/2023 10:52,2023-LCS-NWA-100823-005A,8/11/2023,10:52,,
1691765700,3.42,23.358,2.523,0.973,7450-064567,TRUE,8/11/2023 10:55,2023-LCS-NWA-100823-006A,8/11/2023,10:55,,
1691766060,3.45,23.276,4.66,0.969,7450-778298,FALSE,8/11/2023 11:01,2023-LCS-NWA-100823-003A,8/11/2023,11:01,,
1691766120,3.41,20.836,0.281,0.904,7450-049711,TRUE,8/11/2023 11:02,2023-LCS-NWA-100823-005A,8/11/2023,11:02,,
1691766300,3.42,23.501,2.711,0.973,7450-064567,TRUE,8/11/2023 11:05,2023-LCS-NWA-100823-006A,8/11/2023,11:05,,
1691766660,3.44,26.922,7.426,0.985,7450-778298,FALSE,8/11/2023 11:11,2023-LCS-NWA-100823-003A,8/11/2023,11:11,,
1691766720,3.41,20.77,0.194,0.902,7450-049711,TRUE,8/11/2023 11:12,2023-LCS-NWA-100823-005A,8/11/2023,11:12,,
1691766900,3.42,23.61,2.871,0.973,7450-064567,TRUE,8/11/2023 11:15,2023-LCS-NWA-100823-006A,8/11/2023,11:15,,
1691767320,3.41,20.895,0.335,0.905,7450-049711,TRUE,8/11/2023 11:22,2023-LCS-NWA-100823-005A,8/11/2023,11:22,,
1691767500,3.41,23.802,3.513,0.973,7450-064567,TRUE,8/11/2023 11:25,2023-LCS-NWA-100823-006A,8/11/2023,11:25,,
1691767920,3.41,20.995,0.375,0.906,7450-049711,TRUE,8/11/2023 11:32,2023-LCS-NWA-100823-005A,8/11/2023,11:32,,
1691768100,3.41,23.903,2.938,0.973,7450-064567,TRUE,8/11/2023 11:35,2023-LCS-NWA-100823-006A,8/11/2023,11:35,,
1691768520,3.41,20.937,0.209,0.902,7450-049711,TRUE,8/11/2023 11:42,2023-LCS-NWA-100823-005A,8/11/2023,11:42,,
1691768700,3.41,23.945,3.709,0.973,7450-064567,TRUE,8/11/2023 11:45,2023-LCS-NWA-100823-006A,8/11/2023,11:45,,
1691769120,3.41,21.071,0.429,0.907,7450-049711,TRUE,8/11/2023 11:52,2023-LCS-NWA-100823-005A,8/11/2023,11:52,,
1691769300,3.41,24.289,4.619,0.972,7450-064567,TRUE,8/11/2023 11:55,2023-LCS-NWA-100823-006A,8/11/2023,11:55,,
1691769720,3.41,20.987,0.3,0.904,7450-049711,TRUE,8/11/2023 12:02,2023-LCS-NWA-100823-005A,8/11/2023,12:02,,
1691769900,3.42,24.457,4.487,0.972,7450-064567,TRUE,8/11/2023 12:05,2023-LCS-NWA-100823-006A,8/11/2023,12:05,,
1691770320,3.41,21.171,0.497,0.908,7450-049711,TRUE,8/11/2023 12:12,2023-LCS-NWA-100823-005A,8/11/2023,12:12,,
1691770500,3.41,24.566,5.273,0.972,7450-064567,TRUE,8/11/2023 12:15,2023-LCS-NWA-100823-006A,8/11/2023,12:15,,
1691770920,3.41,21.238,0.503,0.908,7450-049711,TRUE,8/11/2023 12:22,2023-LCS-NWA-100823-005A,8/11/2023,12:22,,
1691771100,3.41,24.608,5.316,0.972,7450-064567,TRUE,8/11/2023 12:25,2023-LCS-NWA-100823-006A,8/11/2023,12:25,,
1691771520,3.41,21.188,0.449,0.907,7450-049711,TRUE,8/11/2023 12:32,2023-LCS-NWA-100823-005A,8/11/2023,12:32,,
1691771700,3.41,24.751,5.129,0.972,7450-064567,TRUE,8/11/2023 12:35,2023-LCS-NWA-100823-006A,8/11/2023,12:35,,
1691772120,3.41,21.305,0.561,0.909,7450-049711,TRUE,8/11/2023 12:42,2023-LCS-NWA-100823-005A,8/11/2023,12:42,,
,,,,,,FISH,8/11/2023 12:42,2023-LCS-NWA-100823-005A,8/11/2023,12:42,,
1691772300,3.41,24.877,5.382,0.972,7450-064567,TRUE,8/11/2023 12:45,2023-LCS-NWA-100823-006A,8/11/2023,12:45,,
1691772720,3.41,23.413,7.888,0.919,7450-049711,FALSE,8/11/2023 12:52,2023-LCS-NWA-100823-005A,8/11/2023,12:52,,
1691772900,3.41,25.062,5.803,0.971,7450-064567,TRUE,8/11/2023 12:55,2023-LCS-NWA-100823-006A,8/11/2023,12:55,,
1691773320,3.4,29.237,7.479,0.921,7450-049711,FALSE,8/11/2023 13:02,2023-LCS-NWA-100823-005A,8/11/2023,13:02,,
1691773500,3.41,25.054,5.707,0.971,7450-064567,TRUE,8/11/2023 13:05,2023-LCS-NWA-100823-006A,8/11/2023,13:05,,
1691773920,3.4,30.914,7.254,0.92,7450-049711,FALSE,8/11/2023 13:12,2023-LCS-NWA-100823-005A,8/11/2023,13:12,,
1691774100,3.41,25.213,6.116,0.971,7450-064567,TRUE,8/11/2023 13:15,2023-LCS-NWA-100823-006A,8/11/2023,13:15,,
1691774700,3.41,25.314,6.327,0.971,7450-064567,TRUE,8/11/2023 13:25,2023-LCS-NWA-100823-006A,8/11/2023,13:25,,
,,,,,,FISH,8/11/2023 13:29,2023-LCS-NWA-100823-006A,8/11/2023,13:29,,
1691775300,3.41,24.642,3.403,0.972,7450-064567,FALSE,8/11/2023 13:35,2023-LCS-NWA-100823-006A,8/11/2023,13:35,,
1691775900,3.41,26.97,7.724,0.97,7450-064567,FALSE,8/11/2023 13:45,2023-LCS-NWA-100823-006A,8/11/2023,13:45,,
,,22.32,1.21,,YSI,SET,8/14/2023 14:19,2023-LCS-NWA-140823-001A,8/14/2023,14:19,,
,,22.48,2.06,,YSI,SET,8/14/2023 15:02,2023-LCS-NWA-140823-003A,8/14/2023,15:02,,
1692040020,3.42,25.009,3.801,0.961,7450-770855,TRUE,8/14/2023 15:07,2023-LCS-NWA-140823-001A,8/14/2023,15:07,,
1692040620,3.42,24.144,3.713,0.963,7450-770855,TRUE,8/14/2023 15:17,2023-LCS-NWA-140823-001A,8/14/2023,15:17,,
,,24.12,4.70,,YSI,SET,8/14/2023 15:25,2023-LCS-NWA-140823-004A,8/14/2023,15:25,,
1692041220,3.43,23.843,3.455,0.963,7450-770855,TRUE,8/14/2023 15:27,2023-LCS-NWA-140823-001A,8/14/2023,15:27,,
1692041820,3.43,23.709,3.335,0.963,7450-770855,TRUE,8/14/2023 15:37,2023-LCS-NWA-140823-001A,8/14/2023,15:37,,
1692042180,3.44,24.805,5.433,0.918,7450-049711,TRUE,8/14/2023 15:43,2023-LCS-NWA-140823-003A,8/14/2023,15:43,,
1692042420,3.43,23.65,3.276,0.963,7450-770855,TRUE,8/14/2023 15:47,2023-LCS-NWA-140823-001A,8/14/2023,15:47,,
1692042780,3.44,24.05,5.043,0.918,7450-049711,TRUE,8/14/2023 15:53,2023-LCS-NWA-140823-003A,8/14/2023,15:53,,
1692043020,3.43,23.683,3.246,0.963,7450-770855,TRUE,8/14/2023 15:57,2023-LCS-NWA-140823-001A,8/14/2023,15:57,,
1692043380,3.44,23.924,4.997,0.918,7450-049711,TRUE,8/14/2023 16:03,2023-LCS-NWA-140823-003A,8/14/2023,16:03,,
,,22.54,1.80,,YSI,SET,8/14/2023 16:04,2023-LCS-NWA-140823-006A,8/14/2023,16:04,,
1692043620,3.43,23.709,3.41,0.963,7450-770855,TRUE,8/14/2023 16:07,2023-LCS-NWA-140823-001A,8/14/2023,16:07,,
1692043980,3.44,23.874,5.202,0.918,7450-049711,TRUE,8/14/2023 16:13,2023-LCS-NWA-140823-003A,8/14/2023,16:13,,
1692044220,3.43,23.742,3.456,0.963,7450-770855,TRUE,8/14/2023 16:17,2023-LCS-NWA-140823-001A,8/14/2023,16:17,,
1692044580,3.44,23.823,4.866,0.918,7450-049711,TRUE,8/14/2023 16:23,2023-LCS-NWA-140823-003A,8/14/2023,16:23,,
1692044820,3.43,23.692,3.32,0.962,7450-770855,TRUE,8/14/2023 16:27,2023-LCS-NWA-140823-001A,8/14/2023,16:27,,
1692045000,3.46,25.485,4.781,0.982,7450-778298,TRUE,8/14/2023 16:30,2023-LCS-NWA-140823-004A,8/14/2023,16:30,,
1692045180,3.44,23.874,4.869,0.918,7450-049711,TRUE,8/14/2023 16:33,2023-LCS-NWA-140823-003A,8/14/2023,16:33,,
1692045240,3.42,23.97,0.48,0.958,7450-064567,TRUE,8/14/2023 16:34,2023-LCS-NWA-140823-006A,8/14/2023,16:34,,
1692045420,3.43,23.767,3.355,0.962,7450-770855,TRUE,8/14/2023 16:37,2023-LCS-NWA-140823-001A,8/14/2023,16:37,,
1692045600,3.46,24.904,5.144,0.984,7450-778298,TRUE,8/14/2023 16:40,2023-LCS-NWA-140823-004A,8/14/2023,16:40,,
1692045780,3.44,23.756,5.038,0.917,7450-049711,TRUE,8/14/2023 16:43,2023-LCS-NWA-140823-003A,8/14/2023,16:43,,
1692045840,3.42,23.107,0.379,0.956,7450-064567,TRUE,8/14/2023 16:44,2023-LCS-NWA-140823-006A,8/14/2023,16:44,,
1692046020,3.43,23.759,3.23,0.962,7450-770855,TRUE,8/14/2023 16:47,2023-LCS-NWA-140823-001A,8/14/2023,16:47,,
1692046200,3.46,24.769,5.116,0.985,7450-778298,TRUE,8/14/2023 16:50,2023-LCS-NWA-140823-004A,8/14/2023,16:50,,
1692046380,3.44,23.924,6.133,0.917,7450-049711,TRUE,8/14/2023 16:53,2023-LCS-NWA-140823-003A,8/14/2023,16:53,,
1692046440,3.42,22.865,0.301,0.954,7450-064567,TRUE,8/14/2023 16:54,2023-LCS-NWA-140823-006A,8/14/2023,16:54,,
1692046620,3.43,23.642,3.267,0.962,7450-770855,TRUE,8/14/2023 16:57,2023-LCS-NWA-140823-001A,8/14/2023,16:57,,
1692046800,3.46,24.652,5.097,0.986,7450-778298,TRUE,8/14/2023 17:00,2023-LCS-NWA-140823-004A,8/14/2023,17:00,,
1692046980,3.44,23.916,6.271,0.918,7450-049711,TRUE,8/14/2023 17:03,2023-LCS-NWA-140823-003A,8/14/2023,17:03,,
1692047040,3.42,22.773,0.298,0.954,7450-064567,TRUE,8/14/2023 17:04,2023-LCS-NWA-140823-006A,8/14/2023,17:04,,
1692047220,3.43,23.7,3.589,0.963,7450-770855,TRUE,8/14/2023 17:07,2023-LCS-NWA-140823-001A,8/14/2023,17:07,,
1692047400,3.46,24.652,5.531,0.985,7450-778298,TRUE,8/14/2023 17:10,2023-LCS-NWA-140823-004A,8/14/2023,17:10,,
1692047580,3.44,23.874,6.204,0.917,7450-049711,TRUE,8/14/2023 17:13,2023-LCS-NWA-140823-003A,8/14/2023,17:13,,
1692047640,3.42,22.722,0.255,0.953,7450-064567,TRUE,8/14/2023 17:14,2023-LCS-NWA-140823-006A,8/14/2023,17:14,,
1692047820,3.43,23.575,3.227,0.963,7450-770855,TRUE,8/14/2023 17:17,2023-LCS-NWA-140823-001A,8/14/2023,17:17,,
1692048000,3.46,24.593,5.477,0.985,7450-778298,TRUE,8/14/2023 17:20,2023-LCS-NWA-140823-004A,8/14/2023,17:20,,
1692048180,3.44,23.848,6.265,0.917,7450-049711,TRUE,8/14/2023 17:23,2023-LCS-NWA-140823-003A,8/14/2023,17:23,,
1692048240,3.42,22.706,0.187,0.952,7450-064567,TRUE,8/14/2023 17:24,2023-LCS-NWA-140823-006A,8/14/2023,17:24,,
1692048420,3.43,23.642,3.558,0.962,7450-770855,TRUE,8/14/2023 17:27,2023-LCS-NWA-140823-001A,8/14/2023,17:27,,
1692048600,3.46,24.517,5.641,0.986,7450-778298,TRUE,8/14/2023 17:30,2023-LCS-NWA-140823-004A,8/14/2023,17:30,,
1692048780,3.44,23.84,6.134,0.917,7450-049711,TRUE,8/14/2023 17:33,2023-LCS-NWA-140823-003A,8/14/2023,17:33,,
1692048840,3.42,22.697,0.17,0.952,7450-064567,TRUE,8/14/2023 17:34,2023-LCS-NWA-140823-006A,8/14/2023,17:34,,
1692049020,3.43,23.792,4.783,0.961,7450-770855,TRUE,8/14/2023 17:37,2023-LCS-NWA-140823-001A,8/14/2023,17:37,,
1692049200,3.46,24.433,5.644,0.986,7450-778298,TRUE,8/14/2023 17:40,2023-LCS-NWA-140823-004A,8/14/2023,17:40,,
1692049380,3.44,23.865,6.173,0.917,7450-049711,TRUE,8/14/2023 17:43,2023-LCS-NWA-140823-003A,8/14/2023,17:43,,
1692049440,3.42,22.722,0.156,0.952,7450-064567,TRUE,8/14/2023 17:44,2023-LCS-NWA-140823-006A,8/14/2023,17:44,,
1692049620,3.43,23.742,4.772,0.962,7450-770855,TRUE,8/14/2023 17:47,2023-LCS-NWA-140823-001A,8/14/2023,17:47,,
1692049800,3.46,24.383,5.623,0.985,7450-778298,TRUE,8/14/2023 17:50,2023-LCS-NWA-140823-004A,8/14/2023,17:50,,
1692049980,3.44,23.84,6.169,0.917,7450-049711,TRUE,8/14/2023 17:53,2023-LCS-NWA-140823-003A,8/14/2023,17:53,,
1692050040,3.42,22.697,0.107,0.95,7450-064567,TRUE,8/14/2023 17:54,2023-LCS-NWA-140823-006A,8/14/2023,17:54,,
1692050220,3.43,23.851,5.464,0.961,7450-770855,TRUE,8/14/2023 17:57,2023-LCS-NWA-140823-001A,8/14/2023,17:57,,
1692050400,3.46,24.349,5.723,0.985,7450-778298,TRUE,8/14/2023 18:00,2023-LCS-NWA-140823-004A,8/14/2023,18:00,,
1692050580,3.44,23.832,5.816,0.917,7450-049711,TRUE,8/14/2023 18:03,2023-LCS-NWA-140823-003A,8/14/2023,18:03,,
1692050640,3.42,22.681,0.146,0.951,7450-064567,TRUE,8/14/2023 18:04,2023-LCS-NWA-140823-006A,8/14/2023,18:04,,
1692050820,3.43,23.809,5.225,0.961,7450-770855,TRUE,8/14/2023 18:07,2023-LCS-NWA-140823-001A,8/14/2023,18:07,,
1692051000,3.46,24.324,5.729,0.985,7450-778298,TRUE,8/14/2023 18:10,2023-LCS-NWA-140823-004A,8/14/2023,18:10,,
1692051180,3.44,23.832,7.053,0.916,7450-049711,TRUE,8/14/2023 18:13,2023-LCS-NWA-140823-003A,8/14/2023,18:13,,
1692051240,3.42,22.664,0.12,0.951,7450-064567,TRUE,8/14/2023 18:14,2023-LCS-NWA-140823-006A,8/14/2023,18:14,,
1692051420,3.42,23.868,5.547,0.961,7450-770855,TRUE,8/14/2023 18:17,2023-LCS-NWA-140823-001A,8/14/2023,18:17,,
1692051600,3.45,24.223,5.718,0.986,7450-778298,TRUE,8/14/2023 18:20,2023-LCS-NWA-140823-004A,8/14/2023,18:20,,
1692051780,3.44,23.765,7.331,0.917,7450-049711,TRUE,8/14/2023 18:23,2023-LCS-NWA-140823-003A,8/14/2023,18:23,,
1692051840,3.42,22.664,0.117,0.951,7450-064567,TRUE,8/14/2023 18:24,2023-LCS-NWA-140823-006A,8/14/2023,18:24,,
1692052020,3.43,23.75,5.484,0.96,7450-770855,TRUE,8/14/2023 18:27,2023-LCS-NWA-140823-001A,8/14/2023,18:27,,
1692052200,3.45,24.173,5.59,0.985,7450-778298,TRUE,8/14/2023 18:30,2023-LCS-NWA-140823-004A,8/14/2023,18:30,,
1692052380,3.44,23.706,7.057,0.916,7450-049711,TRUE,8/14/2023 18:33,2023-LCS-NWA-140823-003A,8/14/2023,18:33,,
1692052440,3.42,22.639,0.057,0.949,7450-064567,TRUE,8/14/2023 18:34,2023-LCS-NWA-140823-006A,8/14/2023,18:34,,
1692052620,3.43,23.75,5.693,0.961,7450-770855,TRUE,8/14/2023 18:37,2023-LCS-NWA-140823-001A,8/14/2023,18:37,,
1692052800,3.45,24.08,5.378,0.986,7450-778298,TRUE,8/14/2023 18:40,2023-LCS-NWA-140823-004A,8/14/2023,18:40,,
1692052980,3.44,23.647,6.959,0.916,7450-049711,TRUE,8/14/2023 18:43,2023-LCS-NWA-140823-003A,8/14/2023,18:43,,
1692053040,3.42,22.622,0.043,0.949,7450-064567,TRUE,8/14/2023 18:44,2023-LCS-NWA-140823-006A,8/14/2023,18:44,,
1692053220,3.43,23.717,5.92,0.961,7450-770855,TRUE,8/14/2023 18:47,2023-LCS-NWA-140823-001A,8/14/2023,18:47,,
1692053400,3.45,23.963,5.163,0.986,7450-778298,TRUE,8/14/2023 18:50,2023-LCS-NWA-140823-004A,8/14/2023,18:50,,
1692053580,3.44,23.614,6.4,0.916,7450-049711,TRUE,8/14/2023 18:53,2023-LCS-NWA-140823-003A,8/14/2023,18:53,,
1692053640,3.42,22.588,0.048,0.949,7450-064567,TRUE,8/14/2023 18:54,2023-LCS-NWA-140823-006A,8/14/2023,18:54,,
1692053820,3.43,23.692,5.866,0.96,7450-770855,TRUE,8/14/2023 18:57,2023-LCS-NWA-140823-001A,8/14/2023,18:57,,
1692054000,3.46,23.896,4.666,0.985,7450-778298,TRUE,8/14/2023 19:00,2023-LCS-NWA-140823-004A,8/14/2023,19:00,,
1692054180,3.44,23.547,6.047,0.917,7450-049711,TRUE,8/14/2023 19:03,2023-LCS-NWA-140823-003A,8/14/2023,19:03,,
1692054240,3.42,22.555,0.035,0.949,7450-064567,TRUE,8/14/2023 19:04,2023-LCS-NWA-140823-006A,8/14/2023,19:04,,
1692054420,3.43,23.642,5.757,0.961,7450-770855,TRUE,8/14/2023 19:07,2023-LCS-NWA-140823-001A,8/14/2023,19:07,,
1692054600,3.46,23.812,4.59,0.985,7450-778298,TRUE,8/14/2023 19:10,2023-LCS-NWA-140823-004A,8/14/2023,19:10,,
1692054780,3.44,23.513,6.37,0.917,7450-049711,TRUE,8/14/2023 19:13,2023-LCS-NWA-140823-003A,8/14/2023,19:13,,
1692054840,3.42,22.53,0.029,0.949,7450-064567,TRUE,8/14/2023 19:14,2023-LCS-NWA-140823-006A,8/14/2023,19:14,,
1692055020,3.43,23.6,5.781,0.961,7450-770855,TRUE,8/14/2023 19:17,2023-LCS-NWA-140823-001A,8/14/2023,19:17,,
1692055200,3.46,23.762,4.306,0.986,7450-778298,TRUE,8/14/2023 19:20,2023-LCS-NWA-140823-004A,8/14/2023,19:20,,
1692055380,3.44,23.438,6.442,0.917,7450-049711,TRUE,8/14/2023 19:23,2023-LCS-NWA-140823-003A,8/14/2023,19:23,,
1692055440,3.42,22.496,0.022,0.949,7450-064567,TRUE,8/14/2023 19:24,2023-LCS-NWA-140823-006A,8/14/2023,19:24,,
1692055620,3.43,23.55,5.593,0.96,7450-770855,TRUE,8/14/2023 19:27,2023-LCS-NWA-140823-001A,8/14/2023,19:27,,
1692055800,3.46,23.686,4.01,0.986,7450-778298,TRUE,8/14/2023 19:30,2023-LCS-NWA-140823-004A,8/14/2023,19:30,,
1692055980,3.44,23.371,6.199,0.917,7450-049711,TRUE,8/14/2023 19:33,2023-LCS-NWA-140823-003A,8/14/2023,19:33,,
1692056040,3.42,22.446,0.022,0.949,7450-064567,TRUE,8/14/2023 19:34,2023-LCS-NWA-140823-006A,8/14/2023,19:34,,
1692056220,3.43,23.483,5.304,0.961,7450-770855,TRUE,8/14/2023 19:37,2023-LCS-NWA-140823-001A,8/14/2023,19:37,,
1692056400,3.46,23.619,3.922,0.986,7450-778298,TRUE,8/14/2023 19:40,2023-LCS-NWA-140823-004A,8/14/2023,19:40,,
1692056580,3.44,23.312,6.177,0.917,7450-049711,TRUE,8/14/2023 19:43,2023-LCS-NWA-140823-003A,8/14/2023,19:43,,
1692056640,3.42,22.404,0.021,0.949,7450-064567,TRUE,8/14/2023 19:44,2023-LCS-NWA-140823-006A,8/14/2023,19:44,,
1692056820,3.43,23.441,5.255,0.961,7450-770855,TRUE,8/14/2023 19:47,2023-LCS-NWA-140823-001A,8/14/2023,19:47,,
1692057000,3.46,23.552,3.668,0.987,7450-778298,TRUE,8/14/2023 19:50,2023-LCS-NWA-140823-004A,8/14/2023,19:50,,
1692057180,3.44,23.262,5.756,0.916,7450-049711,TRUE,8/14/2023 19:53,2023-LCS-NWA-140823-003A,8/14/2023,19:53,,
1692057240,3.42,22.371,0.02,0.949,7450-064567,TRUE,8/14/2023 19:54,2023-LCS-NWA-140823-006A,8/14/2023,19:54,,
1692057420,3.43,23.365,4.898,0.961,7450-770855,TRUE,8/14/2023 19:57,2023-LCS-NWA-140823-001A,8/14/2023,19:57,,
1692057600,3.46,23.493,3.404,0.987,7450-778298,TRUE,8/14/2023 20:00,2023-LCS-NWA-140823-004A,8/14/2023,20:00,,
1692057780,3.44,23.203,5.514,0.916,7450-049711,TRUE,8/14/2023 20:03,2023-LCS-NWA-140823-003A,8/14/2023,20:03,,
1692057840,3.42,22.338,0.019,0.949,7450-064567,TRUE,8/14/2023 20:04,2023-LCS-NWA-140823-006A,8/14/2023,20:04,,
1692058020,3.43,23.282,4.461,0.961,7450-770855,TRUE,8/14/2023 20:07,2023-LCS-NWA-140823-001A,8/14/2023,20:07,,
1692058200,3.46,23.418,2.945,0.987,7450-778298,TRUE,8/14/2023 20:10,2023-LCS-NWA-140823-004A,8/14/2023,20:10,,
1692058380,3.43,23.17,5.173,0.916,7450-049711,TRUE,8/14/2023 20:13,2023-LCS-NWA-140823-003A,8/14/2023,20:13,,
1692058440,3.42,22.287,0.018,0.949,7450-064567,TRUE,8/14/2023 20:14,2023-LCS-NWA-140823-006A,8/14/2023,20:14,,
1692058620,3.42,23.156,4.282,0.961,7450-770855,TRUE,8/14/2023 20:17,2023-LCS-NWA-140823-001A,8/14/2023,20:17,,
1692058800,3.46,23.384,3.028,0.987,7450-778298,TRUE,8/14/2023 20:20,2023-LCS-NWA-140823-004A,8/14/2023,20:20,,
1692058980,3.43,23.12,4.93,0.916,7450-049711,TRUE,8/14/2023 20:23,2023-LCS-NWA-140823-003A,8/14/2023,20:23,,
1692059040,3.42,22.246,0.019,0.949,7450-064567,TRUE,8/14/2023 20:24,2023-LCS-NWA-140823-006A,8/14/2023,20:24,,
1692059220,3.42,23.198,4.153,0.961,7450-770855,TRUE,8/14/2023 20:27,2023-LCS-NWA-140823-001A,8/14/2023,20:27,,
1692059400,3.46,23.317,2.765,0.987,7450-778298,TRUE,8/14/2023 20:30,2023-LCS-NWA-140823-004A,8/14/2023,20:30,,
1692059580,3.43,23.069,4.633,0.916,7450-049711,TRUE,8/14/2023 20:33,2023-LCS-NWA-140823-003A,8/14/2023,20:33,,
1692059640,3.42,22.22,0.019,0.949,7450-064567,TRUE,8/14/2023 20:34,2023-LCS-NWA-140823-006A,8/14/2023,20:34,,
1692059820,3.42,23.181,3.599,0.962,7450-770855,TRUE,8/14/2023 20:37,2023-LCS-NWA-140823-001A,8/14/2023,20:37,,
1692060000,3.46,23.276,2.608,0.987,7450-778298,TRUE,8/14/2023 20:40,2023-LCS-NWA-140823-004A,8/14/2023,20:40,,
1692060180,3.43,23.036,4.358,0.916,7450-049711,TRUE,8/14/2023 20:43,2023-LCS-NWA-140823-003A,8/14/2023,20:43,,
1692060240,3.42,22.17,0.025,0.949,7450-064567,TRUE,8/14/2023 20:44,2023-LCS-NWA-140823-006A,8/14/2023,20:44,,
1692060420,3.42,23.123,3.537,0.962,7450-770855,TRUE,8/14/2023 20:47,2023-LCS-NWA-140823-001A,8/14/2023,20:47,,
1692060600,3.45,23.2,2.632,0.988,7450-778298,TRUE,8/14/2023 20:50,2023-LCS-NWA-140823-004A,8/14/2023,20:50,,
1692060780,3.43,22.994,4.153,0.916,7450-049711,TRUE,8/14/2023 20:53,2023-LCS-NWA-140823-003A,8/14/2023,20:53,,
1692060840,3.41,22.112,0.034,0.949,7450-064567,TRUE,8/14/2023 20:54,2023-LCS-NWA-140823-006A,8/14/2023,20:54,,
1692061020,3.42,23.089,3.563,0.962,7450-770855,TRUE,8/14/2023 20:57,2023-LCS-NWA-140823-001A,8/14/2023,20:57,,
1692061200,3.45,23.167,2.358,0.988,7450-778298,TRUE,8/14/2023 21:00,2023-LCS-NWA-140823-004A,8/14/2023,21:00,,
1692061380,3.43,22.927,3.92,0.917,7450-049711,TRUE,8/14/2023 21:03,2023-LCS-NWA-140823-003A,8/14/2023,21:03,,
1692061440,3.41,22.087,0.034,0.949,7450-064567,TRUE,8/14/2023 21:04,2023-LCS-NWA-140823-006A,8/14/2023,21:04,,
1692061620,3.42,23.056,3.163,0.962,7450-770855,TRUE,8/14/2023 21:07,2023-LCS-NWA-140823-001A,8/14/2023,21:07,,
1692061800,3.45,23.125,2.14,0.987,7450-778298,TRUE,8/14/2023 21:10,2023-LCS-NWA-140823-004A,8/14/2023,21:10,,
1692061980,3.43,22.91,3.787,0.917,7450-049711,TRUE,8/14/2023 21:13,2023-LCS-NWA-140823-003A,8/14/2023,21:13,,
1692062040,3.41,22.07,0.029,0.949,7450-064567,TRUE,8/14/2023 21:14,2023-LCS-NWA-140823-006A,8/14/2023,21:14,,
1692062220,3.42,23.006,2.878,0.962,7450-770855,TRUE,8/14/2023 21:17,2023-LCS-NWA-140823-001A,8/14/2023,21:17,,
1692062400,3.45,23.049,2.01,0.987,7450-778298,TRUE,8/14/2023 21:20,2023-LCS-NWA-140823-004A,8/14/2023,21:20,,
1692062580,3.43,22.885,3.593,0.917,7450-049711,TRUE,8/14/2023 21:23,2023-LCS-NWA-140823-003A,8/14/2023,21:23,,
1692062640,3.42,22.003,0.087,0.951,7450-064567,TRUE,8/14/2023 21:24,2023-LCS-NWA-140823-006A,8/14/2023,21:24,,
1692062820,3.42,22.997,2.976,0.962,7450-770855,TRUE,8/14/2023 21:27,2023-LCS-NWA-140823-001A,8/14/2023,21:27,,
1692063000,3.45,23.016,2.069,0.987,7450-778298,TRUE,8/14/2023 21:30,2023-LCS-NWA-140823-004A,8/14/2023,21:30,,
1692063180,3.43,22.835,3.624,0.917,7450-049711,TRUE,8/14/2023 21:33,2023-LCS-NWA-140823-003A,8/14/2023,21:33,,
1692063240,3.42,21.97,0.095,0.951,7450-064567,TRUE,8/14/2023 21:34,2023-LCS-NWA-140823-006A,8/14/2023,21:34,,
1692063420,3.42,22.964,2.975,0.962,7450-770855,TRUE,8/14/2023 21:37,2023-LCS-NWA-140823-001A,8/14/2023,21:37,,
1692063600,3.45,22.957,1.91,0.987,7450-778298,TRUE,8/14/2023 21:40,2023-LCS-NWA-140823-004A,8/14/2023,21:40,,
1692063780,3.43,22.776,3.629,0.917,7450-049711,TRUE,8/14/2023 21:43,2023-LCS-NWA-140823-003A,8/14/2023,21:43,,
1692063840,3.42,21.953,0.032,0.949,7450-064567,TRUE,8/14/2023 21:44,2023-LCS-NWA-140823-006A,8/14/2023,21:44,,
1692064020,3.42,22.897,2.733,0.962,7450-770855,TRUE,8/14/2023 21:47,2023-LCS-NWA-140823-001A,8/14/2023,21:47,,
1692064200,3.45,22.932,1.975,0.987,7450-778298,TRUE,8/14/2023 21:50,2023-LCS-NWA-140823-004A,8/14/2023,21:50,,
1692064380,3.43,22.668,3.871,0.917,7450-049711,TRUE,8/14/2023 21:53,2023-LCS-NWA-140823-003A,8/14/2023,21:53,,
1692064440,3.42,21.903,0.09,0.951,7450-064567,TRUE,8/14/2023 21:54,2023-LCS-NWA-140823-006A,8/14/2023,21:54,,
1692064620,3.42,22.855,2.909,0.962,7450-770855,TRUE,8/14/2023 21:57,2023-LCS-NWA-140823-001A,8/14/2023,21:57,,
1692064800,3.45,22.84,2.039,0.987,7450-778298,TRUE,8/14/2023 22:00,2023-LCS-NWA-140823-004A,8/14/2023,22:00,,
1692064980,3.44,22.634,3.73,0.917,7450-049711,TRUE,8/14/2023 22:03,2023-LCS-NWA-140823-003A,8/14/2023,22:03,,
1692065040,3.42,21.836,0.308,0.957,7450-064567,TRUE,8/14/2023 22:04,2023-LCS-NWA-140823-006A,8/14/2023,22:04,,
1692065220,3.42,22.822,3.232,0.962,7450-770855,TRUE,8/14/2023 22:07,2023-LCS-NWA-140823-001A,8/14/2023,22:07,,
1692065400,3.45,22.773,2.196,0.987,7450-778298,TRUE,8/14/2023 22:10,2023-LCS-NWA-140823-004A,8/14/2023,22:10,,
1692065580,3.44,22.592,3.647,0.916,7450-049711,TRUE,8/14/2023 22:13,2023-LCS-NWA-140823-003A,8/14/2023,22:13,,
1692065640,3.42,21.786,0.281,0.956,7450-064567,TRUE,8/14/2023 22:14,2023-LCS-NWA-140823-006A,8/14/2023,22:14,,
1692065820,3.42,22.738,3.106,0.962,7450-770855,TRUE,8/14/2023 22:17,2023-LCS-NWA-140823-001A,8/14/2023,22:17,,
1692066000,3.45,22.723,2.39,0.987,7450-778298,TRUE,8/14/2023 22:20,2023-LCS-NWA-140823-004A,8/14/2023,22:20,,
1692066180,3.44,22.576,3.404,0.917,7450-049711,TRUE,8/14/2023 22:23,2023-LCS-NWA-140823-003A,8/14/2023,22:23,,
1692066240,3.42,21.769,0.257,0.955,7450-064567,TRUE,8/14/2023 22:24,2023-LCS-NWA-140823-006A,8/14/2023,22:24,,
1692066420,3.42,22.73,3.069,0.962,7450-770855,TRUE,8/14/2023 22:27,2023-LCS-NWA-140823-001A,8/14/2023,22:27,,
1692066600,3.46,22.639,2.492,0.987,7450-778298,TRUE,8/14/2023 22:30,2023-LCS-NWA-140823-004A,8/14/2023,22:30,,
1692066780,3.44,22.542,3.266,0.917,7450-049711,TRUE,8/14/2023 22:33,2023-LCS-NWA-140823-003A,8/14/2023,22:33,,
1692066840,3.42,21.761,0.219,0.955,7450-064567,TRUE,8/14/2023 22:34,2023-LCS-NWA-140823-006A,8/14/2023,22:34,,
1692067020,3.42,22.688,2.961,0.962,7450-770855,TRUE,8/14/2023 22:37,2023-LCS-NWA-140823-001A,8/14/2023,22:37,,
1692067200,3.46,22.614,2.282,0.987,7450-778298,TRUE,8/14/2023 22:40,2023-LCS-NWA-140823-004A,8/14/2023,22:40,,
1692067380,3.44,22.492,3.11,0.917,7450-049711,TRUE,8/14/2023 22:43,2023-LCS-NWA-140823-003A,8/14/2023,22:43,,
1692067440,3.42,21.702,0.324,0.957,7450-064567,TRUE,8/14/2023 22:44,2023-LCS-NWA-140823-006A,8/14/2023,22:44,,
1692067620,3.43,22.621,2.882,0.962,7450-770855,TRUE,8/14/2023 22:47,2023-LCS-NWA-140823-001A,8/14/2023,22:47,,
1692067800,3.46,22.564,2.01,0.987,7450-778298,TRUE,8/14/2023 22:50,2023-LCS-NWA-140823-004A,8/14/2023,22:50,,
1692067980,3.44,22.45,3.068,0.917,7450-049711,TRUE,8/14/2023 22:53,2023-LCS-NWA-140823-003A,8/14/2023,22:53,,
1692068040,3.42,21.635,0.43,0.959,7450-064567,TRUE,8/14/2023 22:54,2023-LCS-NWA-140823-006A,8/14/2023,22:54,,
1692068220,3.43,22.571,2.835,0.962,7450-770855,TRUE,8/14/2023 22:57,2023-LCS-NWA-140823-001A,8/14/2023,22:57,,
1692068400,3.46,22.53,2.016,0.987,7450-778298,TRUE,8/14/2023 23:00,2023-LCS-NWA-140823-004A,8/14/2023,23:00,,
1692068580,3.44,22.417,2.915,0.917,7450-049711,TRUE,8/14/2023 23:03,2023-LCS-NWA-140823-003A,8/14/2023,23:03,,
1692068640,3.42,21.618,0.38,0.958,7450-064567,TRUE,8/14/2023 23:04,2023-LCS-NWA-140823-006A,8/14/2023,23:04,,
1692068820,3.43,22.529,2.635,0.962,7450-770855,TRUE,8/14/2023 23:07,2023-LCS-NWA-140823-001A,8/14/2023,23:07,,
1692069000,3.46,22.505,1.786,0.986,7450-778298,TRUE,8/14/2023 23:10,2023-LCS-NWA-140823-004A,8/14/2023,23:10,,
1692069180,3.44,22.4,2.707,0.917,7450-049711,TRUE,8/14/2023 23:13,2023-LCS-NWA-140823-003A,8/14/2023,23:13,,
1692069240,3.42,21.585,0.301,0.956,7450-064567,TRUE,8/14/2023 23:14,2023-LCS-NWA-140823-006A,8/14/2023,23:14,,
1692069420,3.43,22.496,2.559,0.962,7450-770855,TRUE,8/14/2023 23:17,2023-LCS-NWA-140823-001A,8/14/2023,23:17,,
1692069600,3.46,22.405,1.924,0.987,7450-778298,TRUE,8/14/2023 23:20,2023-LCS-NWA-140823-004A,8/14/2023,23:20,,
1692069780,3.44,22.358,2.654,0.917,7450-049711,TRUE,8/14/2023 23:23,2023-LCS-NWA-140823-003A,8/14/2023,23:23,,
1692069840,3.42,21.577,0.16,0.953,7450-064567,TRUE,8/14/2023 23:24,2023-LCS-NWA-140823-006A,8/14/2023,23:24,,
1692070020,3.43,22.462,2.475,0.962,7450-770855,TRUE,8/14/2023 23:27,2023-LCS-NWA-140823-001A,8/14/2023,23:27,,
1692070200,3.46,22.296,1.968,0.987,7450-778298,TRUE,8/14/2023 23:30,2023-LCS-NWA-140823-004A,8/14/2023,23:30,,
1692070380,3.44,22.316,2.546,0.917,7450-049711,TRUE,8/14/2023 23:33,2023-LCS-NWA-140823-003A,8/14/2023,23:33,,
1692070440,3.42,21.552,0.155,0.953,7450-064567,TRUE,8/14/2023 23:34,2023-LCS-NWA-140823-006A,8/14/2023,23:34,,
1692070620,3.43,22.42,2.432,0.961,7450-770855,TRUE,8/14/2023 23:37,2023-LCS-NWA-140823-001A,8/14/2023,23:37,,
1692070800,3.46,22.296,1.895,0.987,7450-778298,TRUE,8/14/2023 23:40,2023-LCS-NWA-140823-004A,8/14/2023,23:40,,
1692070980,3.44,22.275,2.466,0.917,7450-049711,TRUE,8/14/2023 23:43,2023-LCS-NWA-140823-003A,8/14/2023,23:43,,
1692071040,3.42,21.526,0.147,0.952,7450-064567,TRUE,8/14/2023 23:44,2023-LCS-NWA-140823-006A,8/14/2023,23:44,,
1692071220,3.43,22.379,2.176,0.961,7450-770855,TRUE,8/14/2023 23:47,2023-LCS-NWA-140823-001A,8/14/2023,23:47,,
1692071400,3.46,22.254,1.884,0.986,7450-778298,TRUE,8/14/2023 23:50,2023-LCS-NWA-140823-004A,8/14/2023,23:50,,
1692071580,3.44,22.25,2.437,0.917,7450-049711,TRUE,8/14/2023 23:53,2023-LCS-NWA-140823-003A,8/14/2023,23:53,,
1692071640,3.42,21.476,0.155,0.953,7450-064567,TRUE,8/14/2023 23:54,2023-LCS-NWA-140823-006A,8/14/2023,23:54,,
1692071820,3.43,22.362,2.043,0.961,7450-770855,TRUE,8/14/2023 23:57,2023-LCS-NWA-140823-001A,8/14/2023,23:57,,
1692072000,3.46,22.229,1.81,0.986,7450-778298,TRUE,8/15/2023 0:00,2023-LCS-NWA-140823-004A,8/15/2023,0:00,,
1692072180,3.44,22.216,2.185,0.916,7450-049711,TRUE,8/15/2023 0:03,2023-LCS-NWA-140823-003A,8/15/2023,0:03,,
1692072240,3.42,21.443,0.216,0.954,7450-064567,TRUE,8/15/2023 0:04,2023-LCS-NWA-140823-006A,8/15/2023,0:04,,
1692072420,3.43,22.328,1.986,0.961,7450-770855,TRUE,8/15/2023 0:07,2023-LCS-NWA-140823-001A,8/15/2023,0:07,,
1692072600,3.45,22.179,1.703,0.986,7450-778298,TRUE,8/15/2023 0:10,2023-LCS-NWA-140823-004A,8/15/2023,0:10,,
1692072780,3.43,22.166,2.101,0.916,7450-049711,TRUE,8/15/2023 0:13,2023-LCS-NWA-140823-003A,8/15/2023,0:13,,
1692072840,3.42,21.418,0.174,0.953,7450-064567,TRUE,8/15/2023 0:14,2023-LCS-NWA-140823-006A,8/15/2023,0:14,,
1692073020,3.43,22.27,1.957,0.961,7450-770855,TRUE,8/15/2023 0:17,2023-LCS-NWA-140823-001A,8/15/2023,0:17,,
1692073200,3.45,22.129,1.573,0.986,7450-778298,TRUE,8/15/2023 0:20,2023-LCS-NWA-140823-004A,8/15/2023,0:20,,
1692073380,3.43,22.132,2.089,0.916,7450-049711,TRUE,8/15/2023 0:23,2023-LCS-NWA-140823-003A,8/15/2023,0:23,,
1692073440,3.42,21.376,0.171,0.953,7450-064567,TRUE,8/15/2023 0:24,2023-LCS-NWA-140823-006A,8/15/2023,0:24,,
1692073620,3.43,22.237,1.828,0.961,7450-770855,TRUE,8/15/2023 0:27,2023-LCS-NWA-140823-001A,8/15/2023,0:27,,
1692073800,3.45,22.087,1.587,0.986,7450-778298,TRUE,8/15/2023 0:30,2023-LCS-NWA-140823-004A,8/15/2023,0:30,,
1692073980,3.43,22.116,1.947,0.916,7450-049711,TRUE,8/15/2023 0:33,2023-LCS-NWA-140823-003A,8/15/2023,0:33,,
1692074040,3.42,21.326,0.159,0.953,7450-064567,TRUE,8/15/2023 0:34,2023-LCS-NWA-140823-006A,8/15/2023,0:34,,
1692074220,3.43,22.211,1.345,0.959,7450-770855,TRUE,8/15/2023 0:37,2023-LCS-NWA-140823-001A,8/15/2023,0:37,,
1692074400,3.45,22.028,1.587,0.986,7450-778298,TRUE,8/15/2023 0:40,2023-LCS-NWA-140823-004A,8/15/2023,0:40,,
1692074580,3.43,22.074,1.893,0.916,7450-049711,TRUE,8/15/2023 0:43,2023-LCS-NWA-140823-003A,8/15/2023,0:43,,
1692074640,3.42,21.301,0.11,0.952,7450-064567,TRUE,8/15/2023 0:44,2023-LCS-NWA-140823-006A,8/15/2023,0:44,,
1692074820,3.42,22.17,1.483,0.96,7450-770855,TRUE,8/15/2023 0:47,2023-LCS-NWA-140823-001A,8/15/2023,0:47,,
1692075000,3.45,21.961,1.564,0.985,7450-778298,TRUE,8/15/2023 0:50,2023-LCS-NWA-140823-004A,8/15/2023,0:50,,
1692075180,3.43,22.032,1.714,0.916,7450-049711,TRUE,8/15/2023 0:53,2023-LCS-NWA-140823-003A,8/15/2023,0:53,,
1692075240,3.42,21.284,0.079,0.951,7450-064567,TRUE,8/15/2023 0:54,2023-LCS-NWA-140823-006A,8/15/2023,0:54,,
1692075420,3.42,22.136,1.361,0.959,7450-770855,TRUE,8/15/2023 0:57,2023-LCS-NWA-140823-001A,8/15/2023,0:57,,
1692075600,3.45,21.886,1.622,0.986,7450-778298,TRUE,8/15/2023 1:00,2023-LCS-NWA-140823-004A,8/15/2023,1:00,,
1692075780,3.43,22.032,1.637,0.915,7450-049711,TRUE,8/15/2023 1:03,2023-LCS-NWA-140823-003A,8/15/2023,1:03,,
1692075840,3.42,21.225,0.07,0.95,7450-064567,TRUE,8/15/2023 1:04,2023-LCS-NWA-140823-006A,8/15/2023,1:04,,
1692076020,3.42,22.136,1.182,0.958,7450-770855,TRUE,8/15/2023 1:07,2023-LCS-NWA-140823-001A,8/15/2023,1:07,,
1692076200,3.45,21.828,1.638,0.986,7450-778298,TRUE,8/15/2023 1:10,2023-LCS-NWA-140823-004A,8/15/2023,1:10,,
1692076380,3.43,21.982,1.537,0.915,7450-049711,TRUE,8/15/2023 1:13,2023-LCS-NWA-140823-003A,8/15/2023,1:13,,
1692076440,3.42,21.192,0.058,0.95,7450-064567,TRUE,8/15/2023 1:14,2023-LCS-NWA-140823-006A,8/15/2023,1:14,,
1692076620,3.42,22.094,1.281,0.958,7450-770855,TRUE,8/15/2023 1:17,2023-LCS-NWA-140823-001A,8/15/2023,1:17,,
1692076800,3.45,21.803,1.589,0.986,7450-778298,TRUE,8/15/2023 1:20,2023-LCS-NWA-140823-004A,8/15/2023,1:20,,
1692076980,3.43,21.965,1.347,0.914,7450-049711,TRUE,8/15/2023 1:23,2023-LCS-NWA-140823-003A,8/15/2023,1:23,,
1692077040,3.42,21.175,0.034,0.949,7450-064567,TRUE,8/15/2023 1:24,2023-LCS-NWA-140823-006A,8/15/2023,1:24,,
1692077220,3.42,22.061,0.906,0.954,7450-770855,TRUE,8/15/2023 1:27,2023-LCS-NWA-140823-001A,8/15/2023,1:27,,
1692077400,3.45,21.811,1.476,0.985,7450-778298,TRUE,8/15/2023 1:30,2023-LCS-NWA-140823-004A,8/15/2023,1:30,,
1692077580,3.43,21.932,1.35,0.914,7450-049711,TRUE,8/15/2023 1:33,2023-LCS-NWA-140823-003A,8/15/2023,1:33,,
1692077640,3.42,21.125,0.04,0.95,7450-064567,TRUE,8/15/2023 1:34,2023-LCS-NWA-140823-006A,8/15/2023,1:34,,
1692077820,3.42,22.028,0.741,0.952,7450-770855,TRUE,8/15/2023 1:37,2023-LCS-NWA-140823-001A,8/15/2023,1:37,,
1692078000,3.45,21.761,1.342,0.984,7450-778298,TRUE,8/15/2023 1:40,2023-LCS-NWA-140823-004A,8/15/2023,1:40,,
1692078180,3.43,21.915,1.354,0.914,7450-049711,TRUE,8/15/2023 1:43,2023-LCS-NWA-140823-003A,8/15/2023,1:43,,
1692078240,3.42,21.1,0.023,0.949,7450-064567,TRUE,8/15/2023 1:44,2023-LCS-NWA-140823-006A,8/15/2023,1:44,,
1692078420,3.42,21.994,0.743,0.952,7450-770855,TRUE,8/15/2023 1:47,2023-LCS-NWA-140823-001A,8/15/2023,1:47,,
1692078600,3.45,21.752,1.293,0.984,7450-778298,TRUE,8/15/2023 1:50,2023-LCS-NWA-140823-004A,8/15/2023,1:50,,
1692078780,3.43,21.857,1.162,0.913,7450-049711,TRUE,8/15/2023 1:53,2023-LCS-NWA-140823-003A,8/15/2023,1:53,,
1692078840,3.41,21.075,0.031,0.949,7450-064567,TRUE,8/15/2023 1:54,2023-LCS-NWA-140823-006A,8/15/2023,1:54,,
1692079020,3.42,21.969,0.735,0.952,7450-770855,TRUE,8/15/2023 1:57,2023-LCS-NWA-140823-001A,8/15/2023,1:57,,
1692079200,3.45,21.727,1.177,0.983,7450-778298,TRUE,8/15/2023 2:00,2023-LCS-NWA-140823-004A,8/15/2023,2:00,,
1692079380,3.43,21.848,1.152,0.913,7450-049711,TRUE,8/15/2023 2:03,2023-LCS-NWA-140823-003A,8/15/2023,2:03,,
1692079440,3.41,21.042,0.024,0.949,7450-064567,TRUE,8/15/2023 2:04,2023-LCS-NWA-140823-006A,8/15/2023,2:04,,
1692079620,3.42,21.952,0.562,0.949,7450-770855,TRUE,8/15/2023 2:07,2023-LCS-NWA-140823-001A,8/15/2023,2:07,,
1692079800,3.45,21.685,1.085,0.982,7450-778298,TRUE,8/15/2023 2:10,2023-LCS-NWA-140823-004A,8/15/2023,2:10,,
1692079980,3.43,21.831,1.154,0.913,7450-049711,TRUE,8/15/2023 2:13,2023-LCS-NWA-140823-003A,8/15/2023,2:13,,
1692080040,3.41,21.008,0.027,0.949,7450-064567,TRUE,8/15/2023 2:14,2023-LCS-NWA-140823-006A,8/15/2023,2:14,,
1692080220,3.42,21.927,0.59,0.949,7450-770855,TRUE,8/15/2023 2:17,2023-LCS-NWA-140823-001A,8/15/2023,2:17,,
1692080400,3.45,21.652,1.069,0.982,7450-778298,TRUE,8/15/2023 2:20,2023-LCS-NWA-140823-004A,8/15/2023,2:20,,
1692080580,3.43,21.79,1.074,0.913,7450-049711,TRUE,8/15/2023 2:23,2023-LCS-NWA-140823-003A,8/15/2023,2:23,,
1692080640,3.41,20.966,0.022,0.949,7450-064567,TRUE,8/15/2023 2:24,2023-LCS-NWA-140823-006A,8/15/2023,2:24,,
1692080820,3.42,21.911,0.505,0.948,7450-770855,TRUE,8/15/2023 2:27,2023-LCS-NWA-140823-001A,8/15/2023,2:27,,
1692081000,3.45,21.619,1.03,0.982,7450-778298,TRUE,8/15/2023 2:30,2023-LCS-NWA-140823-004A,8/15/2023,2:30,,
1692081180,3.43,21.765,1.068,0.912,7450-049711,TRUE,8/15/2023 2:33,2023-LCS-NWA-140823-003A,8/15/2023,2:33,,
1692081240,3.41,20.941,0.021,0.949,7450-064567,TRUE,8/15/2023 2:34,2023-LCS-NWA-140823-006A,8/15/2023,2:34,,
1692081420,3.42,21.861,0.461,0.946,7450-770855,TRUE,8/15/2023 2:37,2023-LCS-NWA-140823-001A,8/15/2023,2:37,,
1692081600,3.45,21.602,0.834,0.98,7450-778298,TRUE,8/15/2023 2:40,2023-LCS-NWA-140823-004A,8/15/2023,2:40,,
1692081780,3.43,21.723,0.944,0.911,7450-049711,TRUE,8/15/2023 2:43,2023-LCS-NWA-140823-003A,8/15/2023,2:43,,
1692081840,3.41,20.916,0.034,0.95,7450-064567,TRUE,8/15/2023 2:44,2023-LCS-NWA-140823-006A,8/15/2023,2:44,,
1692082020,3.42,21.835,0.515,0.948,7450-770855,TRUE,8/15/2023 2:47,2023-LCS-NWA-140823-001A,8/15/2023,2:47,,
1692082200,3.45,21.602,0.812,0.98,7450-778298,TRUE,8/15/2023 2:50,2023-LCS-NWA-140823-004A,8/15/2023,2:50,,
1692082380,3.43,21.689,0.972,0.911,7450-049711,TRUE,8/15/2023 2:53,2023-LCS-NWA-140823-003A,8/15/2023,2:53,,
1692082440,3.41,20.866,0.023,0.949,7450-064567,TRUE,8/15/2023 2:54,2023-LCS-NWA-140823-006A,8/15/2023,2:54,,
1692082620,3.42,21.81,0.505,0.947,7450-770855,TRUE,8/15/2023 2:57,2023-LCS-NWA-140823-001A,8/15/2023,2:57,,
1692082800,3.45,21.535,0.847,0.98,7450-778298,TRUE,8/15/2023 3:00,2023-LCS-NWA-140823-004A,8/15/2023,3:00,,
1692082980,3.43,21.664,0.902,0.911,7450-049711,TRUE,8/15/2023 3:03,2023-LCS-NWA-140823-003A,8/15/2023,3:03,,
1692083040,3.41,20.858,0.025,0.95,7450-064567,TRUE,8/15/2023 3:04,2023-LCS-NWA-140823-006A,8/15/2023,3:04,,
1692083220,3.42,21.777,0.512,0.947,7450-770855,TRUE,8/15/2023 3:07,2023-LCS-NWA-140823-001A,8/15/2023,3:07,,
1692083400,3.45,21.493,0.873,0.98,7450-778298,TRUE,8/15/2023 3:10,2023-LCS-NWA-140823-004A,8/15/2023,3:10,,
1692083580,3.43,21.631,0.866,0.91,7450-049711,TRUE,8/15/2023 3:13,2023-LCS-NWA-140823-003A,8/15/2023,3:13,,
1692083640,3.41,20.824,0.024,0.95,7450-064567,TRUE,8/15/2023 3:14,2023-LCS-NWA-140823-006A,8/15/2023,3:14,,
1692083820,3.42,21.769,0.458,0.946,7450-770855,TRUE,8/15/2023 3:17,2023-LCS-NWA-140823-001A,8/15/2023,3:17,,
1692084000,3.45,21.451,0.881,0.98,7450-778298,TRUE,8/15/2023 3:20,2023-LCS-NWA-140823-004A,8/15/2023,3:20,,
1692084180,3.43,21.606,0.865,0.911,7450-049711,TRUE,8/15/2023 3:23,2023-LCS-NWA-140823-003A,8/15/2023,3:23,,
1692084240,3.41,20.799,0.026,0.95,7450-064567,TRUE,8/15/2023 3:24,2023-LCS-NWA-140823-006A,8/15/2023,3:24,,
1692084420,3.42,21.727,0.44,0.946,7450-770855,TRUE,8/15/2023 3:27,2023-LCS-NWA-140823-001A,8/15/2023,3:27,,
1692084600,3.45,21.401,0.893,0.98,7450-778298,TRUE,8/15/2023 3:30,2023-LCS-NWA-140823-004A,8/15/2023,3:30,,
1692084780,3.43,21.597,0.81,0.91,7450-049711,TRUE,8/15/2023 3:33,2023-LCS-NWA-140823-003A,8/15/2023,3:33,,
1692084840,3.41,20.765,0.025,0.95,7450-064567,TRUE,8/15/2023 3:34,2023-LCS-NWA-140823-006A,8/15/2023,3:34,,
1692085020,3.42,21.693,0.368,0.944,7450-770855,TRUE,8/15/2023 3:37,2023-LCS-NWA-140823-001A,8/15/2023,3:37,,
1692085200,3.45,21.384,0.81,0.979,7450-778298,TRUE,8/15/2023 3:40,2023-LCS-NWA-140823-004A,8/15/2023,3:40,,
1692085380,3.43,21.572,0.767,0.909,7450-049711,TRUE,8/15/2023 3:43,2023-LCS-NWA-140823-003A,8/15/2023,3:43,,
1692085440,3.41,20.749,0.023,0.95,7450-064567,TRUE,8/15/2023 3:44,2023-LCS-NWA-140823-006A,8/15/2023,3:44,,
1692085620,3.42,21.685,0.419,0.945,7450-770855,TRUE,8/15/2023 3:47,2023-LCS-NWA-140823-001A,8/15/2023,3:47,,
1692085800,3.45,21.334,0.719,0.978,7450-778298,TRUE,8/15/2023 3:50,2023-LCS-NWA-140823-004A,8/15/2023,3:50,,
1692085980,3.43,21.564,0.718,0.909,7450-049711,TRUE,8/15/2023 3:53,2023-LCS-NWA-140823-003A,8/15/2023,3:53,,
1692086040,3.41,20.724,0.023,0.95,7450-064567,TRUE,8/15/2023 3:54,2023-LCS-NWA-140823-006A,8/15/2023,3:54,,
1692086220,3.42,21.677,0.348,0.944,7450-770855,TRUE,8/15/2023 3:57,2023-LCS-NWA-140823-001A,8/15/2023,3:57,,
1692086400,3.45,21.317,0.722,0.978,7450-778298,TRUE,8/15/2023 4:00,2023-LCS-NWA-140823-004A,8/15/2023,4:00,,
1692086580,3.43,21.547,0.626,0.907,7450-049711,TRUE,8/15/2023 4:03,2023-LCS-NWA-140823-003A,8/15/2023,4:03,,
1692086640,3.41,20.699,0.021,0.95,7450-064567,TRUE,8/15/2023 4:04,2023-LCS-NWA-140823-006A,8/15/2023,4:04,,
1692086820,3.42,21.643,0.32,0.943,7450-770855,TRUE,8/15/2023 4:07,2023-LCS-NWA-140823-001A,8/15/2023,4:07,,
1692087000,3.46,21.301,0.632,0.977,7450-778298,TRUE,8/15/2023 4:10,2023-LCS-NWA-140823-004A,8/15/2023,4:10,,
1692087180,3.43,21.522,0.618,0.907,7450-049711,TRUE,8/15/2023 4:13,2023-LCS-NWA-140823-003A,8/15/2023,4:13,,
1692087240,3.41,20.682,0.021,0.95,7450-064567,TRUE,8/15/2023 4:14,2023-LCS-NWA-140823-006A,8/15/2023,4:14,,
1692087420,3.42,21.627,0.227,0.941,7450-770855,TRUE,8/15/2023 4:17,2023-LCS-NWA-140823-001A,8/15/2023,4:17,,
1692087600,3.46,21.267,0.627,0.976,7450-778298,TRUE,8/15/2023 4:20,2023-LCS-NWA-140823-004A,8/15/2023,4:20,,
1692087780,3.43,21.505,0.592,0.906,7450-049711,TRUE,8/15/2023 4:23,2023-LCS-NWA-140823-003A,8/15/2023,4:23,,
1692087840,3.42,20.64,0.021,0.95,7450-064567,TRUE,8/15/2023 4:24,2023-LCS-NWA-140823-006A,8/15/2023,4:24,,
1692088020,3.42,21.61,0.328,0.943,7450-770855,TRUE,8/15/2023 4:27,2023-LCS-NWA-140823-001A,8/15/2023,4:27,,
1692088200,3.46,21.25,0.62,0.976,7450-778298,TRUE,8/15/2023 4:30,2023-LCS-NWA-140823-004A,8/15/2023,4:30,,
1692088380,3.43,21.464,0.576,0.906,7450-049711,TRUE,8/15/2023 4:33,2023-LCS-NWA-140823-003A,8/15/2023,4:33,,
1692088440,3.42,20.632,0.02,0.95,7450-064567,TRUE,8/15/2023 4:34,2023-LCS-NWA-140823-006A,8/15/2023,4:34,,
1692088620,3.42,21.568,0.409,0.945,7450-770855,TRUE,8/15/2023 4:37,2023-LCS-NWA-140823-001A,8/15/2023,4:37,,
1692088800,3.45,21.25,0.491,0.974,7450-778298,TRUE,8/15/2023 4:40,2023-LCS-NWA-140823-004A,8/15/2023,4:40,,
1692088980,3.43,21.455,0.419,0.904,7450-049711,TRUE,8/15/2023 4:43,2023-LCS-NWA-140823-003A,8/15/2023,4:43,,
1692089040,3.42,20.581,0.021,0.95,7450-064567,TRUE,8/15/2023 4:44,2023-LCS-NWA-140823-006A,8/15/2023,4:44,,
1692089220,3.42,21.535,0.352,0.944,7450-770855,TRUE,8/15/2023 4:47,2023-LCS-NWA-140823-001A,8/15/2023,4:47,,
1692089400,3.46,21.209,0.506,0.974,7450-778298,TRUE,8/15/2023 4:50,2023-LCS-NWA-140823-004A,8/15/2023,4:50,,
1692089580,3.43,21.413,0.351,0.902,7450-049711,TRUE,8/15/2023 4:53,2023-LCS-NWA-140823-003A,8/15/2023,4:53,,
1692089640,3.42,20.565,0.022,0.95,7450-064567,TRUE,8/15/2023 4:54,2023-LCS-NWA-140823-006A,8/15/2023,4:54,,
1692089820,3.42,21.51,0.307,0.943,7450-770855,TRUE,8/15/2023 4:57,2023-LCS-NWA-140823-001A,8/15/2023,4:57,,
1692090000,3.46,21.167,0.58,0.976,7450-778298,TRUE,8/15/2023 5:00,2023-LCS-NWA-140823-004A,8/15/2023,5:00,,
1692090180,3.43,21.388,0.279,0.901,7450-049711,TRUE,8/15/2023 5:03,2023-LCS-NWA-140823-003A,8/15/2023,5:03,,
1692090240,3.42,20.54,0.021,0.95,7450-064567,TRUE,8/15/2023 5:04,2023-LCS-NWA-140823-006A,8/15/2023,5:04,,
1692090420,3.42,21.51,0.298,0.942,7450-770855,TRUE,8/15/2023 5:07,2023-LCS-NWA-140823-001A,8/15/2023,5:07,,
1692090600,3.45,21.117,0.533,0.975,7450-778298,TRUE,8/15/2023 5:10,2023-LCS-NWA-140823-004A,8/15/2023,5:10,,
1692090780,3.43,21.397,0.187,0.899,7450-049711,TRUE,8/15/2023 5:13,2023-LCS-NWA-140823-003A,8/15/2023,5:13,,
1692090840,3.42,20.498,0.026,0.95,7450-064567,TRUE,8/15/2023 5:14,2023-LCS-NWA-140823-006A,8/15/2023,5:14,,
1692091020,3.42,21.468,0.208,0.94,7450-770855,TRUE,8/15/2023 5:17,2023-LCS-NWA-140823-001A,8/15/2023,5:17,,
1692091200,3.45,21.075,0.511,0.975,7450-778298,TRUE,8/15/2023 5:20,2023-LCS-NWA-140823-004A,8/15/2023,5:20,,
1692091380,3.43,21.363,0.205,0.899,7450-049711,TRUE,8/15/2023 5:23,2023-LCS-NWA-140823-003A,8/15/2023,5:23,,
1692091440,3.42,20.481,0.021,0.95,7450-064567,TRUE,8/15/2023 5:24,2023-LCS-NWA-140823-006A,8/15/2023,5:24,,
1692091620,3.42,21.443,0.315,0.943,7450-770855,TRUE,8/15/2023 5:27,2023-LCS-NWA-140823-001A,8/15/2023,5:27,,
1692091800,3.45,21.033,0.495,0.975,7450-778298,TRUE,8/15/2023 5:30,2023-LCS-NWA-140823-004A,8/15/2023,5:30,,
1692091980,3.43,21.33,0.123,0.897,7450-049711,TRUE,8/15/2023 5:33,2023-LCS-NWA-140823-003A,8/15/2023,5:33,,
1692092040,3.42,20.464,0.022,0.95,7450-064567,TRUE,8/15/2023 5:34,2023-LCS-NWA-140823-006A,8/15/2023,5:34,,
1692092220,3.42,21.443,0.261,0.941,7450-770855,TRUE,8/15/2023 5:37,2023-LCS-NWA-140823-001A,8/15/2023,5:37,,
1692092400,3.45,20.999,0.524,0.975,7450-778298,TRUE,8/15/2023 5:40,2023-LCS-NWA-140823-004A,8/15/2023,5:40,,
1692092580,3.43,21.271,0.244,0.9,7450-049711,TRUE,8/15/2023 5:43,2023-LCS-NWA-140823-003A,8/15/2023,5:43,,
1692092640,3.42,20.431,0.021,0.95,7450-064567,TRUE,8/15/2023 5:44,2023-LCS-NWA-140823-006A,8/15/2023,5:44,,
1692092820,3.42,21.418,0.293,0.942,7450-770855,TRUE,8/15/2023 5:47,2023-LCS-NWA-140823-001A,8/15/2023,5:47,,
1692093000,3.45,20.949,0.56,0.975,7450-778298,TRUE,8/15/2023 5:50,2023-LCS-NWA-140823-004A,8/15/2023,5:50,,
1692093180,3.43,21.121,0.928,0.911,7450-049711,TRUE,8/15/2023 5:53,2023-LCS-NWA-140823-003A,8/15/2023,5:53,,
1692093240,3.42,20.297,0.64,0.964,7450-064567,TRUE,8/15/2023 5:54,2023-LCS-NWA-140823-006A,8/15/2023,5:54,,
1692093420,3.43,21.351,0.83,0.953,7450-770855,TRUE,8/15/2023 5:57,2023-LCS-NWA-140823-001A,8/15/2023,5:57,,
1692093600,3.45,20.907,0.547,0.975,7450-778298,TRUE,8/15/2023 6:00,2023-LCS-NWA-140823-004A,8/15/2023,6:00,,
1692093780,3.43,20.995,1.699,0.915,7450-049711,TRUE,8/15/2023 6:03,2023-LCS-NWA-140823-003A,8/15/2023,6:03,,
1692093840,3.42,20.263,0.305,0.957,7450-064567,TRUE,8/15/2023 6:04,2023-LCS-NWA-140823-006A,8/15/2023,6:04,,
1692094020,3.42,21.276,1.084,0.956,7450-770855,TRUE,8/15/2023 6:07,2023-LCS-NWA-140823-001A,8/15/2023,6:07,,
1692094200,3.45,20.757,1.675,0.984,7450-778298,TRUE,8/15/2023 6:10,2023-LCS-NWA-140823-004A,8/15/2023,6:10,,
1692094380,3.43,20.97,1.641,0.914,7450-049711,TRUE,8/15/2023 6:13,2023-LCS-NWA-140823-003A,8/15/2023,6:13,,
1692094440,3.42,20.205,0.344,0.958,7450-064567,TRUE,8/15/2023 6:14,2023-LCS-NWA-140823-006A,8/15/2023,6:14,,
1692094620,3.43,21.234,1.414,0.959,7450-770855,TRUE,8/15/2023 6:17,2023-LCS-NWA-140823-001A,8/15/2023,6:17,,
1692094800,3.45,20.64,2.408,0.985,7450-778298,TRUE,8/15/2023 6:20,2023-LCS-NWA-140823-004A,8/15/2023,6:20,,
1692094980,3.43,20.928,1.67,0.915,7450-049711,TRUE,8/15/2023 6:23,2023-LCS-NWA-140823-003A,8/15/2023,6:23,,
1692095040,3.42,20.18,0.521,0.961,7450-064567,TRUE,8/15/2023 6:24,2023-LCS-NWA-140823-006A,8/15/2023,6:24,,
1692095220,3.43,21.2,1.336,0.958,7450-770855,TRUE,8/15/2023 6:27,2023-LCS-NWA-140823-001A,8/15/2023,6:27,,
1692095400,3.45,20.573,2.613,0.986,7450-778298,TRUE,8/15/2023 6:30,2023-LCS-NWA-140823-004A,8/15/2023,6:30,,
1692095580,3.43,20.928,1.629,0.914,7450-049711,TRUE,8/15/2023 6:33,2023-LCS-NWA-140823-003A,8/15/2023,6:33,,
1692095640,3.42,20.146,0.597,0.962,7450-064567,TRUE,8/15/2023 6:34,2023-LCS-NWA-140823-006A,8/15/2023,6:34,,
1692095820,3.43,21.184,1.221,0.957,7450-770855,TRUE,8/15/2023 6:37,2023-LCS-NWA-140823-001A,8/15/2023,6:37,,
1692096000,3.45,20.539,2.658,0.985,7450-778298,TRUE,8/15/2023 6:40,2023-LCS-NWA-140823-004A,8/15/2023,6:40,,
1692096180,3.43,20.903,1.85,0.915,7450-049711,TRUE,8/15/2023 6:43,2023-LCS-NWA-140823-003A,8/15/2023,6:43,,
1692096240,3.42,20.104,0.708,0.963,7450-064567,TRUE,8/15/2023 6:44,2023-LCS-NWA-140823-006A,8/15/2023,6:44,,
1692096420,3.43,21.159,1.195,0.957,7450-770855,TRUE,8/15/2023 6:47,2023-LCS-NWA-140823-001A,8/15/2023,6:47,,
1692096600,3.45,20.547,2.502,0.985,7450-778298,TRUE,8/15/2023 6:50,2023-LCS-NWA-140823-004A,8/15/2023,6:50,,
1692096780,3.43,20.903,1.592,0.914,7450-049711,TRUE,8/15/2023 6:53,2023-LCS-NWA-140823-003A,8/15/2023,6:53,,
1692096840,3.42,20.062,0.648,0.962,7450-064567,TRUE,8/15/2023 6:54,2023-LCS-NWA-140823-006A,8/15/2023,6:54,,
1692097020,3.43,21.142,1.105,0.956,7450-770855,TRUE,8/15/2023 6:57,2023-LCS-NWA-140823-001A,8/15/2023,6:57,,
1692097200,3.45,20.497,2.457,0.985,7450-778298,TRUE,8/15/2023 7:00,2023-LCS-NWA-140823-004A,8/15/2023,7:00,,
1692097380,3.43,20.912,1.459,0.913,7450-049711,TRUE,8/15/2023 7:03,2023-LCS-NWA-140823-003A,8/15/2023,7:03,,
1692097440,3.42,20.071,0.722,0.963,7450-064567,TRUE,8/15/2023 7:04,2023-LCS-NWA-140823-006A,8/15/2023,7:04,,
1692097620,3.43,21.15,0.847,0.953,7450-770855,TRUE,8/15/2023 7:07,2023-LCS-NWA-140823-001A,8/15/2023,7:07,,
1692097800,3.45,20.464,2.444,0.985,7450-778298,TRUE,8/15/2023 7:10,2023-LCS-NWA-140823-004A,8/15/2023,7:10,,
1692097980,3.43,20.887,1.506,0.914,7450-049711,TRUE,8/15/2023 7:13,2023-LCS-NWA-140823-003A,8/15/2023,7:13,,
1692098040,3.41,20.046,0.814,0.964,7450-064567,TRUE,8/15/2023 7:14,2023-LCS-NWA-140823-006A,8/15/2023,7:14,,
1692098220,3.42,21.117,0.934,0.954,7450-770855,TRUE,8/15/2023 7:17,2023-LCS-NWA-140823-001A,8/15/2023,7:17,,
1692098400,3.45,20.464,2.318,0.985,7450-778298,TRUE,8/15/2023 7:20,2023-LCS-NWA-140823-004A,8/15/2023,7:20,,
1692098580,3.43,20.862,1.35,0.913,7450-049711,TRUE,8/15/2023 7:23,2023-LCS-NWA-140823-003A,8/15/2023,7:23,,
1692098640,3.41,20.029,0.673,0.962,7450-064567,TRUE,8/15/2023 7:24,2023-LCS-NWA-140823-006A,8/15/2023,7:24,,
1692098820,3.42,21.1,0.774,0.952,7450-770855,TRUE,8/15/2023 7:27,2023-LCS-NWA-140823-001A,8/15/2023,7:27,,
1692099000,3.45,20.472,2.179,0.985,7450-778298,TRUE,8/15/2023 7:30,2023-LCS-NWA-140823-004A,8/15/2023,7:30,,
1692099180,3.43,20.845,1.243,0.913,7450-049711,TRUE,8/15/2023 7:33,2023-LCS-NWA-140823-003A,8/15/2023,7:33,,
1692099240,3.41,20.004,0.53,0.96,7450-064567,TRUE,8/15/2023 7:34,2023-LCS-NWA-140823-006A,8/15/2023,7:34,,
1692099420,3.42,21.1,0.809,0.952,7450-770855,TRUE,8/15/2023 7:37,2023-LCS-NWA-140823-001A,8/15/2023,7:37,,
1692099600,3.45,20.455,2.159,0.985,7450-778298,TRUE,8/15/2023 7:40,2023-LCS-NWA-140823-004A,8/15/2023,7:40,,
1692099780,3.43,20.811,1.218,0.913,7450-049711,TRUE,8/15/2023 7:43,2023-LCS-NWA-140823-003A,8/15/2023,7:43,,
1692099840,3.41,19.987,0.384,0.957,7450-064567,TRUE,8/15/2023 7:44,2023-LCS-NWA-140823-006A,8/15/2023,7:44,,
1692100020,3.42,21.083,0.732,0.951,7450-770855,TRUE,8/15/2023 7:47,2023-LCS-NWA-140823-001A,8/15/2023,7:47,,
1692100200,3.45,20.472,2.083,0.985,7450-778298,TRUE,8/15/2023 7:50,2023-LCS-NWA-140823-004A,8/15/2023,7:50,,
1692100380,3.43,20.828,1.158,0.913,7450-049711,TRUE,8/15/2023 7:53,2023-LCS-NWA-140823-003A,8/15/2023,7:53,,
1692100440,3.41,19.979,0.409,0.958,7450-064567,TRUE,8/15/2023 7:54,2023-LCS-NWA-140823-006A,8/15/2023,7:54,,
1692100620,3.42,21.067,0.678,0.95,7450-770855,TRUE,8/15/2023 7:57,2023-LCS-NWA-140823-001A,8/15/2023,7:57,,
1692100800,3.45,20.447,2.014,0.985,7450-778298,TRUE,8/15/2023 8:00,2023-LCS-NWA-140823-004A,8/15/2023,8:00,,
1692100980,3.43,20.82,1.035,0.911,7450-049711,TRUE,8/15/2023 8:03,2023-LCS-NWA-140823-003A,8/15/2023,8:03,,
1692101040,3.41,19.962,0.307,0.956,7450-064567,TRUE,8/15/2023 8:04,2023-LCS-NWA-140823-006A,8/15/2023,8:04,,
1692101220,3.42,21.058,0.592,0.949,7450-770855,TRUE,8/15/2023 8:07,2023-LCS-NWA-140823-001A,8/15/2023,8:07,,
1692101400,3.45,20.447,1.963,0.985,7450-778298,TRUE,8/15/2023 8:10,2023-LCS-NWA-140823-004A,8/15/2023,8:10,,
1692101580,3.43,20.803,0.951,0.911,7450-049711,TRUE,8/15/2023 8:13,2023-LCS-NWA-140823-003A,8/15/2023,8:13,,
1692101640,3.41,19.945,0.296,0.956,7450-064567,TRUE,8/15/2023 8:14,2023-LCS-NWA-140823-006A,8/15/2023,8:14,,
1692101820,3.42,21.05,0.582,0.948,7450-770855,TRUE,8/15/2023 8:17,2023-LCS-NWA-140823-001A,8/15/2023,8:17,,
1692102000,3.45,20.439,1.908,0.985,7450-778298,TRUE,8/15/2023 8:20,2023-LCS-NWA-140823-004A,8/15/2023,8:20,,
1692102180,3.43,20.811,0.863,0.91,7450-049711,TRUE,8/15/2023 8:23,2023-LCS-NWA-140823-003A,8/15/2023,8:23,,
1692102240,3.41,19.937,0.216,0.954,7450-064567,TRUE,8/15/2023 8:24,2023-LCS-NWA-140823-006A,8/15/2023,8:24,,
1692102420,3.42,21.042,0.452,0.946,7450-770855,TRUE,8/15/2023 8:27,2023-LCS-NWA-140823-001A,8/15/2023,8:27,,
1692102600,3.45,20.422,1.849,0.985,7450-778298,TRUE,8/15/2023 8:30,2023-LCS-NWA-140823-004A,8/15/2023,8:30,,
1692102780,3.43,20.82,0.757,0.908,7450-049711,TRUE,8/15/2023 8:33,2023-LCS-NWA-140823-003A,8/15/2023,8:33,,
1692102840,3.41,19.945,0.187,0.953,7450-064567,TRUE,8/15/2023 8:34,2023-LCS-NWA-140823-006A,8/15/2023,8:34,,
,,,,,,FISH,8/15/2023 8:34,2023-LCS-NWA-140823-001A,8/15/2023,8:34,,
1692103020,3.42,21.025,0.494,0.947,7450-770855,FALSE,8/15/2023 8:37,2023-LCS-NWA-140823-001A,8/15/2023,8:37,,
1692103200,3.45,20.414,1.793,0.985,7450-778298,TRUE,8/15/2023 8:40,2023-LCS-NWA-140823-004A,8/15/2023,8:40,,
1692103380,3.43,20.828,0.71,0.908,7450-049711,TRUE,8/15/2023 8:43,2023-LCS-NWA-140823-003A,8/15/2023,8:43,,
1692103440,3.41,19.937,0.205,0.954,7450-064567,TRUE,8/15/2023 8:44,2023-LCS-NWA-140823-006A,8/15/2023,8:44,,
1692103620,3.42,20.757,3.13,0.961,7450-770855,FALSE,8/15/2023 8:47,2023-LCS-NWA-140823-001A,8/15/2023,8:47,,
1692103800,3.45,20.405,1.763,0.984,7450-778298,TRUE,8/15/2023 8:50,2023-LCS-NWA-140823-004A,8/15/2023,8:50,,
1692103980,3.43,20.82,0.812,0.909,7450-049711,TRUE,8/15/2023 8:53,2023-LCS-NWA-140823-003A,8/15/2023,8:53,,
1692104040,3.41,19.928,0.166,0.953,7450-064567,TRUE,8/15/2023 8:54,2023-LCS-NWA-140823-006A,8/15/2023,8:54,,
1692104400,3.45,20.43,1.731,0.985,7450-778298,TRUE,8/15/2023 9:00,2023-LCS-NWA-140823-004A,8/15/2023,9:00,,
1692104580,3.43,20.836,0.659,0.907,7450-049711,TRUE,8/15/2023 9:03,2023-LCS-NWA-140823-003A,8/15/2023,9:03,,
1692104640,3.41,19.937,0.113,0.951,7450-064567,TRUE,8/15/2023 9:04,2023-LCS-NWA-140823-006A,8/15/2023,9:04,,
1692105000,3.45,20.447,1.735,0.985,7450-778298,TRUE,8/15/2023 9:10,2023-LCS-NWA-140823-004A,8/15/2023,9:10,,
1692105180,3.42,20.853,0.565,0.906,7450-049711,TRUE,8/15/2023 9:13,2023-LCS-NWA-140823-003A,8/15/2023,9:13,,
1692105240,3.41,19.928,0.055,0.95,7450-064567,TRUE,8/15/2023 9:14,2023-LCS-NWA-140823-006A,8/15/2023,9:14,,
1692105600,3.45,20.455,1.675,0.985,7450-778298,TRUE,8/15/2023 9:20,2023-LCS-NWA-140823-004A,8/15/2023,9:20,,
1692105780,3.42,20.87,0.639,0.907,7450-049711,TRUE,8/15/2023 9:23,2023-LCS-NWA-140823-003A,8/15/2023,9:23,,
1692105840,3.41,19.92,0.021,0.949,7450-064567,TRUE,8/15/2023 9:24,2023-LCS-NWA-140823-006A,8/15/2023,9:24,,
1692106200,3.45,20.464,1.674,0.984,7450-778298,TRUE,8/15/2023 9:30,2023-LCS-NWA-140823-004A,8/15/2023,9:30,,
1692106380,3.42,20.878,0.645,0.907,7450-049711,TRUE,8/15/2023 9:33,2023-LCS-NWA-140823-003A,8/15/2023,9:33,,
1692106440,3.41,19.937,0.025,0.949,7450-064567,TRUE,8/15/2023 9:34,2023-LCS-NWA-140823-006A,8/15/2023,9:34,,
1692106800,3.45,20.481,1.526,0.984,7450-778298,TRUE,8/15/2023 9:40,2023-LCS-NWA-140823-004A,8/15/2023,9:40,,
,,,,,,FISH,8/15/2023 9:43,2023-LCS-NWA-140823-003A,8/15/2023,9:43,,
1692106980,3.42,20.836,8.089,0.914,7450-049711,FALSE,8/15/2023 9:43,2023-LCS-NWA-140823-003A,8/15/2023,9:43,,
1692107040,3.41,19.937,0.021,0.949,7450-064567,TRUE,8/15/2023 9:44,2023-LCS-NWA-140823-006A,8/15/2023,9:44,,
1692107400,3.45,20.539,1.677,0.984,7450-778298,TRUE,8/15/2023 9:50,2023-LCS-NWA-140823-004A,8/15/2023,9:50,,
1692107640,3.41,19.945,0.02,0.949,7450-064567,TRUE,8/15/2023 9:54,2023-LCS-NWA-140823-006A,8/15/2023,9:54,,
1692108000,3.45,20.489,1.463,0.984,7450-778298,TRUE,8/15/2023 10:00,2023-LCS-NWA-140823-004A,8/15/2023,10:00,,
1692108240,3.41,19.945,0.02,0.949,7450-064567,TRUE,8/15/2023 10:04,2023-LCS-NWA-140823-006A,8/15/2023,10:04,,
1692108600,3.45,20.522,1.532,0.984,7450-778298,TRUE,8/15/2023 10:10,2023-LCS-NWA-140823-004A,8/15/2023,10:10,,
1692108840,3.41,19.979,0.021,0.95,7450-064567,TRUE,8/15/2023 10:14,2023-LCS-NWA-140823-006A,8/15/2023,10:14,,
,,,,,,FISH,8/15/2023 10:20,2023-LCS-NWA-140823-004A,8/15/2023,10:20,,
1692109200,3.45,20.539,1.512,0.984,7450-778298,FALSE,8/15/2023 10:20,2023-LCS-NWA-140823-004A,8/15/2023,10:20,,
1692109440,3.41,19.995,0.021,0.95,7450-064567,TRUE,8/15/2023 10:24,2023-LCS-NWA-140823-006A,8/15/2023,10:24,,
1692109800,3.45,20.648,1.595,0.984,7450-778298,FALSE,8/15/2023 10:30,2023-LCS-NWA-140823-004A,8/15/2023,10:30,,
1692110040,3.41,20.012,0.022,0.95,7450-064567,TRUE,8/15/2023 10:34,2023-LCS-NWA-140823-006A,8/15/2023,10:34,,
1692110400,3.45,20.698,1.614,0.984,7450-778298,FALSE,8/15/2023 10:40,2023-LCS-NWA-140823-004A,8/15/2023,10:40,,
1692110640,3.41,20.037,0.02,0.95,7450-064567,TRUE,8/15/2023 10:44,2023-LCS-NWA-140823-006A,8/15/2023,10:44,,
1692111000,3.45,21.167,3.607,0.984,7450-778298,FALSE,8/15/2023 10:50,2023-LCS-NWA-140823-004A,8/15/2023,10:50,,
1692111240,3.41,20.046,0.021,0.95,7450-064567,TRUE,8/15/2023 10:54,2023-LCS-NWA-140823-006A,8/15/2023,10:54,,
1692111600,3.45,23.259,7.763,0.981,7450-778298,FALSE,8/15/2023 11:00,2023-LCS-NWA-140823-004A,8/15/2023,11:00,,
1692111840,3.41,20.062,0.02,0.95,7450-064567,TRUE,8/15/2023 11:04,2023-LCS-NWA-140823-006A,8/15/2023,11:04,,
1692112200,3.45,23.678,7.71,0.981,7450-778298,FALSE,8/15/2023 11:10,2023-LCS-NWA-140823-004A,8/15/2023,11:10,,
1692112440,3.41,20.079,0.019,0.95,7450-064567,TRUE,8/15/2023 11:14,2023-LCS-NWA-140823-006A,8/15/2023,11:14,,
1692112800,3.45,24.542,7.64,0.982,7450-778298,FALSE,8/15/2023 11:20,2023-LCS-NWA-140823-004A,8/15/2023,11:20,,
1692113040,3.42,20.096,0.02,0.95,7450-064567,TRUE,8/15/2023 11:24,2023-LCS-NWA-140823-006A,8/15/2023,11:24,,
1692113400,3.44,24.996,7.682,0.983,7450-778298,FALSE,8/15/2023 11:30,2023-LCS-NWA-140823-004A,8/15/2023,11:30,,
1692113640,3.42,20.163,0.038,0.951,7450-064567,FALSE,8/15/2023 11:34,2023-LCS-NWA-140823-006A,8/15/2023,11:34,,
,,,,,,FISH,8/15/2023 11:34,2023-LCS-NWA-140823-006A,,11:34,,
1692114240,3.41,22.145,8.035,0.971,7450-064567,FALSE,8/15/2023 11:44,2023-LCS-NWA-140823-006A,8/15/2023,11:44,,
,,21.43,0.60,,YSI,SET,8/15/2023 14:58,2023-LCS-NWA-150823-001A,8/15/2023,14:58,,
1692126780,3.43,23.145,0.036,0.9,7450-049711,TRUE,8/15/2023 15:13,2023-LCS-NWA-150823-001A,8/15/2023,15:13,,
1692127380,3.43,22.199,0.049,0.899,7450-049711,TRUE,8/15/2023 15:23,2023-LCS-NWA-150823-001A,8/15/2023,15:23,,
,,22.64,1.00,,YSI,SET,8/15/2023 15:30,2023-LCS-NWA-150823-003A,8/15/2023,15:30,,
1692127980,3.43,21.907,0.057,0.899,7450-049711,TRUE,8/15/2023 15:33,2023-LCS-NWA-150823-001A,8/15/2023,15:33,,
1692128580,3.43,21.765,0.064,0.899,7450-049711,TRUE,8/15/2023 15:43,2023-LCS-NWA-150823-001A,8/15/2023,15:43,,
1692129180,3.43,21.714,0.068,0.898,7450-049711,TRUE,8/15/2023 15:53,2023-LCS-NWA-150823-001A,8/15/2023,15:53,,
,,22.22,0.97,,YSI,SET,8/15/2023 16:00,2023-LCS-NWA-150823-005A,8/15/2023,16:00,,
1692129780,3.43,21.673,0.071,0.898,7450-049711,TRUE,8/15/2023 16:03,2023-LCS-NWA-150823-001A,8/15/2023,16:03,,
1692130020,3.45,23.929,0.553,0.977,7450-778298,TRUE,8/15/2023 16:07,2023-LCS-NWA-150823-003A,8/15/2023,16:07,,
1692130380,3.43,21.647,0.074,0.898,7450-049711,TRUE,8/15/2023 16:13,2023-LCS-NWA-150823-001A,8/15/2023,16:13,,
,,24.74,2.00,,YSI,SET,8/15/2023 16:15,2023-LCS-NWA-150823-006A,8/15/2023,16:15,,
1692130620,3.46,23.384,0.315,0.974,7450-778298,TRUE,8/15/2023 16:17,2023-LCS-NWA-150823-003A,8/15/2023,16:17,,
1692130980,3.43,21.639,0.076,0.898,7450-049711,TRUE,8/15/2023 16:23,2023-LCS-NWA-150823-001A,8/15/2023,16:23,,
1692131220,3.45,23.183,0.12,0.969,7450-778298,TRUE,8/15/2023 16:27,2023-LCS-NWA-150823-003A,8/15/2023,16:27,,
1692131220,3.43,23.198,0.437,0.947,7450-770855,TRUE,8/15/2023 16:27,2023-LCS-NWA-150823-005A,8/15/2023,16:27,,
1692131280,3.41,24.784,0.352,0.954,7450-064567,TRUE,8/15/2023 16:28,2023-LCS-NWA-150823-006A,8/15/2023,16:28,,
1692131580,3.43,21.597,0.078,0.898,7450-049711,TRUE,8/15/2023 16:33,2023-LCS-NWA-150823-001A,8/15/2023,16:33,,
1692131820,3.45,23.083,0.075,0.968,7450-778298,TRUE,8/15/2023 16:37,2023-LCS-NWA-150823-003A,8/15/2023,16:37,,
1692131820,3.43,22.504,0.121,0.939,7450-770855,TRUE,8/15/2023 16:37,2023-LCS-NWA-150823-005A,8/15/2023,16:37,,
1692131880,3.41,24.314,0.181,0.952,7450-064567,TRUE,8/15/2023 16:38,2023-LCS-NWA-150823-006A,8/15/2023,16:38,,
1692132180,3.43,21.589,0.077,0.898,7450-049711,TRUE,8/15/2023 16:43,2023-LCS-NWA-150823-001A,8/15/2023,16:43,,
1692132420,3.45,22.982,0.043,0.967,7450-778298,TRUE,8/15/2023 16:47,2023-LCS-NWA-150823-003A,8/15/2023,16:47,,
1692132420,3.43,22.295,0.098,0.938,7450-770855,TRUE,8/15/2023 16:47,2023-LCS-NWA-150823-005A,8/15/2023,16:47,,
1692132480,3.41,24.138,0.12,0.951,7450-064567,TRUE,8/15/2023 16:48,2023-LCS-NWA-150823-006A,8/15/2023,16:48,,
1692132780,3.43,21.572,0.078,0.898,7450-049711,TRUE,8/15/2023 16:53,2023-LCS-NWA-150823-001A,8/15/2023,16:53,,
1692133020,3.45,22.915,0.065,0.967,7450-778298,TRUE,8/15/2023 16:57,2023-LCS-NWA-150823-003A,8/15/2023,16:57,,
1692133020,3.43,22.153,0.07,0.937,7450-770855,TRUE,8/15/2023 16:57,2023-LCS-NWA-150823-005A,8/15/2023,16:57,,
1692133080,3.41,23.937,0.096,0.95,7450-064567,TRUE,8/15/2023 16:58,2023-LCS-NWA-150823-006A,8/15/2023,16:58,,
1692133380,3.43,21.556,0.077,0.898,7450-049711,TRUE,8/15/2023 17:03,2023-LCS-NWA-150823-001A,8/15/2023,17:03,,
1692133620,3.45,22.857,0.047,0.967,7450-778298,TRUE,8/15/2023 17:07,2023-LCS-NWA-150823-003A,8/15/2023,17:07,,
1692133620,3.42,22.094,0.053,0.937,7450-770855,TRUE,8/15/2023 17:07,2023-LCS-NWA-150823-005A,8/15/2023,17:07,,
1692133680,3.41,23.786,0.078,0.949,7450-064567,TRUE,8/15/2023 17:08,2023-LCS-NWA-150823-006A,8/15/2023,17:08,,
1692133980,3.43,21.572,0.076,0.898,7450-049711,TRUE,8/15/2023 17:13,2023-LCS-NWA-150823-001A,8/15/2023,17:13,,
1692134220,3.45,22.823,0.049,0.967,7450-778298,TRUE,8/15/2023 17:17,2023-LCS-NWA-150823-003A,8/15/2023,17:17,,
1692134220,3.42,22.044,0.054,0.937,7450-770855,TRUE,8/15/2023 17:17,2023-LCS-NWA-150823-005A,8/15/2023,17:17,,
1692134280,3.42,23.652,0.087,0.95,7450-064567,TRUE,8/15/2023 17:18,2023-LCS-NWA-150823-006A,8/15/2023,17:18,,
1692134580,3.43,21.539,0.076,0.898,7450-049711,TRUE,8/15/2023 17:23,2023-LCS-NWA-150823-001A,8/15/2023,17:23,,
1692134820,3.45,22.773,0.042,0.967,7450-778298,TRUE,8/15/2023 17:27,2023-LCS-NWA-150823-003A,8/15/2023,17:27,,
1692134820,3.42,22.011,0.049,0.937,7450-770855,TRUE,8/15/2023 17:27,2023-LCS-NWA-150823-005A,8/15/2023,17:27,,
1692134880,3.41,23.777,0.309,0.955,7450-064567,TRUE,8/15/2023 17:28,2023-LCS-NWA-150823-006A,8/15/2023,17:28,,
1692135180,3.43,21.539,0.073,0.898,7450-049711,TRUE,8/15/2023 17:33,2023-LCS-NWA-150823-001A,8/15/2023,17:33,,
1692135420,3.45,22.807,0.039,0.967,7450-778298,TRUE,8/15/2023 17:37,2023-LCS-NWA-150823-003A,8/15/2023,17:37,,
1692135420,3.42,22.011,0.051,0.937,7450-770855,TRUE,8/15/2023 17:37,2023-LCS-NWA-150823-005A,8/15/2023,17:37,,
1692135480,3.42,23.534,0.198,0.953,7450-064567,TRUE,8/15/2023 17:38,2023-LCS-NWA-150823-006A,8/15/2023,17:38,,
1692135780,3.43,21.53,0.056,0.897,7450-049711,TRUE,8/15/2023 17:43,2023-LCS-NWA-150823-001A,8/15/2023,17:43,,
1692136020,3.45,22.79,0.048,0.967,7450-778298,TRUE,8/15/2023 17:47,2023-LCS-NWA-150823-003A,8/15/2023,17:47,,
1692136020,3.42,21.994,0.051,0.936,7450-770855,TRUE,8/15/2023 17:47,2023-LCS-NWA-150823-005A,8/15/2023,17:47,,
1692136080,3.42,23.518,0.255,0.954,7450-064567,TRUE,8/15/2023 17:48,2023-LCS-NWA-150823-006A,8/15/2023,17:48,,
1692136380,3.43,21.522,0.056,0.897,7450-049711,TRUE,8/15/2023 17:53,2023-LCS-NWA-150823-001A,8/15/2023,17:53,,
1692136620,3.45,22.798,0.055,0.967,7450-778298,TRUE,8/15/2023 17:57,2023-LCS-NWA-150823-003A,8/15/2023,17:57,,
1692136620,3.42,21.994,0.05,0.936,7450-770855,TRUE,8/15/2023 17:57,2023-LCS-NWA-150823-005A,8/15/2023,17:57,,
1692136680,3.42,23.409,0.176,0.953,7450-064567,TRUE,8/15/2023 17:58,2023-LCS-NWA-150823-006A,8/15/2023,17:58,,
1692136980,3.43,21.547,0.056,0.897,7450-049711,TRUE,8/15/2023 18:03,2023-LCS-NWA-150823-001A,8/15/2023,18:03,,
1692137220,3.45,22.782,0.043,0.967,7450-778298,TRUE,8/15/2023 18:07,2023-LCS-NWA-150823-003A,8/15/2023,18:07,,
1692137220,3.42,21.986,0.048,0.936,7450-770855,TRUE,8/15/2023 18:07,2023-LCS-NWA-150823-005A,8/15/2023,18:07,,
1692137280,3.42,23.342,0.296,0.955,7450-064567,TRUE,8/15/2023 18:08,2023-LCS-NWA-150823-006A,8/15/2023,18:08,,
1692137580,3.43,21.564,0.055,0.897,7450-049711,TRUE,8/15/2023 18:13,2023-LCS-NWA-150823-001A,8/15/2023,18:13,,
1692137820,3.45,22.798,0.041,0.967,7450-778298,TRUE,8/15/2023 18:17,2023-LCS-NWA-150823-003A,8/15/2023,18:17,,
1692137820,3.42,21.969,0.048,0.936,7450-770855,TRUE,8/15/2023 18:17,2023-LCS-NWA-150823-005A,8/15/2023,18:17,,
1692137880,3.42,23.3,0.27,0.955,7450-064567,TRUE,8/15/2023 18:18,2023-LCS-NWA-150823-006A,8/15/2023,18:18,,
1692138180,3.43,21.647,0.058,0.897,7450-049711,TRUE,8/15/2023 18:23,2023-LCS-NWA-150823-001A,8/15/2023,18:23,,
1692138420,3.45,22.79,0.031,0.967,7450-778298,TRUE,8/15/2023 18:27,2023-LCS-NWA-150823-003A,8/15/2023,18:27,,
1692138420,3.42,21.977,0.047,0.936,7450-770855,TRUE,8/15/2023 18:27,2023-LCS-NWA-150823-005A,8/15/2023,18:27,,
1692138480,3.41,23.258,0.308,0.956,7450-064567,TRUE,8/15/2023 18:28,2023-LCS-NWA-150823-006A,8/15/2023,18:28,,
1692138780,3.43,21.564,0.06,0.897,7450-049711,TRUE,8/15/2023 18:33,2023-LCS-NWA-150823-001A,8/15/2023,18:33,,
1692139020,3.45,22.798,0.055,0.967,7450-778298,TRUE,8/15/2023 18:37,2023-LCS-NWA-150823-003A,8/15/2023,18:37,,
1692139020,3.42,21.977,0.048,0.936,7450-770855,TRUE,8/15/2023 18:37,2023-LCS-NWA-150823-005A,8/15/2023,18:37,,
1692139080,3.41,23.183,0.399,0.958,7450-064567,TRUE,8/15/2023 18:38,2023-LCS-NWA-150823-006A,8/15/2023,18:38,,
1692139380,3.43,21.547,0.059,0.897,7450-049711,TRUE,8/15/2023 18:43,2023-LCS-NWA-150823-001A,8/15/2023,18:43,,
1692139620,3.45,22.823,0.047,0.967,7450-778298,TRUE,8/15/2023 18:47,2023-LCS-NWA-150823-003A,8/15/2023,18:47,,
1692139620,3.42,21.986,0.046,0.936,7450-770855,TRUE,8/15/2023 18:47,2023-LCS-NWA-150823-005A,8/15/2023,18:47,,
1692139680,3.41,23.116,0.444,0.959,7450-064567,TRUE,8/15/2023 18:48,2023-LCS-NWA-150823-006A,8/15/2023,18:48,,
1692139980,3.43,21.581,0.057,0.897,7450-049711,TRUE,8/15/2023 18:53,2023-LCS-NWA-150823-001A,8/15/2023,18:53,,
1692140220,3.45,22.857,0.037,0.967,7450-778298,TRUE,8/15/2023 18:57,2023-LCS-NWA-150823-003A,8/15/2023,18:57,,
1692140220,3.42,21.961,0.046,0.936,7450-770855,TRUE,8/15/2023 18:57,2023-LCS-NWA-150823-005A,8/15/2023,18:57,,
1692140280,3.41,23.074,0.428,0.958,7450-064567,TRUE,8/15/2023 18:58,2023-LCS-NWA-150823-006A,8/15/2023,18:58,,
1692140580,3.43,21.572,0.054,0.897,7450-049711,TRUE,8/15/2023 19:03,2023-LCS-NWA-150823-001A,8/15/2023,19:03,,
1692140820,3.45,22.865,0.029,0.967,7450-778298,TRUE,8/15/2023 19:07,2023-LCS-NWA-150823-003A,8/15/2023,19:07,,
1692140820,3.42,21.961,0.047,0.936,7450-770855,TRUE,8/15/2023 19:07,2023-LCS-NWA-150823-005A,8/15/2023,19:07,,
1692140880,3.41,22.99,0.443,0.959,7450-064567,TRUE,8/15/2023 19:08,2023-LCS-NWA-150823-006A,8/15/2023,19:08,,
1692141180,3.43,21.614,0.051,0.897,7450-049711,TRUE,8/15/2023 19:13,2023-LCS-NWA-150823-001A,8/15/2023,19:13,,
1692141420,3.45,22.874,0.03,0.967,7450-778298,TRUE,8/15/2023 19:17,2023-LCS-NWA-150823-003A,8/15/2023,19:17,,
1692141420,3.42,21.944,0.045,0.936,7450-770855,TRUE,8/15/2023 19:17,2023-LCS-NWA-150823-005A,8/15/2023,19:17,,
1692141480,3.41,22.948,0.444,0.959,7450-064567,TRUE,8/15/2023 19:18,2023-LCS-NWA-150823-006A,8/15/2023,19:18,,
1692141780,3.43,21.589,0.048,0.897,7450-049711,TRUE,8/15/2023 19:23,2023-LCS-NWA-150823-001A,8/15/2023,19:23,,
1692142020,3.45,22.874,0.277,0.973,7450-778298,TRUE,8/15/2023 19:27,2023-LCS-NWA-150823-003A,8/15/2023,19:27,,
1692142020,3.42,21.886,0.049,0.936,7450-770855,TRUE,8/15/2023 19:27,2023-LCS-NWA-150823-005A,8/15/2023,19:27,,
1692142080,3.41,22.89,0.478,0.96,7450-064567,TRUE,8/15/2023 19:28,2023-LCS-NWA-150823-006A,8/15/2023,19:28,,
1692142380,3.43,21.614,0.046,0.897,7450-049711,TRUE,8/15/2023 19:33,2023-LCS-NWA-150823-001A,8/15/2023,19:33,,
1692142620,3.45,22.89,0.128,0.969,7450-778298,TRUE,8/15/2023 19:37,2023-LCS-NWA-150823-003A,8/15/2023,19:37,,
1692142620,3.42,21.919,0.054,0.937,7450-770855,TRUE,8/15/2023 19:37,2023-LCS-NWA-150823-005A,8/15/2023,19:37,,
1692142680,3.41,22.814,0.458,0.959,7450-064567,TRUE,8/15/2023 19:38,2023-LCS-NWA-150823-006A,8/15/2023,19:38,,
1692142980,3.43,21.622,0.043,0.897,7450-049711,TRUE,8/15/2023 19:43,2023-LCS-NWA-150823-001A,8/15/2023,19:43,,
1692143220,3.45,22.857,0.39,0.976,7450-778298,TRUE,8/15/2023 19:47,2023-LCS-NWA-150823-003A,8/15/2023,19:47,,
1692143220,3.42,21.919,0.059,0.937,7450-770855,TRUE,8/15/2023 19:47,2023-LCS-NWA-150823-005A,8/15/2023,19:47,,
1692143280,3.41,22.731,0.521,0.96,7450-064567,TRUE,8/15/2023 19:48,2023-LCS-NWA-150823-006A,8/15/2023,19:48,,
1692143580,3.43,21.606,0.04,0.897,7450-049711,TRUE,8/15/2023 19:53,2023-LCS-NWA-150823-001A,8/15/2023,19:53,,
1692143820,3.45,22.848,1.109,0.984,7450-778298,TRUE,8/15/2023 19:57,2023-LCS-NWA-150823-003A,8/15/2023,19:57,,
1692143820,3.42,21.919,0.048,0.936,7450-770855,TRUE,8/15/2023 19:57,2023-LCS-NWA-150823-005A,8/15/2023,19:57,,
1692143880,3.41,22.655,0.46,0.959,7450-064567,TRUE,8/15/2023 19:58,2023-LCS-NWA-150823-006A,8/15/2023,19:58,,
1692144180,3.43,21.597,0.051,0.897,7450-049711,TRUE,8/15/2023 20:03,2023-LCS-NWA-150823-001A,8/15/2023,20:03,,
1692144420,3.45,22.782,1.117,0.984,7450-778298,TRUE,8/15/2023 20:07,2023-LCS-NWA-150823-003A,8/15/2023,20:07,,
1692144420,3.42,21.919,0.049,0.936,7450-770855,TRUE,8/15/2023 20:07,2023-LCS-NWA-150823-005A,8/15/2023,20:07,,
1692144480,3.42,22.597,0.463,0.959,7450-064567,TRUE,8/15/2023 20:08,2023-LCS-NWA-150823-006A,8/15/2023,20:08,,
1692144780,3.43,21.572,0.056,0.897,7450-049711,TRUE,8/15/2023 20:13,2023-LCS-NWA-150823-001A,8/15/2023,20:13,,
1692145020,3.45,22.765,1.462,0.986,7450-778298,TRUE,8/15/2023 20:17,2023-LCS-NWA-150823-003A,8/15/2023,20:17,,
1692145020,3.42,21.869,0.05,0.936,7450-770855,TRUE,8/15/2023 20:17,2023-LCS-NWA-150823-005A,8/15/2023,20:17,,
1692145080,3.42,22.513,0.502,0.96,7450-064567,TRUE,8/15/2023 20:18,2023-LCS-NWA-150823-006A,8/15/2023,20:18,,
1692145380,3.43,21.539,0.058,0.897,7450-049711,TRUE,8/15/2023 20:23,2023-LCS-NWA-150823-001A,8/15/2023,20:23,,
1692145620,3.45,22.673,1.986,0.988,7450-778298,TRUE,8/15/2023 20:27,2023-LCS-NWA-150823-003A,8/15/2023,20:27,,
1692145620,3.42,21.827,0.08,0.937,7450-770855,TRUE,8/15/2023 20:27,2023-LCS-NWA-150823-005A,8/15/2023,20:27,,
1692145680,3.42,22.438,0.431,0.958,7450-064567,TRUE,8/15/2023 20:28,2023-LCS-NWA-150823-006A,8/15/2023,20:28,,
1692145980,3.43,21.497,0.058,0.897,7450-049711,TRUE,8/15/2023 20:33,2023-LCS-NWA-150823-001A,8/15/2023,20:33,,
1692146220,3.45,22.581,2.011,0.988,7450-778298,TRUE,8/15/2023 20:37,2023-LCS-NWA-150823-003A,8/15/2023,20:37,,
1692146220,3.42,21.777,0.272,0.943,7450-770855,TRUE,8/15/2023 20:37,2023-LCS-NWA-150823-005A,8/15/2023,20:37,,
1692146280,3.42,22.396,0.433,0.958,7450-064567,TRUE,8/15/2023 20:38,2023-LCS-NWA-150823-006A,8/15/2023,20:38,,
1692146580,3.43,21.464,0.057,0.897,7450-049711,TRUE,8/15/2023 20:43,2023-LCS-NWA-150823-001A,8/15/2023,20:43,,
1692146820,3.45,22.514,2.108,0.988,7450-778298,TRUE,8/15/2023 20:47,2023-LCS-NWA-150823-003A,8/15/2023,20:47,,
1692146820,3.42,21.718,0.294,0.943,7450-770855,TRUE,8/15/2023 20:47,2023-LCS-NWA-150823-005A,8/15/2023,20:47,,
1692146880,3.42,22.329,0.408,0.958,7450-064567,TRUE,8/15/2023 20:48,2023-LCS-NWA-150823-006A,8/15/2023,20:48,,
1692147180,3.43,21.405,0.054,0.897,7450-049711,TRUE,8/15/2023 20:53,2023-LCS-NWA-150823-001A,8/15/2023,20:53,,
1692147420,3.45,22.438,2.135,0.988,7450-778298,TRUE,8/15/2023 20:57,2023-LCS-NWA-150823-003A,8/15/2023,20:57,,
1692147420,3.42,21.668,0.313,0.944,7450-770855,TRUE,8/15/2023 20:57,2023-LCS-NWA-150823-005A,8/15/2023,20:57,,
1692147480,3.42,22.287,0.347,0.956,7450-064567,TRUE,8/15/2023 20:58,2023-LCS-NWA-150823-006A,8/15/2023,20:58,,
1692147780,3.43,21.355,0.054,0.897,7450-049711,TRUE,8/15/2023 21:03,2023-LCS-NWA-150823-001A,8/15/2023,21:03,,
1692148020,3.45,22.313,1.636,0.987,7450-778298,TRUE,8/15/2023 21:07,2023-LCS-NWA-150823-003A,8/15/2023,21:07,,
1692148020,3.43,21.601,0.302,0.944,7450-770855,TRUE,8/15/2023 21:07,2023-LCS-NWA-150823-005A,8/15/2023,21:07,,
1692148080,3.42,22.254,0.303,0.955,7450-064567,TRUE,8/15/2023 21:08,2023-LCS-NWA-150823-006A,8/15/2023,21:08,,
1692148380,3.43,21.296,0.054,0.897,7450-049711,TRUE,8/15/2023 21:13,2023-LCS-NWA-150823-001A,8/15/2023,21:13,,
1692148620,3.45,22.279,1.765,0.988,7450-778298,TRUE,8/15/2023 21:17,2023-LCS-NWA-150823-003A,8/15/2023,21:17,,
1692148620,3.43,21.56,0.321,0.944,7450-770855,TRUE,8/15/2023 21:17,2023-LCS-NWA-150823-005A,8/15/2023,21:17,,
1692148680,3.41,22.22,0.346,0.956,7450-064567,TRUE,8/15/2023 21:18,2023-LCS-NWA-150823-006A,8/15/2023,21:18,,
1692148980,3.43,21.271,0.054,0.897,7450-049711,TRUE,8/15/2023 21:23,2023-LCS-NWA-150823-001A,8/15/2023,21:23,,
1692149220,3.46,22.238,1.875,0.988,7450-778298,TRUE,8/15/2023 21:27,2023-LCS-NWA-150823-003A,8/15/2023,21:27,,
1692149220,3.43,21.535,0.343,0.944,7450-770855,TRUE,8/15/2023 21:27,2023-LCS-NWA-150823-005A,8/15/2023,21:27,,
1692149280,3.41,22.17,0.339,0.956,7450-064567,TRUE,8/15/2023 21:28,2023-LCS-NWA-150823-006A,8/15/2023,21:28,,
1692149580,3.43,21.213,0.051,0.897,7450-049711,TRUE,8/15/2023 21:33,2023-LCS-NWA-150823-001A,8/15/2023,21:33,,
1692149820,3.45,22.196,1.809,0.988,7450-778298,TRUE,8/15/2023 21:37,2023-LCS-NWA-150823-003A,8/15/2023,21:37,,
1692149820,3.43,21.476,0.278,0.943,7450-770855,TRUE,8/15/2023 21:37,2023-LCS-NWA-150823-005A,8/15/2023,21:37,,
1692149880,3.41,22.129,0.337,0.956,7450-064567,TRUE,8/15/2023 21:38,2023-LCS-NWA-150823-006A,8/15/2023,21:38,,
1692150180,3.43,21.171,0.049,0.897,7450-049711,TRUE,8/15/2023 21:43,2023-LCS-NWA-150823-001A,8/15/2023,21:43,,
1692150420,3.45,22.137,1.782,0.988,7450-778298,TRUE,8/15/2023 21:47,2023-LCS-NWA-150823-003A,8/15/2023,21:47,,
1692150420,3.43,21.451,0.23,0.941,7450-770855,TRUE,8/15/2023 21:47,2023-LCS-NWA-150823-005A,8/15/2023,21:47,,
1692150480,3.41,22.087,0.296,0.955,7450-064567,TRUE,8/15/2023 21:48,2023-LCS-NWA-150823-006A,8/15/2023,21:48,,
1692150780,3.43,21.146,0.049,0.897,7450-049711,TRUE,8/15/2023 21:53,2023-LCS-NWA-150823-001A,8/15/2023,21:53,,
1692151020,3.45,22.07,1.786,0.987,7450-778298,TRUE,8/15/2023 21:57,2023-LCS-NWA-150823-003A,8/15/2023,21:57,,
1692151020,3.43,21.418,0.182,0.94,7450-770855,TRUE,8/15/2023 21:57,2023-LCS-NWA-150823-005A,8/15/2023,21:57,,
1692151080,3.41,22.062,0.262,0.954,7450-064567,TRUE,8/15/2023 21:58,2023-LCS-NWA-150823-006A,8/15/2023,21:58,,
1692151380,3.43,21.104,0.049,0.897,7450-049711,TRUE,8/15/2023 22:03,2023-LCS-NWA-150823-001A,8/15/2023,22:03,,
1692151620,3.45,22.037,1.733,0.987,7450-778298,TRUE,8/15/2023 22:07,2023-LCS-NWA-150823-003A,8/15/2023,22:07,,
1692151620,3.43,21.384,0.186,0.94,7450-770855,TRUE,8/15/2023 22:07,2023-LCS-NWA-150823-005A,8/15/2023,22:07,,
1692151680,3.41,22.011,0.277,0.955,7450-064567,TRUE,8/15/2023 22:08,2023-LCS-NWA-150823-006A,8/15/2023,22:08,,
1692151980,3.43,21.046,0.049,0.897,7450-049711,TRUE,8/15/2023 22:13,2023-LCS-NWA-150823-001A,8/15/2023,22:13,,
1692152220,3.45,21.978,1.754,0.987,7450-778298,TRUE,8/15/2023 22:17,2023-LCS-NWA-150823-003A,8/15/2023,22:17,,
1692152220,3.43,21.351,0.158,0.939,7450-770855,TRUE,8/15/2023 22:17,2023-LCS-NWA-150823-005A,8/15/2023,22:17,,
1692152280,3.41,21.986,0.298,0.955,7450-064567,TRUE,8/15/2023 22:18,2023-LCS-NWA-150823-006A,8/15/2023,22:18,,
1692152580,3.42,21.02,0.048,0.897,7450-049711,TRUE,8/15/2023 22:23,2023-LCS-NWA-150823-001A,8/15/2023,22:23,,
1692152820,3.45,21.936,1.699,0.987,7450-778298,TRUE,8/15/2023 22:27,2023-LCS-NWA-150823-003A,8/15/2023,22:27,,
1692152820,3.43,21.301,0.108,0.938,7450-770855,TRUE,8/15/2023 22:27,2023-LCS-NWA-150823-005A,8/15/2023,22:27,,
1692152880,3.41,21.953,0.258,0.954,7450-064567,TRUE,8/15/2023 22:28,2023-LCS-NWA-150823-006A,8/15/2023,22:28,,
1692153180,3.42,20.979,0.046,0.897,7450-049711,TRUE,8/15/2023 22:33,2023-LCS-NWA-150823-001A,8/15/2023,22:33,,
1692153420,3.45,21.886,1.504,0.986,7450-778298,TRUE,8/15/2023 22:37,2023-LCS-NWA-150823-003A,8/15/2023,22:37,,
1692153420,3.43,21.267,0.101,0.938,7450-770855,TRUE,8/15/2023 22:37,2023-LCS-NWA-150823-005A,8/15/2023,22:37,,
1692153480,3.41,21.928,0.311,0.956,7450-064567,TRUE,8/15/2023 22:38,2023-LCS-NWA-150823-006A,8/15/2023,22:38,,
1692153780,3.42,20.954,0.043,0.897,7450-049711,TRUE,8/15/2023 22:43,2023-LCS-NWA-150823-001A,8/15/2023,22:43,,
1692154020,3.45,21.828,1.378,0.986,7450-778298,TRUE,8/15/2023 22:47,2023-LCS-NWA-150823-003A,8/15/2023,22:47,,
1692154020,3.43,21.259,0.059,0.936,7450-770855,TRUE,8/15/2023 22:47,2023-LCS-NWA-150823-005A,8/15/2023,22:47,,
1692154080,3.41,21.861,0.237,0.954,7450-064567,TRUE,8/15/2023 22:48,2023-LCS-NWA-150823-006A,8/15/2023,22:48,,
1692154380,3.42,20.903,0.04,0.896,7450-049711,TRUE,8/15/2023 22:53,2023-LCS-NWA-150823-001A,8/15/2023,22:53,,
1692154620,3.45,21.794,1.32,0.985,7450-778298,TRUE,8/15/2023 22:57,2023-LCS-NWA-150823-003A,8/15/2023,22:57,,
1692154620,3.43,21.225,0.051,0.936,7450-770855,TRUE,8/15/2023 22:57,2023-LCS-NWA-150823-005A,8/15/2023,22:57,,
1692154680,3.41,21.844,0.214,0.953,7450-064567,TRUE,8/15/2023 22:58,2023-LCS-NWA-150823-006A,8/15/2023,22:58,,
1692154980,3.42,20.878,0.036,0.896,7450-049711,TRUE,8/15/2023 23:03,2023-LCS-NWA-150823-001A,8/15/2023,23:03,,
1692155220,3.45,21.744,1.358,0.985,7450-778298,TRUE,8/15/2023 23:07,2023-LCS-NWA-150823-003A,8/15/2023,23:07,,
1692155220,3.43,21.209,0.051,0.936,7450-770855,TRUE,8/15/2023 23:07,2023-LCS-NWA-150823-005A,8/15/2023,23:07,,
1692155280,3.41,21.836,0.198,0.953,7450-064567,TRUE,8/15/2023 23:08,2023-LCS-NWA-150823-006A,8/15/2023,23:08,,
1692155580,3.42,20.845,0.034,0.896,7450-049711,TRUE,8/15/2023 23:13,2023-LCS-NWA-150823-001A,8/15/2023,23:13,,
1692155820,3.45,21.719,1.29,0.985,7450-778298,TRUE,8/15/2023 23:17,2023-LCS-NWA-150823-003A,8/15/2023,23:17,,
1692155820,3.43,21.167,0.047,0.936,7450-770855,TRUE,8/15/2023 23:17,2023-LCS-NWA-150823-005A,8/15/2023,23:17,,
1692155880,3.41,21.777,0.189,0.953,7450-064567,TRUE,8/15/2023 23:18,2023-LCS-NWA-150823-006A,8/15/2023,23:18,,
1692156180,3.43,20.811,0.03,0.896,7450-049711,TRUE,8/15/2023 23:23,2023-LCS-NWA-150823-001A,8/15/2023,23:23,,
1692156420,3.45,21.652,1.296,0.985,7450-778298,TRUE,8/15/2023 23:27,2023-LCS-NWA-150823-003A,8/15/2023,23:27,,
1692156420,3.43,21.159,0.048,0.936,7450-770855,TRUE,8/15/2023 23:27,2023-LCS-NWA-150823-005A,8/15/2023,23:27,,
1692156480,3.41,21.769,0.226,0.954,7450-064567,TRUE,8/15/2023 23:28,2023-LCS-NWA-150823-006A,8/15/2023,23:28,,
1692156780,3.43,20.778,0.028,0.896,7450-049711,TRUE,8/15/2023 23:33,2023-LCS-NWA-150823-001A,8/15/2023,23:33,,
1692157020,3.45,21.635,1.253,0.985,7450-778298,TRUE,8/15/2023 23:37,2023-LCS-NWA-150823-003A,8/15/2023,23:37,,
1692157020,3.43,21.134,0.047,0.936,7450-770855,TRUE,8/15/2023 23:37,2023-LCS-NWA-150823-005A,8/15/2023,23:37,,
1692157080,3.41,21.727,0.143,0.951,7450-064567,TRUE,8/15/2023 23:38,2023-LCS-NWA-150823-006A,8/15/2023,23:38,,
1692157380,3.43,20.753,0.027,0.896,7450-049711,TRUE,8/15/2023 23:43,2023-LCS-NWA-150823-001A,8/15/2023,23:43,,
1692157620,3.45,21.602,1.14,0.984,7450-778298,TRUE,8/15/2023 23:47,2023-LCS-NWA-150823-003A,8/15/2023,23:47,,
1692157620,3.42,21.083,0.048,0.936,7450-770855,TRUE,8/15/2023 23:47,2023-LCS-NWA-150823-005A,8/15/2023,23:47,,
1692157680,3.41,21.685,0.139,0.951,7450-064567,TRUE,8/15/2023 23:48,2023-LCS-NWA-150823-006A,8/15/2023,23:48,,
1692157980,3.43,20.711,0.026,0.896,7450-049711,TRUE,8/15/2023 23:53,2023-LCS-NWA-150823-001A,8/15/2023,23:53,,
1692158220,3.45,21.568,1.059,0.983,7450-778298,TRUE,8/15/2023 23:57,2023-LCS-NWA-150823-003A,8/15/2023,23:57,,
1692158220,3.42,21.058,0.046,0.936,7450-770855,TRUE,8/15/2023 23:57,2023-LCS-NWA-150823-005A,8/15/2023,23:57,,
1692158280,3.41,21.652,0.124,0.951,7450-064567,TRUE,8/15/2023 23:58,2023-LCS-NWA-150823-006A,8/15/2023,23:58,,
1692158580,3.43,20.703,0.026,0.896,7450-049711,TRUE,8/16/2023 0:03,2023-LCS-NWA-150823-001A,8/16/2023,0:03,,
1692158820,3.45,21.518,1.075,0.983,7450-778298,TRUE,8/16/2023 0:07,2023-LCS-NWA-150823-003A,8/16/2023,0:07,,
1692158820,3.42,21.025,0.045,0.936,7450-770855,TRUE,8/16/2023 0:07,2023-LCS-NWA-150823-005A,8/16/2023,0:07,,
1692158880,3.41,21.627,0.12,0.951,7450-064567,TRUE,8/16/2023 0:08,2023-LCS-NWA-150823-006A,8/16/2023,0:08,,
1692159180,3.43,20.661,0.027,0.896,7450-049711,TRUE,8/16/2023 0:13,2023-LCS-NWA-150823-001A,8/16/2023,0:13,,
1692159420,3.45,21.501,0.913,0.982,7450-778298,TRUE,8/16/2023 0:17,2023-LCS-NWA-150823-003A,8/16/2023,0:17,,
1692159420,3.42,21.008,0.046,0.936,7450-770855,TRUE,8/16/2023 0:17,2023-LCS-NWA-150823-005A,8/16/2023,0:17,,
1692159480,3.41,21.61,0.108,0.951,7450-064567,TRUE,8/16/2023 0:18,2023-LCS-NWA-150823-006A,8/16/2023,0:18,,
1692159780,3.43,20.602,0.027,0.896,7450-049711,TRUE,8/16/2023 0:23,2023-LCS-NWA-150823-001A,8/16/2023,0:23,,
1692160020,3.45,21.485,0.942,0.982,7450-778298,TRUE,8/16/2023 0:27,2023-LCS-NWA-150823-003A,8/16/2023,0:27,,
1692160020,3.42,20.991,0.045,0.936,7450-770855,TRUE,8/16/2023 0:27,2023-LCS-NWA-150823-005A,8/16/2023,0:27,,
1692160080,3.41,21.593,0.114,0.951,7450-064567,TRUE,8/16/2023 0:28,2023-LCS-NWA-150823-006A,8/16/2023,0:28,,
1692160380,3.43,20.611,0.026,0.896,7450-049711,TRUE,8/16/2023 0:33,2023-LCS-NWA-150823-001A,8/16/2023,0:33,,
1692160620,3.45,21.451,0.89,0.982,7450-778298,TRUE,8/16/2023 0:37,2023-LCS-NWA-150823-003A,8/16/2023,0:37,,
1692160620,3.42,20.958,0.044,0.936,7450-770855,TRUE,8/16/2023 0:37,2023-LCS-NWA-150823-005A,8/16/2023,0:37,,
1692160680,3.41,21.585,0.094,0.951,7450-064567,TRUE,8/16/2023 0:38,2023-LCS-NWA-150823-006A,8/16/2023,0:38,,
1692160980,3.43,20.569,0.026,0.896,7450-049711,TRUE,8/16/2023 0:43,2023-LCS-NWA-150823-001A,8/16/2023,0:43,,
1692161220,3.45,21.409,0.832,0.981,7450-778298,TRUE,8/16/2023 0:47,2023-LCS-NWA-150823-003A,8/16/2023,0:47,,
1692161220,3.42,20.933,0.045,0.936,7450-770855,TRUE,8/16/2023 0:47,2023-LCS-NWA-150823-005A,8/16/2023,0:47,,
1692161280,3.41,21.552,0.086,0.951,7450-064567,TRUE,8/16/2023 0:48,2023-LCS-NWA-150823-006A,8/16/2023,0:48,,
1692161580,3.43,20.56,0.025,0.896,7450-049711,TRUE,8/16/2023 0:53,2023-LCS-NWA-150823-001A,8/16/2023,0:53,,
1692161820,3.45,21.368,0.797,0.98,7450-778298,TRUE,8/16/2023 0:57,2023-LCS-NWA-150823-003A,8/16/2023,0:57,,
1692161820,3.42,20.916,0.045,0.936,7450-770855,TRUE,8/16/2023 0:57,2023-LCS-NWA-150823-005A,8/16/2023,0:57,,
1692161880,3.41,21.493,0.076,0.95,7450-064567,TRUE,8/16/2023 0:58,2023-LCS-NWA-150823-006A,8/16/2023,0:58,,
1692162180,3.43,20.493,0.026,0.896,7450-049711,TRUE,8/16/2023 1:03,2023-LCS-NWA-150823-001A,8/16/2023,1:03,,
1692162420,3.45,21.342,0.774,0.98,7450-778298,TRUE,8/16/2023 1:07,2023-LCS-NWA-150823-003A,8/16/2023,1:07,,
1692162420,3.42,20.891,0.045,0.936,7450-770855,TRUE,8/16/2023 1:07,2023-LCS-NWA-150823-005A,8/16/2023,1:07,,
1692162480,3.42,21.443,0.085,0.951,7450-064567,TRUE,8/16/2023 1:08,2023-LCS-NWA-150823-006A,8/16/2023,1:08,,
1692162780,3.43,20.452,0.026,0.896,7450-049711,TRUE,8/16/2023 1:13,2023-LCS-NWA-150823-001A,8/16/2023,1:13,,
1692163020,3.45,21.301,0.778,0.98,7450-778298,TRUE,8/16/2023 1:17,2023-LCS-NWA-150823-003A,8/16/2023,1:17,,
1692163020,3.42,20.866,0.044,0.936,7450-770855,TRUE,8/16/2023 1:17,2023-LCS-NWA-150823-005A,8/16/2023,1:17,,
1692163080,3.41,21.426,0.053,0.951,7450-064567,TRUE,8/16/2023 1:18,2023-LCS-NWA-150823-006A,8/16/2023,1:18,,
1692163380,3.43,20.418,0.026,0.896,7450-049711,TRUE,8/16/2023 1:23,2023-LCS-NWA-150823-001A,8/16/2023,1:23,,
1692163620,3.45,21.25,0.753,0.98,7450-778298,TRUE,8/16/2023 1:27,2023-LCS-NWA-150823-003A,8/16/2023,1:27,,
1692163620,3.42,20.824,0.045,0.936,7450-770855,TRUE,8/16/2023 1:27,2023-LCS-NWA-150823-005A,8/16/2023,1:27,,
1692163680,3.42,21.384,0.055,0.951,7450-064567,TRUE,8/16/2023 1:28,2023-LCS-NWA-150823-006A,8/16/2023,1:28,,
1692163980,3.43,20.393,0.027,0.896,7450-049711,TRUE,8/16/2023 1:33,2023-LCS-NWA-150823-001A,8/16/2023,1:33,,
1692164220,3.45,21.217,0.716,0.979,7450-778298,TRUE,8/16/2023 1:37,2023-LCS-NWA-150823-003A,8/16/2023,1:37,,
1692164220,3.42,20.816,0.044,0.936,7450-770855,TRUE,8/16/2023 1:37,2023-LCS-NWA-150823-005A,8/16/2023,1:37,,
1692164280,3.42,21.384,0.053,0.951,7450-064567,TRUE,8/16/2023 1:38,2023-LCS-NWA-150823-006A,8/16/2023,1:38,,
1692164580,3.43,20.376,0.026,0.896,7450-049711,TRUE,8/16/2023 1:43,2023-LCS-NWA-150823-001A,8/16/2023,1:43,,
1692164820,3.45,21.192,0.663,0.979,7450-778298,TRUE,8/16/2023 1:47,2023-LCS-NWA-150823-003A,8/16/2023,1:47,,
1692164820,3.42,20.799,0.043,0.936,7450-770855,TRUE,8/16/2023 1:47,2023-LCS-NWA-150823-005A,8/16/2023,1:47,,
1692164880,3.41,21.343,0.052,0.951,7450-064567,TRUE,8/16/2023 1:48,2023-LCS-NWA-150823-006A,8/16/2023,1:48,,
1692165180,3.43,20.334,0.026,0.896,7450-049711,TRUE,8/16/2023 1:53,2023-LCS-NWA-150823-001A,8/16/2023,1:53,,
1692165420,3.45,21.15,0.627,0.978,7450-778298,TRUE,8/16/2023 1:57,2023-LCS-NWA-150823-003A,8/16/2023,1:57,,
1692165420,3.42,20.749,0.044,0.936,7450-770855,TRUE,8/16/2023 1:57,2023-LCS-NWA-150823-005A,8/16/2023,1:57,,
1692165480,3.42,21.292,0.051,0.951,7450-064567,TRUE,8/16/2023 1:58,2023-LCS-NWA-150823-006A,8/16/2023,1:58,,
1692165780,3.43,20.318,0.026,0.896,7450-049711,TRUE,8/16/2023 2:03,2023-LCS-NWA-150823-001A,8/16/2023,2:03,,
1692166020,3.45,21.108,0.604,0.978,7450-778298,TRUE,8/16/2023 2:07,2023-LCS-NWA-150823-003A,8/16/2023,2:07,,
1692166020,3.42,20.741,0.044,0.936,7450-770855,TRUE,8/16/2023 2:07,2023-LCS-NWA-150823-005A,8/16/2023,2:07,,
1692166080,3.42,21.259,0.051,0.951,7450-064567,TRUE,8/16/2023 2:08,2023-LCS-NWA-150823-006A,8/16/2023,2:08,,
1692166380,3.43,20.284,0.026,0.896,7450-049711,TRUE,8/16/2023 2:13,2023-LCS-NWA-150823-001A,8/16/2023,2:13,,
1692166620,3.45,21.075,0.603,0.978,7450-778298,TRUE,8/16/2023 2:17,2023-LCS-NWA-150823-003A,8/16/2023,2:17,,
1692166620,3.42,20.716,0.044,0.936,7450-770855,TRUE,8/16/2023 2:17,2023-LCS-NWA-150823-005A,8/16/2023,2:17,,
1692166680,3.42,21.217,0.051,0.951,7450-064567,TRUE,8/16/2023 2:18,2023-LCS-NWA-150823-006A,8/16/2023,2:18,,
1692166980,3.43,20.276,0.026,0.896,7450-049711,TRUE,8/16/2023 2:23,2023-LCS-NWA-150823-001A,8/16/2023,2:23,,
1692167220,3.45,21.05,0.588,0.978,7450-778298,TRUE,8/16/2023 2:27,2023-LCS-NWA-150823-003A,8/16/2023,2:27,,
1692167220,3.42,20.707,0.044,0.936,7450-770855,TRUE,8/16/2023 2:27,2023-LCS-NWA-150823-005A,8/16/2023,2:27,,
1692167280,3.41,21.15,0.049,0.951,7450-064567,TRUE,8/16/2023 2:28,2023-LCS-NWA-150823-006A,8/16/2023,2:28,,
1692167580,3.43,20.251,0.026,0.896,7450-049711,TRUE,8/16/2023 2:33,2023-LCS-NWA-150823-001A,8/16/2023,2:33,,
1692167820,3.45,21.025,0.578,0.977,7450-778298,TRUE,8/16/2023 2:37,2023-LCS-NWA-150823-003A,8/16/2023,2:37,,
1692167820,3.42,20.665,0.044,0.936,7450-770855,TRUE,8/16/2023 2:37,2023-LCS-NWA-150823-005A,8/16/2023,2:37,,
1692167880,3.41,21.117,0.047,0.951,7450-064567,TRUE,8/16/2023 2:38,2023-LCS-NWA-150823-006A,8/16/2023,2:38,,
1692168180,3.43,20.217,0.026,0.896,7450-049711,TRUE,8/16/2023 2:43,2023-LCS-NWA-150823-001A,8/16/2023,2:43,,
1692168420,3.45,20.974,0.528,0.977,7450-778298,TRUE,8/16/2023 2:47,2023-LCS-NWA-150823-003A,8/16/2023,2:47,,
1692168420,3.42,20.657,0.043,0.936,7450-770855,TRUE,8/16/2023 2:47,2023-LCS-NWA-150823-005A,8/16/2023,2:47,,
1692168480,3.41,21.083,0.046,0.951,7450-064567,TRUE,8/16/2023 2:48,2023-LCS-NWA-150823-006A,8/16/2023,2:48,,
1692168780,3.43,20.209,0.025,0.896,7450-049711,TRUE,8/16/2023 2:53,2023-LCS-NWA-150823-001A,8/16/2023,2:53,,
1692169020,3.45,20.932,0.507,0.976,7450-778298,TRUE,8/16/2023 2:57,2023-LCS-NWA-150823-003A,8/16/2023,2:57,,
1692169020,3.42,20.632,0.044,0.936,7450-770855,TRUE,8/16/2023 2:57,2023-LCS-NWA-150823-005A,8/16/2023,2:57,,
1692169080,3.41,21.05,0.045,0.951,7450-064567,TRUE,8/16/2023 2:58,2023-LCS-NWA-150823-006A,8/16/2023,2:58,,
1692169380,3.43,20.175,0.025,0.896,7450-049711,TRUE,8/16/2023 3:03,2023-LCS-NWA-150823-001A,8/16/2023,3:03,,
1692169620,3.45,20.932,0.482,0.976,7450-778298,TRUE,8/16/2023 3:07,2023-LCS-NWA-150823-003A,8/16/2023,3:07,,
1692169620,3.42,20.615,0.043,0.936,7450-770855,TRUE,8/16/2023 3:07,2023-LCS-NWA-150823-005A,8/16/2023,3:07,,
1692169680,3.41,21.008,0.044,0.951,7450-064567,TRUE,8/16/2023 3:08,2023-LCS-NWA-150823-006A,8/16/2023,3:08,,
1692169980,3.43,20.15,0.026,0.896,7450-049711,TRUE,8/16/2023 3:13,2023-LCS-NWA-150823-001A,8/16/2023,3:13,,
1692170220,3.45,20.899,0.419,0.975,7450-778298,TRUE,8/16/2023 3:17,2023-LCS-NWA-150823-003A,8/16/2023,3:17,,
1692170220,3.42,20.599,0.044,0.936,7450-770855,TRUE,8/16/2023 3:17,2023-LCS-NWA-150823-005A,8/16/2023,3:17,,
1692170280,3.41,20.991,0.042,0.951,7450-064567,TRUE,8/16/2023 3:18,2023-LCS-NWA-150823-006A,8/16/2023,3:18,,
1692170580,3.43,20.125,0.026,0.896,7450-049711,TRUE,8/16/2023 3:23,2023-LCS-NWA-150823-001A,8/16/2023,3:23,,
1692170820,3.45,20.849,0.486,0.976,7450-778298,TRUE,8/16/2023 3:27,2023-LCS-NWA-150823-003A,8/16/2023,3:27,,
1692170820,3.42,20.565,0.044,0.936,7450-770855,TRUE,8/16/2023 3:27,2023-LCS-NWA-150823-005A,8/16/2023,3:27,,
1692170880,3.41,20.958,0.041,0.951,7450-064567,TRUE,8/16/2023 3:28,2023-LCS-NWA-150823-006A,8/16/2023,3:28,,
1692171180,3.43,20.092,0.026,0.896,7450-049711,TRUE,8/16/2023 3:33,2023-LCS-NWA-150823-001A,8/16/2023,3:33,,
1692171420,3.45,20.824,0.493,0.976,7450-778298,TRUE,8/16/2023 3:37,2023-LCS-NWA-150823-003A,8/16/2023,3:37,,
1692171420,3.42,20.548,0.044,0.936,7450-770855,TRUE,8/16/2023 3:37,2023-LCS-NWA-150823-005A,8/16/2023,3:37,,
1692171480,3.41,20.891,0.04,0.951,7450-064567,TRUE,8/16/2023 3:38,2023-LCS-NWA-150823-006A,8/16/2023,3:38,,
1692171780,3.43,20.067,0.026,0.896,7450-049711,TRUE,8/16/2023 3:43,2023-LCS-NWA-150823-001A,8/16/2023,3:43,,
1692172020,3.45,20.757,0.507,0.976,7450-778298,TRUE,8/16/2023 3:47,2023-LCS-NWA-150823-003A,8/16/2023,3:47,,
1692172020,3.42,20.532,0.044,0.936,7450-770855,TRUE,8/16/2023 3:47,2023-LCS-NWA-150823-005A,8/16/2023,3:47,,
1692172080,3.41,20.849,0.038,0.951,7450-064567,TRUE,8/16/2023 3:48,2023-LCS-NWA-150823-006A,8/16/2023,3:48,,
1692172380,3.43,20.033,0.026,0.896,7450-049711,TRUE,8/16/2023 3:53,2023-LCS-NWA-150823-001A,8/16/2023,3:53,,
1692172620,3.45,20.74,0.462,0.976,7450-778298,TRUE,8/16/2023 3:57,2023-LCS-NWA-150823-003A,8/16/2023,3:57,,
1692172620,3.42,20.498,0.045,0.936,7450-770855,TRUE,8/16/2023 3:57,2023-LCS-NWA-150823-005A,8/16/2023,3:57,,
1692172680,3.41,20.832,0.037,0.951,7450-064567,TRUE,8/16/2023 3:58,2023-LCS-NWA-150823-006A,8/16/2023,3:58,,
1692172980,3.42,20,0.026,0.896,7450-049711,TRUE,8/16/2023 4:03,2023-LCS-NWA-150823-001A,8/16/2023,4:03,,
1692173220,3.45,20.698,0.377,0.974,7450-778298,TRUE,8/16/2023 4:07,2023-LCS-NWA-150823-003A,8/16/2023,4:07,,
1692173220,3.42,20.465,0.044,0.936,7450-770855,TRUE,8/16/2023 4:07,2023-LCS-NWA-150823-005A,8/16/2023,4:07,,
1692173280,3.41,20.782,0.043,0.951,7450-064567,TRUE,8/16/2023 4:08,2023-LCS-NWA-150823-006A,8/16/2023,4:08,,
1692173580,3.42,19.966,0.025,0.896,7450-049711,TRUE,8/16/2023 4:13,2023-LCS-NWA-150823-001A,8/16/2023,4:13,,
1692173820,3.45,20.681,0.369,0.974,7450-778298,TRUE,8/16/2023 4:17,2023-LCS-NWA-150823-003A,8/16/2023,4:17,,
1692173820,3.42,20.448,0.043,0.936,7450-770855,TRUE,8/16/2023 4:17,2023-LCS-NWA-150823-005A,8/16/2023,4:17,,
1692173880,3.41,20.724,0.126,0.953,7450-064567,TRUE,8/16/2023 4:18,2023-LCS-NWA-150823-006A,8/16/2023,4:18,,
1692174180,3.42,19.933,0.026,0.896,7450-049711,TRUE,8/16/2023 4:23,2023-LCS-NWA-150823-001A,8/16/2023,4:23,,
1692174420,3.45,20.631,0.353,0.973,7450-778298,TRUE,8/16/2023 4:27,2023-LCS-NWA-150823-003A,8/16/2023,4:27,,
1692174420,3.42,20.406,0.043,0.936,7450-770855,TRUE,8/16/2023 4:27,2023-LCS-NWA-150823-005A,8/16/2023,4:27,,
1692174480,3.41,20.673,0.136,0.953,7450-064567,TRUE,8/16/2023 4:28,2023-LCS-NWA-150823-006A,8/16/2023,4:28,,
1692174780,3.42,19.891,0.025,0.896,7450-049711,TRUE,8/16/2023 4:33,2023-LCS-NWA-150823-001A,8/16/2023,4:33,,
1692175020,3.45,20.589,0.326,0.973,7450-778298,TRUE,8/16/2023 4:37,2023-LCS-NWA-150823-003A,8/16/2023,4:37,,
1692175020,3.42,20.364,0.043,0.936,7450-770855,TRUE,8/16/2023 4:37,2023-LCS-NWA-150823-005A,8/16/2023,4:37,,
1692175080,3.41,20.632,0.151,0.953,7450-064567,TRUE,8/16/2023 4:38,2023-LCS-NWA-150823-006A,8/16/2023,4:38,,
1692175380,3.42,19.849,0.025,0.896,7450-049711,TRUE,8/16/2023 4:43,2023-LCS-NWA-150823-001A,8/16/2023,4:43,,
1692175620,3.45,20.547,0.333,0.973,7450-778298,TRUE,8/16/2023 4:47,2023-LCS-NWA-150823-003A,8/16/2023,4:47,,
1692175620,3.42,20.348,0.043,0.936,7450-770855,TRUE,8/16/2023 4:47,2023-LCS-NWA-150823-005A,8/16/2023,4:47,,
1692175680,3.41,20.556,0.149,0.953,7450-064567,TRUE,8/16/2023 4:48,2023-LCS-NWA-150823-006A,8/16/2023,4:48,,
1692175980,3.42,19.815,0.026,0.896,7450-049711,TRUE,8/16/2023 4:53,2023-LCS-NWA-150823-001A,8/16/2023,4:53,,
1692176220,3.45,20.514,0.321,0.973,7450-778298,TRUE,8/16/2023 4:57,2023-LCS-NWA-150823-003A,8/16/2023,4:57,,
1692176220,3.42,20.323,0.043,0.936,7450-770855,TRUE,8/16/2023 4:57,2023-LCS-NWA-150823-005A,8/16/2023,4:57,,
1692176280,3.41,20.523,0.149,0.953,7450-064567,TRUE,8/16/2023 4:58,2023-LCS-NWA-150823-006A,8/16/2023,4:58,,
1692176580,3.42,19.765,0.026,0.896,7450-049711,TRUE,8/16/2023 5:03,2023-LCS-NWA-150823-001A,8/16/2023,5:03,,
1692176820,3.45,20.464,0.335,0.973,7450-778298,TRUE,8/16/2023 5:07,2023-LCS-NWA-150823-003A,8/16/2023,5:07,,
1692176820,3.42,20.272,0.044,0.936,7450-770855,TRUE,8/16/2023 5:07,2023-LCS-NWA-150823-005A,8/16/2023,5:07,,
1692176880,3.41,20.473,0.087,0.951,7450-064567,TRUE,8/16/2023 5:08,2023-LCS-NWA-150823-006A,8/16/2023,5:08,,
1692177180,3.42,19.715,0.026,0.896,7450-049711,TRUE,8/16/2023 5:13,2023-LCS-NWA-150823-001A,8/16/2023,5:13,,
1692177420,3.45,20.405,0.285,0.972,7450-778298,TRUE,8/16/2023 5:17,2023-LCS-NWA-150823-003A,8/16/2023,5:17,,
1692177420,3.43,20.247,0.043,0.936,7450-770855,TRUE,8/16/2023 5:17,2023-LCS-NWA-150823-005A,8/16/2023,5:17,,
1692177480,3.42,20.414,0.144,0.953,7450-064567,TRUE,8/16/2023 5:18,2023-LCS-NWA-150823-006A,8/16/2023,5:18,,
1692177780,3.42,19.69,0.026,0.896,7450-049711,TRUE,8/16/2023 5:23,2023-LCS-NWA-150823-001A,8/16/2023,5:23,,
1692178020,3.45,20.355,0.272,0.972,7450-778298,TRUE,8/16/2023 5:27,2023-LCS-NWA-150823-003A,8/16/2023,5:27,,
1692178020,3.42,20.197,0.044,0.936,7450-770855,TRUE,8/16/2023 5:27,2023-LCS-NWA-150823-005A,8/16/2023,5:27,,
1692178080,3.41,20.372,0.141,0.953,7450-064567,TRUE,8/16/2023 5:28,2023-LCS-NWA-150823-006A,8/16/2023,5:28,,
1692178380,3.42,19.665,0.026,0.896,7450-049711,TRUE,8/16/2023 5:33,2023-LCS-NWA-150823-001A,8/16/2023,5:33,,
1692178620,3.45,20.296,0.25,0.971,7450-778298,TRUE,8/16/2023 5:37,2023-LCS-NWA-150823-003A,8/16/2023,5:37,,
1692178620,3.42,20.155,0.043,0.936,7450-770855,TRUE,8/16/2023 5:37,2023-LCS-NWA-150823-005A,8/16/2023,5:37,,
1692178680,3.42,20.347,0.126,0.953,7450-064567,TRUE,8/16/2023 5:38,2023-LCS-NWA-150823-006A,8/16/2023,5:38,,
1692178980,3.42,19.606,0.026,0.896,7450-049711,TRUE,8/16/2023 5:43,2023-LCS-NWA-150823-001A,8/16/2023,5:43,,
1692179220,3.45,20.229,0.287,0.972,7450-778298,TRUE,8/16/2023 5:47,2023-LCS-NWA-150823-003A,8/16/2023,5:47,,
1692179220,3.43,20.147,0.044,0.936,7450-770855,TRUE,8/16/2023 5:47,2023-LCS-NWA-150823-005A,8/16/2023,5:47,,
1692179280,3.42,20.272,0.081,0.951,7450-064567,TRUE,8/16/2023 5:48,2023-LCS-NWA-150823-006A,8/16/2023,5:48,,
1692179580,3.42,19.564,0.026,0.896,7450-049711,TRUE,8/16/2023 5:53,2023-LCS-NWA-150823-001A,8/16/2023,5:53,,
1692179820,3.45,20.196,0.24,0.971,7450-778298,TRUE,8/16/2023 5:57,2023-LCS-NWA-150823-003A,8/16/2023,5:57,,
1692179820,3.43,20.097,0.044,0.936,7450-770855,TRUE,8/16/2023 5:57,2023-LCS-NWA-150823-005A,8/16/2023,5:57,,
1692179880,3.42,20.23,0.108,0.952,7450-064567,TRUE,8/16/2023 5:58,2023-LCS-NWA-150823-006A,8/16/2023,5:58,,
1692180180,3.43,19.547,0.026,0.895,7450-049711,TRUE,8/16/2023 6:03,2023-LCS-NWA-150823-001A,8/16/2023,6:03,,
1692180420,3.45,20.12,0.281,0.971,7450-778298,TRUE,8/16/2023 6:07,2023-LCS-NWA-150823-003A,8/16/2023,6:07,,
1692180420,3.43,20.072,0.043,0.936,7450-770855,TRUE,8/16/2023 6:07,2023-LCS-NWA-150823-005A,8/16/2023,6:07,,
1692180480,3.42,20.171,0.108,0.952,7450-064567,TRUE,8/16/2023 6:08,2023-LCS-NWA-150823-006A,8/16/2023,6:08,,
1692180780,3.43,19.497,0.026,0.895,7450-049711,TRUE,8/16/2023 6:13,2023-LCS-NWA-150823-001A,8/16/2023,6:13,,
1692181020,3.45,20.062,0.277,0.972,7450-778298,TRUE,8/16/2023 6:17,2023-LCS-NWA-150823-003A,8/16/2023,6:17,,
1692181020,3.42,20.03,0.044,0.936,7450-770855,TRUE,8/16/2023 6:17,2023-LCS-NWA-150823-005A,8/16/2023,6:17,,
1692181080,3.42,20.129,0.086,0.951,7450-064567,TRUE,8/16/2023 6:18,2023-LCS-NWA-150823-006A,8/16/2023,6:18,,
1692181380,3.43,19.447,0.026,0.895,7450-049711,TRUE,8/16/2023 6:23,2023-LCS-NWA-150823-001A,8/16/2023,6:23,,
1692181620,3.45,20.045,0.266,0.971,7450-778298,TRUE,8/16/2023 6:27,2023-LCS-NWA-150823-003A,8/16/2023,6:27,,
1692181620,3.42,20.005,0.044,0.936,7450-770855,TRUE,8/16/2023 6:27,2023-LCS-NWA-150823-005A,8/16/2023,6:27,,
1692181680,3.42,20.096,0.101,0.952,7450-064567,TRUE,8/16/2023 6:28,2023-LCS-NWA-150823-006A,8/16/2023,6:28,,
1692181980,3.43,19.438,0.025,0.896,7450-049711,TRUE,8/16/2023 6:33,2023-LCS-NWA-150823-001A,8/16/2023,6:33,,
1692182220,3.45,19.97,0.266,0.971,7450-778298,TRUE,8/16/2023 6:37,2023-LCS-NWA-150823-003A,8/16/2023,6:37,,
1692182220,3.42,19.971,0.043,0.936,7450-770855,TRUE,8/16/2023 6:37,2023-LCS-NWA-150823-005A,8/16/2023,6:37,,
1692182280,3.41,20.054,0.098,0.951,7450-064567,TRUE,8/16/2023 6:38,2023-LCS-NWA-150823-006A,8/16/2023,6:38,,
1692182580,3.43,19.388,0.025,0.895,7450-049711,TRUE,8/16/2023 6:43,2023-LCS-NWA-150823-001A,8/16/2023,6:43,,
1692182820,3.45,19.944,0.212,0.97,7450-778298,TRUE,8/16/2023 6:47,2023-LCS-NWA-150823-003A,8/16/2023,6:47,,
1692182820,3.42,19.938,0.043,0.936,7450-770855,TRUE,8/16/2023 6:47,2023-LCS-NWA-150823-005A,8/16/2023,6:47,,
1692182880,3.41,20.029,0.075,0.951,7450-064567,TRUE,8/16/2023 6:48,2023-LCS-NWA-150823-006A,8/16/2023,6:48,,
1692183180,3.43,19.363,0.026,0.896,7450-049711,TRUE,8/16/2023 6:53,2023-LCS-NWA-150823-001A,8/16/2023,6:53,,
1692183420,3.45,19.911,0.171,0.969,7450-778298,TRUE,8/16/2023 6:57,2023-LCS-NWA-150823-003A,8/16/2023,6:57,,
1692183420,3.42,19.896,0.044,0.936,7450-770855,TRUE,8/16/2023 6:57,2023-LCS-NWA-150823-005A,8/16/2023,6:57,,
1692183480,3.41,20.012,0.034,0.95,7450-064567,TRUE,8/16/2023 6:58,2023-LCS-NWA-150823-006A,8/16/2023,6:58,,
1692183780,3.43,19.329,0.026,0.896,7450-049711,TRUE,8/16/2023 7:03,2023-LCS-NWA-150823-001A,8/16/2023,7:03,,
1692184020,3.45,19.877,0.194,0.969,7450-778298,TRUE,8/16/2023 7:07,2023-LCS-NWA-150823-003A,8/16/2023,7:07,,
1692184020,3.42,19.871,0.043,0.936,7450-770855,TRUE,8/16/2023 7:07,2023-LCS-NWA-150823-005A,8/16/2023,7:07,,
1692184080,3.41,19.937,0.026,0.95,7450-064567,TRUE,8/16/2023 7:08,2023-LCS-NWA-150823-006A,8/16/2023,7:08,,
1692184380,3.43,19.312,0.026,0.895,7450-049711,TRUE,8/16/2023 7:13,2023-LCS-NWA-150823-001A,8/16/2023,7:13,,
1692184620,3.45,19.835,0.172,0.969,7450-778298,TRUE,8/16/2023 7:17,2023-LCS-NWA-150823-003A,8/16/2023,7:17,,
1692184620,3.42,19.871,0.044,0.936,7450-770855,TRUE,8/16/2023 7:17,2023-LCS-NWA-150823-005A,8/16/2023,7:17,,
1692184680,3.41,19.912,0.024,0.95,7450-064567,TRUE,8/16/2023 7:18,2023-LCS-NWA-150823-006A,8/16/2023,7:18,,
1692184980,3.43,19.279,0.026,0.895,7450-049711,TRUE,8/16/2023 7:23,2023-LCS-NWA-150823-001A,8/16/2023,7:23,,
1692185220,3.45,19.802,0.169,0.969,7450-778298,TRUE,8/16/2023 7:27,2023-LCS-NWA-150823-003A,8/16/2023,7:27,,
1692185220,3.42,19.82,0.043,0.936,7450-770855,TRUE,8/16/2023 7:27,2023-LCS-NWA-150823-005A,8/16/2023,7:27,,
1692185280,3.41,19.878,0.024,0.95,7450-064567,TRUE,8/16/2023 7:28,2023-LCS-NWA-150823-006A,8/16/2023,7:28,,
1692185580,3.43,19.254,0.026,0.895,7450-049711,TRUE,8/16/2023 7:33,2023-LCS-NWA-150823-001A,8/16/2023,7:33,,
1692185820,3.45,19.76,0.125,0.968,7450-778298,TRUE,8/16/2023 7:37,2023-LCS-NWA-150823-003A,8/16/2023,7:37,,
1692185820,3.42,19.795,0.044,0.936,7450-770855,TRUE,8/16/2023 7:37,2023-LCS-NWA-150823-005A,8/16/2023,7:37,,
1692185880,3.41,19.853,0.022,0.95,7450-064567,TRUE,8/16/2023 7:38,2023-LCS-NWA-150823-006A,8/16/2023,7:38,,
1692186180,3.43,19.229,0.026,0.895,7450-049711,TRUE,8/16/2023 7:43,2023-LCS-NWA-150823-001A,8/16/2023,7:43,,
1692186420,3.45,19.752,0.133,0.968,7450-778298,TRUE,8/16/2023 7:47,2023-LCS-NWA-150823-003A,8/16/2023,7:47,,
1692186420,3.42,19.787,0.043,0.936,7450-770855,TRUE,8/16/2023 7:47,2023-LCS-NWA-150823-005A,8/16/2023,7:47,,
1692186480,3.41,19.845,0.024,0.95,7450-064567,TRUE,8/16/2023 7:48,2023-LCS-NWA-150823-006A,8/16/2023,7:48,,
1692186780,3.43,19.229,0.026,0.896,7450-049711,TRUE,8/16/2023 7:53,2023-LCS-NWA-150823-001A,8/16/2023,7:53,,
1692187020,3.45,19.71,0.12,0.967,7450-778298,TRUE,8/16/2023 7:57,2023-LCS-NWA-150823-003A,8/16/2023,7:57,,
1692187020,3.42,19.762,0.043,0.936,7450-770855,TRUE,8/16/2023 7:57,2023-LCS-NWA-150823-005A,8/16/2023,7:57,,
1692187080,3.41,19.836,0.022,0.95,7450-064567,TRUE,8/16/2023 7:58,2023-LCS-NWA-150823-006A,8/16/2023,7:58,,
1692187380,3.43,19.237,0.026,0.895,7450-049711,TRUE,8/16/2023 8:03,2023-LCS-NWA-150823-001A,8/16/2023,8:03,,
1692187620,3.45,19.685,0.127,0.968,7450-778298,TRUE,8/16/2023 8:07,2023-LCS-NWA-150823-003A,8/16/2023,8:07,,
1692187620,3.42,19.753,0.043,0.936,7450-770855,TRUE,8/16/2023 8:07,2023-LCS-NWA-150823-005A,8/16/2023,8:07,,
1692187680,3.41,19.828,0.021,0.95,7450-064567,TRUE,8/16/2023 8:08,2023-LCS-NWA-150823-006A,8/16/2023,8:08,,
1692187980,3.43,19.195,0.026,0.895,7450-049711,TRUE,8/16/2023 8:13,2023-LCS-NWA-150823-001A,8/16/2023,8:13,,
1692188220,3.45,19.685,0.086,0.967,7450-778298,TRUE,8/16/2023 8:17,2023-LCS-NWA-150823-003A,8/16/2023,8:17,,
1692188220,3.42,19.737,0.043,0.936,7450-770855,TRUE,8/16/2023 8:17,2023-LCS-NWA-150823-005A,8/16/2023,8:17,,
1692188280,3.41,19.845,0.021,0.95,7450-064567,TRUE,8/16/2023 8:18,2023-LCS-NWA-150823-006A,8/16/2023,8:18,,
,,,,,,FISH,8/16/2023 8:23,2023-LCS-NWA-150823-001A,8/16/2023,8:23,,
1692188580,3.43,19.279,8.443,0.913,7450-049711,FALSE,8/16/2023 8:23,2023-LCS-NWA-150823-001A,8/16/2023,8:23,,
1692188820,3.45,19.668,0.075,0.967,7450-778298,TRUE,8/16/2023 8:27,2023-LCS-NWA-150823-003A,8/16/2023,8:27,,
1692188820,3.42,19.72,0.043,0.936,7450-770855,TRUE,8/16/2023 8:27,2023-LCS-NWA-150823-005A,8/16/2023,8:27,,
1692188880,3.41,19.845,0.02,0.95,7450-064567,TRUE,8/16/2023 8:28,2023-LCS-NWA-150823-006A,8/16/2023,8:28,,
1692189420,3.45,19.676,0.089,0.967,7450-778298,TRUE,8/16/2023 8:37,2023-LCS-NWA-150823-003A,8/16/2023,8:37,,
1692189420,3.42,19.72,0.043,0.936,7450-770855,TRUE,8/16/2023 8:37,2023-LCS-NWA-150823-005A,8/16/2023,8:37,,
1692189480,3.41,19.87,0.021,0.95,7450-064567,TRUE,8/16/2023 8:38,2023-LCS-NWA-150823-006A,8/16/2023,8:38,,
1692190020,3.45,19.685,0.081,0.967,7450-778298,TRUE,8/16/2023 8:47,2023-LCS-NWA-150823-003A,8/16/2023,8:47,,
1692190020,3.42,19.703,0.043,0.936,7450-770855,TRUE,8/16/2023 8:47,2023-LCS-NWA-150823-005A,8/16/2023,8:47,,
1692190080,3.41,19.861,0.021,0.95,7450-064567,TRUE,8/16/2023 8:48,2023-LCS-NWA-150823-006A,8/16/2023,8:48,,
1692190620,3.45,19.693,0.065,0.966,7450-778298,TRUE,8/16/2023 8:57,2023-LCS-NWA-150823-003A,8/16/2023,8:57,,
1692190620,3.42,19.703,0.043,0.936,7450-770855,TRUE,8/16/2023 8:57,2023-LCS-NWA-150823-005A,8/16/2023,8:57,,
1692190680,3.41,19.895,0.02,0.95,7450-064567,TRUE,8/16/2023 8:58,2023-LCS-NWA-150823-006A,8/16/2023,8:58,,
,,,,,,FISH,8/16/2023 9:05,2023-LCS-NWA-150823-003A,8/16/2023,9:05,,
1692191220,3.45,19.735,0.094,0.967,7450-778298,FALSE,8/16/2023 9:07,2023-LCS-NWA-150823-003A,8/16/2023,9:07,,
1692191220,3.42,19.695,0.042,0.936,7450-770855,TRUE,8/16/2023 9:07,2023-LCS-NWA-150823-005A,8/16/2023,9:07,,
1692191280,3.41,19.928,0.021,0.95,7450-064567,TRUE,8/16/2023 9:08,2023-LCS-NWA-150823-006A,8/16/2023,9:08,,
1692191820,3.45,19.785,0.161,0.968,7450-778298,FALSE,8/16/2023 9:17,2023-LCS-NWA-150823-003A,8/16/2023,9:17,,
1692191820,3.42,19.703,0.043,0.936,7450-770855,TRUE,8/16/2023 9:17,2023-LCS-NWA-150823-005A,8/16/2023,9:17,,
1692191880,3.41,19.937,0.02,0.95,7450-064567,TRUE,8/16/2023 9:18,2023-LCS-NWA-150823-006A,8/16/2023,9:18,,
1692192420,3.45,19.869,0.379,0.973,7450-778298,FALSE,8/16/2023 9:27,2023-LCS-NWA-150823-003A,8/16/2023,9:27,,
1692192420,3.42,19.72,0.043,0.936,7450-770855,TRUE,8/16/2023 9:27,2023-LCS-NWA-150823-005A,8/16/2023,9:27,,
1692192480,3.41,19.97,0.02,0.95,7450-064567,TRUE,8/16/2023 9:28,2023-LCS-NWA-150823-006A,8/16/2023,9:28,,
1692193020,3.44,21.844,8.276,0.986,7450-778298,FALSE,8/16/2023 9:37,2023-LCS-NWA-150823-003A,8/16/2023,9:37,,
1692193020,3.42,19.712,0.043,0.936,7450-770855,TRUE,8/16/2023 9:37,2023-LCS-NWA-150823-005A,8/16/2023,9:37,,
1692193080,3.41,20.021,0.019,0.95,7450-064567,TRUE,8/16/2023 9:38,2023-LCS-NWA-150823-006A,8/16/2023,9:38,,
1692193620,3.42,19.728,0.043,0.936,7450-770855,TRUE,8/16/2023 9:47,2023-LCS-NWA-150823-005A,8/16/2023,9:47,,
1692193680,3.41,20.071,0.02,0.95,7450-064567,TRUE,8/16/2023 9:48,2023-LCS-NWA-150823-006A,8/16/2023,9:48,,
1692194220,3.42,19.753,0.043,0.936,7450-770855,TRUE,8/16/2023 9:57,2023-LCS-NWA-150823-005A,8/16/2023,9:57,,
1692194280,3.41,20.146,0.019,0.95,7450-064567,TRUE,8/16/2023 9:58,2023-LCS-NWA-150823-006A,8/16/2023,9:58,,
,,,,,,FISH,8/16/2023 10:00,2023-LCS-NWA-150823-005A,8/16/2023,10:00,,
1692194820,3.42,19.753,0.043,0.936,7450-770855,FALSE,8/16/2023 10:07,2023-LCS-NWA-150823-005A,8/16/2023,10:07,,
1692194880,3.41,20.146,0.019,0.95,7450-064567,TRUE,8/16/2023 10:08,2023-LCS-NWA-150823-006A,8/16/2023,10:08,,
1692195420,3.42,19.745,0.043,0.936,7450-770855,FALSE,8/16/2023 10:17,2023-LCS-NWA-150823-005A,8/16/2023,10:17,,
1692195480,3.41,20.171,0.02,0.95,7450-064567,TRUE,8/16/2023 10:18,2023-LCS-NWA-150823-006A,8/16/2023,10:18,,
1692196020,3.42,20.239,8.492,0.957,7450-770855,FALSE,8/16/2023 10:27,2023-LCS-NWA-150823-005A,8/16/2023,10:27,,
1692196080,3.41,20.171,0.019,0.95,7450-064567,TRUE,8/16/2023 10:28,2023-LCS-NWA-150823-006A,8/16/2023,10:28,,
,,,,,,FISH,8/16/2023 10:33,2023-LCS-NWA-150823-006A,8/16/2023,10:33,,
1692196620,3.41,24.9,7.879,0.958,7450-770855,FALSE,8/16/2023 10:37,2023-LCS-NWA-150823-005A,8/16/2023,10:37,,
1692196680,3.41,20.648,8.225,0.969,7450-064567,FALSE,8/16/2023 10:38,2023-LCS-NWA-150823-006A,8/16/2023,10:38,,
1692197280,3.41,23.317,7.956,0.965,7450-064567,FALSE,8/16/2023 10:48,2023-LCS-NWA-150823-006A,8/16/2023,10:48,,
,,21.67,1.60,,YSI,SET,8/16/2023 13:10,2023-LCS-NWA-160823-001A,8/16/2023,13:10,,
1692207120,3.43,23.228,0.101,0.901,7450-049711,TRUE,8/16/2023 13:32,2023-LCS-NWA-160823-001A,8/16/2023,13:32,,
1692207720,3.43,21.714,1.034,0.913,7450-049711,TRUE,8/16/2023 13:42,2023-LCS-NWA-160823-001A,8/16/2023,13:42,,
1692208320,3.44,21.121,1.112,0.913,7450-049711,TRUE,8/16/2023 13:52,2023-LCS-NWA-160823-001A,8/16/2023,13:52,,
,,23.12,1.67,,YSI,SET,8/16/2023 13:56,2023-LCS-NWA-160823-003A,8/16/2023,13:56,,
1692208920,3.43,20.862,0.908,0.911,7450-049711,TRUE,8/16/2023 14:02,2023-LCS-NWA-160823-001A,8/16/2023,14:02,,
1692209520,3.44,20.744,0.764,0.909,7450-049711,TRUE,8/16/2023 14:12,2023-LCS-NWA-160823-001A,8/16/2023,14:12,,
1692210120,3.44,20.694,0.701,0.908,7450-049711,TRUE,8/16/2023 14:22,2023-LCS-NWA-160823-001A,8/16/2023,14:22,,
1692210660,3.45,24.248,0.388,0.972,7450-778298,TRUE,8/16/2023 14:31,2023-LCS-NWA-160823-003A,8/16/2023,14:31,,
1692210720,3.44,20.694,0.691,0.908,7450-049711,TRUE,8/16/2023 14:32,2023-LCS-NWA-160823-001A,8/16/2023,14:32,,
,,24.03,4.80,,YSI,SET,8/16/2023 14:36,2023-LCS-NWA-160823-005A,8/16/2023,14:36,,
1692211260,3.46,22.932,0.34,0.972,7450-778298,TRUE,8/16/2023 14:41,2023-LCS-NWA-160823-003A,8/16/2023,14:41,,
1692211320,3.43,20.719,0.684,0.908,7450-049711,TRUE,8/16/2023 14:42,2023-LCS-NWA-160823-001A,8/16/2023,14:42,,
1692211860,3.46,22.556,0.229,0.97,7450-778298,TRUE,8/16/2023 14:51,2023-LCS-NWA-160823-003A,8/16/2023,14:51,,
1692211920,3.43,20.761,0.675,0.908,7450-049711,TRUE,8/16/2023 14:52,2023-LCS-NWA-160823-001A,8/16/2023,14:52,,
,,24.56,15.31,,YSI,SET,8/16/2023 14:55,2023-LCS-NWA-160823-006A,8/16/2023,14:55,,
1692212460,3.46,22.355,0.159,0.969,7450-778298,TRUE,8/16/2023 15:01,2023-LCS-NWA-160823-003A,8/16/2023,15:01,,
1692212520,3.43,20.795,0.651,0.907,7450-049711,TRUE,8/16/2023 15:02,2023-LCS-NWA-160823-001A,8/16/2023,15:02,,
1692212640,3.42,25.295,3,0.961,7450-770855,TRUE,8/16/2023 15:04,2023-LCS-NWA-160823-005A,8/16/2023,15:04,,
1692213060,3.46,22.263,0.089,0.968,7450-778298,TRUE,8/16/2023 15:11,2023-LCS-NWA-160823-003A,8/16/2023,15:11,,
1692213120,3.43,20.811,0.784,0.909,7450-049711,TRUE,8/16/2023 15:12,2023-LCS-NWA-160823-001A,8/16/2023,15:12,,
1692213240,3.43,24.228,2.802,0.963,7450-770855,TRUE,8/16/2023 15:14,2023-LCS-NWA-160823-005A,8/16/2023,15:14,,
1692213420,3.42,25.997,12.4,0.969,7450-064567,TRUE,8/16/2023 15:17,2023-LCS-NWA-160823-006A,8/16/2023,15:17,,
1692213660,3.46,22.263,0.054,0.967,7450-778298,TRUE,8/16/2023 15:21,2023-LCS-NWA-160823-003A,8/16/2023,15:21,,
1692213720,3.43,20.862,0.795,0.909,7450-049711,TRUE,8/16/2023 15:22,2023-LCS-NWA-160823-001A,8/16/2023,15:22,,
1692213840,3.43,23.817,2.45,0.963,7450-770855,TRUE,8/16/2023 15:24,2023-LCS-NWA-160823-005A,8/16/2023,15:24,,
1692214020,3.42,25.255,11.811,0.971,7450-064567,TRUE,8/16/2023 15:27,2023-LCS-NWA-160823-006A,8/16/2023,15:27,,
1692214260,3.46,22.238,0.04,0.967,7450-778298,TRUE,8/16/2023 15:31,2023-LCS-NWA-160823-003A,8/16/2023,15:31,,
1692214320,3.43,20.895,0.812,0.909,7450-049711,TRUE,8/16/2023 15:32,2023-LCS-NWA-160823-001A,8/16/2023,15:32,,
1692214440,3.43,23.7,2.328,0.963,7450-770855,TRUE,8/16/2023 15:34,2023-LCS-NWA-160823-005A,8/16/2023,15:34,,
1692214620,3.42,24.894,10.618,0.971,7450-064567,TRUE,8/16/2023 15:37,2023-LCS-NWA-160823-006A,8/16/2023,15:37,,
1692214860,3.46,22.254,0.031,0.967,7450-778298,TRUE,8/16/2023 15:41,2023-LCS-NWA-160823-003A,8/16/2023,15:41,,
1692214920,3.43,20.912,0.852,0.909,7450-049711,TRUE,8/16/2023 15:42,2023-LCS-NWA-160823-001A,8/16/2023,15:42,,
1692215040,3.43,23.658,2.257,0.962,7450-770855,TRUE,8/16/2023 15:44,2023-LCS-NWA-160823-005A,8/16/2023,15:44,,
1692215220,3.42,24.751,10.463,0.972,7450-064567,TRUE,8/16/2023 15:47,2023-LCS-NWA-160823-006A,8/16/2023,15:47,,
1692215460,3.46,22.254,0.026,0.966,7450-778298,TRUE,8/16/2023 15:51,2023-LCS-NWA-160823-003A,8/16/2023,15:51,,
1692215520,3.43,20.937,0.762,0.908,7450-049711,TRUE,8/16/2023 15:52,2023-LCS-NWA-160823-001A,8/16/2023,15:52,,
1692215640,3.43,23.642,2.121,0.962,7450-770855,TRUE,8/16/2023 15:54,2023-LCS-NWA-160823-005A,8/16/2023,15:54,,
1692215820,3.42,24.759,10.46,0.973,7450-064567,TRUE,8/16/2023 15:57,2023-LCS-NWA-160823-006A,8/16/2023,15:57,,
1692216060,3.46,22.271,0.025,0.966,7450-778298,TRUE,8/16/2023 16:01,2023-LCS-NWA-160823-003A,8/16/2023,16:01,,
1692216120,3.43,20.962,0.751,0.908,7450-049711,TRUE,8/16/2023 16:02,2023-LCS-NWA-160823-001A,8/16/2023,16:02,,
1692216240,3.43,23.65,2.14,0.962,7450-770855,TRUE,8/16/2023 16:04,2023-LCS-NWA-160823-005A,8/16/2023,16:04,,
1692216420,3.42,24.826,10.528,0.972,7450-064567,TRUE,8/16/2023 16:07,2023-LCS-NWA-160823-006A,8/16/2023,16:07,,
1692216660,3.46,22.279,0.024,0.966,7450-778298,TRUE,8/16/2023 16:11,2023-LCS-NWA-160823-003A,8/16/2023,16:11,,
1692216720,3.43,20.979,0.782,0.908,7450-049711,TRUE,8/16/2023 16:12,2023-LCS-NWA-160823-001A,8/16/2023,16:12,,
1692216840,3.43,23.658,2.009,0.962,7450-770855,TRUE,8/16/2023 16:14,2023-LCS-NWA-160823-005A,8/16/2023,16:14,,
1692217020,3.42,24.784,10.621,0.971,7450-064567,TRUE,8/16/2023 16:17,2023-LCS-NWA-160823-006A,8/16/2023,16:17,,
1692217260,3.46,22.288,0.022,0.966,7450-778298,TRUE,8/16/2023 16:21,2023-LCS-NWA-160823-003A,8/16/2023,16:21,,
1692217320,3.43,21.029,0.854,0.909,7450-049711,TRUE,8/16/2023 16:22,2023-LCS-NWA-160823-001A,8/16/2023,16:22,,
1692217440,3.43,23.725,2.486,0.963,7450-770855,TRUE,8/16/2023 16:24,2023-LCS-NWA-160823-005A,8/16/2023,16:24,,
1692217620,3.42,24.953,10.795,0.973,7450-064567,TRUE,8/16/2023 16:27,2023-LCS-NWA-160823-006A,8/16/2023,16:27,,
1692217860,3.46,22.305,0.021,0.966,7450-778298,TRUE,8/16/2023 16:31,2023-LCS-NWA-160823-003A,8/16/2023,16:31,,
1692217920,3.43,21.046,0.935,0.91,7450-049711,TRUE,8/16/2023 16:32,2023-LCS-NWA-160823-001A,8/16/2023,16:32,,
1692218040,3.43,23.7,2.671,0.963,7450-770855,TRUE,8/16/2023 16:34,2023-LCS-NWA-160823-005A,8/16/2023,16:34,,
1692218220,3.42,25.879,11.043,0.975,7450-064567,TRUE,8/16/2023 16:37,2023-LCS-NWA-160823-006A,8/16/2023,16:37,,
1692218460,3.46,22.313,0.022,0.966,7450-778298,TRUE,8/16/2023 16:41,2023-LCS-NWA-160823-003A,8/16/2023,16:41,,
1692218520,3.43,21.087,0.906,0.91,7450-049711,TRUE,8/16/2023 16:42,2023-LCS-NWA-160823-001A,8/16/2023,16:42,,
1692218640,3.43,23.717,2.677,0.963,7450-770855,TRUE,8/16/2023 16:44,2023-LCS-NWA-160823-005A,8/16/2023,16:44,,
1692218820,3.42,26.792,10.936,0.974,7450-064567,TRUE,8/16/2023 16:47,2023-LCS-NWA-160823-006A,8/16/2023,16:47,,
1692219060,3.46,22.321,0.021,0.966,7450-778298,TRUE,8/16/2023 16:51,2023-LCS-NWA-160823-003A,8/16/2023,16:51,,
1692219120,3.43,21.096,0.919,0.91,7450-049711,TRUE,8/16/2023 16:52,2023-LCS-NWA-160823-001A,8/16/2023,16:52,,
1692219240,3.43,23.792,2.891,0.963,7450-770855,TRUE,8/16/2023 16:54,2023-LCS-NWA-160823-005A,8/16/2023,16:54,,
1692219420,3.42,26.589,11.014,0.974,7450-064567,TRUE,8/16/2023 16:57,2023-LCS-NWA-160823-006A,8/16/2023,16:57,,
1692219660,3.46,22.321,0.022,0.966,7450-778298,TRUE,8/16/2023 17:01,2023-LCS-NWA-160823-003A,8/16/2023,17:01,,
1692219720,3.44,21.112,1.009,0.911,7450-049711,TRUE,8/16/2023 17:02,2023-LCS-NWA-160823-001A,8/16/2023,17:02,,
1692219840,3.43,23.809,2.814,0.963,7450-770855,TRUE,8/16/2023 17:04,2023-LCS-NWA-160823-005A,8/16/2023,17:04,,
1692220020,3.42,26.801,10.912,0.975,7450-064567,TRUE,8/16/2023 17:07,2023-LCS-NWA-160823-006A,8/16/2023,17:07,,
1692220260,3.46,22.296,0.021,0.966,7450-778298,TRUE,8/16/2023 17:11,2023-LCS-NWA-160823-003A,8/16/2023,17:11,,
1692220320,3.44,21.179,1.077,0.911,7450-049711,TRUE,8/16/2023 17:12,2023-LCS-NWA-160823-001A,8/16/2023,17:12,,
1692220440,3.43,23.817,2.596,0.963,7450-770855,TRUE,8/16/2023 17:14,2023-LCS-NWA-160823-005A,8/16/2023,17:14,,
1692220620,3.42,26.53,11.304,0.975,7450-064567,TRUE,8/16/2023 17:17,2023-LCS-NWA-160823-006A,8/16/2023,17:17,,
1692220860,3.46,22.296,0.022,0.966,7450-778298,TRUE,8/16/2023 17:21,2023-LCS-NWA-160823-003A,8/16/2023,17:21,,
1692220920,3.44,21.179,0.987,0.911,7450-049711,TRUE,8/16/2023 17:22,2023-LCS-NWA-160823-001A,8/16/2023,17:22,,
1692221040,3.43,23.667,2.412,0.963,7450-770855,TRUE,8/16/2023 17:24,2023-LCS-NWA-160823-005A,8/16/2023,17:24,,
1692221220,3.42,26.496,11.304,0.976,7450-064567,TRUE,8/16/2023 17:27,2023-LCS-NWA-160823-006A,8/16/2023,17:27,,
1692221460,3.46,22.305,0.021,0.966,7450-778298,TRUE,8/16/2023 17:31,2023-LCS-NWA-160823-003A,8/16/2023,17:31,,
1692221520,3.44,21.213,0.935,0.91,7450-049711,TRUE,8/16/2023 17:32,2023-LCS-NWA-160823-001A,8/16/2023,17:32,,
1692221640,3.43,23.658,2.513,0.963,7450-770855,TRUE,8/16/2023 17:34,2023-LCS-NWA-160823-005A,8/16/2023,17:34,,
1692221820,3.41,26.437,11.227,0.976,7450-064567,TRUE,8/16/2023 17:37,2023-LCS-NWA-160823-006A,8/16/2023,17:37,,
1692222060,3.46,22.313,0.021,0.966,7450-778298,TRUE,8/16/2023 17:41,2023-LCS-NWA-160823-003A,8/16/2023,17:41,,
1692222120,3.43,21.221,0.827,0.909,7450-049711,TRUE,8/16/2023 17:42,2023-LCS-NWA-160823-001A,8/16/2023,17:42,,
1692222240,3.43,23.826,2.756,0.963,7450-770855,TRUE,8/16/2023 17:44,2023-LCS-NWA-160823-005A,8/16/2023,17:44,,
1692222420,3.41,26.293,11.285,0.976,7450-064567,TRUE,8/16/2023 17:47,2023-LCS-NWA-160823-006A,8/16/2023,17:47,,
1692222660,3.46,22.321,0.021,0.966,7450-778298,TRUE,8/16/2023 17:51,2023-LCS-NWA-160823-003A,8/16/2023,17:51,,
1692222720,3.43,21.263,0.679,0.907,7450-049711,TRUE,8/16/2023 17:52,2023-LCS-NWA-160823-001A,8/16/2023,17:52,,
1692222840,3.42,24.01,3.098,0.963,7450-770855,TRUE,8/16/2023 17:54,2023-LCS-NWA-160823-005A,8/16/2023,17:54,,
1692223020,3.41,26.335,11.171,0.974,7450-064567,TRUE,8/16/2023 17:57,2023-LCS-NWA-160823-006A,8/16/2023,17:57,,
1692223260,3.46,22.321,0.021,0.966,7450-778298,TRUE,8/16/2023 18:01,2023-LCS-NWA-160823-003A,8/16/2023,18:01,,
1692223320,3.43,21.28,0.673,0.907,7450-049711,TRUE,8/16/2023 18:02,2023-LCS-NWA-160823-001A,8/16/2023,18:02,,
1692223440,3.42,24.253,3.939,0.962,7450-770855,TRUE,8/16/2023 18:04,2023-LCS-NWA-160823-005A,8/16/2023,18:04,,
1692223620,3.42,26.217,10.916,0.975,7450-064567,TRUE,8/16/2023 18:07,2023-LCS-NWA-160823-006A,8/16/2023,18:07,,
1692223860,3.46,22.33,0.022,0.966,7450-778298,TRUE,8/16/2023 18:11,2023-LCS-NWA-160823-003A,8/16/2023,18:11,,
1692223920,3.43,21.313,0.945,0.91,7450-049711,TRUE,8/16/2023 18:12,2023-LCS-NWA-160823-001A,8/16/2023,18:12,,
1692224040,3.42,24.111,3.555,0.962,7450-770855,TRUE,8/16/2023 18:14,2023-LCS-NWA-160823-005A,8/16/2023,18:14,,
1692224220,3.42,26.133,10.781,0.975,7450-064567,TRUE,8/16/2023 18:17,2023-LCS-NWA-160823-006A,8/16/2023,18:17,,
1692224460,3.46,22.305,0.022,0.967,7450-778298,TRUE,8/16/2023 18:21,2023-LCS-NWA-160823-003A,8/16/2023,18:21,,
1692224520,3.43,21.296,0.955,0.91,7450-049711,TRUE,8/16/2023 18:22,2023-LCS-NWA-160823-001A,8/16/2023,18:22,,
1692224640,3.42,24.153,3.664,0.962,7450-770855,TRUE,8/16/2023 18:24,2023-LCS-NWA-160823-005A,8/16/2023,18:24,,
1692224820,3.42,26.107,10.517,0.974,7450-064567,TRUE,8/16/2023 18:27,2023-LCS-NWA-160823-006A,8/16/2023,18:27,,
1692225060,3.46,22.33,0.021,0.966,7450-778298,TRUE,8/16/2023 18:31,2023-LCS-NWA-160823-003A,8/16/2023,18:31,,
1692225120,3.43,21.33,0.894,0.91,7450-049711,TRUE,8/16/2023 18:32,2023-LCS-NWA-160823-001A,8/16/2023,18:32,,
1692225240,3.42,24.253,3.869,0.962,7450-770855,TRUE,8/16/2023 18:34,2023-LCS-NWA-160823-005A,8/16/2023,18:34,,
1692225420,3.42,26.023,10.365,0.974,7450-064567,TRUE,8/16/2023 18:37,2023-LCS-NWA-160823-006A,8/16/2023,18:37,,
1692225660,3.46,22.363,0.02,0.966,7450-778298,TRUE,8/16/2023 18:41,2023-LCS-NWA-160823-003A,8/16/2023,18:41,,
1692225720,3.43,21.338,0.804,0.909,7450-049711,TRUE,8/16/2023 18:42,2023-LCS-NWA-160823-001A,8/16/2023,18:42,,
1692225840,3.42,24.211,3.421,0.962,7450-770855,TRUE,8/16/2023 18:44,2023-LCS-NWA-160823-005A,8/16/2023,18:44,,
1692226020,3.42,25.972,10.351,0.974,7450-064567,TRUE,8/16/2023 18:47,2023-LCS-NWA-160823-006A,8/16/2023,18:47,,
1692226260,3.46,22.338,0.021,0.966,7450-778298,TRUE,8/16/2023 18:51,2023-LCS-NWA-160823-003A,8/16/2023,18:51,,
1692226320,3.43,21.338,0.813,0.909,7450-049711,TRUE,8/16/2023 18:52,2023-LCS-NWA-160823-001A,8/16/2023,18:52,,
1692226440,3.42,24.128,3.213,0.962,7450-770855,TRUE,8/16/2023 18:54,2023-LCS-NWA-160823-005A,8/16/2023,18:54,,
1692226620,3.42,25.921,10.228,0.974,7450-064567,TRUE,8/16/2023 18:57,2023-LCS-NWA-160823-006A,8/16/2023,18:57,,
1692226860,3.46,22.305,0.021,0.966,7450-778298,TRUE,8/16/2023 19:01,2023-LCS-NWA-160823-003A,8/16/2023,19:01,,
1692226920,3.43,21.347,0.778,0.908,7450-049711,TRUE,8/16/2023 19:02,2023-LCS-NWA-160823-001A,8/16/2023,19:02,,
1692227040,3.42,24.253,4.383,0.961,7450-770855,TRUE,8/16/2023 19:04,2023-LCS-NWA-160823-005A,8/16/2023,19:04,,
1692227220,3.42,25.812,10.174,0.974,7450-064567,TRUE,8/16/2023 19:07,2023-LCS-NWA-160823-006A,8/16/2023,19:07,,
1692227460,3.46,22.321,0.022,0.967,7450-778298,TRUE,8/16/2023 19:11,2023-LCS-NWA-160823-003A,8/16/2023,19:11,,
1692227520,3.43,21.355,0.697,0.907,7450-049711,TRUE,8/16/2023 19:12,2023-LCS-NWA-160823-001A,8/16/2023,19:12,,
1692227640,3.43,24.404,3.917,0.962,7450-770855,TRUE,8/16/2023 19:14,2023-LCS-NWA-160823-005A,8/16/2023,19:14,,
1692227820,3.42,25.71,10.082,0.974,7450-064567,TRUE,8/16/2023 19:17,2023-LCS-NWA-160823-006A,8/16/2023,19:17,,
1692228060,3.46,22.346,0.022,0.966,7450-778298,TRUE,8/16/2023 19:21,2023-LCS-NWA-160823-003A,8/16/2023,19:21,,
1692228120,3.43,21.372,0.651,0.907,7450-049711,TRUE,8/16/2023 19:22,2023-LCS-NWA-160823-001A,8/16/2023,19:22,,
1692228240,3.43,24.387,4.355,0.961,7450-770855,TRUE,8/16/2023 19:24,2023-LCS-NWA-160823-005A,8/16/2023,19:24,,
1692228420,3.42,25.626,10.161,0.973,7450-064567,TRUE,8/16/2023 19:27,2023-LCS-NWA-160823-006A,8/16/2023,19:27,,
1692228660,3.46,22.321,0.021,0.966,7450-778298,TRUE,8/16/2023 19:31,2023-LCS-NWA-160823-003A,8/16/2023,19:31,,
1692228720,3.43,21.372,0.64,0.907,7450-049711,TRUE,8/16/2023 19:32,2023-LCS-NWA-160823-001A,8/16/2023,19:32,,
1692228840,3.43,24.354,4.222,0.961,7450-770855,TRUE,8/16/2023 19:34,2023-LCS-NWA-160823-005A,8/16/2023,19:34,,
1692229020,3.42,25.559,10.104,0.975,7450-064567,TRUE,8/16/2023 19:37,2023-LCS-NWA-160823-006A,8/16/2023,19:37,,
1692229260,3.46,22.313,0.021,0.966,7450-778298,TRUE,8/16/2023 19:41,2023-LCS-NWA-160823-003A,8/16/2023,19:41,,
1692229320,3.43,21.447,0.584,0.906,7450-049711,TRUE,8/16/2023 19:42,2023-LCS-NWA-160823-001A,8/16/2023,19:42,,
1692229440,3.43,24.337,4.058,0.962,7450-770855,TRUE,8/16/2023 19:44,2023-LCS-NWA-160823-005A,8/16/2023,19:44,,
1692229620,3.42,25.458,10.028,0.974,7450-064567,TRUE,8/16/2023 19:47,2023-LCS-NWA-160823-006A,8/16/2023,19:47,,
1692229860,3.46,22.296,0.021,0.966,7450-778298,TRUE,8/16/2023 19:51,2023-LCS-NWA-160823-003A,8/16/2023,19:51,,
1692229920,3.43,21.514,0.595,0.906,7450-049711,TRUE,8/16/2023 19:52,2023-LCS-NWA-160823-001A,8/16/2023,19:52,,
1692230040,3.43,24.455,3.955,0.962,7450-770855,TRUE,8/16/2023 19:54,2023-LCS-NWA-160823-005A,8/16/2023,19:54,,
1692230220,3.41,25.365,10.288,0.973,7450-064567,TRUE,8/16/2023 19:57,2023-LCS-NWA-160823-006A,8/16/2023,19:57,,
1692230460,3.46,22.321,0.022,0.966,7450-778298,TRUE,8/16/2023 20:01,2023-LCS-NWA-160823-003A,8/16/2023,20:01,,
1692230520,3.43,21.522,0.549,0.905,7450-049711,TRUE,8/16/2023 20:02,2023-LCS-NWA-160823-001A,8/16/2023,20:02,,
1692230640,3.43,24.488,4.509,0.961,7450-770855,TRUE,8/16/2023 20:04,2023-LCS-NWA-160823-005A,8/16/2023,20:04,,
1692230820,3.41,25.188,9.937,0.974,7450-064567,TRUE,8/16/2023 20:07,2023-LCS-NWA-160823-006A,8/16/2023,20:07,,
1692231060,3.46,22.313,0.021,0.966,7450-778298,TRUE,8/16/2023 20:11,2023-LCS-NWA-160823-003A,8/16/2023,20:11,,
1692231120,3.43,21.48,0.418,0.903,7450-049711,TRUE,8/16/2023 20:12,2023-LCS-NWA-160823-001A,8/16/2023,20:12,,
1692231240,3.43,24.32,3.692,0.962,7450-770855,TRUE,8/16/2023 20:14,2023-LCS-NWA-160823-005A,8/16/2023,20:14,,
1692231420,3.42,25.07,9.773,0.975,7450-064567,TRUE,8/16/2023 20:17,2023-LCS-NWA-160823-006A,8/16/2023,20:17,,
1692231660,3.46,22.305,0.021,0.966,7450-778298,TRUE,8/16/2023 20:21,2023-LCS-NWA-160823-003A,8/16/2023,20:21,,
1692231720,3.43,21.472,0.32,0.901,7450-049711,TRUE,8/16/2023 20:22,2023-LCS-NWA-160823-001A,8/16/2023,20:22,,
1692231840,3.42,24.228,3.319,0.962,7450-770855,TRUE,8/16/2023 20:24,2023-LCS-NWA-160823-005A,8/16/2023,20:24,,
1692232020,3.42,24.978,9.55,0.974,7450-064567,TRUE,8/16/2023 20:27,2023-LCS-NWA-160823-006A,8/16/2023,20:27,,
1692232260,3.46,22.321,0.021,0.966,7450-778298,TRUE,8/16/2023 20:31,2023-LCS-NWA-160823-003A,8/16/2023,20:31,,
1692232320,3.43,21.581,0.63,0.907,7450-049711,TRUE,8/16/2023 20:32,2023-LCS-NWA-160823-001A,8/16/2023,20:32,,
1692232440,3.42,24.228,3.452,0.962,7450-770855,TRUE,8/16/2023 20:34,2023-LCS-NWA-160823-005A,8/16/2023,20:34,,
1692232620,3.42,24.877,9.289,0.974,7450-064567,TRUE,8/16/2023 20:37,2023-LCS-NWA-160823-006A,8/16/2023,20:37,,
1692232860,3.46,22.313,0.021,0.966,7450-778298,TRUE,8/16/2023 20:41,2023-LCS-NWA-160823-003A,8/16/2023,20:41,,
1692232920,3.43,21.522,0.403,0.902,7450-049711,TRUE,8/16/2023 20:42,2023-LCS-NWA-160823-001A,8/16/2023,20:42,,
1692233040,3.42,24.178,3.656,0.962,7450-770855,TRUE,8/16/2023 20:44,2023-LCS-NWA-160823-005A,8/16/2023,20:44,,
1692233220,3.42,24.776,9.063,0.973,7450-064567,TRUE,8/16/2023 20:47,2023-LCS-NWA-160823-006A,8/16/2023,20:47,,
1692233460,3.46,22.313,0.021,0.966,7450-778298,TRUE,8/16/2023 20:51,2023-LCS-NWA-160823-003A,8/16/2023,20:51,,
1692233520,3.43,21.581,0.307,0.9,7450-049711,TRUE,8/16/2023 20:52,2023-LCS-NWA-160823-001A,8/16/2023,20:52,,
1692233640,3.42,24.119,3.638,0.962,7450-770855,TRUE,8/16/2023 20:54,2023-LCS-NWA-160823-005A,8/16/2023,20:54,,
1692233820,3.42,24.675,8.984,0.974,7450-064567,TRUE,8/16/2023 20:57,2023-LCS-NWA-160823-006A,8/16/2023,20:57,,
1692234060,3.46,22.321,0.021,0.966,7450-778298,TRUE,8/16/2023 21:01,2023-LCS-NWA-160823-003A,8/16/2023,21:01,,
1692234120,3.43,21.556,0.167,0.898,7450-049711,TRUE,8/16/2023 21:02,2023-LCS-NWA-160823-001A,8/16/2023,21:02,,
1692234240,3.42,24.077,3.923,0.962,7450-770855,TRUE,8/16/2023 21:04,2023-LCS-NWA-160823-005A,8/16/2023,21:04,,
1692234420,3.42,24.574,8.826,0.974,7450-064567,TRUE,8/16/2023 21:07,2023-LCS-NWA-160823-006A,8/16/2023,21:07,,
1692234660,3.46,22.355,0.021,0.966,7450-778298,TRUE,8/16/2023 21:11,2023-LCS-NWA-160823-003A,8/16/2023,21:11,,
1692234720,3.43,21.564,0.086,0.895,7450-049711,TRUE,8/16/2023 21:12,2023-LCS-NWA-160823-001A,8/16/2023,21:12,,
1692234840,3.42,24.002,3.741,0.962,7450-770855,TRUE,8/16/2023 21:14,2023-LCS-NWA-160823-005A,8/16/2023,21:14,,
1692235020,3.42,24.541,8.627,0.973,7450-064567,TRUE,8/16/2023 21:17,2023-LCS-NWA-160823-006A,8/16/2023,21:17,,
1692235260,3.46,22.355,0.021,0.966,7450-778298,TRUE,8/16/2023 21:21,2023-LCS-NWA-160823-003A,8/16/2023,21:21,,
1692235320,3.43,21.547,0.063,0.895,7450-049711,TRUE,8/16/2023 21:22,2023-LCS-NWA-160823-001A,8/16/2023,21:22,,
1692235440,3.42,23.96,3.714,0.962,7450-770855,TRUE,8/16/2023 21:24,2023-LCS-NWA-160823-005A,8/16/2023,21:24,,
1692235620,3.42,24.457,8.412,0.974,7450-064567,TRUE,8/16/2023 21:27,2023-LCS-NWA-160823-006A,8/16/2023,21:27,,
1692235860,3.46,22.371,0.021,0.966,7450-778298,TRUE,8/16/2023 21:31,2023-LCS-NWA-160823-003A,8/16/2023,21:31,,
1692235920,3.43,21.564,0.051,0.895,7450-049711,TRUE,8/16/2023 21:32,2023-LCS-NWA-160823-001A,8/16/2023,21:32,,
1692236040,3.42,23.926,3.68,0.961,7450-770855,TRUE,8/16/2023 21:34,2023-LCS-NWA-160823-005A,8/16/2023,21:34,,
1692236220,3.42,24.348,8.406,0.974,7450-064567,TRUE,8/16/2023 21:37,2023-LCS-NWA-160823-006A,8/16/2023,21:37,,
1692236460,3.45,22.388,0.022,0.966,7450-778298,TRUE,8/16/2023 21:41,2023-LCS-NWA-160823-003A,8/16/2023,21:41,,
1692236520,3.43,21.614,0.038,0.895,7450-049711,TRUE,8/16/2023 21:42,2023-LCS-NWA-160823-001A,8/16/2023,21:42,,
1692236640,3.42,23.868,3.491,0.962,7450-770855,TRUE,8/16/2023 21:44,2023-LCS-NWA-160823-005A,8/16/2023,21:44,,
1692236820,3.41,24.297,8.32,0.973,7450-064567,TRUE,8/16/2023 21:47,2023-LCS-NWA-160823-006A,8/16/2023,21:47,,
1692237060,3.45,22.38,0.021,0.966,7450-778298,TRUE,8/16/2023 21:51,2023-LCS-NWA-160823-003A,8/16/2023,21:51,,
1692237120,3.43,21.639,0.053,0.895,7450-049711,TRUE,8/16/2023 21:52,2023-LCS-NWA-160823-001A,8/16/2023,21:52,,
1692237240,3.42,23.826,3.59,0.962,7450-770855,TRUE,8/16/2023 21:54,2023-LCS-NWA-160823-005A,8/16/2023,21:54,,
1692237420,3.41,24.239,8.16,0.973,7450-064567,TRUE,8/16/2023 21:57,2023-LCS-NWA-160823-006A,8/16/2023,21:57,,
1692237660,3.45,22.388,0.021,0.966,7450-778298,TRUE,8/16/2023 22:01,2023-LCS-NWA-160823-003A,8/16/2023,22:01,,
1692237720,3.43,21.756,0.239,0.899,7450-049711,TRUE,8/16/2023 22:02,2023-LCS-NWA-160823-001A,8/16/2023,22:02,,
1692237840,3.42,23.817,3.625,0.962,7450-770855,TRUE,8/16/2023 22:04,2023-LCS-NWA-160823-005A,8/16/2023,22:04,,
1692238020,3.41,24.18,8.164,0.974,7450-064567,TRUE,8/16/2023 22:07,2023-LCS-NWA-160823-006A,8/16/2023,22:07,,
1692238260,3.45,22.388,0.021,0.966,7450-778298,TRUE,8/16/2023 22:11,2023-LCS-NWA-160823-003A,8/16/2023,22:11,,
1692238320,3.43,21.773,0.259,0.899,7450-049711,TRUE,8/16/2023 22:12,2023-LCS-NWA-160823-001A,8/16/2023,22:12,,
1692238440,3.43,23.709,3.405,0.962,7450-770855,TRUE,8/16/2023 22:14,2023-LCS-NWA-160823-005A,8/16/2023,22:14,,
1692238620,3.41,24.121,8.12,0.973,7450-064567,TRUE,8/16/2023 22:17,2023-LCS-NWA-160823-006A,8/16/2023,22:17,,
1692238860,3.45,22.38,0.021,0.966,7450-778298,TRUE,8/16/2023 22:21,2023-LCS-NWA-160823-003A,8/16/2023,22:21,,
1692238920,3.43,21.706,0.224,0.899,7450-049711,TRUE,8/16/2023 22:22,2023-LCS-NWA-160823-001A,8/16/2023,22:22,,
1692239040,3.42,23.658,3.288,0.962,7450-770855,TRUE,8/16/2023 22:24,2023-LCS-NWA-160823-005A,8/16/2023,22:24,,
1692239220,3.41,24.054,8.017,0.973,7450-064567,TRUE,8/16/2023 22:27,2023-LCS-NWA-160823-006A,8/16/2023,22:27,,
1692239460,3.45,22.413,0.02,0.966,7450-778298,TRUE,8/16/2023 22:31,2023-LCS-NWA-160823-003A,8/16/2023,22:31,,
1692239520,3.43,21.706,0.057,0.895,7450-049711,TRUE,8/16/2023 22:32,2023-LCS-NWA-160823-001A,8/16/2023,22:32,,
1692239640,3.42,23.633,3.265,0.962,7450-770855,TRUE,8/16/2023 22:34,2023-LCS-NWA-160823-005A,8/16/2023,22:34,,
1692239820,3.42,23.995,7.882,0.972,7450-064567,TRUE,8/16/2023 22:37,2023-LCS-NWA-160823-006A,8/16/2023,22:37,,
1692240060,3.45,22.397,0.021,0.966,7450-778298,TRUE,8/16/2023 22:41,2023-LCS-NWA-160823-003A,8/16/2023,22:41,,
1692240120,3.43,21.698,0.042,0.895,7450-049711,TRUE,8/16/2023 22:42,2023-LCS-NWA-160823-001A,8/16/2023,22:42,,
1692240240,3.43,23.583,3.142,0.962,7450-770855,TRUE,8/16/2023 22:44,2023-LCS-NWA-160823-005A,8/16/2023,22:44,,
1692240420,3.42,23.928,7.811,0.972,7450-064567,TRUE,8/16/2023 22:47,2023-LCS-NWA-160823-006A,8/16/2023,22:47,,
1692240660,3.45,22.405,0.021,0.967,7450-778298,TRUE,8/16/2023 22:51,2023-LCS-NWA-160823-003A,8/16/2023,22:51,,
1692240720,3.43,21.689,0.041,0.894,7450-049711,TRUE,8/16/2023 22:52,2023-LCS-NWA-160823-001A,8/16/2023,22:52,,
1692240840,3.43,23.541,3.121,0.962,7450-770855,TRUE,8/16/2023 22:54,2023-LCS-NWA-160823-005A,8/16/2023,22:54,,
1692241020,3.42,23.903,7.808,0.972,7450-064567,TRUE,8/16/2023 22:57,2023-LCS-NWA-160823-006A,8/16/2023,22:57,,
1692241260,3.45,22.405,0.021,0.966,7450-778298,TRUE,8/16/2023 23:01,2023-LCS-NWA-160823-003A,8/16/2023,23:01,,
1692241320,3.43,21.689,0.05,0.895,7450-049711,TRUE,8/16/2023 23:02,2023-LCS-NWA-160823-001A,8/16/2023,23:02,,
1692241440,3.43,23.483,3.043,0.962,7450-770855,TRUE,8/16/2023 23:04,2023-LCS-NWA-160823-005A,8/16/2023,23:04,,
1692241620,3.42,23.87,7.601,0.972,7450-064567,TRUE,8/16/2023 23:07,2023-LCS-NWA-160823-006A,8/16/2023,23:07,,
1692241860,3.45,22.422,0.021,0.966,7450-778298,TRUE,8/16/2023 23:11,2023-LCS-NWA-160823-003A,8/16/2023,23:11,,
1692241920,3.43,21.698,0.031,0.894,7450-049711,TRUE,8/16/2023 23:12,2023-LCS-NWA-160823-001A,8/16/2023,23:12,,
1692242040,3.43,23.416,3.018,0.962,7450-770855,TRUE,8/16/2023 23:14,2023-LCS-NWA-160823-005A,8/16/2023,23:14,,
1692242220,3.42,23.819,7.447,0.972,7450-064567,TRUE,8/16/2023 23:17,2023-LCS-NWA-160823-006A,8/16/2023,23:17,,
1692242460,3.45,22.413,0.021,0.966,7450-778298,TRUE,8/16/2023 23:21,2023-LCS-NWA-160823-003A,8/16/2023,23:21,,
1692242520,3.43,21.673,0.026,0.894,7450-049711,TRUE,8/16/2023 23:22,2023-LCS-NWA-160823-001A,8/16/2023,23:22,,
1692242640,3.43,23.332,2.778,0.962,7450-770855,TRUE,8/16/2023 23:24,2023-LCS-NWA-160823-005A,8/16/2023,23:24,,
1692242820,3.42,23.769,7.279,0.972,7450-064567,TRUE,8/16/2023 23:27,2023-LCS-NWA-160823-006A,8/16/2023,23:27,,
1692243060,3.45,22.447,0.021,0.966,7450-778298,TRUE,8/16/2023 23:31,2023-LCS-NWA-160823-003A,8/16/2023,23:31,,
1692243120,3.43,21.664,0.027,0.894,7450-049711,TRUE,8/16/2023 23:32,2023-LCS-NWA-160823-001A,8/16/2023,23:32,,
1692243240,3.43,23.324,2.655,0.962,7450-770855,TRUE,8/16/2023 23:34,2023-LCS-NWA-160823-005A,8/16/2023,23:34,,
1692243420,3.42,23.702,7.158,0.972,7450-064567,TRUE,8/16/2023 23:37,2023-LCS-NWA-160823-006A,8/16/2023,23:37,,
1692243660,3.45,22.43,0.022,0.966,7450-778298,TRUE,8/16/2023 23:41,2023-LCS-NWA-160823-003A,8/16/2023,23:41,,
1692243720,3.43,21.664,0.026,0.894,7450-049711,TRUE,8/16/2023 23:42,2023-LCS-NWA-160823-001A,8/16/2023,23:42,,
1692243840,3.43,23.282,2.837,0.962,7450-770855,TRUE,8/16/2023 23:44,2023-LCS-NWA-160823-005A,8/16/2023,23:44,,
1692244020,3.42,23.635,6.983,0.971,7450-064567,TRUE,8/16/2023 23:47,2023-LCS-NWA-160823-006A,8/16/2023,23:47,,
1692244260,3.45,22.413,0.021,0.966,7450-778298,TRUE,8/16/2023 23:51,2023-LCS-NWA-160823-003A,8/16/2023,23:51,,
1692244320,3.43,21.664,0.026,0.894,7450-049711,TRUE,8/16/2023 23:52,2023-LCS-NWA-160823-001A,8/16/2023,23:52,,
1692244440,3.42,23.248,2.71,0.962,7450-770855,TRUE,8/16/2023 23:54,2023-LCS-NWA-160823-005A,8/16/2023,23:54,,
1692244620,3.42,23.618,7.013,0.973,7450-064567,TRUE,8/16/2023 23:57,2023-LCS-NWA-160823-006A,8/16/2023,23:57,,
1692244860,3.45,22.43,0.021,0.966,7450-778298,TRUE,8/17/2023 0:01,2023-LCS-NWA-160823-003A,8/17/2023,0:01,,
1692244920,3.43,21.681,0.033,0.894,7450-049711,TRUE,8/17/2023 0:02,2023-LCS-NWA-160823-001A,8/17/2023,0:02,,
1692245040,3.42,23.173,1.867,0.956,7450-770855,TRUE,8/17/2023 0:04,2023-LCS-NWA-160823-005A,8/17/2023,0:04,,
1692245220,3.42,23.585,6.952,0.971,7450-064567,TRUE,8/17/2023 0:07,2023-LCS-NWA-160823-006A,8/17/2023,0:07,,
1692245460,3.45,22.455,0.021,0.966,7450-778298,TRUE,8/17/2023 0:11,2023-LCS-NWA-160823-003A,8/17/2023,0:11,,
1692245520,3.43,21.631,0.027,0.894,7450-049711,TRUE,8/17/2023 0:12,2023-LCS-NWA-160823-001A,8/17/2023,0:12,,
1692245640,3.42,23.156,2.154,0.959,7450-770855,TRUE,8/17/2023 0:14,2023-LCS-NWA-160823-005A,8/17/2023,0:14,,
1692245820,3.42,23.534,6.892,0.972,7450-064567,TRUE,8/17/2023 0:17,2023-LCS-NWA-160823-006A,8/17/2023,0:17,,
1692246060,3.45,22.422,0.021,0.966,7450-778298,TRUE,8/17/2023 0:21,2023-LCS-NWA-160823-003A,8/17/2023,0:21,,
1692246120,3.43,21.647,0.027,0.895,7450-049711,TRUE,8/17/2023 0:22,2023-LCS-NWA-160823-001A,8/17/2023,0:22,,
1692246240,3.42,23.131,2.346,0.96,7450-770855,TRUE,8/17/2023 0:24,2023-LCS-NWA-160823-005A,8/17/2023,0:24,,
1692246420,3.42,23.484,6.851,0.971,7450-064567,TRUE,8/17/2023 0:27,2023-LCS-NWA-160823-006A,8/17/2023,0:27,,
1692246660,3.45,22.43,0.021,0.966,7450-778298,TRUE,8/17/2023 0:31,2023-LCS-NWA-160823-003A,8/17/2023,0:31,,
1692246720,3.43,21.664,0.027,0.895,7450-049711,TRUE,8/17/2023 0:32,2023-LCS-NWA-160823-001A,8/17/2023,0:32,,
1692246840,3.42,23.073,2.436,0.961,7450-770855,TRUE,8/17/2023 0:34,2023-LCS-NWA-160823-005A,8/17/2023,0:34,,
1692247020,3.42,23.451,6.92,0.972,7450-064567,TRUE,8/17/2023 0:37,2023-LCS-NWA-160823-006A,8/17/2023,0:37,,
1692247260,3.45,22.422,0.021,0.966,7450-778298,TRUE,8/17/2023 0:41,2023-LCS-NWA-160823-003A,8/17/2023,0:41,,
1692247320,3.43,21.647,0.026,0.895,7450-049711,TRUE,8/17/2023 0:42,2023-LCS-NWA-160823-001A,8/17/2023,0:42,,
1692247440,3.42,23.039,2.157,0.957,7450-770855,TRUE,8/17/2023 0:44,2023-LCS-NWA-160823-005A,8/17/2023,0:44,,
1692247620,3.42,23.434,6.799,0.972,7450-064567,TRUE,8/17/2023 0:47,2023-LCS-NWA-160823-006A,8/17/2023,0:47,,
1692247860,3.45,22.413,0.022,0.967,7450-778298,TRUE,8/17/2023 0:51,2023-LCS-NWA-160823-003A,8/17/2023,0:51,,
1692247920,3.43,21.631,0.027,0.895,7450-049711,TRUE,8/17/2023 0:52,2023-LCS-NWA-160823-001A,8/17/2023,0:52,,
1692248040,3.42,22.989,2.208,0.96,7450-770855,TRUE,8/17/2023 0:54,2023-LCS-NWA-160823-005A,8/17/2023,0:54,,
1692248220,3.42,23.358,6.709,0.971,7450-064567,TRUE,8/17/2023 0:57,2023-LCS-NWA-160823-006A,8/17/2023,0:57,,
1692248460,3.45,22.438,0.021,0.966,7450-778298,TRUE,8/17/2023 1:01,2023-LCS-NWA-160823-003A,8/17/2023,1:01,,
1692248520,3.43,21.622,0.061,0.896,7450-049711,TRUE,8/17/2023 1:02,2023-LCS-NWA-160823-001A,8/17/2023,1:02,,
1692248640,3.42,22.947,2.174,0.961,7450-770855,TRUE,8/17/2023 1:04,2023-LCS-NWA-160823-005A,8/17/2023,1:04,,
1692248820,3.42,23.325,6.734,0.972,7450-064567,TRUE,8/17/2023 1:07,2023-LCS-NWA-160823-006A,8/17/2023,1:07,,
1692249060,3.45,22.413,0.021,0.966,7450-778298,TRUE,8/17/2023 1:11,2023-LCS-NWA-160823-003A,8/17/2023,1:11,,
1692249120,3.43,21.647,0.072,0.896,7450-049711,TRUE,8/17/2023 1:12,2023-LCS-NWA-160823-001A,8/17/2023,1:12,,
1692249240,3.42,22.922,2.085,0.961,7450-770855,TRUE,8/17/2023 1:14,2023-LCS-NWA-160823-005A,8/17/2023,1:14,,
1692249420,3.41,23.283,6.721,0.972,7450-064567,TRUE,8/17/2023 1:17,2023-LCS-NWA-160823-006A,8/17/2023,1:17,,
1692249660,3.45,22.514,0.028,0.967,7450-778298,TRUE,8/17/2023 1:21,2023-LCS-NWA-160823-003A,8/17/2023,1:21,,
1692249720,3.43,21.622,0.128,0.897,7450-049711,TRUE,8/17/2023 1:22,2023-LCS-NWA-160823-001A,8/17/2023,1:22,,
1692249840,3.42,22.88,2.154,0.961,7450-770855,TRUE,8/17/2023 1:24,2023-LCS-NWA-160823-005A,8/17/2023,1:24,,
1692250020,3.41,23.224,6.585,0.971,7450-064567,TRUE,8/17/2023 1:27,2023-LCS-NWA-160823-006A,8/17/2023,1:27,,
1692250260,3.45,22.48,0.07,0.968,7450-778298,TRUE,8/17/2023 1:31,2023-LCS-NWA-160823-003A,8/17/2023,1:31,,
1692250320,3.43,21.606,0.24,0.899,7450-049711,TRUE,8/17/2023 1:32,2023-LCS-NWA-160823-001A,8/17/2023,1:32,,
1692250440,3.42,22.847,2.057,0.961,7450-770855,TRUE,8/17/2023 1:34,2023-LCS-NWA-160823-005A,8/17/2023,1:34,,
1692250620,3.41,23.208,6.429,0.972,7450-064567,TRUE,8/17/2023 1:37,2023-LCS-NWA-160823-006A,8/17/2023,1:37,,
1692250860,3.45,22.463,0.08,0.968,7450-778298,TRUE,8/17/2023 1:41,2023-LCS-NWA-160823-003A,8/17/2023,1:41,,
1692250920,3.43,21.597,0.335,0.9,7450-049711,TRUE,8/17/2023 1:42,2023-LCS-NWA-160823-001A,8/17/2023,1:42,,
1692251040,3.42,22.805,1.822,0.959,7450-770855,TRUE,8/17/2023 1:44,2023-LCS-NWA-160823-005A,8/17/2023,1:44,,
1692251220,3.41,23.158,6.291,0.972,7450-064567,TRUE,8/17/2023 1:47,2023-LCS-NWA-160823-006A,8/17/2023,1:47,,
1692251460,3.45,22.48,0.069,0.968,7450-778298,TRUE,8/17/2023 1:51,2023-LCS-NWA-160823-003A,8/17/2023,1:51,,
1692251520,3.43,21.589,0.478,0.899,7450-049711,TRUE,8/17/2023 1:52,2023-LCS-NWA-160823-001A,8/17/2023,1:52,,
1692251640,3.42,22.771,1.676,0.959,7450-770855,TRUE,8/17/2023 1:54,2023-LCS-NWA-160823-005A,8/17/2023,1:54,,
1692251820,3.41,23.141,6.314,0.971,7450-064567,TRUE,8/17/2023 1:57,2023-LCS-NWA-160823-006A,8/17/2023,1:57,,
1692252060,3.45,22.447,0.092,0.968,7450-778298,TRUE,8/17/2023 2:01,2023-LCS-NWA-160823-003A,8/17/2023,2:01,,
1692252120,3.43,21.556,0.538,0.902,7450-049711,TRUE,8/17/2023 2:02,2023-LCS-NWA-160823-001A,8/17/2023,2:02,,
1692252240,3.42,22.713,1.529,0.959,7450-770855,TRUE,8/17/2023 2:04,2023-LCS-NWA-160823-005A,8/17/2023,2:04,,
1692252420,3.41,23.116,6.189,0.972,7450-064567,TRUE,8/17/2023 2:07,2023-LCS-NWA-160823-006A,8/17/2023,2:07,,
1692252660,3.45,22.405,0.084,0.968,7450-778298,TRUE,8/17/2023 2:11,2023-LCS-NWA-160823-003A,8/17/2023,2:11,,
1692252720,3.43,21.547,0.551,0.903,7450-049711,TRUE,8/17/2023 2:12,2023-LCS-NWA-160823-001A,8/17/2023,2:12,,
1692252840,3.42,22.68,1.428,0.959,7450-770855,TRUE,8/17/2023 2:14,2023-LCS-NWA-160823-005A,8/17/2023,2:14,,
1692253020,3.41,23.057,6.094,0.971,7450-064567,TRUE,8/17/2023 2:17,2023-LCS-NWA-160823-006A,8/17/2023,2:17,,
1692253260,3.45,22.405,0.066,0.968,7450-778298,TRUE,8/17/2023 2:21,2023-LCS-NWA-160823-003A,8/17/2023,2:21,,
1692253320,3.43,21.505,0.649,0.904,7450-049711,TRUE,8/17/2023 2:22,2023-LCS-NWA-160823-001A,8/17/2023,2:22,,
1692253440,3.42,22.654,1.57,0.96,7450-770855,TRUE,8/17/2023 2:24,2023-LCS-NWA-160823-005A,8/17/2023,2:24,,
1692253620,3.41,23.032,5.929,0.971,7450-064567,TRUE,8/17/2023 2:27,2023-LCS-NWA-160823-006A,8/17/2023,2:27,,
1692253860,3.45,22.388,0.047,0.967,7450-778298,TRUE,8/17/2023 2:31,2023-LCS-NWA-160823-003A,8/17/2023,2:31,,
1692253920,3.43,21.489,0.665,0.905,7450-049711,TRUE,8/17/2023 2:32,2023-LCS-NWA-160823-001A,8/17/2023,2:32,,
1692254040,3.42,22.613,1.361,0.959,7450-770855,TRUE,8/17/2023 2:34,2023-LCS-NWA-160823-005A,8/17/2023,2:34,,
1692254220,3.41,22.965,5.862,0.972,7450-064567,TRUE,8/17/2023 2:37,2023-LCS-NWA-160823-006A,8/17/2023,2:37,,
1692254460,3.45,22.355,0.049,0.967,7450-778298,TRUE,8/17/2023 2:41,2023-LCS-NWA-160823-003A,8/17/2023,2:41,,
1692254520,3.43,21.48,0.635,0.906,7450-049711,TRUE,8/17/2023 2:42,2023-LCS-NWA-160823-001A,8/17/2023,2:42,,
1692254640,3.42,22.596,1.237,0.957,7450-770855,TRUE,8/17/2023 2:44,2023-LCS-NWA-160823-005A,8/17/2023,2:44,,
1692254820,3.41,22.932,5.731,0.971,7450-064567,TRUE,8/17/2023 2:47,2023-LCS-NWA-160823-006A,8/17/2023,2:47,,
1692255060,3.45,22.305,0.055,0.968,7450-778298,TRUE,8/17/2023 2:51,2023-LCS-NWA-160823-003A,8/17/2023,2:51,,
1692255120,3.43,21.472,0.602,0.906,7450-049711,TRUE,8/17/2023 2:52,2023-LCS-NWA-160823-001A,8/17/2023,2:52,,
1692255240,3.42,22.554,1.152,0.957,7450-770855,TRUE,8/17/2023 2:54,2023-LCS-NWA-160823-005A,8/17/2023,2:54,,
1692255420,3.41,22.89,5.699,0.971,7450-064567,TRUE,8/17/2023 2:57,2023-LCS-NWA-160823-006A,8/17/2023,2:57,,
1692255660,3.45,22.288,0.058,0.968,7450-778298,TRUE,8/17/2023 3:01,2023-LCS-NWA-160823-003A,8/17/2023,3:01,,
1692255720,3.43,21.447,0.581,0.906,7450-049711,TRUE,8/17/2023 3:02,2023-LCS-NWA-160823-001A,8/17/2023,3:02,,
1692255840,3.42,22.521,1.131,0.956,7450-770855,TRUE,8/17/2023 3:04,2023-LCS-NWA-160823-005A,8/17/2023,3:04,,
1692256020,3.41,22.856,5.626,0.972,7450-064567,TRUE,8/17/2023 3:07,2023-LCS-NWA-160823-006A,8/17/2023,3:07,,
1692256260,3.45,22.271,0.046,0.967,7450-778298,TRUE,8/17/2023 3:11,2023-LCS-NWA-160823-003A,8/17/2023,3:11,,
1692256320,3.43,21.405,0.548,0.906,7450-049711,TRUE,8/17/2023 3:12,2023-LCS-NWA-160823-001A,8/17/2023,3:12,,
1692256440,3.42,22.504,1.155,0.957,7450-770855,TRUE,8/17/2023 3:14,2023-LCS-NWA-160823-005A,8/17/2023,3:14,,
1692256620,3.41,22.839,5.491,0.971,7450-064567,TRUE,8/17/2023 3:17,2023-LCS-NWA-160823-006A,8/17/2023,3:17,,
1692256860,3.45,22.263,0.043,0.967,7450-778298,TRUE,8/17/2023 3:21,2023-LCS-NWA-160823-003A,8/17/2023,3:21,,
1692256920,3.43,21.372,0.543,0.906,7450-049711,TRUE,8/17/2023 3:22,2023-LCS-NWA-160823-001A,8/17/2023,3:22,,
1692257040,3.43,22.454,1.09,0.956,7450-770855,TRUE,8/17/2023 3:24,2023-LCS-NWA-160823-005A,8/17/2023,3:24,,
1692257220,3.41,22.814,5.373,0.971,7450-064567,TRUE,8/17/2023 3:27,2023-LCS-NWA-160823-006A,8/17/2023,3:27,,
1692257460,3.45,22.229,0.035,0.967,7450-778298,TRUE,8/17/2023 3:31,2023-LCS-NWA-160823-003A,8/17/2023,3:31,,
1692257520,3.43,21.338,0.516,0.905,7450-049711,TRUE,8/17/2023 3:32,2023-LCS-NWA-160823-001A,8/17/2023,3:32,,
1692257640,3.43,22.429,1.068,0.955,7450-770855,TRUE,8/17/2023 3:34,2023-LCS-NWA-160823-005A,8/17/2023,3:34,,
1692257820,3.41,22.781,5.311,0.972,7450-064567,TRUE,8/17/2023 3:37,2023-LCS-NWA-160823-006A,8/17/2023,3:37,,
1692258060,3.45,22.187,0.036,0.967,7450-778298,TRUE,8/17/2023 3:41,2023-LCS-NWA-160823-003A,8/17/2023,3:41,,
1692258120,3.43,21.313,0.538,0.906,7450-049711,TRUE,8/17/2023 3:42,2023-LCS-NWA-160823-001A,8/17/2023,3:42,,
1692258240,3.42,22.395,1.041,0.955,7450-770855,TRUE,8/17/2023 3:44,2023-LCS-NWA-160823-005A,8/17/2023,3:44,,
1692258420,3.41,22.756,5.332,0.971,7450-064567,TRUE,8/17/2023 3:47,2023-LCS-NWA-160823-006A,8/17/2023,3:47,,
1692258660,3.45,22.187,0.038,0.967,7450-778298,TRUE,8/17/2023 3:51,2023-LCS-NWA-160823-003A,8/17/2023,3:51,,
1692258720,3.43,21.271,0.524,0.905,7450-049711,TRUE,8/17/2023 3:52,2023-LCS-NWA-160823-001A,8/17/2023,3:52,,
1692258840,3.42,22.37,1.083,0.956,7450-770855,TRUE,8/17/2023 3:54,2023-LCS-NWA-160823-005A,8/17/2023,3:54,,
1692259020,3.41,22.722,5.165,0.971,7450-064567,TRUE,8/17/2023 3:57,2023-LCS-NWA-160823-006A,8/17/2023,3:57,,
1692259260,3.45,22.162,0.045,0.967,7450-778298,TRUE,8/17/2023 4:01,2023-LCS-NWA-160823-003A,8/17/2023,4:01,,
1692259320,3.43,21.246,0.507,0.905,7450-049711,TRUE,8/17/2023 4:02,2023-LCS-NWA-160823-001A,8/17/2023,4:02,,
1692259440,3.43,22.337,1.045,0.955,7450-770855,TRUE,8/17/2023 4:04,2023-LCS-NWA-160823-005A,8/17/2023,4:04,,
1692259620,3.42,22.689,4.983,0.972,7450-064567,TRUE,8/17/2023 4:07,2023-LCS-NWA-160823-006A,8/17/2023,4:07,,
1692259860,3.45,22.129,0.038,0.967,7450-778298,TRUE,8/17/2023 4:11,2023-LCS-NWA-160823-003A,8/17/2023,4:11,,
1692259920,3.43,21.221,0.47,0.904,7450-049711,TRUE,8/17/2023 4:12,2023-LCS-NWA-160823-001A,8/17/2023,4:12,,
1692260040,3.43,22.328,0.953,0.953,7450-770855,TRUE,8/17/2023 4:14,2023-LCS-NWA-160823-005A,8/17/2023,4:14,,
1692260220,3.42,22.655,4.983,0.971,7450-064567,TRUE,8/17/2023 4:17,2023-LCS-NWA-160823-006A,8/17/2023,4:17,,
1692260460,3.45,22.104,0.042,0.967,7450-778298,TRUE,8/17/2023 4:21,2023-LCS-NWA-160823-003A,8/17/2023,4:21,,
1692260520,3.43,21.179,0.452,0.904,7450-049711,TRUE,8/17/2023 4:22,2023-LCS-NWA-160823-001A,8/17/2023,4:22,,
1692260640,3.43,22.287,0.958,0.954,7450-770855,TRUE,8/17/2023 4:24,2023-LCS-NWA-160823-005A,8/17/2023,4:24,,
1692260820,3.42,22.63,4.909,0.972,7450-064567,TRUE,8/17/2023 4:27,2023-LCS-NWA-160823-006A,8/17/2023,4:27,,
1692261060,3.45,22.079,0.04,0.967,7450-778298,TRUE,8/17/2023 4:31,2023-LCS-NWA-160823-003A,8/17/2023,4:31,,
1692261120,3.43,21.129,0.48,0.904,7450-049711,TRUE,8/17/2023 4:32,2023-LCS-NWA-160823-001A,8/17/2023,4:32,,
1692261240,3.43,22.27,0.918,0.954,7450-770855,TRUE,8/17/2023 4:34,2023-LCS-NWA-160823-005A,8/17/2023,4:34,,
1692261420,3.42,22.597,4.896,0.972,7450-064567,TRUE,8/17/2023 4:37,2023-LCS-NWA-160823-006A,8/17/2023,4:37,,
1692261660,3.45,22.045,0.039,0.967,7450-778298,TRUE,8/17/2023 4:41,2023-LCS-NWA-160823-003A,8/17/2023,4:41,,
1692261720,3.42,21.096,0.493,0.904,7450-049711,TRUE,8/17/2023 4:42,2023-LCS-NWA-160823-001A,8/17/2023,4:42,,
1692261840,3.43,22.253,0.805,0.952,7450-770855,TRUE,8/17/2023 4:44,2023-LCS-NWA-160823-005A,8/17/2023,4:44,,
1692262020,3.42,22.547,4.59,0.972,7450-064567,TRUE,8/17/2023 4:47,2023-LCS-NWA-160823-006A,8/17/2023,4:47,,
1692262260,3.45,22.012,0.041,0.967,7450-778298,TRUE,8/17/2023 4:51,2023-LCS-NWA-160823-003A,8/17/2023,4:51,,
1692262320,3.42,21.071,0.45,0.904,7450-049711,TRUE,8/17/2023 4:52,2023-LCS-NWA-160823-001A,8/17/2023,4:52,,
1692262440,3.42,22.195,0.849,0.953,7450-770855,TRUE,8/17/2023 4:54,2023-LCS-NWA-160823-005A,8/17/2023,4:54,,
1692262620,3.42,22.496,4.506,0.971,7450-064567,TRUE,8/17/2023 4:57,2023-LCS-NWA-160823-006A,8/17/2023,4:57,,
1692262860,3.45,21.987,0.039,0.967,7450-778298,TRUE,8/17/2023 5:01,2023-LCS-NWA-160823-003A,8/17/2023,5:01,,
1692262920,3.42,21.046,0.38,0.902,7450-049711,TRUE,8/17/2023 5:02,2023-LCS-NWA-160823-001A,8/17/2023,5:02,,
1692263040,3.42,22.203,0.702,0.951,7450-770855,TRUE,8/17/2023 5:04,2023-LCS-NWA-160823-005A,8/17/2023,5:04,,
1692263220,3.42,22.48,4.389,0.971,7450-064567,TRUE,8/17/2023 5:07,2023-LCS-NWA-160823-006A,8/17/2023,5:07,,
1692263460,3.45,21.928,0.044,0.967,7450-778298,TRUE,8/17/2023 5:11,2023-LCS-NWA-160823-003A,8/17/2023,5:11,,
1692263520,3.42,21.02,0.376,0.902,7450-049711,TRUE,8/17/2023 5:12,2023-LCS-NWA-160823-001A,8/17/2023,5:12,,
1692263640,3.42,22.17,0.549,0.948,7450-770855,TRUE,8/17/2023 5:14,2023-LCS-NWA-160823-005A,8/17/2023,5:14,,
1692263820,3.42,22.438,4.329,0.971,7450-064567,TRUE,8/17/2023 5:17,2023-LCS-NWA-160823-006A,8/17/2023,5:17,,
1692264060,3.45,21.911,0.035,0.967,7450-778298,TRUE,8/17/2023 5:21,2023-LCS-NWA-160823-003A,8/17/2023,5:21,,
1692264120,3.42,20.979,0.361,0.902,7450-049711,TRUE,8/17/2023 5:22,2023-LCS-NWA-160823-001A,8/17/2023,5:22,,
1692264240,3.42,22.136,0.654,0.95,7450-770855,TRUE,8/17/2023 5:24,2023-LCS-NWA-160823-005A,8/17/2023,5:24,,
1692264420,3.42,22.388,4.318,0.972,7450-064567,TRUE,8/17/2023 5:27,2023-LCS-NWA-160823-006A,8/17/2023,5:27,,
1692264660,3.45,21.895,0.038,0.967,7450-778298,TRUE,8/17/2023 5:31,2023-LCS-NWA-160823-003A,8/17/2023,5:31,,
1692264720,3.42,20.945,0.314,0.9,7450-049711,TRUE,8/17/2023 5:32,2023-LCS-NWA-160823-001A,8/17/2023,5:32,,
1692264840,3.42,22.12,0.441,0.946,7450-770855,TRUE,8/17/2023 5:34,2023-LCS-NWA-160823-005A,8/17/2023,5:34,,
1692265020,3.42,22.338,4.217,0.972,7450-064567,TRUE,8/17/2023 5:37,2023-LCS-NWA-160823-006A,8/17/2023,5:37,,
1692265260,3.45,21.853,0.032,0.967,7450-778298,TRUE,8/17/2023 5:41,2023-LCS-NWA-160823-003A,8/17/2023,5:41,,
1692265320,3.42,20.92,0.293,0.9,7450-049711,TRUE,8/17/2023 5:42,2023-LCS-NWA-160823-001A,8/17/2023,5:42,,
1692265440,3.42,22.078,0.421,0.945,7450-770855,TRUE,8/17/2023 5:44,2023-LCS-NWA-160823-005A,8/17/2023,5:44,,
1692265620,3.42,22.304,4.225,0.972,7450-064567,TRUE,8/17/2023 5:47,2023-LCS-NWA-160823-006A,8/17/2023,5:47,,
1692265860,3.45,21.836,0.035,0.967,7450-778298,TRUE,8/17/2023 5:51,2023-LCS-NWA-160823-003A,8/17/2023,5:51,,
1692265920,3.42,20.887,0.282,0.9,7450-049711,TRUE,8/17/2023 5:52,2023-LCS-NWA-160823-001A,8/17/2023,5:52,,
1692266040,3.42,22.053,0.529,0.948,7450-770855,TRUE,8/17/2023 5:54,2023-LCS-NWA-160823-005A,8/17/2023,5:54,,
1692266220,3.42,22.287,4.16,0.972,7450-064567,TRUE,8/17/2023 5:57,2023-LCS-NWA-160823-006A,8/17/2023,5:57,,
1692266460,3.45,21.811,0.033,0.967,7450-778298,TRUE,8/17/2023 6:01,2023-LCS-NWA-160823-003A,8/17/2023,6:01,,
1692266520,3.42,20.862,0.263,0.899,7450-049711,TRUE,8/17/2023 6:02,2023-LCS-NWA-160823-001A,8/17/2023,6:02,,
1692266640,3.42,22.044,0.324,0.943,7450-770855,TRUE,8/17/2023 6:04,2023-LCS-NWA-160823-005A,8/17/2023,6:04,,
1692266820,3.42,22.254,4.082,0.972,7450-064567,TRUE,8/17/2023 6:07,2023-LCS-NWA-160823-006A,8/17/2023,6:07,,
1692267060,3.45,21.769,0.032,0.967,7450-778298,TRUE,8/17/2023 6:11,2023-LCS-NWA-160823-003A,8/17/2023,6:11,,
1692267120,3.42,20.828,0.241,0.899,7450-049711,TRUE,8/17/2023 6:12,2023-LCS-NWA-160823-001A,8/17/2023,6:12,,
1692267240,3.42,22.003,0.26,0.942,7450-770855,TRUE,8/17/2023 6:14,2023-LCS-NWA-160823-005A,8/17/2023,6:14,,
1692267420,3.41,22.204,3.965,0.972,7450-064567,TRUE,8/17/2023 6:17,2023-LCS-NWA-160823-006A,8/17/2023,6:17,,
1692267660,3.45,21.744,0.032,0.967,7450-778298,TRUE,8/17/2023 6:21,2023-LCS-NWA-160823-003A,8/17/2023,6:21,,
1692267720,3.42,20.795,0.218,0.898,7450-049711,TRUE,8/17/2023 6:22,2023-LCS-NWA-160823-001A,8/17/2023,6:22,,
1692267840,3.42,21.961,0.299,0.942,7450-770855,TRUE,8/17/2023 6:24,2023-LCS-NWA-160823-005A,8/17/2023,6:24,,
1692268020,3.41,22.179,3.852,0.972,7450-064567,TRUE,8/17/2023 6:27,2023-LCS-NWA-160823-006A,8/17/2023,6:27,,
1692268260,3.45,21.727,0.029,0.966,7450-778298,TRUE,8/17/2023 6:31,2023-LCS-NWA-160823-003A,8/17/2023,6:31,,
1692268320,3.42,20.803,0.19,0.897,7450-049711,TRUE,8/17/2023 6:32,2023-LCS-NWA-160823-001A,8/17/2023,6:32,,
1692268440,3.42,21.919,0.428,0.945,7450-770855,TRUE,8/17/2023 6:34,2023-LCS-NWA-160823-005A,8/17/2023,6:34,,
1692268620,3.41,22.129,3.871,0.972,7450-064567,TRUE,8/17/2023 6:37,2023-LCS-NWA-160823-006A,8/17/2023,6:37,,
1692268860,3.45,21.694,0.032,0.967,7450-778298,TRUE,8/17/2023 6:41,2023-LCS-NWA-160823-003A,8/17/2023,6:41,,
1692268920,3.42,20.744,0.205,0.898,7450-049711,TRUE,8/17/2023 6:42,2023-LCS-NWA-160823-001A,8/17/2023,6:42,,
1692269040,3.42,21.911,0.345,0.944,7450-770855,TRUE,8/17/2023 6:44,2023-LCS-NWA-160823-005A,8/17/2023,6:44,,
1692269220,3.41,22.103,3.856,0.972,7450-064567,TRUE,8/17/2023 6:47,2023-LCS-NWA-160823-006A,8/17/2023,6:47,,
1692269460,3.45,21.677,0.028,0.966,7450-778298,TRUE,8/17/2023 6:51,2023-LCS-NWA-160823-003A,8/17/2023,6:51,,
1692269520,3.42,20.744,0.165,0.897,7450-049711,TRUE,8/17/2023 6:52,2023-LCS-NWA-160823-001A,8/17/2023,6:52,,
1692269640,3.42,21.861,0.39,0.945,7450-770855,TRUE,8/17/2023 6:54,2023-LCS-NWA-160823-005A,8/17/2023,6:54,,
1692269820,3.41,22.103,3.85,0.972,7450-064567,TRUE,8/17/2023 6:57,2023-LCS-NWA-160823-006A,8/17/2023,6:57,,
1692270060,3.45,21.644,0.025,0.966,7450-778298,TRUE,8/17/2023 7:01,2023-LCS-NWA-160823-003A,8/17/2023,7:01,,
1692270120,3.42,20.719,0.142,0.896,7450-049711,TRUE,8/17/2023 7:02,2023-LCS-NWA-160823-001A,8/17/2023,7:02,,
1692270240,3.42,21.835,0.416,0.944,7450-770855,TRUE,8/17/2023 7:04,2023-LCS-NWA-160823-005A,8/17/2023,7:04,,
1692270420,3.41,22.062,3.823,0.972,7450-064567,TRUE,8/17/2023 7:07,2023-LCS-NWA-160823-006A,8/17/2023,7:07,,
1692270660,3.45,21.619,0.025,0.966,7450-778298,TRUE,8/17/2023 7:11,2023-LCS-NWA-160823-003A,8/17/2023,7:11,,
1692270720,3.42,20.694,0.135,0.897,7450-049711,TRUE,8/17/2023 7:12,2023-LCS-NWA-160823-001A,8/17/2023,7:12,,
1692270840,3.42,21.802,0.284,0.942,7450-770855,TRUE,8/17/2023 7:14,2023-LCS-NWA-160823-005A,8/17/2023,7:14,,
1692271020,3.41,22.011,3.723,0.972,7450-064567,TRUE,8/17/2023 7:17,2023-LCS-NWA-160823-006A,8/17/2023,7:17,,
1692271260,3.45,21.585,0.027,0.967,7450-778298,TRUE,8/17/2023 7:21,2023-LCS-NWA-160823-003A,8/17/2023,7:21,,
1692271320,3.42,20.669,0.033,0.896,7450-049711,TRUE,8/17/2023 7:22,2023-LCS-NWA-160823-001A,8/17/2023,7:22,,
1692271440,3.42,21.76,0.469,0.946,7450-770855,TRUE,8/17/2023 7:24,2023-LCS-NWA-160823-005A,8/17/2023,7:24,,
1692271620,3.41,21.986,3.732,0.972,7450-064567,TRUE,8/17/2023 7:27,2023-LCS-NWA-160823-006A,8/17/2023,7:27,,
1692271860,3.45,21.593,0.025,0.966,7450-778298,TRUE,8/17/2023 7:31,2023-LCS-NWA-160823-003A,8/17/2023,7:31,,
1692271920,3.42,20.661,0.036,0.896,7450-049711,TRUE,8/17/2023 7:32,2023-LCS-NWA-160823-001A,8/17/2023,7:32,,
1692272040,3.42,21.735,0.393,0.944,7450-770855,TRUE,8/17/2023 7:34,2023-LCS-NWA-160823-005A,8/17/2023,7:34,,
1692272220,3.41,21.986,3.696,0.972,7450-064567,TRUE,8/17/2023 7:37,2023-LCS-NWA-160823-006A,8/17/2023,7:37,,
1692272460,3.45,21.56,0.024,0.966,7450-778298,TRUE,8/17/2023 7:41,2023-LCS-NWA-160823-003A,8/17/2023,7:41,,
1692272520,3.42,20.652,0.04,0.896,7450-049711,TRUE,8/17/2023 7:42,2023-LCS-NWA-160823-001A,8/17/2023,7:42,,
1692272640,3.42,21.727,0.424,0.945,7450-770855,TRUE,8/17/2023 7:44,2023-LCS-NWA-160823-005A,8/17/2023,7:44,,
1692272820,3.41,22.02,3.734,0.972,7450-064567,TRUE,8/17/2023 7:47,2023-LCS-NWA-160823-006A,8/17/2023,7:47,,
1692273060,3.45,21.535,0.023,0.966,7450-778298,TRUE,8/17/2023 7:51,2023-LCS-NWA-160823-003A,8/17/2023,7:51,,
1692273120,3.42,20.678,0.041,0.896,7450-049711,TRUE,8/17/2023 7:52,2023-LCS-NWA-160823-001A,8/17/2023,7:52,,
1692273240,3.42,21.702,0.839,0.953,7450-770855,TRUE,8/17/2023 7:54,2023-LCS-NWA-160823-005A,8/17/2023,7:54,,
1692273420,3.41,22.045,3.705,0.972,7450-064567,TRUE,8/17/2023 7:57,2023-LCS-NWA-160823-006A,8/17/2023,7:57,,
1692273660,3.45,21.535,0.023,0.966,7450-778298,TRUE,8/17/2023 8:01,2023-LCS-NWA-160823-003A,8/17/2023,8:01,,
1692273720,3.42,20.644,0.042,0.896,7450-049711,TRUE,8/17/2023 8:02,2023-LCS-NWA-160823-001A,8/17/2023,8:02,,
1692273840,3.42,21.677,0.738,0.951,7450-770855,TRUE,8/17/2023 8:04,2023-LCS-NWA-160823-005A,8/17/2023,8:04,,
1692274020,3.41,22.103,3.801,0.972,7450-064567,TRUE,8/17/2023 8:07,2023-LCS-NWA-160823-006A,8/17/2023,8:07,,
1692274260,3.45,21.51,0.025,0.966,7450-778298,TRUE,8/17/2023 8:11,2023-LCS-NWA-160823-003A,8/17/2023,8:11,,
1692274320,3.42,20.644,0.044,0.896,7450-049711,TRUE,8/17/2023 8:12,2023-LCS-NWA-160823-001A,8/17/2023,8:12,,
1692274440,3.42,21.66,0.786,0.952,7450-770855,TRUE,8/17/2023 8:14,2023-LCS-NWA-160823-005A,8/17/2023,8:14,,
1692274620,3.41,22.087,3.91,0.971,7450-064567,TRUE,8/17/2023 8:17,2023-LCS-NWA-160823-006A,8/17/2023,8:17,,
1692274860,3.45,21.518,0.023,0.966,7450-778298,TRUE,8/17/2023 8:21,2023-LCS-NWA-160823-003A,8/17/2023,8:21,,
1692274920,3.42,20.627,0.045,0.896,7450-049711,TRUE,8/17/2023 8:22,2023-LCS-NWA-160823-001A,8/17/2023,8:22,,
1692275040,3.42,21.66,0.606,0.949,7450-770855,TRUE,8/17/2023 8:24,2023-LCS-NWA-160823-005A,8/17/2023,8:24,,
1692275220,3.41,22.103,4.039,0.972,7450-064567,TRUE,8/17/2023 8:27,2023-LCS-NWA-160823-006A,8/17/2023,8:27,,
1692275460,3.45,21.51,0.022,0.966,7450-778298,TRUE,8/17/2023 8:31,2023-LCS-NWA-160823-003A,8/17/2023,8:31,,
1692275520,3.42,20.611,0.075,0.897,7450-049711,TRUE,8/17/2023 8:32,2023-LCS-NWA-160823-001A,8/17/2023,8:32,,
1692275640,3.42,21.66,0.682,0.951,7450-770855,TRUE,8/17/2023 8:34,2023-LCS-NWA-160823-005A,8/17/2023,8:34,,
1692275820,3.41,22.103,4.343,0.971,7450-064567,TRUE,8/17/2023 8:37,2023-LCS-NWA-160823-006A,8/17/2023,8:37,,
,,,,,,FISH,8/17/2023 8:38,2023-LCS-NWA-160823-001A,8/17/2023,8:38,,
1692276060,3.45,21.485,0.026,0.966,7450-778298,TRUE,8/17/2023 8:41,2023-LCS-NWA-160823-003A,8/17/2023,8:41,,
1692276120,3.42,20.644,0.056,0.895,7450-049711,FALSE,8/17/2023 8:42,2023-LCS-NWA-160823-001A,8/17/2023,8:42,,
1692276240,3.42,21.652,0.565,0.948,7450-770855,TRUE,8/17/2023 8:44,2023-LCS-NWA-160823-005A,8/17/2023,8:44,,
1692276420,3.41,22.12,4.572,0.971,7450-064567,TRUE,8/17/2023 8:47,2023-LCS-NWA-160823-006A,8/17/2023,8:47,,
1692276660,3.45,21.485,0.026,0.966,7450-778298,TRUE,8/17/2023 8:51,2023-LCS-NWA-160823-003A,8/17/2023,8:51,,
1692276720,3.42,20.711,2.466,0.915,7450-049711,FALSE,8/17/2023 8:52,2023-LCS-NWA-160823-001A,8/17/2023,8:52,,
1692276840,3.42,21.677,0.562,0.948,7450-770855,TRUE,8/17/2023 8:54,2023-LCS-NWA-160823-005A,8/17/2023,8:54,,
1692277020,3.41,22.17,4.949,0.97,7450-064567,TRUE,8/17/2023 8:57,2023-LCS-NWA-160823-006A,8/17/2023,8:57,,
1692277260,3.45,21.476,0.025,0.966,7450-778298,TRUE,8/17/2023 9:01,2023-LCS-NWA-160823-003A,8/17/2023,9:01,,
1692277440,3.42,21.735,0.66,0.95,7450-770855,TRUE,8/17/2023 9:04,2023-LCS-NWA-160823-005A,8/17/2023,9:04,,
1692277620,3.41,22.22,4.978,0.971,7450-064567,TRUE,8/17/2023 9:07,2023-LCS-NWA-160823-006A,8/17/2023,9:07,,
1692277860,3.45,21.485,0.022,0.966,7450-778298,TRUE,8/17/2023 9:11,2023-LCS-NWA-160823-003A,8/17/2023,9:11,,
1692278040,3.42,21.785,0.783,0.952,7450-770855,TRUE,8/17/2023 9:14,2023-LCS-NWA-160823-005A,8/17/2023,9:14,,
1692278220,3.41,22.287,5.292,0.97,7450-064567,TRUE,8/17/2023 9:17,2023-LCS-NWA-160823-006A,8/17/2023,9:17,,
1692278460,3.45,21.493,0.022,0.966,7450-778298,TRUE,8/17/2023 9:21,2023-LCS-NWA-160823-003A,8/17/2023,9:21,,
1692278640,3.42,21.844,1.004,0.955,7450-770855,TRUE,8/17/2023 9:24,2023-LCS-NWA-160823-005A,8/17/2023,9:24,,
1692278820,3.41,22.338,5.56,0.97,7450-064567,TRUE,8/17/2023 9:27,2023-LCS-NWA-160823-006A,8/17/2023,9:27,,
1692279060,3.45,21.476,0.022,0.966,7450-778298,TRUE,8/17/2023 9:31,2023-LCS-NWA-160823-003A,8/17/2023,9:31,,
1692279240,3.42,21.886,1.262,0.958,7450-770855,TRUE,8/17/2023 9:34,2023-LCS-NWA-160823-005A,8/17/2023,9:34,,
1692279420,3.41,22.43,6.038,0.97,7450-064567,TRUE,8/17/2023 9:37,2023-LCS-NWA-160823-006A,8/17/2023,9:37,,
1692279660,3.45,21.501,0.021,0.966,7450-778298,TRUE,8/17/2023 9:41,2023-LCS-NWA-160823-003A,8/17/2023,9:41,,
1692279840,3.42,21.936,1.41,0.959,7450-770855,TRUE,8/17/2023 9:44,2023-LCS-NWA-160823-005A,8/17/2023,9:44,,
1692280020,3.41,22.53,6.45,0.97,7450-064567,TRUE,8/17/2023 9:47,2023-LCS-NWA-160823-006A,8/17/2023,9:47,,
1692280260,3.45,21.526,0.022,0.966,7450-778298,TRUE,8/17/2023 9:51,2023-LCS-NWA-160823-003A,8/17/2023,9:51,,
1692280440,3.42,22.028,1.638,0.96,7450-770855,TRUE,8/17/2023 9:54,2023-LCS-NWA-160823-005A,8/17/2023,9:54,,
1692280620,3.41,22.605,7.091,0.97,7450-064567,TRUE,8/17/2023 9:57,2023-LCS-NWA-160823-006A,8/17/2023,9:57,,
1692280860,3.45,21.535,0.022,0.966,7450-778298,TRUE,8/17/2023 10:01,2023-LCS-NWA-160823-003A,8/17/2023,10:01,,
1692281040,3.42,22.094,1.723,0.96,7450-770855,TRUE,8/17/2023 10:04,2023-LCS-NWA-160823-005A,8/17/2023,10:04,,
1692281220,3.41,22.555,7.117,0.97,7450-064567,TRUE,8/17/2023 10:07,2023-LCS-NWA-160823-006A,8/17/2023,10:07,,
1692281460,3.45,21.568,0.021,0.966,7450-778298,TRUE,8/17/2023 10:11,2023-LCS-NWA-160823-003A,8/17/2023,10:11,,
1692281640,3.42,22.053,1.832,0.96,7450-770855,TRUE,8/17/2023 10:14,2023-LCS-NWA-160823-005A,8/17/2023,10:14,,
1692281820,3.41,22.697,7.18,0.97,7450-064567,TRUE,8/17/2023 10:17,2023-LCS-NWA-160823-006A,8/17/2023,10:17,,
1692282060,3.45,21.56,0.022,0.966,7450-778298,TRUE,8/17/2023 10:21,2023-LCS-NWA-160823-003A,8/17/2023,10:21,,
1692282240,3.42,22.086,1.873,0.96,7450-770855,TRUE,8/17/2023 10:24,2023-LCS-NWA-160823-005A,8/17/2023,10:24,,
1692282420,3.41,22.773,7.105,0.97,7450-064567,TRUE,8/17/2023 10:27,2023-LCS-NWA-160823-006A,8/17/2023,10:27,,
1692282660,3.45,21.568,0.022,0.966,7450-778298,TRUE,8/17/2023 10:31,2023-LCS-NWA-160823-003A,8/17/2023,10:31,,
1692282840,3.42,22.153,2.156,0.961,7450-770855,TRUE,8/17/2023 10:34,2023-LCS-NWA-160823-005A,8/17/2023,10:34,,
1692283020,3.41,22.898,7.476,0.97,7450-064567,TRUE,8/17/2023 10:37,2023-LCS-NWA-160823-006A,8/17/2023,10:37,,
1692283260,3.45,21.577,0.022,0.966,7450-778298,TRUE,8/17/2023 10:41,2023-LCS-NWA-160823-003A,8/17/2023,10:41,,
1692283440,3.42,22.22,2.195,0.961,7450-770855,TRUE,8/17/2023 10:44,2023-LCS-NWA-160823-005A,8/17/2023,10:44,,
1692283620,3.41,22.998,7.643,0.97,7450-064567,TRUE,8/17/2023 10:47,2023-LCS-NWA-160823-006A,8/17/2023,10:47,,
1692283860,3.45,21.593,0.022,0.966,7450-778298,TRUE,8/17/2023 10:51,2023-LCS-NWA-160823-003A,8/17/2023,10:51,,
1692284040,3.42,22.312,2.397,0.961,7450-770855,TRUE,8/17/2023 10:54,2023-LCS-NWA-160823-005A,8/17/2023,10:54,,
1692284220,3.41,23.049,7.946,0.971,7450-064567,TRUE,8/17/2023 10:57,2023-LCS-NWA-160823-006A,8/17/2023,10:57,,
1692284460,3.45,21.593,0.021,0.966,7450-778298,TRUE,8/17/2023 11:01,2023-LCS-NWA-160823-003A,8/17/2023,11:01,,
1692284640,3.42,22.354,2.527,0.961,7450-770855,TRUE,8/17/2023 11:04,2023-LCS-NWA-160823-005A,8/17/2023,11:04,,
1692284820,3.41,23.057,8.089,0.971,7450-064567,TRUE,8/17/2023 11:07,2023-LCS-NWA-160823-006A,8/17/2023,11:07,,
1692285060,3.45,21.619,0.021,0.966,7450-778298,TRUE,8/17/2023 11:11,2023-LCS-NWA-160823-003A,8/17/2023,11:11,,
1692285240,3.42,22.37,2.523,0.961,7450-770855,TRUE,8/17/2023 11:14,2023-LCS-NWA-160823-005A,8/17/2023,11:14,,
1692285420,3.41,23.099,8.08,0.971,7450-064567,TRUE,8/17/2023 11:17,2023-LCS-NWA-160823-006A,8/17/2023,11:17,,
1692285660,3.45,21.644,0.022,0.966,7450-778298,TRUE,8/17/2023 11:21,2023-LCS-NWA-160823-003A,8/17/2023,11:21,,
1692285840,3.42,22.42,2.72,0.961,7450-770855,TRUE,8/17/2023 11:24,2023-LCS-NWA-160823-005A,8/17/2023,11:24,,
1692286020,3.41,23.275,8.211,0.972,7450-064567,TRUE,8/17/2023 11:27,2023-LCS-NWA-160823-006A,8/17/2023,11:27,,
1692286260,3.44,21.677,0.021,0.966,7450-778298,TRUE,8/17/2023 11:31,2023-LCS-NWA-160823-003A,8/17/2023,11:31,,
1692286440,3.42,22.554,2.977,0.961,7450-770855,TRUE,8/17/2023 11:34,2023-LCS-NWA-160823-005A,8/17/2023,11:34,,
1692286620,3.41,23.317,8.549,0.971,7450-064567,TRUE,8/17/2023 11:37,2023-LCS-NWA-160823-006A,8/17/2023,11:37,,
1692286860,3.45,21.66,0.021,0.966,7450-778298,TRUE,8/17/2023 11:41,2023-LCS-NWA-160823-003A,8/17/2023,11:41,,
1692287040,3.42,22.638,3.005,0.961,7450-770855,TRUE,8/17/2023 11:44,2023-LCS-NWA-160823-005A,8/17/2023,11:44,,
1692287220,3.41,23.425,8.565,0.971,7450-064567,TRUE,8/17/2023 11:47,2023-LCS-NWA-160823-006A,8/17/2023,11:47,,
1692287460,3.45,21.66,0.022,0.966,7450-778298,TRUE,8/17/2023 11:51,2023-LCS-NWA-160823-003A,8/17/2023,11:51,,
1692287640,3.42,22.738,3.194,0.961,7450-770855,TRUE,8/17/2023 11:54,2023-LCS-NWA-160823-005A,8/17/2023,11:54,,
1692287820,3.41,23.559,8.499,0.971,7450-064567,TRUE,8/17/2023 11:57,2023-LCS-NWA-160823-006A,8/17/2023,11:57,,
1692288060,3.44,21.711,0.022,0.966,7450-778298,TRUE,8/17/2023 12:01,2023-LCS-NWA-160823-003A,8/17/2023,12:01,,
1692288240,3.42,22.822,3.262,0.961,7450-770855,TRUE,8/17/2023 12:04,2023-LCS-NWA-160823-005A,8/17/2023,12:04,,
1692288420,3.41,23.652,8.586,0.972,7450-064567,TRUE,8/17/2023 12:07,2023-LCS-NWA-160823-006A,8/17/2023,12:07,,
1692288660,3.44,21.711,0.021,0.966,7450-778298,TRUE,8/17/2023 12:11,2023-LCS-NWA-160823-003A,8/17/2023,12:11,,
1692288840,3.42,22.855,3.087,0.961,7450-770855,TRUE,8/17/2023 12:14,2023-LCS-NWA-160823-005A,8/17/2023,12:14,,
1692289020,3.41,23.769,8.489,0.972,7450-064567,TRUE,8/17/2023 12:17,2023-LCS-NWA-160823-006A,8/17/2023,12:17,,
1692289260,3.44,21.769,0.022,0.966,7450-778298,TRUE,8/17/2023 12:21,2023-LCS-NWA-160823-003A,8/17/2023,12:21,,
1692289440,3.42,22.922,3.119,0.961,7450-770855,TRUE,8/17/2023 12:24,2023-LCS-NWA-160823-005A,8/17/2023,12:24,,
1692289620,3.41,23.802,8.618,0.971,7450-064567,TRUE,8/17/2023 12:27,2023-LCS-NWA-160823-006A,8/17/2023,12:27,,
1692289860,3.44,21.794,0.022,0.966,7450-778298,TRUE,8/17/2023 12:31,2023-LCS-NWA-160823-003A,8/17/2023,12:31,,
1692290040,3.42,23.056,3.604,0.961,7450-770855,TRUE,8/17/2023 12:34,2023-LCS-NWA-160823-005A,8/17/2023,12:34,,
1692290220,3.41,23.861,8.64,0.971,7450-064567,TRUE,8/17/2023 12:37,2023-LCS-NWA-160823-006A,8/17/2023,12:37,,
1692290460,3.44,21.811,0.022,0.966,7450-778298,TRUE,8/17/2023 12:41,2023-LCS-NWA-160823-003A,8/17/2023,12:41,,
1692290640,3.42,23.056,3.585,0.961,7450-770855,TRUE,8/17/2023 12:44,2023-LCS-NWA-160823-005A,8/17/2023,12:44,,
1692290820,3.41,23.953,8.556,0.972,7450-064567,TRUE,8/17/2023 12:47,2023-LCS-NWA-160823-006A,8/17/2023,12:47,,
1692291060,3.44,21.828,0.021,0.966,7450-778298,TRUE,8/17/2023 12:51,2023-LCS-NWA-160823-003A,8/17/2023,12:51,,
1692291240,3.42,23.181,3.78,0.961,7450-770855,TRUE,8/17/2023 12:54,2023-LCS-NWA-160823-005A,8/17/2023,12:54,,
1692291420,3.41,23.995,8.588,0.972,7450-064567,TRUE,8/17/2023 12:57,2023-LCS-NWA-160823-006A,8/17/2023,12:57,,
1692291660,3.44,21.828,0.02,0.966,7450-778298,TRUE,8/17/2023 13:01,2023-LCS-NWA-160823-003A,8/17/2023,13:01,,
1692291840,3.42,23.131,3.518,0.961,7450-770855,TRUE,8/17/2023 13:04,2023-LCS-NWA-160823-005A,8/17/2023,13:04,,
1692292020,3.4,24.071,8.778,0.972,7450-064567,TRUE,8/17/2023 13:07,2023-LCS-NWA-160823-006A,8/17/2023,13:07,,
,,,,,,FISH,8/17/2023 13:07,2023-LCS-NWA-160823-003A,8/17/2023,13:07,,
1692292260,3.44,21.828,0.022,0.966,7450-778298,FALSE,8/17/2023 13:11,2023-LCS-NWA-160823-003A,8/17/2023,13:11,,
1692292440,3.42,23.215,3.569,0.961,7450-770855,TRUE,8/17/2023 13:14,2023-LCS-NWA-160823-005A,8/17/2023,13:14,,
1692292620,3.4,24.121,8.877,0.973,7450-064567,TRUE,8/17/2023 13:17,2023-LCS-NWA-160823-006A,8/17/2023,13:17,,
1692292860,3.44,21.895,0.022,0.966,7450-778298,FALSE,8/17/2023 13:21,2023-LCS-NWA-160823-003A,8/17/2023,13:21,,
1692293040,3.42,23.29,3.729,0.961,7450-770855,TRUE,8/17/2023 13:24,2023-LCS-NWA-160823-005A,8/17/2023,13:24,,
1692293220,3.4,24.205,8.937,0.972,7450-064567,TRUE,8/17/2023 13:27,2023-LCS-NWA-160823-006A,8/17/2023,13:27,,
1692293460,3.44,21.92,0.04,0.967,7450-778298,FALSE,8/17/2023 13:31,2023-LCS-NWA-160823-003A,8/17/2023,13:31,,
1692293640,3.42,23.165,3.227,0.961,7450-770855,TRUE,8/17/2023 13:34,2023-LCS-NWA-160823-005A,8/17/2023,13:34,,
1692293820,3.4,24.23,8.86,0.972,7450-064567,TRUE,8/17/2023 13:37,2023-LCS-NWA-160823-006A,8/17/2023,13:37,,
1692294060,3.44,23.51,7.899,0.983,7450-778298,FALSE,8/17/2023 13:41,2023-LCS-NWA-160823-003A,8/17/2023,13:41,,
1692294240,3.42,23.156,3.125,0.961,7450-770855,TRUE,8/17/2023 13:44,2023-LCS-NWA-160823-005A,8/17/2023,13:44,,
1692294420,3.4,24.306,9.061,0.972,7450-064567,TRUE,8/17/2023 13:47,2023-LCS-NWA-160823-006A,8/17/2023,13:47,,
1692294660,3.44,27.943,7.446,0.985,7450-778298,FALSE,8/17/2023 13:51,2023-LCS-NWA-160823-003A,8/17/2023,13:51,,
1692294840,3.42,23.315,3.705,0.961,7450-770855,TRUE,8/17/2023 13:54,2023-LCS-NWA-160823-005A,8/17/2023,13:54,,
1692295020,3.41,24.348,9.148,0.973,7450-064567,TRUE,8/17/2023 13:57,2023-LCS-NWA-160823-006A,8/17/2023,13:57,,
1692295440,3.42,23.39,3.807,0.961,7450-770855,TRUE,8/17/2023 14:04,2023-LCS-NWA-160823-005A,8/17/2023,14:04,,
,,,,,,FISH,8/17/2023 14:04,2023-LCS-NWA-160823-005A,8/17/2023,14:04,,
1692295620,3.41,24.331,8.998,0.973,7450-064567,TRUE,8/17/2023 14:07,2023-LCS-NWA-160823-006A,8/17/2023,14:07,,
1692296040,3.42,22.889,7.892,0.957,7450-770855,FALSE,8/17/2023 14:14,2023-LCS-NWA-160823-005A,8/17/2023,14:14,,
1692296220,3.4,24.297,8.896,0.972,7450-064567,TRUE,8/17/2023 14:17,2023-LCS-NWA-160823-006A,8/17/2023,14:17,,
,,,,,,FISH,8/17/2023 14:20,2023-LCS-NWA-160823-006A,8/17/2023,14:20,,
1692296640,3.42,22.863,8.129,0.959,7450-770855,FALSE,8/17/2023 14:24,2023-LCS-NWA-160823-005A,8/17/2023,14:24,,
1692296820,3.41,23.559,7.834,0.971,7450-064567,FALSE,8/17/2023 14:27,2023-LCS-NWA-160823-006A,8/17/2023,14:27,,
1692297420,3.41,22.798,7.971,0.97,7450-064567,FALSE,8/17/2023 14:37,2023-LCS-NWA-160823-006A,8/17/2023,14:37,,
,,24.93,2.90,,YSI,SET,8/21/2023 15:14,2023-LCS-NWA-210823-001A,8/21/2023,15:14,,
,,25.64,9.16,,YSI,SET,8/21/2023 15:33,2023-LCS-NWA-210823-002A,8/21/2023,15:33,,
1692646920,3.43,33.72,6.823,0.984,7450-778298,FALSE,8/21/2023 15:42,2023-LCS-NWA-210823-001A,8/21/2023,15:42,,
1692647460,3.41,27.911,10.997,0.919,7450-049711,TRUE,8/21/2023 15:51,2023-LCS-NWA-210823-002A,8/21/2023,15:51,,
1692647520,3.43,35.686,6.571,0.976,7450-778298,FALSE,8/21/2023 15:52,2023-LCS-NWA-210823-001A,8/21/2023,15:52,,
1692648060,3.42,26.577,10.676,0.919,7450-049711,TRUE,8/21/2023 16:01,2023-LCS-NWA-210823-002A,8/21/2023,16:01,,
1692648120,3.44,26.786,2.576,0.987,7450-778298,TRUE,8/21/2023 16:02,2023-LCS-NWA-210823-001A,8/21/2023,16:02,,
,,23.62,1.74,,YSI,SET,8/21/2023 16:02,2023-LCS-NWA-210823-004A,8/21/2023,16:02,,
1692648660,3.41,26.289,10.264,0.918,7450-049711,TRUE,8/21/2023 16:11,2023-LCS-NWA-210823-002A,8/21/2023,16:11,,
1692648720,3.44,26.025,2.153,0.987,7450-778298,TRUE,8/21/2023 16:12,2023-LCS-NWA-210823-001A,8/21/2023,16:12,,
1692649260,3.41,26.425,10.614,0.918,7450-049711,TRUE,8/21/2023 16:21,2023-LCS-NWA-210823-002A,8/21/2023,16:21,,
1692649320,3.44,25.831,2.049,0.987,7450-778298,TRUE,8/21/2023 16:22,2023-LCS-NWA-210823-001A,8/21/2023,16:22,,
,,22.28,1.61,,YSI,SET,8/21/2023 16:25,2023-LCS-NWA-210823-006A,8/21/2023,16:25,,
1692649860,3.42,26.484,10.894,0.919,7450-049711,TRUE,8/21/2023 16:31,2023-LCS-NWA-210823-002A,8/21/2023,16:31,,
1692649920,3.45,25.712,1.444,0.986,7450-778298,TRUE,8/21/2023 16:32,2023-LCS-NWA-210823-001A,8/21/2023,16:32,,
1692650460,3.42,26.458,10.387,0.918,7450-049711,TRUE,8/21/2023 16:41,2023-LCS-NWA-210823-002A,8/21/2023,16:41,,
1692650520,3.45,25.696,1.066,0.984,7450-778298,TRUE,8/21/2023 16:42,2023-LCS-NWA-210823-001A,8/21/2023,16:42,,
1692651060,3.42,26.458,10.332,0.919,7450-049711,TRUE,8/21/2023 16:51,2023-LCS-NWA-210823-002A,8/21/2023,16:51,,
1692651120,3.45,25.696,1.054,0.984,7450-778298,TRUE,8/21/2023 16:52,2023-LCS-NWA-210823-001A,8/21/2023,16:52,,
1692651300,3.42,24.102,1.787,0.961,7450-770855,TRUE,8/21/2023 16:55,2023-LCS-NWA-210823-004A,8/21/2023,16:55,,
1692651660,3.41,26.382,10.57,0.918,7450-049711,TRUE,8/21/2023 17:01,2023-LCS-NWA-210823-002A,8/21/2023,17:01,,
1692651720,3.45,25.721,1.11,0.985,7450-778298,TRUE,8/21/2023 17:02,2023-LCS-NWA-210823-001A,8/21/2023,17:02,,
1692651900,3.42,23.081,1.139,0.958,7450-770855,TRUE,8/21/2023 17:05,2023-LCS-NWA-210823-004A,8/21/2023,17:05,,
1692652260,3.41,26.357,10.499,0.919,7450-049711,TRUE,8/21/2023 17:11,2023-LCS-NWA-210823-002A,8/21/2023,17:11,,
1692652320,3.45,25.696,1.161,0.985,7450-778298,TRUE,8/21/2023 17:12,2023-LCS-NWA-210823-001A,8/21/2023,17:12,,
1692652500,3.42,22.964,1.368,0.96,7450-770855,TRUE,8/21/2023 17:15,2023-LCS-NWA-210823-004A,8/21/2023,17:15,,
1692652860,3.41,26.264,10.678,0.918,7450-049711,TRUE,8/21/2023 17:21,2023-LCS-NWA-210823-002A,8/21/2023,17:21,,
1692652860,3.4,25.112,1.852,0.968,7450-064567,TRUE,8/21/2023 17:21,2023-LCS-NWA-210823-006A,8/21/2023,17:21,,
1692652920,3.45,25.704,1.644,0.987,7450-778298,TRUE,8/21/2023 17:22,2023-LCS-NWA-210823-001A,8/21/2023,17:22,,
1692653100,3.42,22.88,0.863,0.954,7450-770855,TRUE,8/21/2023 17:25,2023-LCS-NWA-210823-004A,8/21/2023,17:25,,
1692653460,3.41,26.281,10.646,0.918,7450-049711,TRUE,8/21/2023 17:31,2023-LCS-NWA-210823-002A,8/21/2023,17:31,,
1692653460,3.4,24.088,1.075,0.964,7450-064567,TRUE,8/21/2023 17:31,2023-LCS-NWA-210823-006A,8/21/2023,17:31,,
1692653520,3.44,25.755,1.798,0.987,7450-778298,TRUE,8/21/2023 17:32,2023-LCS-NWA-210823-001A,8/21/2023,17:32,,
1692653700,3.42,22.922,1.187,0.958,7450-770855,TRUE,8/21/2023 17:35,2023-LCS-NWA-210823-004A,8/21/2023,17:35,,
1692654060,3.41,26.179,10.279,0.918,7450-049711,TRUE,8/21/2023 17:41,2023-LCS-NWA-210823-002A,8/21/2023,17:41,,
1692654060,3.41,23.895,0.802,0.962,7450-064567,TRUE,8/21/2023 17:41,2023-LCS-NWA-210823-006A,8/21/2023,17:41,,
1692654120,3.44,25.805,1.692,0.987,7450-778298,TRUE,8/21/2023 17:42,2023-LCS-NWA-210823-001A,8/21/2023,17:42,,
1692654300,3.42,22.939,1.253,0.959,7450-770855,TRUE,8/21/2023 17:45,2023-LCS-NWA-210823-004A,8/21/2023,17:45,,
1692654660,3.41,26.112,10.17,0.917,7450-049711,TRUE,8/21/2023 17:51,2023-LCS-NWA-210823-002A,8/21/2023,17:51,,
1692654660,3.41,23.836,0.615,0.959,7450-064567,TRUE,8/21/2023 17:51,2023-LCS-NWA-210823-006A,8/21/2023,17:51,,
1692654720,3.45,25.78,1.694,0.987,7450-778298,TRUE,8/21/2023 17:52,2023-LCS-NWA-210823-001A,8/21/2023,17:52,,
1692654900,3.42,23.014,1.154,0.958,7450-770855,TRUE,8/21/2023 17:55,2023-LCS-NWA-210823-004A,8/21/2023,17:55,,
1692655260,3.42,26.027,10.286,0.918,7450-049711,TRUE,8/21/2023 18:01,2023-LCS-NWA-210823-002A,8/21/2023,18:01,,
1692655260,3.41,23.828,0.877,0.963,7450-064567,TRUE,8/21/2023 18:01,2023-LCS-NWA-210823-006A,8/21/2023,18:01,,
1692655320,3.44,25.831,1.962,0.987,7450-778298,TRUE,8/21/2023 18:02,2023-LCS-NWA-210823-001A,8/21/2023,18:02,,
1692655500,3.42,22.855,0.616,0.95,7450-770855,TRUE,8/21/2023 18:05,2023-LCS-NWA-210823-004A,8/21/2023,18:05,,
1692655860,3.42,25.985,10.603,0.919,7450-049711,TRUE,8/21/2023 18:11,2023-LCS-NWA-210823-002A,8/21/2023,18:11,,
1692655860,3.41,23.844,0.837,0.962,7450-064567,TRUE,8/21/2023 18:11,2023-LCS-NWA-210823-006A,8/21/2023,18:11,,
1692655920,3.44,25.729,1.959,0.987,7450-778298,TRUE,8/21/2023 18:12,2023-LCS-NWA-210823-001A,8/21/2023,18:12,,
1692656100,3.42,22.989,1.071,0.957,7450-770855,TRUE,8/21/2023 18:15,2023-LCS-NWA-210823-004A,8/21/2023,18:15,,
1692656460,3.42,25.867,10.614,0.918,7450-049711,TRUE,8/21/2023 18:21,2023-LCS-NWA-210823-002A,8/21/2023,18:21,,
1692656460,3.41,23.853,1.06,0.965,7450-064567,TRUE,8/21/2023 18:21,2023-LCS-NWA-210823-006A,8/21/2023,18:21,,
1692656520,3.45,25.696,1.654,0.987,7450-778298,TRUE,8/21/2023 18:22,2023-LCS-NWA-210823-001A,8/21/2023,18:22,,
1692656700,3.42,23.064,1.399,0.959,7450-770855,TRUE,8/21/2023 18:25,2023-LCS-NWA-210823-004A,8/21/2023,18:25,,
1692657060,3.42,25.698,10.387,0.918,7450-049711,TRUE,8/21/2023 18:31,2023-LCS-NWA-210823-002A,8/21/2023,18:31,,
1692657060,3.41,23.794,0.732,0.961,7450-064567,TRUE,8/21/2023 18:31,2023-LCS-NWA-210823-006A,8/21/2023,18:31,,
1692657120,3.44,25.797,2.127,0.987,7450-778298,TRUE,8/21/2023 18:32,2023-LCS-NWA-210823-001A,8/21/2023,18:32,,
1692657300,3.42,23.014,1.182,0.958,7450-770855,TRUE,8/21/2023 18:35,2023-LCS-NWA-210823-004A,8/21/2023,18:35,,
1692657660,3.42,25.487,10.482,0.918,7450-049711,TRUE,8/21/2023 18:41,2023-LCS-NWA-210823-002A,8/21/2023,18:41,,
1692657660,3.41,23.702,0.29,0.953,7450-064567,TRUE,8/21/2023 18:41,2023-LCS-NWA-210823-006A,8/21/2023,18:41,,
1692657720,3.44,25.763,1.919,0.987,7450-778298,TRUE,8/21/2023 18:42,2023-LCS-NWA-210823-001A,8/21/2023,18:42,,
1692657900,3.42,23.131,1.785,0.961,7450-770855,TRUE,8/21/2023 18:45,2023-LCS-NWA-210823-004A,8/21/2023,18:45,,
1692658260,3.41,25.302,10.14,0.918,7450-049711,TRUE,8/21/2023 18:51,2023-LCS-NWA-210823-002A,8/21/2023,18:51,,
1692658260,3.41,23.626,1.173,0.966,7450-064567,TRUE,8/21/2023 18:51,2023-LCS-NWA-210823-006A,8/21/2023,18:51,,
1692658320,3.44,25.679,2.153,0.988,7450-778298,TRUE,8/21/2023 18:52,2023-LCS-NWA-210823-001A,8/21/2023,18:52,,
1692658500,3.42,23.365,2.666,0.962,7450-770855,TRUE,8/21/2023 18:55,2023-LCS-NWA-210823-004A,8/21/2023,18:55,,
1692658860,3.42,25.108,9.968,0.918,7450-049711,TRUE,8/21/2023 19:01,2023-LCS-NWA-210823-002A,8/21/2023,19:01,,
1692658860,3.41,23.509,1.335,0.968,7450-064567,TRUE,8/21/2023 19:01,2023-LCS-NWA-210823-006A,8/21/2023,19:01,,
1692658920,3.45,25.586,2.283,0.987,7450-778298,TRUE,8/21/2023 19:02,2023-LCS-NWA-210823-001A,8/21/2023,19:02,,
1692659100,3.42,23.424,2.915,0.962,7450-770855,TRUE,8/21/2023 19:05,2023-LCS-NWA-210823-004A,8/21/2023,19:05,,
1692659460,3.42,24.898,9.707,0.917,7450-049711,TRUE,8/21/2023 19:11,2023-LCS-NWA-210823-002A,8/21/2023,19:11,,
1692659460,3.41,23.367,1.636,0.97,7450-064567,TRUE,8/21/2023 19:11,2023-LCS-NWA-210823-006A,8/21/2023,19:11,,
1692659520,3.45,25.459,2.269,0.987,7450-778298,TRUE,8/21/2023 19:12,2023-LCS-NWA-210823-001A,8/21/2023,19:12,,
1692659700,3.42,23.298,2.843,0.962,7450-770855,TRUE,8/21/2023 19:15,2023-LCS-NWA-210823-004A,8/21/2023,19:15,,
1692660060,3.42,24.721,9.508,0.917,7450-049711,TRUE,8/21/2023 19:21,2023-LCS-NWA-210823-002A,8/21/2023,19:21,,
1692660060,3.41,23.208,2.722,0.97,7450-064567,TRUE,8/21/2023 19:21,2023-LCS-NWA-210823-006A,8/21/2023,19:21,,
1692660120,3.44,25.325,2.2,0.987,7450-778298,TRUE,8/21/2023 19:22,2023-LCS-NWA-210823-001A,8/21/2023,19:22,,
1692660300,3.42,23.257,3.041,0.962,7450-770855,TRUE,8/21/2023 19:25,2023-LCS-NWA-210823-004A,8/21/2023,19:25,,
1692660660,3.42,24.553,9.238,0.916,7450-049711,TRUE,8/21/2023 19:31,2023-LCS-NWA-210823-002A,8/21/2023,19:31,,
1692660660,3.41,23.057,2.842,0.971,7450-064567,TRUE,8/21/2023 19:31,2023-LCS-NWA-210823-006A,8/21/2023,19:31,,
1692660720,3.44,25.198,2.14,0.987,7450-778298,TRUE,8/21/2023 19:32,2023-LCS-NWA-210823-001A,8/21/2023,19:32,,
1692660900,3.42,23.165,2.895,0.962,7450-770855,TRUE,8/21/2023 19:35,2023-LCS-NWA-210823-004A,8/21/2023,19:35,,
1692661260,3.42,24.385,8.793,0.916,7450-049711,TRUE,8/21/2023 19:41,2023-LCS-NWA-210823-002A,8/21/2023,19:41,,
1692661260,3.41,22.89,2.687,0.971,7450-064567,TRUE,8/21/2023 19:41,2023-LCS-NWA-210823-006A,8/21/2023,19:41,,
1692661320,3.44,25.097,2.046,0.987,7450-778298,TRUE,8/21/2023 19:42,2023-LCS-NWA-210823-001A,8/21/2023,19:42,,
1692661500,3.42,23.064,2.797,0.962,7450-770855,TRUE,8/21/2023 19:45,2023-LCS-NWA-210823-004A,8/21/2023,19:45,,
1692661860,3.42,24.259,8.357,0.916,7450-049711,TRUE,8/21/2023 19:51,2023-LCS-NWA-210823-002A,8/21/2023,19:51,,
1692661860,3.41,22.722,2.415,0.972,7450-064567,TRUE,8/21/2023 19:51,2023-LCS-NWA-210823-006A,8/21/2023,19:51,,
1692661920,3.44,25.005,2.047,0.987,7450-778298,TRUE,8/21/2023 19:52,2023-LCS-NWA-210823-001A,8/21/2023,19:52,,
1692662100,3.42,22.939,2.526,0.962,7450-770855,TRUE,8/21/2023 19:55,2023-LCS-NWA-210823-004A,8/21/2023,19:55,,
1692662460,3.42,24.092,7.993,0.915,7450-049711,TRUE,8/21/2023 20:01,2023-LCS-NWA-210823-002A,8/21/2023,20:01,,
1692662460,3.41,22.614,2.245,0.971,7450-064567,TRUE,8/21/2023 20:01,2023-LCS-NWA-210823-006A,8/21/2023,20:01,,
1692662520,3.44,24.904,2,0.987,7450-778298,TRUE,8/21/2023 20:02,2023-LCS-NWA-210823-001A,8/21/2023,20:02,,
1692662700,3.42,22.872,2.743,0.962,7450-770855,TRUE,8/21/2023 20:05,2023-LCS-NWA-210823-004A,8/21/2023,20:05,,
1692663060,3.42,23.941,7.513,0.916,7450-049711,TRUE,8/21/2023 20:11,2023-LCS-NWA-210823-002A,8/21/2023,20:11,,
1692663060,3.41,22.471,2.087,0.971,7450-064567,TRUE,8/21/2023 20:11,2023-LCS-NWA-210823-006A,8/21/2023,20:11,,
1692663120,3.44,24.803,1.976,0.987,7450-778298,TRUE,8/21/2023 20:12,2023-LCS-NWA-210823-001A,8/21/2023,20:12,,
1692663300,3.42,22.763,2.676,0.962,7450-770855,TRUE,8/21/2023 20:15,2023-LCS-NWA-210823-004A,8/21/2023,20:15,,
1692663660,3.42,23.756,7.042,0.914,7450-049711,TRUE,8/21/2023 20:21,2023-LCS-NWA-210823-002A,8/21/2023,20:21,,
1692663660,3.41,22.371,2.015,0.971,7450-064567,TRUE,8/21/2023 20:21,2023-LCS-NWA-210823-006A,8/21/2023,20:21,,
1692663720,3.45,24.702,1.823,0.987,7450-778298,TRUE,8/21/2023 20:22,2023-LCS-NWA-210823-001A,8/21/2023,20:22,,
1692663900,3.42,22.671,2.608,0.962,7450-770855,TRUE,8/21/2023 20:25,2023-LCS-NWA-210823-004A,8/21/2023,20:25,,
1692664260,3.42,23.605,6.683,0.915,7450-049711,TRUE,8/21/2023 20:31,2023-LCS-NWA-210823-002A,8/21/2023,20:31,,
1692664260,3.41,22.262,1.813,0.97,7450-064567,TRUE,8/21/2023 20:31,2023-LCS-NWA-210823-006A,8/21/2023,20:31,,
1692664320,3.45,24.609,1.777,0.987,7450-778298,TRUE,8/21/2023 20:32,2023-LCS-NWA-210823-001A,8/21/2023,20:32,,
1692664500,3.42,22.579,2.446,0.962,7450-770855,TRUE,8/21/2023 20:35,2023-LCS-NWA-210823-004A,8/21/2023,20:35,,
1692664860,3.42,23.488,6.383,0.915,7450-049711,TRUE,8/21/2023 20:41,2023-LCS-NWA-210823-002A,8/21/2023,20:41,,
1692664860,3.41,22.12,1.726,0.97,7450-064567,TRUE,8/21/2023 20:41,2023-LCS-NWA-210823-006A,8/21/2023,20:41,,
1692664920,3.45,24.509,1.762,0.987,7450-778298,TRUE,8/21/2023 20:42,2023-LCS-NWA-210823-001A,8/21/2023,20:42,,
1692665100,3.42,22.512,2.291,0.962,7450-770855,TRUE,8/21/2023 20:45,2023-LCS-NWA-210823-004A,8/21/2023,20:45,,
1692665460,3.42,23.362,5.97,0.914,7450-049711,TRUE,8/21/2023 20:51,2023-LCS-NWA-210823-002A,8/21/2023,20:51,,
1692665460,3.41,22.011,1.431,0.968,7450-064567,TRUE,8/21/2023 20:51,2023-LCS-NWA-210823-006A,8/21/2023,20:51,,
1692665520,3.45,24.399,1.759,0.987,7450-778298,TRUE,8/21/2023 20:52,2023-LCS-NWA-210823-001A,8/21/2023,20:52,,
1692665700,3.42,22.412,2.149,0.961,7450-770855,TRUE,8/21/2023 20:55,2023-LCS-NWA-210823-004A,8/21/2023,20:55,,
1692666060,3.42,23.27,5.642,0.914,7450-049711,TRUE,8/21/2023 21:01,2023-LCS-NWA-210823-002A,8/21/2023,21:01,,
1692666060,3.41,21.928,1.063,0.966,7450-064567,TRUE,8/21/2023 21:01,2023-LCS-NWA-210823-006A,8/21/2023,21:01,,
1692666120,3.44,24.324,1.706,0.987,7450-778298,TRUE,8/21/2023 21:02,2023-LCS-NWA-210823-001A,8/21/2023,21:02,,
1692666300,3.42,22.362,2.028,0.961,7450-770855,TRUE,8/21/2023 21:05,2023-LCS-NWA-210823-004A,8/21/2023,21:05,,
1692666660,3.42,23.178,5.4,0.914,7450-049711,TRUE,8/21/2023 21:11,2023-LCS-NWA-210823-002A,8/21/2023,21:11,,
1692666660,3.41,21.836,0.808,0.963,7450-064567,TRUE,8/21/2023 21:11,2023-LCS-NWA-210823-006A,8/21/2023,21:11,,
1692666720,3.44,24.248,1.599,0.986,7450-778298,TRUE,8/21/2023 21:12,2023-LCS-NWA-210823-001A,8/21/2023,21:12,,
1692666900,3.42,22.32,1.853,0.96,7450-770855,TRUE,8/21/2023 21:15,2023-LCS-NWA-210823-004A,8/21/2023,21:15,,
1692667260,3.42,23.086,5.133,0.915,7450-049711,TRUE,8/21/2023 21:21,2023-LCS-NWA-210823-002A,8/21/2023,21:21,,
1692667260,3.41,21.752,0.58,0.96,7450-064567,TRUE,8/21/2023 21:21,2023-LCS-NWA-210823-006A,8/21/2023,21:21,,
1692667320,3.44,24.206,1.641,0.986,7450-778298,TRUE,8/21/2023 21:22,2023-LCS-NWA-210823-001A,8/21/2023,21:22,,
1692667500,3.42,22.262,1.742,0.96,7450-770855,TRUE,8/21/2023 21:25,2023-LCS-NWA-210823-004A,8/21/2023,21:25,,
1692667860,3.42,22.994,4.689,0.914,7450-049711,TRUE,8/21/2023 21:31,2023-LCS-NWA-210823-002A,8/21/2023,21:31,,
1692667860,3.41,21.685,0.327,0.954,7450-064567,TRUE,8/21/2023 21:31,2023-LCS-NWA-210823-006A,8/21/2023,21:31,,
1692667920,3.44,24.156,1.643,0.986,7450-778298,TRUE,8/21/2023 21:32,2023-LCS-NWA-210823-001A,8/21/2023,21:32,,
1692668100,3.42,22.22,1.685,0.96,7450-770855,TRUE,8/21/2023 21:35,2023-LCS-NWA-210823-004A,8/21/2023,21:35,,
1692668460,3.42,22.902,4.576,0.915,7450-049711,TRUE,8/21/2023 21:41,2023-LCS-NWA-210823-002A,8/21/2023,21:41,,
1692668460,3.41,21.61,0.168,0.951,7450-064567,TRUE,8/21/2023 21:41,2023-LCS-NWA-210823-006A,8/21/2023,21:41,,
1692668520,3.44,24.064,1.568,0.986,7450-778298,TRUE,8/21/2023 21:42,2023-LCS-NWA-210823-001A,8/21/2023,21:42,,
1692668700,3.42,22.136,1.635,0.96,7450-770855,TRUE,8/21/2023 21:45,2023-LCS-NWA-210823-004A,8/21/2023,21:45,,
1692669060,3.42,22.793,4.393,0.914,7450-049711,TRUE,8/21/2023 21:51,2023-LCS-NWA-210823-002A,8/21/2023,21:51,,
1692669060,3.41,21.535,0.075,0.948,7450-064567,TRUE,8/21/2023 21:51,2023-LCS-NWA-210823-006A,8/21/2023,21:51,,
1692669120,3.44,23.988,1.535,0.985,7450-778298,TRUE,8/21/2023 21:52,2023-LCS-NWA-210823-001A,8/21/2023,21:52,,
1692669300,3.42,22.078,1.526,0.959,7450-770855,TRUE,8/21/2023 21:55,2023-LCS-NWA-210823-004A,8/21/2023,21:55,,
1692669660,3.42,22.693,4.13,0.915,7450-049711,TRUE,8/21/2023 22:01,2023-LCS-NWA-210823-002A,8/21/2023,22:01,,
1692669660,3.41,21.46,0.055,0.947,7450-064567,TRUE,8/21/2023 22:01,2023-LCS-NWA-210823-006A,8/21/2023,22:01,,
1692669720,3.44,23.913,1.523,0.986,7450-778298,TRUE,8/21/2023 22:02,2023-LCS-NWA-210823-001A,8/21/2023,22:02,,
1692669900,3.42,21.994,1.496,0.959,7450-770855,TRUE,8/21/2023 22:05,2023-LCS-NWA-210823-004A,8/21/2023,22:05,,
1692670260,3.42,22.618,3.913,0.915,7450-049711,TRUE,8/21/2023 22:11,2023-LCS-NWA-210823-002A,8/21/2023,22:11,,
1692670260,3.41,21.393,0.027,0.947,7450-064567,TRUE,8/21/2023 22:11,2023-LCS-NWA-210823-006A,8/21/2023,22:11,,
1692670320,3.44,23.812,1.423,0.985,7450-778298,TRUE,8/21/2023 22:12,2023-LCS-NWA-210823-001A,8/21/2023,22:12,,
1692670500,3.42,21.961,1.47,0.959,7450-770855,TRUE,8/21/2023 22:15,2023-LCS-NWA-210823-004A,8/21/2023,22:15,,
1692670860,3.42,22.517,3.708,0.914,7450-049711,TRUE,8/21/2023 22:21,2023-LCS-NWA-210823-002A,8/21/2023,22:21,,
1692670860,3.41,21.351,0.024,0.947,7450-064567,TRUE,8/21/2023 22:21,2023-LCS-NWA-210823-006A,8/21/2023,22:21,,
1692670920,3.44,23.778,1.481,0.985,7450-778298,TRUE,8/21/2023 22:22,2023-LCS-NWA-210823-001A,8/21/2023,22:22,,
1692671100,3.42,21.902,1.373,0.958,7450-770855,TRUE,8/21/2023 22:25,2023-LCS-NWA-210823-004A,8/21/2023,22:25,,
1692671460,3.42,22.442,3.408,0.915,7450-049711,TRUE,8/21/2023 22:31,2023-LCS-NWA-210823-002A,8/21/2023,22:31,,
1692671460,3.41,21.292,0.021,0.946,7450-064567,TRUE,8/21/2023 22:31,2023-LCS-NWA-210823-006A,8/21/2023,22:31,,
1692671520,3.44,23.703,1.453,0.985,7450-778298,TRUE,8/21/2023 22:32,2023-LCS-NWA-210823-001A,8/21/2023,22:32,,
1692671700,3.42,21.835,1.379,0.959,7450-770855,TRUE,8/21/2023 22:35,2023-LCS-NWA-210823-004A,8/21/2023,22:35,,
1692672060,3.42,22.35,3.203,0.915,7450-049711,TRUE,8/21/2023 22:41,2023-LCS-NWA-210823-002A,8/21/2023,22:41,,
1692672060,3.41,21.234,0.02,0.947,7450-064567,TRUE,8/21/2023 22:41,2023-LCS-NWA-210823-006A,8/21/2023,22:41,,
1692672120,3.45,23.653,1.355,0.985,7450-778298,TRUE,8/21/2023 22:42,2023-LCS-NWA-210823-001A,8/21/2023,22:42,,
1692672300,3.42,21.777,1.353,0.958,7450-770855,TRUE,8/21/2023 22:45,2023-LCS-NWA-210823-004A,8/21/2023,22:45,,
1692672660,3.42,22.275,3.08,0.915,7450-049711,TRUE,8/21/2023 22:51,2023-LCS-NWA-210823-002A,8/21/2023,22:51,,
1692672660,3.41,21.175,0.021,0.947,7450-064567,TRUE,8/21/2023 22:51,2023-LCS-NWA-210823-006A,8/21/2023,22:51,,
1692672720,3.45,23.586,1.285,0.984,7450-778298,TRUE,8/21/2023 22:52,2023-LCS-NWA-210823-001A,8/21/2023,22:52,,
1692672900,3.42,21.727,1.29,0.958,7450-770855,TRUE,8/21/2023 22:55,2023-LCS-NWA-210823-004A,8/21/2023,22:55,,
1692673260,3.42,22.216,2.849,0.915,7450-049711,TRUE,8/21/2023 23:01,2023-LCS-NWA-210823-002A,8/21/2023,23:01,,
1692673260,3.41,21.108,0.022,0.947,7450-064567,TRUE,8/21/2023 23:01,2023-LCS-NWA-210823-006A,8/21/2023,23:01,,
1692673320,3.45,23.468,1.326,0.984,7450-778298,TRUE,8/21/2023 23:02,2023-LCS-NWA-210823-001A,8/21/2023,23:02,,
1692673500,3.42,21.652,1.041,0.956,7450-770855,TRUE,8/21/2023 23:05,2023-LCS-NWA-210823-004A,8/21/2023,23:05,,
1692673860,3.42,22.116,2.666,0.915,7450-049711,TRUE,8/21/2023 23:11,2023-LCS-NWA-210823-002A,8/21/2023,23:11,,
1692673860,3.41,21.083,0.019,0.947,7450-064567,TRUE,8/21/2023 23:11,2023-LCS-NWA-210823-006A,8/21/2023,23:11,,
1692673920,3.45,23.418,1.277,0.984,7450-778298,TRUE,8/21/2023 23:12,2023-LCS-NWA-210823-001A,8/21/2023,23:12,,
1692674100,3.42,21.643,0.954,0.954,7450-770855,TRUE,8/21/2023 23:15,2023-LCS-NWA-210823-004A,8/21/2023,23:15,,
1692674460,3.42,22.024,2.541,0.915,7450-049711,TRUE,8/21/2023 23:21,2023-LCS-NWA-210823-002A,8/21/2023,23:21,,
1692674460,3.41,21.025,0.021,0.947,7450-064567,TRUE,8/21/2023 23:21,2023-LCS-NWA-210823-006A,8/21/2023,23:21,,
1692674520,3.45,23.343,1.27,0.984,7450-778298,TRUE,8/21/2023 23:22,2023-LCS-NWA-210823-001A,8/21/2023,23:22,,
1692674700,3.42,21.601,0.899,0.954,7450-770855,TRUE,8/21/2023 23:25,2023-LCS-NWA-210823-004A,8/21/2023,23:25,,
1692675060,3.42,21.948,2.295,0.915,7450-049711,TRUE,8/21/2023 23:31,2023-LCS-NWA-210823-002A,8/21/2023,23:31,,
1692675060,3.41,20.966,0.021,0.947,7450-064567,TRUE,8/21/2023 23:31,2023-LCS-NWA-210823-006A,8/21/2023,23:31,,
1692675120,3.45,23.284,1.26,0.984,7450-778298,TRUE,8/21/2023 23:32,2023-LCS-NWA-210823-001A,8/21/2023,23:32,,
1692675300,3.42,21.551,0.884,0.953,7450-770855,TRUE,8/21/2023 23:35,2023-LCS-NWA-210823-004A,8/21/2023,23:35,,
1692675660,3.42,21.857,2.162,0.914,7450-049711,TRUE,8/21/2023 23:41,2023-LCS-NWA-210823-002A,8/21/2023,23:41,,
1692675660,3.41,20.941,0.02,0.947,7450-064567,TRUE,8/21/2023 23:41,2023-LCS-NWA-210823-006A,8/21/2023,23:41,,
1692675720,3.44,23.225,1.272,0.984,7450-778298,TRUE,8/21/2023 23:42,2023-LCS-NWA-210823-001A,8/21/2023,23:42,,
1692675900,3.42,21.501,0.965,0.954,7450-770855,TRUE,8/21/2023 23:45,2023-LCS-NWA-210823-004A,8/21/2023,23:45,,
1692676260,3.42,21.781,1.945,0.914,7450-049711,TRUE,8/21/2023 23:51,2023-LCS-NWA-210823-002A,8/21/2023,23:51,,
1692676260,3.41,20.866,0.022,0.947,7450-064567,TRUE,8/21/2023 23:51,2023-LCS-NWA-210823-006A,8/21/2023,23:51,,
1692676320,3.44,23.167,1.245,0.984,7450-778298,TRUE,8/21/2023 23:52,2023-LCS-NWA-210823-001A,8/21/2023,23:52,,
1692676500,3.42,21.451,0.928,0.954,7450-770855,TRUE,8/21/2023 23:55,2023-LCS-NWA-210823-004A,8/21/2023,23:55,,
1692676860,3.42,21.681,1.72,0.914,7450-049711,TRUE,8/22/2023 0:01,2023-LCS-NWA-210823-002A,8/22/2023,0:01,,
1692676860,3.41,20.816,0.022,0.947,7450-064567,TRUE,8/22/2023 0:01,2023-LCS-NWA-210823-006A,8/22/2023,0:01,,
1692676920,3.44,23.091,1.266,0.983,7450-778298,TRUE,8/22/2023 0:02,2023-LCS-NWA-210823-001A,8/22/2023,0:02,,
1692677100,3.42,21.426,0.785,0.952,7450-770855,TRUE,8/22/2023 0:05,2023-LCS-NWA-210823-004A,8/22/2023,0:05,,
1692677460,3.42,21.606,1.598,0.913,7450-049711,TRUE,8/22/2023 0:11,2023-LCS-NWA-210823-002A,8/22/2023,0:11,,
1692677460,3.41,20.799,0.02,0.947,7450-064567,TRUE,8/22/2023 0:11,2023-LCS-NWA-210823-006A,8/22/2023,0:11,,
1692677520,3.44,23.041,1.29,0.984,7450-778298,TRUE,8/22/2023 0:12,2023-LCS-NWA-210823-001A,8/22/2023,0:12,,
1692677700,3.42,21.359,0.801,0.952,7450-770855,TRUE,8/22/2023 0:15,2023-LCS-NWA-210823-004A,8/22/2023,0:15,,
1692678060,3.42,21.539,1.407,0.912,7450-049711,TRUE,8/22/2023 0:21,2023-LCS-NWA-210823-002A,8/22/2023,0:21,,
1692678060,3.41,20.757,0.021,0.947,7450-064567,TRUE,8/22/2023 0:21,2023-LCS-NWA-210823-006A,8/22/2023,0:21,,
1692678120,3.44,22.941,1.312,0.984,7450-778298,TRUE,8/22/2023 0:22,2023-LCS-NWA-210823-001A,8/22/2023,0:22,,
1692678300,3.42,21.334,0.77,0.952,7450-770855,TRUE,8/22/2023 0:25,2023-LCS-NWA-210823-004A,8/22/2023,0:25,,
1692678660,3.42,21.497,1.295,0.912,7450-049711,TRUE,8/22/2023 0:31,2023-LCS-NWA-210823-002A,8/22/2023,0:31,,
1692678660,3.41,20.699,0.021,0.947,7450-064567,TRUE,8/22/2023 0:31,2023-LCS-NWA-210823-006A,8/22/2023,0:31,,
1692678720,3.44,22.882,1.287,0.984,7450-778298,TRUE,8/22/2023 0:32,2023-LCS-NWA-210823-001A,8/22/2023,0:32,,
1692678900,3.42,21.309,0.72,0.951,7450-770855,TRUE,8/22/2023 0:35,2023-LCS-NWA-210823-004A,8/22/2023,0:35,,
1692679260,3.42,21.422,1.063,0.91,7450-049711,TRUE,8/22/2023 0:41,2023-LCS-NWA-210823-002A,8/22/2023,0:41,,
1692679260,3.41,20.673,0.021,0.947,7450-064567,TRUE,8/22/2023 0:41,2023-LCS-NWA-210823-006A,8/22/2023,0:41,,
1692679320,3.44,22.848,1.239,0.983,7450-778298,TRUE,8/22/2023 0:42,2023-LCS-NWA-210823-001A,8/22/2023,0:42,,
1692679500,3.42,21.267,0.646,0.95,7450-770855,TRUE,8/22/2023 0:45,2023-LCS-NWA-210823-004A,8/22/2023,0:45,,
1692679860,3.42,21.338,1.006,0.91,7450-049711,TRUE,8/22/2023 0:51,2023-LCS-NWA-210823-002A,8/22/2023,0:51,,
1692679860,3.41,20.632,0.021,0.947,7450-064567,TRUE,8/22/2023 0:51,2023-LCS-NWA-210823-006A,8/22/2023,0:51,,
1692679920,3.44,22.782,1.199,0.983,7450-778298,TRUE,8/22/2023 0:52,2023-LCS-NWA-210823-001A,8/22/2023,0:52,,
1692680100,3.42,21.242,0.568,0.948,7450-770855,TRUE,8/22/2023 0:55,2023-LCS-NWA-210823-004A,8/22/2023,0:55,,
1692680460,3.42,21.263,0.824,0.908,7450-049711,TRUE,8/22/2023 1:01,2023-LCS-NWA-210823-002A,8/22/2023,1:01,,
1692680460,3.41,20.565,0.022,0.948,7450-064567,TRUE,8/22/2023 1:01,2023-LCS-NWA-210823-006A,8/22/2023,1:01,,
1692680520,3.44,22.731,1.184,0.983,7450-778298,TRUE,8/22/2023 1:02,2023-LCS-NWA-210823-001A,8/22/2023,1:02,,
1692680700,3.42,21.184,0.557,0.948,7450-770855,TRUE,8/22/2023 1:05,2023-LCS-NWA-210823-004A,8/22/2023,1:05,,
1692681060,3.42,21.196,0.764,0.907,7450-049711,TRUE,8/22/2023 1:11,2023-LCS-NWA-210823-002A,8/22/2023,1:11,,
1692681060,3.41,20.523,0.022,0.948,7450-064567,TRUE,8/22/2023 1:11,2023-LCS-NWA-210823-006A,8/22/2023,1:11,,
1692681120,3.44,22.664,1.212,0.983,7450-778298,TRUE,8/22/2023 1:12,2023-LCS-NWA-210823-001A,8/22/2023,1:12,,
1692681300,3.42,21.167,0.464,0.946,7450-770855,TRUE,8/22/2023 1:15,2023-LCS-NWA-210823-004A,8/22/2023,1:15,,
1692681660,3.42,21.146,0.706,0.906,7450-049711,TRUE,8/22/2023 1:21,2023-LCS-NWA-210823-002A,8/22/2023,1:21,,
1692681660,3.41,20.481,0.022,0.948,7450-064567,TRUE,8/22/2023 1:21,2023-LCS-NWA-210823-006A,8/22/2023,1:21,,
1692681720,3.45,22.589,1.21,0.982,7450-778298,TRUE,8/22/2023 1:22,2023-LCS-NWA-210823-001A,8/22/2023,1:22,,
1692681900,3.42,21.142,0.388,0.944,7450-770855,TRUE,8/22/2023 1:25,2023-LCS-NWA-210823-004A,8/22/2023,1:25,,
1692682260,3.42,21.096,0.623,0.905,7450-049711,TRUE,8/22/2023 1:31,2023-LCS-NWA-210823-002A,8/22/2023,1:31,,
1692682260,3.41,20.439,0.022,0.948,7450-064567,TRUE,8/22/2023 1:31,2023-LCS-NWA-210823-006A,8/22/2023,1:31,,
1692682320,3.45,22.514,1.181,0.982,7450-778298,TRUE,8/22/2023 1:32,2023-LCS-NWA-210823-001A,8/22/2023,1:32,,
1692682500,3.42,21.092,0.374,0.944,7450-770855,TRUE,8/22/2023 1:35,2023-LCS-NWA-210823-004A,8/22/2023,1:35,,
1692682860,3.42,21.029,0.527,0.904,7450-049711,TRUE,8/22/2023 1:41,2023-LCS-NWA-210823-002A,8/22/2023,1:41,,
1692682860,3.41,20.389,0.022,0.948,7450-064567,TRUE,8/22/2023 1:41,2023-LCS-NWA-210823-006A,8/22/2023,1:41,,
1692682920,3.45,22.48,1.218,0.983,7450-778298,TRUE,8/22/2023 1:42,2023-LCS-NWA-210823-001A,8/22/2023,1:42,,
1692683100,3.42,21.058,0.327,0.943,7450-770855,TRUE,8/22/2023 1:45,2023-LCS-NWA-210823-004A,8/22/2023,1:45,,
1692683460,3.42,20.912,0.379,0.901,7450-049711,TRUE,8/22/2023 1:51,2023-LCS-NWA-210823-002A,8/22/2023,1:51,,
1692683460,3.41,20.314,0.023,0.948,7450-064567,TRUE,8/22/2023 1:51,2023-LCS-NWA-210823-006A,8/22/2023,1:51,,
1692683520,3.45,22.43,1.175,0.982,7450-778298,TRUE,8/22/2023 1:52,2023-LCS-NWA-210823-001A,8/22/2023,1:52,,
1692683700,3.42,21.033,0.226,0.94,7450-770855,TRUE,8/22/2023 1:55,2023-LCS-NWA-210823-004A,8/22/2023,1:55,,
1692684060,3.42,20.845,0.382,0.901,7450-049711,TRUE,8/22/2023 2:01,2023-LCS-NWA-210823-002A,8/22/2023,2:01,,
1692684060,3.41,20.263,0.023,0.948,7450-064567,TRUE,8/22/2023 2:01,2023-LCS-NWA-210823-006A,8/22/2023,2:01,,
1692684120,3.45,22.355,1.172,0.982,7450-778298,TRUE,8/22/2023 2:02,2023-LCS-NWA-210823-001A,8/22/2023,2:02,,
1692684300,3.42,21.008,0.179,0.939,7450-770855,TRUE,8/22/2023 2:05,2023-LCS-NWA-210823-004A,8/22/2023,2:05,,
1692684660,3.42,20.761,0.395,0.901,7450-049711,TRUE,8/22/2023 2:11,2023-LCS-NWA-210823-002A,8/22/2023,2:11,,
1692684660,3.41,20.213,0.022,0.948,7450-064567,TRUE,8/22/2023 2:11,2023-LCS-NWA-210823-006A,8/22/2023,2:11,,
1692684720,3.45,22.313,0.382,0.967,7450-778298,TRUE,8/22/2023 2:12,2023-LCS-NWA-210823-001A,8/22/2023,2:12,,
1692684900,3.42,20.966,0.159,0.938,7450-770855,TRUE,8/22/2023 2:15,2023-LCS-NWA-210823-004A,8/22/2023,2:15,,
1692685260,3.42,20.669,0.329,0.9,7450-049711,TRUE,8/22/2023 2:21,2023-LCS-NWA-210823-002A,8/22/2023,2:21,,
1692685260,3.41,20.171,0.022,0.948,7450-064567,TRUE,8/22/2023 2:21,2023-LCS-NWA-210823-006A,8/22/2023,2:21,,
1692685320,3.45,22.238,0.509,0.969,7450-778298,TRUE,8/22/2023 2:22,2023-LCS-NWA-210823-001A,8/22/2023,2:22,,
1692685500,3.42,20.916,0.139,0.938,7450-770855,TRUE,8/22/2023 2:25,2023-LCS-NWA-210823-004A,8/22/2023,2:25,,
1692685860,3.42,20.611,0.308,0.899,7450-049711,TRUE,8/22/2023 2:31,2023-LCS-NWA-210823-002A,8/22/2023,2:31,,
1692685860,3.41,20.113,0.023,0.948,7450-064567,TRUE,8/22/2023 2:31,2023-LCS-NWA-210823-006A,8/22/2023,2:31,,
1692685920,3.45,22.187,0.571,0.972,7450-778298,TRUE,8/22/2023 2:32,2023-LCS-NWA-210823-001A,8/22/2023,2:32,,
1692686100,3.42,20.833,0.234,0.94,7450-770855,TRUE,8/22/2023 2:35,2023-LCS-NWA-210823-004A,8/22/2023,2:35,,
1692686460,3.42,20.544,0.251,0.898,7450-049711,TRUE,8/22/2023 2:41,2023-LCS-NWA-210823-002A,8/22/2023,2:41,,
1692686460,3.41,20.071,0.023,0.948,7450-064567,TRUE,8/22/2023 2:41,2023-LCS-NWA-210823-006A,8/22/2023,2:41,,
1692686520,3.44,22.112,0.482,0.974,7450-778298,TRUE,8/22/2023 2:42,2023-LCS-NWA-210823-001A,8/22/2023,2:42,,
1692686700,3.42,20.799,0.234,0.94,7450-770855,TRUE,8/22/2023 2:45,2023-LCS-NWA-210823-004A,8/22/2023,2:45,,
1692687060,3.42,20.46,0.206,0.897,7450-049711,TRUE,8/22/2023 2:51,2023-LCS-NWA-210823-002A,8/22/2023,2:51,,
1692687060,3.41,20.004,0.023,0.948,7450-064567,TRUE,8/22/2023 2:51,2023-LCS-NWA-210823-006A,8/22/2023,2:51,,
1692687120,3.44,22.054,1.092,0.982,7450-778298,TRUE,8/22/2023 2:52,2023-LCS-NWA-210823-001A,8/22/2023,2:52,,
1692687300,3.42,20.741,0.191,0.939,7450-770855,TRUE,8/22/2023 2:55,2023-LCS-NWA-210823-004A,8/22/2023,2:55,,
1692687660,3.42,20.351,0.211,0.897,7450-049711,TRUE,8/22/2023 3:01,2023-LCS-NWA-210823-002A,8/22/2023,3:01,,
1692687660,3.41,19.937,0.024,0.948,7450-064567,TRUE,8/22/2023 3:01,2023-LCS-NWA-210823-006A,8/22/2023,3:01,,
1692687720,3.44,21.987,1.068,0.981,7450-778298,TRUE,8/22/2023 3:02,2023-LCS-NWA-210823-001A,8/22/2023,3:02,,
1692687900,3.42,20.691,0.174,0.939,7450-770855,TRUE,8/22/2023 3:05,2023-LCS-NWA-210823-004A,8/22/2023,3:05,,
1692688260,3.42,20.268,0.178,0.896,7450-049711,TRUE,8/22/2023 3:11,2023-LCS-NWA-210823-002A,8/22/2023,3:11,,
1692688260,3.41,19.903,0.023,0.948,7450-064567,TRUE,8/22/2023 3:11,2023-LCS-NWA-210823-006A,8/22/2023,3:11,,
1692688320,3.44,21.911,0.955,0.979,7450-778298,TRUE,8/22/2023 3:12,2023-LCS-NWA-210823-001A,8/22/2023,3:12,,
1692688500,3.42,20.657,0.208,0.94,7450-770855,TRUE,8/22/2023 3:15,2023-LCS-NWA-210823-004A,8/22/2023,3:15,,
1692688860,3.42,20.209,0.158,0.896,7450-049711,TRUE,8/22/2023 3:21,2023-LCS-NWA-210823-002A,8/22/2023,3:21,,
1692688860,3.41,19.861,0.022,0.948,7450-064567,TRUE,8/22/2023 3:21,2023-LCS-NWA-210823-006A,8/22/2023,3:21,,
1692688920,3.44,21.861,0.924,0.979,7450-778298,TRUE,8/22/2023 3:22,2023-LCS-NWA-210823-001A,8/22/2023,3:22,,
1692689100,3.42,20.599,0.176,0.939,7450-770855,TRUE,8/22/2023 3:25,2023-LCS-NWA-210823-004A,8/22/2023,3:25,,
1692689460,3.42,20.159,0.201,0.897,7450-049711,TRUE,8/22/2023 3:31,2023-LCS-NWA-210823-002A,8/22/2023,3:31,,
1692689460,3.41,19.82,0.023,0.948,7450-064567,TRUE,8/22/2023 3:31,2023-LCS-NWA-210823-006A,8/22/2023,3:31,,
1692689520,3.44,21.811,0.947,0.98,7450-778298,TRUE,8/22/2023 3:32,2023-LCS-NWA-210823-001A,8/22/2023,3:32,,
1692689700,3.42,20.557,0.198,0.939,7450-770855,TRUE,8/22/2023 3:35,2023-LCS-NWA-210823-004A,8/22/2023,3:35,,
1692690060,3.42,20.067,0.173,0.896,7450-049711,TRUE,8/22/2023 3:41,2023-LCS-NWA-210823-002A,8/22/2023,3:41,,
1692690060,3.41,19.769,0.022,0.948,7450-064567,TRUE,8/22/2023 3:41,2023-LCS-NWA-210823-006A,8/22/2023,3:41,,
1692690120,3.44,21.769,0.935,0.979,7450-778298,TRUE,8/22/2023 3:42,2023-LCS-NWA-210823-001A,8/22/2023,3:42,,
1692690300,3.42,20.515,0.227,0.94,7450-770855,TRUE,8/22/2023 3:45,2023-LCS-NWA-210823-004A,8/22/2023,3:45,,
1692690660,3.42,20.016,0.183,0.896,7450-049711,TRUE,8/22/2023 3:51,2023-LCS-NWA-210823-002A,8/22/2023,3:51,,
1692690660,3.41,19.744,0.023,0.948,7450-064567,TRUE,8/22/2023 3:51,2023-LCS-NWA-210823-006A,8/22/2023,3:51,,
1692690720,3.44,21.702,0.901,0.979,7450-778298,TRUE,8/22/2023 3:52,2023-LCS-NWA-210823-001A,8/22/2023,3:52,,
1692690900,3.42,20.473,0.203,0.94,7450-770855,TRUE,8/22/2023 3:55,2023-LCS-NWA-210823-004A,8/22/2023,3:55,,
1692691260,3.42,19.941,0.151,0.896,7450-049711,TRUE,8/22/2023 4:01,2023-LCS-NWA-210823-002A,8/22/2023,4:01,,
1692691260,3.41,19.694,0.022,0.948,7450-064567,TRUE,8/22/2023 4:01,2023-LCS-NWA-210823-006A,8/22/2023,4:01,,
1692691320,3.44,21.652,0.895,0.979,7450-778298,TRUE,8/22/2023 4:02,2023-LCS-NWA-210823-001A,8/22/2023,4:02,,
1692691500,3.42,20.448,0.176,0.939,7450-770855,TRUE,8/22/2023 4:05,2023-LCS-NWA-210823-004A,8/22/2023,4:05,,
1692691860,3.42,19.841,0.151,0.896,7450-049711,TRUE,8/22/2023 4:11,2023-LCS-NWA-210823-002A,8/22/2023,4:11,,
1692691860,3.41,19.66,0.023,0.949,7450-064567,TRUE,8/22/2023 4:11,2023-LCS-NWA-210823-006A,8/22/2023,4:11,,
1692691920,3.45,21.593,0.878,0.979,7450-778298,TRUE,8/22/2023 4:12,2023-LCS-NWA-210823-001A,8/22/2023,4:12,,
1692692100,3.42,20.406,0.124,0.937,7450-770855,TRUE,8/22/2023 4:15,2023-LCS-NWA-210823-004A,8/22/2023,4:15,,
1692692460,3.42,19.815,0.128,0.895,7450-049711,TRUE,8/22/2023 4:21,2023-LCS-NWA-210823-002A,8/22/2023,4:21,,
1692692460,3.41,19.593,0.022,0.948,7450-064567,TRUE,8/22/2023 4:21,2023-LCS-NWA-210823-006A,8/22/2023,4:21,,
1692692520,3.45,21.56,0.864,0.979,7450-778298,TRUE,8/22/2023 4:22,2023-LCS-NWA-210823-001A,8/22/2023,4:22,,
1692692700,3.42,20.381,0.113,0.937,7450-770855,TRUE,8/22/2023 4:25,2023-LCS-NWA-210823-004A,8/22/2023,4:25,,
1692693060,3.42,19.74,0.145,0.895,7450-049711,TRUE,8/22/2023 4:31,2023-LCS-NWA-210823-002A,8/22/2023,4:31,,
1692693060,3.41,19.56,0.023,0.948,7450-064567,TRUE,8/22/2023 4:31,2023-LCS-NWA-210823-006A,8/22/2023,4:31,,
1692693120,3.45,21.501,0.826,0.978,7450-778298,TRUE,8/22/2023 4:32,2023-LCS-NWA-210823-001A,8/22/2023,4:32,,
1692693300,3.42,20.364,0.095,0.936,7450-770855,TRUE,8/22/2023 4:35,2023-LCS-NWA-210823-004A,8/22/2023,4:35,,
1692693660,3.42,19.698,0.129,0.895,7450-049711,TRUE,8/22/2023 4:41,2023-LCS-NWA-210823-002A,8/22/2023,4:41,,
1692693660,3.41,19.535,0.022,0.948,7450-064567,TRUE,8/22/2023 4:41,2023-LCS-NWA-210823-006A,8/22/2023,4:41,,
1692693720,3.45,21.46,0.764,0.977,7450-778298,TRUE,8/22/2023 4:42,2023-LCS-NWA-210823-001A,8/22/2023,4:42,,
1692693900,3.42,20.314,0.061,0.935,7450-770855,TRUE,8/22/2023 4:45,2023-LCS-NWA-210823-004A,8/22/2023,4:45,,
1692694260,3.42,19.639,0.131,0.895,7450-049711,TRUE,8/22/2023 4:51,2023-LCS-NWA-210823-002A,8/22/2023,4:51,,
1692694260,3.41,19.493,0.022,0.948,7450-064567,TRUE,8/22/2023 4:51,2023-LCS-NWA-210823-006A,8/22/2023,4:51,,
1692694320,3.45,21.393,0.74,0.977,7450-778298,TRUE,8/22/2023 4:52,2023-LCS-NWA-210823-001A,8/22/2023,4:52,,
1692694500,3.42,20.306,0.069,0.936,7450-770855,TRUE,8/22/2023 4:55,2023-LCS-NWA-210823-004A,8/22/2023,4:55,,
1692694860,3.42,19.606,0.137,0.895,7450-049711,TRUE,8/22/2023 5:01,2023-LCS-NWA-210823-002A,8/22/2023,5:01,,
1692694860,3.41,19.459,0.026,0.949,7450-064567,TRUE,8/22/2023 5:01,2023-LCS-NWA-210823-006A,8/22/2023,5:01,,
1692694920,3.45,21.359,0.699,0.976,7450-778298,TRUE,8/22/2023 5:02,2023-LCS-NWA-210823-001A,8/22/2023,5:02,,
1692695100,3.42,20.256,0.057,0.935,7450-770855,TRUE,8/22/2023 5:05,2023-LCS-NWA-210823-004A,8/22/2023,5:05,,
1692695460,3.42,19.556,0.123,0.895,7450-049711,TRUE,8/22/2023 5:11,2023-LCS-NWA-210823-002A,8/22/2023,5:11,,
1692695460,3.41,19.434,0.023,0.948,7450-064567,TRUE,8/22/2023 5:11,2023-LCS-NWA-210823-006A,8/22/2023,5:11,,
1692695520,3.45,21.284,0.714,0.977,7450-778298,TRUE,8/22/2023 5:12,2023-LCS-NWA-210823-001A,8/22/2023,5:12,,
1692695700,3.42,20.205,0.06,0.935,7450-770855,TRUE,8/22/2023 5:15,2023-LCS-NWA-210823-004A,8/22/2023,5:15,,
1692696060,3.42,19.505,0.098,0.894,7450-049711,TRUE,8/22/2023 5:21,2023-LCS-NWA-210823-002A,8/22/2023,5:21,,
1692696060,3.41,19.375,0.023,0.948,7450-064567,TRUE,8/22/2023 5:21,2023-LCS-NWA-210823-006A,8/22/2023,5:21,,
1692696120,3.45,21.234,0.661,0.976,7450-778298,TRUE,8/22/2023 5:22,2023-LCS-NWA-210823-001A,8/22/2023,5:22,,
1692696300,3.42,20.172,0.052,0.935,7450-770855,TRUE,8/22/2023 5:25,2023-LCS-NWA-210823-004A,8/22/2023,5:25,,
1692696660,3.42,19.489,0.056,0.893,7450-049711,TRUE,8/22/2023 5:31,2023-LCS-NWA-210823-002A,8/22/2023,5:31,,
1692696660,3.41,19.325,0.025,0.949,7450-064567,TRUE,8/22/2023 5:31,2023-LCS-NWA-210823-006A,8/22/2023,5:31,,
1692696720,3.45,21.209,0.648,0.976,7450-778298,TRUE,8/22/2023 5:32,2023-LCS-NWA-210823-001A,8/22/2023,5:32,,
1692696900,3.42,20.138,0.059,0.936,7450-770855,TRUE,8/22/2023 5:35,2023-LCS-NWA-210823-004A,8/22/2023,5:35,,
1692697260,3.42,19.422,0.071,0.894,7450-049711,TRUE,8/22/2023 5:41,2023-LCS-NWA-210823-002A,8/22/2023,5:41,,
1692697260,3.41,19.291,0.029,0.949,7450-064567,TRUE,8/22/2023 5:41,2023-LCS-NWA-210823-006A,8/22/2023,5:41,,
1692697320,3.45,21.142,0.616,0.975,7450-778298,TRUE,8/22/2023 5:42,2023-LCS-NWA-210823-001A,8/22/2023,5:42,,
1692697500,3.42,20.113,0.059,0.935,7450-770855,TRUE,8/22/2023 5:45,2023-LCS-NWA-210823-004A,8/22/2023,5:45,,
1692697860,3.42,19.413,0.072,0.894,7450-049711,TRUE,8/22/2023 5:51,2023-LCS-NWA-210823-002A,8/22/2023,5:51,,
1692697860,3.41,19.249,0.023,0.948,7450-064567,TRUE,8/22/2023 5:51,2023-LCS-NWA-210823-006A,8/22/2023,5:51,,
1692697920,3.45,21.117,0.614,0.975,7450-778298,TRUE,8/22/2023 5:52,2023-LCS-NWA-210823-001A,8/22/2023,5:52,,
1692698100,3.42,20.063,0.046,0.935,7450-770855,TRUE,8/22/2023 5:55,2023-LCS-NWA-210823-004A,8/22/2023,5:55,,
1692698460,3.42,19.354,0.109,0.894,7450-049711,TRUE,8/22/2023 6:01,2023-LCS-NWA-210823-002A,8/22/2023,6:01,,
1692698460,3.41,19.233,0.023,0.949,7450-064567,TRUE,8/22/2023 6:01,2023-LCS-NWA-210823-006A,8/22/2023,6:01,,
1692698520,3.44,21.041,0.591,0.975,7450-778298,TRUE,8/22/2023 6:02,2023-LCS-NWA-210823-001A,8/22/2023,6:02,,
1692698700,3.42,20.038,0.045,0.935,7450-770855,TRUE,8/22/2023 6:05,2023-LCS-NWA-210823-004A,8/22/2023,6:05,,
1692699060,3.42,19.296,0.068,0.894,7450-049711,TRUE,8/22/2023 6:11,2023-LCS-NWA-210823-002A,8/22/2023,6:11,,
1692699060,3.41,19.182,0.023,0.949,7450-064567,TRUE,8/22/2023 6:11,2023-LCS-NWA-210823-006A,8/22/2023,6:11,,
1692699120,3.44,20.983,0.593,0.975,7450-778298,TRUE,8/22/2023 6:12,2023-LCS-NWA-210823-001A,8/22/2023,6:12,,
1692699300,3.42,19.988,0.044,0.935,7450-770855,TRUE,8/22/2023 6:15,2023-LCS-NWA-210823-004A,8/22/2023,6:15,,
1692699660,3.42,19.245,0.107,0.894,7450-049711,TRUE,8/22/2023 6:21,2023-LCS-NWA-210823-002A,8/22/2023,6:21,,
1692699660,3.41,19.14,0.022,0.949,7450-064567,TRUE,8/22/2023 6:21,2023-LCS-NWA-210823-006A,8/22/2023,6:21,,
1692699720,3.44,20.924,0.585,0.975,7450-778298,TRUE,8/22/2023 6:22,2023-LCS-NWA-210823-001A,8/22/2023,6:22,,
1692699900,3.42,19.921,0.045,0.935,7450-770855,TRUE,8/22/2023 6:25,2023-LCS-NWA-210823-004A,8/22/2023,6:25,,
1692700260,3.42,19.195,0.107,0.894,7450-049711,TRUE,8/22/2023 6:31,2023-LCS-NWA-210823-002A,8/22/2023,6:31,,
1692700260,3.41,19.107,0.023,0.949,7450-064567,TRUE,8/22/2023 6:31,2023-LCS-NWA-210823-006A,8/22/2023,6:31,,
1692700320,3.44,20.857,0.605,0.975,7450-778298,TRUE,8/22/2023 6:32,2023-LCS-NWA-210823-001A,8/22/2023,6:32,,
1692700500,3.42,19.896,0.044,0.935,7450-770855,TRUE,8/22/2023 6:35,2023-LCS-NWA-210823-004A,8/22/2023,6:35,,
1692700860,3.42,19.136,0.087,0.894,7450-049711,TRUE,8/22/2023 6:41,2023-LCS-NWA-210823-002A,8/22/2023,6:41,,
1692700860,3.41,19.065,0.023,0.949,7450-064567,TRUE,8/22/2023 6:41,2023-LCS-NWA-210823-006A,8/22/2023,6:41,,
1692700920,3.44,20.815,0.58,0.974,7450-778298,TRUE,8/22/2023 6:42,2023-LCS-NWA-210823-001A,8/22/2023,6:42,,
1692701100,3.42,19.854,0.043,0.935,7450-770855,TRUE,8/22/2023 6:45,2023-LCS-NWA-210823-004A,8/22/2023,6:45,,
1692701460,3.42,19.145,0.065,0.893,7450-049711,TRUE,8/22/2023 6:51,2023-LCS-NWA-210823-002A,8/22/2023,6:51,,
1692701460,3.41,19.04,0.022,0.949,7450-064567,TRUE,8/22/2023 6:51,2023-LCS-NWA-210823-006A,8/22/2023,6:51,,
1692701520,3.44,20.765,0.569,0.974,7450-778298,TRUE,8/22/2023 6:52,2023-LCS-NWA-210823-001A,8/22/2023,6:52,,
1692701700,3.42,19.837,0.047,0.935,7450-770855,TRUE,8/22/2023 6:55,2023-LCS-NWA-210823-004A,8/22/2023,6:55,,
1692702060,3.42,19.128,0.081,0.894,7450-049711,TRUE,8/22/2023 7:01,2023-LCS-NWA-210823-002A,8/22/2023,7:01,,
1692702060,3.41,19.014,0.022,0.949,7450-064567,TRUE,8/22/2023 7:01,2023-LCS-NWA-210823-006A,8/22/2023,7:01,,
1692702120,3.44,20.723,0.548,0.974,7450-778298,TRUE,8/22/2023 7:02,2023-LCS-NWA-210823-001A,8/22/2023,7:02,,
1692702300,3.42,19.795,0.043,0.935,7450-770855,TRUE,8/22/2023 7:05,2023-LCS-NWA-210823-004A,8/22/2023,7:05,,
1692702660,3.42,19.086,0.038,0.893,7450-049711,TRUE,8/22/2023 7:11,2023-LCS-NWA-210823-002A,8/22/2023,7:11,,
1692702660,3.41,18.998,0.022,0.949,7450-064567,TRUE,8/22/2023 7:11,2023-LCS-NWA-210823-006A,8/22/2023,7:11,,
1692702720,3.44,20.707,0.51,0.973,7450-778298,TRUE,8/22/2023 7:12,2023-LCS-NWA-210823-001A,8/22/2023,7:12,,
1692702900,3.42,19.753,0.045,0.935,7450-770855,TRUE,8/22/2023 7:15,2023-LCS-NWA-210823-004A,8/22/2023,7:15,,
1692703260,3.42,19.061,0.084,0.894,7450-049711,TRUE,8/22/2023 7:21,2023-LCS-NWA-210823-002A,8/22/2023,7:21,,
1692703260,3.41,18.947,0.022,0.948,7450-064567,TRUE,8/22/2023 7:21,2023-LCS-NWA-210823-006A,8/22/2023,7:21,,
1692703320,3.44,20.665,0.497,0.973,7450-778298,TRUE,8/22/2023 7:22,2023-LCS-NWA-210823-001A,8/22/2023,7:22,,
1692703500,3.42,19.728,0.044,0.935,7450-770855,TRUE,8/22/2023 7:25,2023-LCS-NWA-210823-004A,8/22/2023,7:25,,
1692703860,3.42,19.027,0.079,0.894,7450-049711,TRUE,8/22/2023 7:31,2023-LCS-NWA-210823-002A,8/22/2023,7:31,,
1692703860,3.41,18.939,0.022,0.949,7450-064567,TRUE,8/22/2023 7:31,2023-LCS-NWA-210823-006A,8/22/2023,7:31,,
1692703920,3.44,20.598,0.513,0.973,7450-778298,TRUE,8/22/2023 7:32,2023-LCS-NWA-210823-001A,8/22/2023,7:32,,
1692704100,3.42,19.695,0.046,0.935,7450-770855,TRUE,8/22/2023 7:35,2023-LCS-NWA-210823-004A,8/22/2023,7:35,,
1692704460,3.42,19.019,0.134,0.895,7450-049711,TRUE,8/22/2023 7:41,2023-LCS-NWA-210823-002A,8/22/2023,7:41,,
1692704460,3.41,18.922,0.022,0.948,7450-064567,TRUE,8/22/2023 7:41,2023-LCS-NWA-210823-006A,8/22/2023,7:41,,
1692704520,3.45,20.564,0.483,0.973,7450-778298,TRUE,8/22/2023 7:42,2023-LCS-NWA-210823-001A,8/22/2023,7:42,,
1692704700,3.42,19.67,0.05,0.935,7450-770855,TRUE,8/22/2023 7:45,2023-LCS-NWA-210823-004A,8/22/2023,7:45,,
1692705060,3.42,19.002,0.068,0.893,7450-049711,TRUE,8/22/2023 7:51,2023-LCS-NWA-210823-002A,8/22/2023,7:51,,
1692705060,3.41,18.905,0.022,0.949,7450-064567,TRUE,8/22/2023 7:51,2023-LCS-NWA-210823-006A,8/22/2023,7:51,,
1692705120,3.45,20.531,0.48,0.973,7450-778298,TRUE,8/22/2023 7:52,2023-LCS-NWA-210823-001A,8/22/2023,7:52,,
1692705300,3.42,19.653,0.045,0.935,7450-770855,TRUE,8/22/2023 7:55,2023-LCS-NWA-210823-004A,8/22/2023,7:55,,
1692705660,3.42,18.985,0.176,0.896,7450-049711,TRUE,8/22/2023 8:01,2023-LCS-NWA-210823-002A,8/22/2023,8:01,,
1692705660,3.41,18.888,0.023,0.949,7450-064567,TRUE,8/22/2023 8:01,2023-LCS-NWA-210823-006A,8/22/2023,8:01,,
1692705720,3.44,20.497,0.463,0.972,7450-778298,TRUE,8/22/2023 8:02,2023-LCS-NWA-210823-001A,8/22/2023,8:02,,
1692705900,3.42,19.611,0.058,0.935,7450-770855,TRUE,8/22/2023 8:05,2023-LCS-NWA-210823-004A,8/22/2023,8:05,,
1692706260,3.42,18.994,0.185,0.896,7450-049711,TRUE,8/22/2023 8:11,2023-LCS-NWA-210823-002A,8/22/2023,8:11,,
1692706260,3.41,18.872,0.024,0.949,7450-064567,TRUE,8/22/2023 8:11,2023-LCS-NWA-210823-006A,8/22/2023,8:11,,
1692706320,3.45,20.489,0.452,0.972,7450-778298,TRUE,8/22/2023 8:12,2023-LCS-NWA-210823-001A,8/22/2023,8:12,,
1692706500,3.42,19.611,0.044,0.935,7450-770855,TRUE,8/22/2023 8:15,2023-LCS-NWA-210823-004A,8/22/2023,8:15,,
1692706860,3.42,18.977,0.187,0.896,7450-049711,TRUE,8/22/2023 8:21,2023-LCS-NWA-210823-002A,8/22/2023,8:21,,
1692706860,3.41,18.855,0.021,0.949,7450-064567,TRUE,8/22/2023 8:21,2023-LCS-NWA-210823-006A,8/22/2023,8:21,,
1692706920,3.45,20.481,0.436,0.972,7450-778298,TRUE,8/22/2023 8:22,2023-LCS-NWA-210823-001A,8/22/2023,8:22,,
1692707100,3.42,19.594,0.044,0.935,7450-770855,TRUE,8/22/2023 8:25,2023-LCS-NWA-210823-004A,8/22/2023,8:25,,
1692707460,3.42,19.002,0.213,0.897,7450-049711,TRUE,8/22/2023 8:31,2023-LCS-NWA-210823-002A,8/22/2023,8:31,,
1692707460,3.41,18.863,0.026,0.949,7450-064567,TRUE,8/22/2023 8:31,2023-LCS-NWA-210823-006A,8/22/2023,8:31,,
1692707520,3.45,20.439,0.396,0.971,7450-778298,TRUE,8/22/2023 8:32,2023-LCS-NWA-210823-001A,8/22/2023,8:32,,
1692707700,3.42,19.552,0.061,0.935,7450-770855,TRUE,8/22/2023 8:35,2023-LCS-NWA-210823-004A,8/22/2023,8:35,,
1692708060,3.42,19.027,0.295,0.898,7450-049711,TRUE,8/22/2023 8:41,2023-LCS-NWA-210823-002A,8/22/2023,8:41,,
1692708060,3.41,18.88,0.022,0.948,7450-064567,TRUE,8/22/2023 8:41,2023-LCS-NWA-210823-006A,8/22/2023,8:41,,
1692708120,3.45,20.422,0.418,0.972,7450-778298,TRUE,8/22/2023 8:42,2023-LCS-NWA-210823-001A,8/22/2023,8:42,,
1692708300,3.42,19.544,0.052,0.935,7450-770855,TRUE,8/22/2023 8:45,2023-LCS-NWA-210823-004A,8/22/2023,8:45,,
1692708660,3.42,19.069,0.529,0.902,7450-049711,TRUE,8/22/2023 8:51,2023-LCS-NWA-210823-002A,8/22/2023,8:51,,
1692708660,3.41,18.905,0.022,0.948,7450-064567,TRUE,8/22/2023 8:51,2023-LCS-NWA-210823-006A,8/22/2023,8:51,,
1692708720,3.45,20.397,0.375,0.971,7450-778298,TRUE,8/22/2023 8:52,2023-LCS-NWA-210823-001A,8/22/2023,8:52,,
1692708900,3.42,19.544,0.048,0.935,7450-770855,TRUE,8/22/2023 8:55,2023-LCS-NWA-210823-004A,8/22/2023,8:55,,
1692709260,3.42,19.086,0.464,0.901,7450-049711,TRUE,8/22/2023 9:01,2023-LCS-NWA-210823-002A,8/22/2023,9:01,,
1692709260,3.41,18.922,0.027,0.948,7450-064567,TRUE,8/22/2023 9:01,2023-LCS-NWA-210823-006A,8/22/2023,9:01,,
1692709320,3.45,20.388,0.383,0.971,7450-778298,FALSE,8/22/2023 9:02,2023-LCS-NWA-210823-001A,8/22/2023,9:02,,
,,,,,,FISH,8/22/2023 9:02,2023-LCS-NWA-210823-001A,8/22/2023,9:02,,
1692709500,3.42,19.536,0.05,0.935,7450-770855,TRUE,8/22/2023 9:05,2023-LCS-NWA-210823-004A,8/22/2023,9:05,,
1692709860,3.42,19.136,0.695,0.905,7450-049711,TRUE,8/22/2023 9:11,2023-LCS-NWA-210823-002A,8/22/2023,9:11,,
1692709860,3.41,18.922,0.022,0.948,7450-064567,TRUE,8/22/2023 9:11,2023-LCS-NWA-210823-006A,8/22/2023,9:11,,
1692709920,3.45,20.388,0.341,0.97,7450-778298,FALSE,8/22/2023 9:12,2023-LCS-NWA-210823-001A,8/22/2023,9:12,,
1692710100,3.42,19.527,0.071,0.936,7450-770855,TRUE,8/22/2023 9:15,2023-LCS-NWA-210823-004A,8/22/2023,9:15,,
1692710460,3.42,19.187,0.641,0.904,7450-049711,TRUE,8/22/2023 9:21,2023-LCS-NWA-210823-002A,8/22/2023,9:21,,
1692710460,3.41,18.972,0.03,0.948,7450-064567,TRUE,8/22/2023 9:21,2023-LCS-NWA-210823-006A,8/22/2023,9:21,,
1692710520,3.45,20.38,0.357,0.97,7450-778298,FALSE,8/22/2023 9:22,2023-LCS-NWA-210823-001A,8/22/2023,9:22,,
1692710700,3.42,19.536,0.088,0.936,7450-770855,TRUE,8/22/2023 9:25,2023-LCS-NWA-210823-004A,8/22/2023,9:25,,
1692711060,3.42,19.262,0.955,0.908,7450-049711,TRUE,8/22/2023 9:31,2023-LCS-NWA-210823-002A,8/22/2023,9:31,,
1692711060,3.41,19.031,0.022,0.948,7450-064567,TRUE,8/22/2023 9:31,2023-LCS-NWA-210823-006A,8/22/2023,9:31,,
1692711120,3.44,18.929,8.535,0.977,7450-778298,FALSE,8/22/2023 9:32,2023-LCS-NWA-210823-001A,8/22/2023,9:32,,
1692711300,3.42,19.519,0.167,0.938,7450-770855,TRUE,8/22/2023 9:35,2023-LCS-NWA-210823-004A,8/22/2023,9:35,,
1692711660,3.42,19.346,0.711,0.905,7450-049711,TRUE,8/22/2023 9:41,2023-LCS-NWA-210823-002A,8/22/2023,9:41,,
1692711660,3.41,19.048,0.021,0.948,7450-064567,TRUE,8/22/2023 9:41,2023-LCS-NWA-210823-006A,8/22/2023,9:41,,
1692711720,3.44,19.643,8.612,0.976,7450-778298,FALSE,8/22/2023 9:42,2023-LCS-NWA-210823-001A,8/22/2023,9:42,,
1692711900,3.42,19.552,0.161,0.938,7450-770855,TRUE,8/22/2023 9:45,2023-LCS-NWA-210823-004A,8/22/2023,9:45,,
1692712260,3.42,19.43,1.028,0.909,7450-049711,TRUE,8/22/2023 9:51,2023-LCS-NWA-210823-002A,8/22/2023,9:51,,
1692712260,3.41,19.115,0.02,0.948,7450-064567,TRUE,8/22/2023 9:51,2023-LCS-NWA-210823-006A,8/22/2023,9:51,,
1692712320,3.44,23.569,8.097,0.979,7450-778298,FALSE,8/22/2023 9:52,2023-LCS-NWA-210823-001A,8/22/2023,9:52,,
1692712500,3.42,19.552,0.148,0.938,7450-770855,TRUE,8/22/2023 9:55,2023-LCS-NWA-210823-004A,8/22/2023,9:55,,
1692712860,3.42,19.497,0.992,0.908,7450-049711,TRUE,8/22/2023 10:01,2023-LCS-NWA-210823-002A,8/22/2023,10:01,,
1692712860,3.41,19.124,0.02,0.948,7450-064567,TRUE,8/22/2023 10:01,2023-LCS-NWA-210823-006A,8/22/2023,10:01,,
1692712920,3.44,24.618,7.906,0.98,7450-778298,FALSE,8/22/2023 10:02,2023-LCS-NWA-210823-001A,8/22/2023,10:02,,
1692713100,3.42,19.561,0.133,0.937,7450-770855,TRUE,8/22/2023 10:05,2023-LCS-NWA-210823-004A,8/22/2023,10:05,,
1692713460,3.42,19.539,1.084,0.909,7450-049711,TRUE,8/22/2023 10:11,2023-LCS-NWA-210823-002A,8/22/2023,10:11,,
1692713460,3.41,19.165,0.045,0.949,7450-064567,TRUE,8/22/2023 10:11,2023-LCS-NWA-210823-006A,8/22/2023,10:11,,
1692713520,3.44,25.721,7.904,0.983,7450-778298,FALSE,8/22/2023 10:12,2023-LCS-NWA-210823-001A,8/22/2023,10:12,,
1692713700,3.42,19.569,0.046,0.935,7450-770855,TRUE,8/22/2023 10:15,2023-LCS-NWA-210823-004A,8/22/2023,10:15,,
1692714060,3.42,19.623,1.377,0.911,7450-049711,TRUE,8/22/2023 10:21,2023-LCS-NWA-210823-002A,8/22/2023,10:21,,
1692714060,3.41,19.149,0.126,0.951,7450-064567,TRUE,8/22/2023 10:21,2023-LCS-NWA-210823-006A,8/22/2023,10:21,,
1692714300,3.42,19.603,0.066,0.935,7450-770855,TRUE,8/22/2023 10:25,2023-LCS-NWA-210823-004A,8/22/2023,10:25,,
,,,,,,FISH,8/22/2023 10:26,2023-LCS-NWA-210823-002A,8/22/2023,10:26,,
1692714660,3.42,18.968,8.602,0.91,7450-049711,FALSE,8/22/2023 10:31,2023-LCS-NWA-210823-002A,8/22/2023,10:31,,
1692714660,3.41,19.14,0.056,0.949,7450-064567,TRUE,8/22/2023 10:31,2023-LCS-NWA-210823-006A,8/22/2023,10:31,,
1692714900,3.42,19.586,0.095,0.936,7450-770855,TRUE,8/22/2023 10:35,2023-LCS-NWA-210823-004A,8/22/2023,10:35,,
1692715260,3.42,19.824,8.585,0.906,7450-049711,FALSE,8/22/2023 10:41,2023-LCS-NWA-210823-002A,8/22/2023,10:41,,
1692715260,3.41,19.199,0.156,0.952,7450-064567,TRUE,8/22/2023 10:41,2023-LCS-NWA-210823-006A,8/22/2023,10:41,,
1692715500,3.42,19.594,0.06,0.935,7450-770855,TRUE,8/22/2023 10:45,2023-LCS-NWA-210823-004A,8/22/2023,10:45,,
1692715860,3.41,21.656,8.366,0.908,7450-049711,FALSE,8/22/2023 10:51,2023-LCS-NWA-210823-002A,8/22/2023,10:51,,
1692715860,3.41,19.216,0.075,0.949,7450-064567,TRUE,8/22/2023 10:51,2023-LCS-NWA-210823-006A,8/22/2023,10:51,,
1692716100,3.42,19.586,0.067,0.936,7450-770855,TRUE,8/22/2023 10:55,2023-LCS-NWA-210823-004A,8/22/2023,10:55,,
1692716460,3.42,23.295,8.128,0.91,7450-049711,FALSE,8/22/2023 11:01,2023-LCS-NWA-210823-002A,8/22/2023,11:01,,
1692716460,3.41,19.291,0.026,0.948,7450-064567,TRUE,8/22/2023 11:01,2023-LCS-NWA-210823-006A,8/22/2023,11:01,,
1692716700,3.42,19.577,0.049,0.935,7450-770855,TRUE,8/22/2023 11:05,2023-LCS-NWA-210823-004A,8/22/2023,11:05,,
1692717060,3.41,24.696,7.922,0.91,7450-049711,FALSE,8/22/2023 11:11,2023-LCS-NWA-210823-002A,8/22/2023,11:11,,
1692717060,3.41,19.342,0.135,0.951,7450-064567,TRUE,8/22/2023 11:11,2023-LCS-NWA-210823-006A,8/22/2023,11:11,,
1692717300,3.42,19.611,0.097,0.936,7450-770855,TRUE,8/22/2023 11:15,2023-LCS-NWA-210823-004A,8/22/2023,11:15,,
1692717660,3.41,24.52,7.959,0.91,7450-049711,FALSE,8/22/2023 11:21,2023-LCS-NWA-210823-002A,8/22/2023,11:21,,
1692717660,3.41,19.342,0.096,0.95,7450-064567,TRUE,8/22/2023 11:21,2023-LCS-NWA-210823-006A,8/22/2023,11:21,,
1692717900,3.42,19.611,0.1,0.936,7450-770855,TRUE,8/22/2023 11:25,2023-LCS-NWA-210823-004A,8/22/2023,11:25,,
1692718260,3.41,19.451,0.423,0.957,7450-064567,TRUE,8/22/2023 11:31,2023-LCS-NWA-210823-006A,8/22/2023,11:31,,
1692718500,3.42,19.653,0.146,0.938,7450-770855,TRUE,8/22/2023 11:35,2023-LCS-NWA-210823-004A,8/22/2023,11:35,,
1692718860,3.41,19.493,0.119,0.95,7450-064567,TRUE,8/22/2023 11:41,2023-LCS-NWA-210823-006A,8/22/2023,11:41,,
1692719100,3.42,19.695,0.151,0.938,7450-770855,TRUE,8/22/2023 11:45,2023-LCS-NWA-210823-004A,8/22/2023,11:45,,
,,,,,,FISH,8/22/2023 11:48,2023-LCS-NWA-210823-004A,8/22/2023,11:48,,
1692719460,3.41,19.476,0.159,0.951,7450-064567,TRUE,8/22/2023 11:51,2023-LCS-NWA-210823-006A,8/22/2023,11:51,,
1692719700,3.42,19.645,0.065,0.935,7450-770855,FALSE,8/22/2023 11:55,2023-LCS-NWA-210823-004A,8/22/2023,11:55,,
1692720060,3.41,19.627,0.09,0.948,7450-064567,TRUE,8/22/2023 12:01,2023-LCS-NWA-210823-006A,8/22/2023,12:01,,
1692720300,3.42,20.105,8.463,0.956,7450-770855,FALSE,8/22/2023 12:05,2023-LCS-NWA-210823-004A,8/22/2023,12:05,,
1692720660,3.4,19.685,0.064,0.947,7450-064567,TRUE,8/22/2023 12:11,2023-LCS-NWA-210823-006A,8/22/2023,12:11,,
1692721260,3.4,19.761,0.029,0.946,7450-064567,TRUE,8/22/2023 12:21,2023-LCS-NWA-210823-006A,8/22/2023,12:21,,
1692721860,3.4,19.769,0.112,0.949,7450-064567,TRUE,8/22/2023 12:31,2023-LCS-NWA-210823-006A,8/22/2023,12:31,,
1692722460,3.4,19.861,0.041,0.948,7450-064567,TRUE,8/22/2023 12:41,2023-LCS-NWA-210823-006A,8/22/2023,12:41,,
,,,,,,FISH,8/22/2023 12:43,2023-LCS-NWA-210823-006A,8/22/2023,12:43,,
1692723060,3.4,22.346,8.235,0.973,7450-064567,FALSE,8/22/2023 12:51,2023-LCS-NWA-210823-006A,8/22/2023,12:51,,
1692723660,3.39,29.026,7.817,0.977,7450-064567,FALSE,8/22/2023 13:01,2023-LCS-NWA-210823-006A,8/22/2023,13:01,,
,,20.76,1.56,,YSI,SET,8/22/2023 14:49,2023-LCS-NWA-220823-001A,8/22/2023,14:49,,
1692731460,3.42,22.546,1.659,0.96,7450-770855,TRUE,8/22/2023 15:11,2023-LCS-NWA-220823-001A,8/22/2023,15:11,,
1692732060,3.42,21.493,1.499,0.96,7450-770855,TRUE,8/22/2023 15:21,2023-LCS-NWA-220823-001A,8/22/2023,15:21,,
,,21.90,4.82,,YSI,SET,8/22/2023 15:30,2023-LCS-NWA-220823-003A,8/22/2023,15:30,,
1692732660,3.42,21.468,1.346,0.959,7450-770855,TRUE,8/22/2023 15:31,2023-LCS-NWA-220823-001A,8/22/2023,15:31,,
1692733200,3.42,22.534,3.504,0.913,7450-049711,TRUE,8/22/2023 15:40,2023-LCS-NWA-220823-003A,8/22/2023,15:40,,
1692733260,3.42,21.418,1.389,0.959,7450-770855,TRUE,8/22/2023 15:41,2023-LCS-NWA-220823-001A,8/22/2023,15:41,,
,,21.61,2.56,,YSI,SET,8/22/2023 15:45,2023-LCS-NWA-220823-004A,8/22/2023,15:45,,
1692733800,3.42,22.066,3.024,0.913,7450-049711,TRUE,8/22/2023 15:50,2023-LCS-NWA-220823-003A,8/22/2023,15:50,,
1692733860,3.42,21.359,1.229,0.958,7450-770855,TRUE,8/22/2023 15:51,2023-LCS-NWA-220823-001A,8/22/2023,15:51,,
1692734220,3.4,23.049,1.702,0.966,7450-064567,TRUE,8/22/2023 15:57,2023-LCS-NWA-220823-004A,8/22/2023,15:57,,
1692734400,3.42,21.99,3.123,0.913,7450-049711,TRUE,8/22/2023 16:00,2023-LCS-NWA-220823-003A,8/22/2023,16:00,,
1692734460,3.42,21.334,1.044,0.956,7450-770855,TRUE,8/22/2023 16:01,2023-LCS-NWA-220823-001A,8/22/2023,16:01,,
1692734820,3.41,22.304,1.227,0.965,7450-064567,TRUE,8/22/2023 16:07,2023-LCS-NWA-220823-004A,8/22/2023,16:07,,
1692735000,3.42,21.957,2.938,0.913,7450-049711,TRUE,8/22/2023 16:10,2023-LCS-NWA-220823-003A,8/22/2023,16:10,,
1692735060,3.42,21.301,0.896,0.954,7450-770855,TRUE,8/22/2023 16:11,2023-LCS-NWA-220823-001A,8/22/2023,16:11,,
1692735420,3.41,22.078,0.986,0.964,7450-064567,TRUE,8/22/2023 16:17,2023-LCS-NWA-220823-004A,8/22/2023,16:17,,
1692735600,3.42,21.915,2.755,0.913,7450-049711,TRUE,8/22/2023 16:20,2023-LCS-NWA-220823-003A,8/22/2023,16:20,,
1692735660,3.42,21.301,0.641,0.95,7450-770855,TRUE,8/22/2023 16:21,2023-LCS-NWA-220823-001A,8/22/2023,16:21,,
1692736020,3.41,21.995,0.796,0.962,7450-064567,TRUE,8/22/2023 16:27,2023-LCS-NWA-220823-004A,8/22/2023,16:27,,
1692736200,3.42,21.898,2.547,0.913,7450-049711,TRUE,8/22/2023 16:30,2023-LCS-NWA-220823-003A,8/22/2023,16:30,,
1692736260,3.42,21.368,0.698,0.951,7450-770855,TRUE,8/22/2023 16:31,2023-LCS-NWA-220823-001A,8/22/2023,16:31,,
1692736620,3.41,21.945,0.682,0.96,7450-064567,TRUE,8/22/2023 16:37,2023-LCS-NWA-220823-004A,8/22/2023,16:37,,
1692736800,3.42,21.94,2.435,0.913,7450-049711,TRUE,8/22/2023 16:40,2023-LCS-NWA-220823-003A,8/22/2023,16:40,,
1692736860,3.42,21.309,0.518,0.947,7450-770855,TRUE,8/22/2023 16:41,2023-LCS-NWA-220823-001A,8/22/2023,16:41,,
1692737220,3.41,21.911,0.495,0.957,7450-064567,TRUE,8/22/2023 16:47,2023-LCS-NWA-220823-004A,8/22/2023,16:47,,
,,21.87,2.32,,YSI,SET,8/22/2023 16:47,2023-LCS-NWA-220823-006A,8/22/2023,16:47,,
1692737400,3.42,21.94,2.222,0.912,7450-049711,TRUE,8/22/2023 16:50,2023-LCS-NWA-220823-003A,8/22/2023,16:50,,
1692737460,3.42,21.326,0.434,0.946,7450-770855,TRUE,8/22/2023 16:51,2023-LCS-NWA-220823-001A,8/22/2023,16:51,,
1692737820,3.41,21.894,0.362,0.954,7450-064567,TRUE,8/22/2023 16:57,2023-LCS-NWA-220823-004A,8/22/2023,16:57,,
1692738000,3.42,21.957,2.067,0.912,7450-049711,TRUE,8/22/2023 17:00,2023-LCS-NWA-220823-003A,8/22/2023,17:00,,
1692738060,3.42,21.301,0.333,0.943,7450-770855,TRUE,8/22/2023 17:01,2023-LCS-NWA-220823-001A,8/22/2023,17:01,,
1692738420,3.41,21.894,0.265,0.952,7450-064567,TRUE,8/22/2023 17:07,2023-LCS-NWA-220823-004A,8/22/2023,17:07,,
1692738600,3.42,21.932,1.908,0.912,7450-049711,TRUE,8/22/2023 17:10,2023-LCS-NWA-220823-003A,8/22/2023,17:10,,
1692738660,3.42,21.301,0.33,0.943,7450-770855,TRUE,8/22/2023 17:11,2023-LCS-NWA-220823-001A,8/22/2023,17:11,,
1692739020,3.41,21.903,0.164,0.95,7450-064567,TRUE,8/22/2023 17:17,2023-LCS-NWA-220823-004A,8/22/2023,17:17,,
1692739140,3.44,23.401,0.506,0.973,7450-778298,TRUE,8/22/2023 17:19,2023-LCS-NWA-220823-006A,8/22/2023,17:19,,
1692739200,3.42,21.974,1.833,0.912,7450-049711,TRUE,8/22/2023 17:20,2023-LCS-NWA-220823-003A,8/22/2023,17:20,,
1692739260,3.42,21.267,0.338,0.943,7450-770855,TRUE,8/22/2023 17:21,2023-LCS-NWA-220823-001A,8/22/2023,17:21,,
1692739620,3.41,21.919,0.036,0.946,7450-064567,TRUE,8/22/2023 17:27,2023-LCS-NWA-220823-004A,8/22/2023,17:27,,
1692739740,3.44,22.974,0.395,0.971,7450-778298,TRUE,8/22/2023 17:29,2023-LCS-NWA-220823-006A,8/22/2023,17:29,,
1692739800,3.42,21.965,1.777,0.912,7450-049711,TRUE,8/22/2023 17:30,2023-LCS-NWA-220823-003A,8/22/2023,17:30,,
1692739860,3.42,21.309,0.416,0.945,7450-770855,TRUE,8/22/2023 17:31,2023-LCS-NWA-220823-001A,8/22/2023,17:31,,
1692740220,3.41,21.911,0.019,0.945,7450-064567,TRUE,8/22/2023 17:37,2023-LCS-NWA-220823-004A,8/22/2023,17:37,,
1692740340,3.44,22.924,0.448,0.972,7450-778298,TRUE,8/22/2023 17:39,2023-LCS-NWA-220823-006A,8/22/2023,17:39,,
1692740400,3.42,21.965,1.744,0.912,7450-049711,TRUE,8/22/2023 17:40,2023-LCS-NWA-220823-003A,8/22/2023,17:40,,
1692740460,3.42,21.276,0.263,0.942,7450-770855,TRUE,8/22/2023 17:41,2023-LCS-NWA-220823-001A,8/22/2023,17:41,,
1692740820,3.41,21.911,0.017,0.945,7450-064567,TRUE,8/22/2023 17:47,2023-LCS-NWA-220823-004A,8/22/2023,17:47,,
1692740940,3.44,22.924,0.557,0.974,7450-778298,TRUE,8/22/2023 17:49,2023-LCS-NWA-220823-006A,8/22/2023,17:49,,
1692741000,3.42,21.957,1.787,0.912,7450-049711,TRUE,8/22/2023 17:50,2023-LCS-NWA-220823-003A,8/22/2023,17:50,,
1692741060,3.42,21.309,0.384,0.944,7450-770855,TRUE,8/22/2023 17:51,2023-LCS-NWA-220823-001A,8/22/2023,17:51,,
1692741420,3.41,21.919,0.018,0.946,7450-064567,TRUE,8/22/2023 17:57,2023-LCS-NWA-220823-004A,8/22/2023,17:57,,
1692741540,3.44,22.957,0.543,0.974,7450-778298,TRUE,8/22/2023 17:59,2023-LCS-NWA-220823-006A,8/22/2023,17:59,,
1692741600,3.42,21.923,1.681,0.912,7450-049711,TRUE,8/22/2023 18:00,2023-LCS-NWA-220823-003A,8/22/2023,18:00,,
1692741660,3.42,21.309,0.302,0.943,7450-770855,TRUE,8/22/2023 18:01,2023-LCS-NWA-220823-001A,8/22/2023,18:01,,
1692742020,3.41,21.936,0.017,0.946,7450-064567,TRUE,8/22/2023 18:07,2023-LCS-NWA-220823-004A,8/22/2023,18:07,,
1692742140,3.44,23.033,0.682,0.976,7450-778298,TRUE,8/22/2023 18:09,2023-LCS-NWA-220823-006A,8/22/2023,18:09,,
1692742200,3.42,21.932,1.763,0.912,7450-049711,TRUE,8/22/2023 18:10,2023-LCS-NWA-220823-003A,8/22/2023,18:10,,
1692742260,3.42,21.276,0.347,0.944,7450-770855,TRUE,8/22/2023 18:11,2023-LCS-NWA-220823-001A,8/22/2023,18:11,,
1692742620,3.41,21.919,0.018,0.946,7450-064567,TRUE,8/22/2023 18:17,2023-LCS-NWA-220823-004A,8/22/2023,18:17,,
1692742740,3.44,23.075,0.763,0.977,7450-778298,TRUE,8/22/2023 18:19,2023-LCS-NWA-220823-006A,8/22/2023,18:19,,
1692742800,3.42,21.957,1.693,0.912,7450-049711,TRUE,8/22/2023 18:20,2023-LCS-NWA-220823-003A,8/22/2023,18:20,,
1692742860,3.42,21.292,0.352,0.944,7450-770855,TRUE,8/22/2023 18:21,2023-LCS-NWA-220823-001A,8/22/2023,18:21,,
1692743220,3.41,21.919,0.018,0.946,7450-064567,TRUE,8/22/2023 18:27,2023-LCS-NWA-220823-004A,8/22/2023,18:27,,
1692743340,3.44,23.075,0.925,0.979,7450-778298,TRUE,8/22/2023 18:29,2023-LCS-NWA-220823-006A,8/22/2023,18:29,,
1692743400,3.42,21.932,1.643,0.911,7450-049711,TRUE,8/22/2023 18:30,2023-LCS-NWA-220823-003A,8/22/2023,18:30,,
1692743460,3.42,21.259,0.34,0.943,7450-770855,TRUE,8/22/2023 18:31,2023-LCS-NWA-220823-001A,8/22/2023,18:31,,
1692743820,3.41,21.911,0.018,0.946,7450-064567,TRUE,8/22/2023 18:37,2023-LCS-NWA-220823-004A,8/22/2023,18:37,,
1692743940,3.44,23.083,0.978,0.98,7450-778298,TRUE,8/22/2023 18:39,2023-LCS-NWA-220823-006A,8/22/2023,18:39,,
1692744000,3.42,21.94,1.556,0.911,7450-049711,TRUE,8/22/2023 18:40,2023-LCS-NWA-220823-003A,8/22/2023,18:40,,
1692744060,3.42,21.426,1.178,0.957,7450-770855,TRUE,8/22/2023 18:41,2023-LCS-NWA-220823-001A,8/22/2023,18:41,,
1692744420,3.4,22.02,0.222,0.952,7450-064567,TRUE,8/22/2023 18:47,2023-LCS-NWA-220823-004A,8/22/2023,18:47,,
1692744540,3.44,23.083,1.103,0.981,7450-778298,TRUE,8/22/2023 18:49,2023-LCS-NWA-220823-006A,8/22/2023,18:49,,
1692744600,3.42,21.932,1.48,0.911,7450-049711,TRUE,8/22/2023 18:50,2023-LCS-NWA-220823-003A,8/22/2023,18:50,,
1692744660,3.42,21.643,1.785,0.959,7450-770855,TRUE,8/22/2023 18:51,2023-LCS-NWA-220823-001A,8/22/2023,18:51,,
1692745020,3.4,21.961,0.03,0.946,7450-064567,TRUE,8/22/2023 18:57,2023-LCS-NWA-220823-004A,8/22/2023,18:57,,
1692745140,3.44,23.066,1.145,0.982,7450-778298,TRUE,8/22/2023 18:59,2023-LCS-NWA-220823-006A,8/22/2023,18:59,,
1692745200,3.42,21.948,1.457,0.911,7450-049711,TRUE,8/22/2023 19:00,2023-LCS-NWA-220823-003A,8/22/2023,19:00,,
1692745260,3.42,21.368,0.671,0.95,7450-770855,TRUE,8/22/2023 19:01,2023-LCS-NWA-220823-001A,8/22/2023,19:01,,
1692745620,3.4,21.978,0.021,0.946,7450-064567,TRUE,8/22/2023 19:07,2023-LCS-NWA-220823-004A,8/22/2023,19:07,,
1692745740,3.44,23.058,1.247,0.982,7450-778298,TRUE,8/22/2023 19:09,2023-LCS-NWA-220823-006A,8/22/2023,19:09,,
1692745800,3.42,22.015,2.157,0.912,7450-049711,TRUE,8/22/2023 19:10,2023-LCS-NWA-220823-003A,8/22/2023,19:10,,
1692745860,3.42,21.51,1.28,0.958,7450-770855,TRUE,8/22/2023 19:11,2023-LCS-NWA-220823-001A,8/22/2023,19:11,,
1692746220,3.4,22.07,0.27,0.953,7450-064567,TRUE,8/22/2023 19:17,2023-LCS-NWA-220823-004A,8/22/2023,19:17,,
1692746340,3.44,22.991,1.232,0.982,7450-778298,TRUE,8/22/2023 19:19,2023-LCS-NWA-220823-006A,8/22/2023,19:19,,
1692746400,3.42,22.141,2.655,0.913,7450-049711,TRUE,8/22/2023 19:20,2023-LCS-NWA-220823-003A,8/22/2023,19:20,,
1692746460,3.42,21.601,1.564,0.959,7450-770855,TRUE,8/22/2023 19:21,2023-LCS-NWA-220823-001A,8/22/2023,19:21,,
1692746820,3.4,22.011,0.349,0.955,7450-064567,TRUE,8/22/2023 19:27,2023-LCS-NWA-220823-004A,8/22/2023,19:27,,
1692746940,3.44,22.974,1.198,0.982,7450-778298,TRUE,8/22/2023 19:29,2023-LCS-NWA-220823-006A,8/22/2023,19:29,,
1692747000,3.42,22.149,2.298,0.912,7450-049711,TRUE,8/22/2023 19:30,2023-LCS-NWA-220823-003A,8/22/2023,19:30,,
1692747060,3.42,21.618,1.778,0.959,7450-770855,TRUE,8/22/2023 19:31,2023-LCS-NWA-220823-001A,8/22/2023,19:31,,
1692747420,3.4,21.986,0.306,0.954,7450-064567,TRUE,8/22/2023 19:37,2023-LCS-NWA-220823-004A,8/22/2023,19:37,,
1692747540,3.44,22.941,1.232,0.982,7450-778298,TRUE,8/22/2023 19:39,2023-LCS-NWA-220823-006A,8/22/2023,19:39,,
1692747600,3.41,22.049,2.219,0.913,7450-049711,TRUE,8/22/2023 19:40,2023-LCS-NWA-220823-003A,8/22/2023,19:40,,
1692747660,3.42,21.677,1.878,0.96,7450-770855,TRUE,8/22/2023 19:41,2023-LCS-NWA-220823-001A,8/22/2023,19:41,,
1692748020,3.41,21.953,0.467,0.958,7450-064567,TRUE,8/22/2023 19:47,2023-LCS-NWA-220823-004A,8/22/2023,19:47,,
1692748140,3.44,22.857,1.215,0.982,7450-778298,TRUE,8/22/2023 19:49,2023-LCS-NWA-220823-006A,8/22/2023,19:49,,
1692748200,3.42,22.283,4.124,0.912,7450-049711,TRUE,8/22/2023 19:50,2023-LCS-NWA-220823-003A,8/22/2023,19:50,,
1692748260,3.42,21.71,2.413,0.961,7450-770855,TRUE,8/22/2023 19:51,2023-LCS-NWA-220823-001A,8/22/2023,19:51,,
1692748620,3.4,21.978,0.74,0.962,7450-064567,TRUE,8/22/2023 19:57,2023-LCS-NWA-220823-004A,8/22/2023,19:57,,
1692748740,3.44,22.815,1.269,0.983,7450-778298,TRUE,8/22/2023 19:59,2023-LCS-NWA-220823-006A,8/22/2023,19:59,,
1692748800,3.42,22.132,3.142,0.913,7450-049711,TRUE,8/22/2023 20:00,2023-LCS-NWA-220823-003A,8/22/2023,20:00,,
1692748860,3.42,21.827,2.613,0.961,7450-770855,TRUE,8/22/2023 20:01,2023-LCS-NWA-220823-001A,8/22/2023,20:01,,
1692749220,3.41,21.919,0.407,0.956,7450-064567,TRUE,8/22/2023 20:07,2023-LCS-NWA-220823-004A,8/22/2023,20:07,,
1692749340,3.44,22.765,1.268,0.982,7450-778298,TRUE,8/22/2023 20:09,2023-LCS-NWA-220823-006A,8/22/2023,20:09,,
1692749400,3.42,22.132,4.097,0.912,7450-049711,TRUE,8/22/2023 20:10,2023-LCS-NWA-220823-003A,8/22/2023,20:10,,
1692749460,3.42,21.718,2.216,0.96,7450-770855,TRUE,8/22/2023 20:11,2023-LCS-NWA-220823-001A,8/22/2023,20:11,,
1692749820,3.41,21.894,0.276,0.954,7450-064567,TRUE,8/22/2023 20:17,2023-LCS-NWA-220823-004A,8/22/2023,20:17,,
1692749940,3.44,22.715,1.145,0.981,7450-778298,TRUE,8/22/2023 20:19,2023-LCS-NWA-220823-006A,8/22/2023,20:19,,
1692750000,3.42,22.141,3.452,0.912,7450-049711,TRUE,8/22/2023 20:20,2023-LCS-NWA-220823-003A,8/22/2023,20:20,,
1692750060,3.42,21.685,2.393,0.961,7450-770855,TRUE,8/22/2023 20:21,2023-LCS-NWA-220823-001A,8/22/2023,20:21,,
1692750420,3.4,21.928,0.879,0.965,7450-064567,TRUE,8/22/2023 20:27,2023-LCS-NWA-220823-004A,8/22/2023,20:27,,
1692750540,3.44,22.648,1.079,0.981,7450-778298,TRUE,8/22/2023 20:29,2023-LCS-NWA-220823-006A,8/22/2023,20:29,,
1692750600,3.42,22.191,4.111,0.911,7450-049711,TRUE,8/22/2023 20:30,2023-LCS-NWA-220823-003A,8/22/2023,20:30,,
1692750660,3.42,21.76,2.493,0.961,7450-770855,TRUE,8/22/2023 20:31,2023-LCS-NWA-220823-001A,8/22/2023,20:31,,
1692751020,3.41,21.894,1.033,0.967,7450-064567,TRUE,8/22/2023 20:37,2023-LCS-NWA-220823-004A,8/22/2023,20:37,,
1692751140,3.44,22.606,1.037,0.98,7450-778298,TRUE,8/22/2023 20:39,2023-LCS-NWA-220823-006A,8/22/2023,20:39,,
1692751200,3.42,22.166,4.057,0.912,7450-049711,TRUE,8/22/2023 20:40,2023-LCS-NWA-220823-003A,8/22/2023,20:40,,
1692751260,3.42,21.668,2.461,0.961,7450-770855,TRUE,8/22/2023 20:41,2023-LCS-NWA-220823-001A,8/22/2023,20:41,,
1692751620,3.41,21.827,0.929,0.965,7450-064567,TRUE,8/22/2023 20:47,2023-LCS-NWA-220823-004A,8/22/2023,20:47,,
1692751740,3.44,22.564,0.973,0.98,7450-778298,TRUE,8/22/2023 20:49,2023-LCS-NWA-220823-006A,8/22/2023,20:49,,
1692751800,3.41,22.107,3.869,0.912,7450-049711,TRUE,8/22/2023 20:50,2023-LCS-NWA-220823-003A,8/22/2023,20:50,,
1692751860,3.42,21.66,2.504,0.961,7450-770855,TRUE,8/22/2023 20:51,2023-LCS-NWA-220823-001A,8/22/2023,20:51,,
1692752220,3.41,21.761,0.895,0.965,7450-064567,TRUE,8/22/2023 20:57,2023-LCS-NWA-220823-004A,8/22/2023,20:57,,
1692752340,3.44,22.505,0.9,0.979,7450-778298,TRUE,8/22/2023 20:59,2023-LCS-NWA-220823-006A,8/22/2023,20:59,,
1692752400,3.41,21.974,3.49,0.913,7450-049711,TRUE,8/22/2023 21:00,2023-LCS-NWA-220823-003A,8/22/2023,21:00,,
1692752460,3.42,21.727,3.068,0.961,7450-770855,TRUE,8/22/2023 21:01,2023-LCS-NWA-220823-001A,8/22/2023,21:01,,
1692752820,3.41,21.66,0.902,0.964,7450-064567,TRUE,8/22/2023 21:07,2023-LCS-NWA-220823-004A,8/22/2023,21:07,,
1692752940,3.44,22.48,0.841,0.978,7450-778298,TRUE,8/22/2023 21:09,2023-LCS-NWA-220823-006A,8/22/2023,21:09,,
1692753000,3.42,21.647,2.305,0.913,7450-049711,TRUE,8/22/2023 21:10,2023-LCS-NWA-220823-003A,8/22/2023,21:10,,
1692753060,3.42,21.685,3.049,0.961,7450-770855,TRUE,8/22/2023 21:11,2023-LCS-NWA-220823-001A,8/22/2023,21:11,,
1692753420,3.41,21.585,0.749,0.962,7450-064567,TRUE,8/22/2023 21:17,2023-LCS-NWA-220823-004A,8/22/2023,21:17,,
1692753540,3.44,22.463,0.788,0.978,7450-778298,TRUE,8/22/2023 21:19,2023-LCS-NWA-220823-006A,8/22/2023,21:19,,
1692753600,3.42,21.681,2.652,0.913,7450-049711,TRUE,8/22/2023 21:20,2023-LCS-NWA-220823-003A,8/22/2023,21:20,,
1692753660,3.42,21.593,2.884,0.961,7450-770855,TRUE,8/22/2023 21:21,2023-LCS-NWA-220823-001A,8/22/2023,21:21,,
1692754020,3.41,21.501,0.59,0.96,7450-064567,TRUE,8/22/2023 21:27,2023-LCS-NWA-220823-004A,8/22/2023,21:27,,
1692754140,3.44,22.346,0.701,0.977,7450-778298,TRUE,8/22/2023 21:29,2023-LCS-NWA-220823-006A,8/22/2023,21:29,,
1692754200,3.42,21.714,2.914,0.913,7450-049711,TRUE,8/22/2023 21:30,2023-LCS-NWA-220823-003A,8/22/2023,21:30,,
1692754260,3.42,21.501,2.456,0.956,7450-770855,TRUE,8/22/2023 21:31,2023-LCS-NWA-220823-001A,8/22/2023,21:31,,
1692754620,3.41,21.309,0.531,0.959,7450-064567,TRUE,8/22/2023 21:37,2023-LCS-NWA-220823-004A,8/22/2023,21:37,,
1692754740,3.44,22.346,0.681,0.976,7450-778298,TRUE,8/22/2023 21:39,2023-LCS-NWA-220823-006A,8/22/2023,21:39,,
1692754800,3.42,21.572,2.222,0.913,7450-049711,TRUE,8/22/2023 21:40,2023-LCS-NWA-220823-003A,8/22/2023,21:40,,
1692754860,3.42,21.56,2.993,0.961,7450-770855,TRUE,8/22/2023 21:41,2023-LCS-NWA-220823-001A,8/22/2023,21:41,,
1692755220,3.41,21.242,0.477,0.958,7450-064567,TRUE,8/22/2023 21:47,2023-LCS-NWA-220823-004A,8/22/2023,21:47,,
1692755340,3.44,22.305,0.628,0.976,7450-778298,TRUE,8/22/2023 21:49,2023-LCS-NWA-220823-006A,8/22/2023,21:49,,
1692755400,3.42,21.572,2.596,0.913,7450-049711,TRUE,8/22/2023 21:50,2023-LCS-NWA-220823-003A,8/22/2023,21:50,,
1692755460,3.42,21.493,3.019,0.961,7450-770855,TRUE,8/22/2023 21:51,2023-LCS-NWA-220823-001A,8/22/2023,21:51,,
1692755820,3.41,21.2,0.283,0.954,7450-064567,TRUE,8/22/2023 21:57,2023-LCS-NWA-220823-004A,8/22/2023,21:57,,
1692755940,3.44,22.263,0.54,0.974,7450-778298,TRUE,8/22/2023 21:59,2023-LCS-NWA-220823-006A,8/22/2023,21:59,,
1692756000,3.42,21.472,2.402,0.913,7450-049711,TRUE,8/22/2023 22:00,2023-LCS-NWA-220823-003A,8/22/2023,22:00,,
1692756060,3.42,21.443,2.988,0.961,7450-770855,TRUE,8/22/2023 22:01,2023-LCS-NWA-220823-001A,8/22/2023,22:01,,
1692756420,3.41,21.142,0.201,0.952,7450-064567,TRUE,8/22/2023 22:07,2023-LCS-NWA-220823-004A,8/22/2023,22:07,,
1692756540,3.44,22.229,0.472,0.973,7450-778298,TRUE,8/22/2023 22:09,2023-LCS-NWA-220823-006A,8/22/2023,22:09,,
1692756600,3.42,21.397,1.922,0.912,7450-049711,TRUE,8/22/2023 22:10,2023-LCS-NWA-220823-003A,8/22/2023,22:10,,
1692756660,3.42,21.368,2.594,0.96,7450-770855,TRUE,8/22/2023 22:11,2023-LCS-NWA-220823-001A,8/22/2023,22:11,,
1692757020,3.41,21.075,0.177,0.952,7450-064567,TRUE,8/22/2023 22:17,2023-LCS-NWA-220823-004A,8/22/2023,22:17,,
1692757140,3.44,22.179,0.388,0.972,7450-778298,TRUE,8/22/2023 22:19,2023-LCS-NWA-220823-006A,8/22/2023,22:19,,
1692757200,3.42,21.321,1.993,0.912,7450-049711,TRUE,8/22/2023 22:20,2023-LCS-NWA-220823-003A,8/22/2023,22:20,,
1692757260,3.42,21.326,2.567,0.961,7450-770855,TRUE,8/22/2023 22:21,2023-LCS-NWA-220823-001A,8/22/2023,22:21,,
1692757620,3.4,21.042,0.298,0.955,7450-064567,TRUE,8/22/2023 22:27,2023-LCS-NWA-220823-004A,8/22/2023,22:27,,
1692757740,3.44,22.146,0.369,0.972,7450-778298,TRUE,8/22/2023 22:29,2023-LCS-NWA-220823-006A,8/22/2023,22:29,,
1692757800,3.42,21.305,1.87,0.912,7450-049711,TRUE,8/22/2023 22:30,2023-LCS-NWA-220823-003A,8/22/2023,22:30,,
1692757860,3.42,21.267,2.763,0.961,7450-770855,TRUE,8/22/2023 22:31,2023-LCS-NWA-220823-001A,8/22/2023,22:31,,8/21/2023 17:21
1692758220,3.4,21,0.093,0.95,7450-064567,TRUE,8/22/2023 22:37,2023-LCS-NWA-220823-004A,8/22/2023,22:37,,8/21/2023 17:31
1692758340,3.44,22.112,0.399,0.972,7450-778298,TRUE,8/22/2023 22:39,2023-LCS-NWA-220823-006A,8/22/2023,22:39,,
1692758400,3.42,21.33,1.881,0.912,7450-049711,TRUE,8/22/2023 22:40,2023-LCS-NWA-220823-003A,8/22/2023,22:40,,
1692758460,3.42,21.242,2.388,0.96,7450-770855,TRUE,8/22/2023 22:41,2023-LCS-NWA-220823-001A,8/22/2023,22:41,,
1692758820,3.41,20.933,0.28,0.955,7450-064567,TRUE,8/22/2023 22:47,2023-LCS-NWA-220823-004A,8/22/2023,22:47,,
1692758940,3.44,22.062,0.364,0.971,7450-778298,TRUE,8/22/2023 22:49,2023-LCS-NWA-220823-006A,8/22/2023,22:49,,
1692759000,3.42,21.246,1.562,0.912,7450-049711,TRUE,8/22/2023 22:50,2023-LCS-NWA-220823-003A,8/22/2023,22:50,,
1692759060,3.42,21.192,2.57,0.961,7450-770855,TRUE,8/22/2023 22:51,2023-LCS-NWA-220823-001A,8/22/2023,22:51,,
1692759420,3.41,20.883,0.131,0.951,7450-064567,TRUE,8/22/2023 22:57,2023-LCS-NWA-220823-004A,8/22/2023,22:57,,
1692759540,3.44,22.02,0.312,0.97,7450-778298,TRUE,8/22/2023 22:59,2023-LCS-NWA-220823-006A,8/22/2023,22:59,,
1692759600,3.42,21.221,1.357,0.91,7450-049711,TRUE,8/22/2023 23:00,2023-LCS-NWA-220823-003A,8/22/2023,23:00,,
1692759660,3.42,21.167,2.532,0.961,7450-770855,TRUE,8/22/2023 23:01,2023-LCS-NWA-220823-001A,8/22/2023,23:01,,
1692760020,3.41,20.841,0.108,0.95,7450-064567,TRUE,8/22/2023 23:07,2023-LCS-NWA-220823-004A,8/22/2023,23:07,,
1692760140,3.44,21.978,0.276,0.969,7450-778298,TRUE,8/22/2023 23:09,2023-LCS-NWA-220823-006A,8/22/2023,23:09,,
1692760200,3.42,21.137,1.11,0.909,7450-049711,TRUE,8/22/2023 23:10,2023-LCS-NWA-220823-003A,8/22/2023,23:10,,
1692760260,3.42,21.1,2.44,0.961,7450-770855,TRUE,8/22/2023 23:11,2023-LCS-NWA-220823-001A,8/22/2023,23:11,,
1692760620,3.41,20.791,0.108,0.95,7450-064567,TRUE,8/22/2023 23:17,2023-LCS-NWA-220823-004A,8/22/2023,23:17,,
1692760740,3.44,21.936,0.233,0.968,7450-778298,TRUE,8/22/2023 23:19,2023-LCS-NWA-220823-006A,8/22/2023,23:19,,
1692760800,3.42,21.112,0.991,0.908,7450-049711,TRUE,8/22/2023 23:20,2023-LCS-NWA-220823-003A,8/22/2023,23:20,,
1692760860,3.42,21.058,2.511,0.96,7450-770855,TRUE,8/22/2023 23:21,2023-LCS-NWA-220823-001A,8/22/2023,23:21,,
1692761220,3.41,20.774,0.047,0.949,7450-064567,TRUE,8/22/2023 23:27,2023-LCS-NWA-220823-004A,8/22/2023,23:27,,
1692761340,3.44,21.895,0.247,0.969,7450-778298,TRUE,8/22/2023 23:29,2023-LCS-NWA-220823-006A,8/22/2023,23:29,,
1692761400,3.42,21.054,0.869,0.907,7450-049711,TRUE,8/22/2023 23:30,2023-LCS-NWA-220823-003A,8/22/2023,23:30,,
1692761460,3.42,21.025,2.185,0.959,7450-770855,TRUE,8/22/2023 23:31,2023-LCS-NWA-220823-001A,8/22/2023,23:31,,
1692761820,3.41,20.74,0.086,0.95,7450-064567,TRUE,8/22/2023 23:37,2023-LCS-NWA-220823-004A,8/22/2023,23:37,,
1692761940,3.44,21.853,0.198,0.967,7450-778298,TRUE,8/22/2023 23:39,2023-LCS-NWA-220823-006A,8/22/2023,23:39,,
1692762000,3.42,20.97,0.664,0.905,7450-049711,TRUE,8/22/2023 23:40,2023-LCS-NWA-220823-003A,8/22/2023,23:40,,
1692762060,3.42,21,2.165,0.959,7450-770855,TRUE,8/22/2023 23:41,2023-LCS-NWA-220823-001A,8/22/2023,23:41,,
1692762420,3.41,20.707,0.076,0.95,7450-064567,TRUE,8/22/2023 23:47,2023-LCS-NWA-220823-004A,8/22/2023,23:47,,
1692762540,3.44,21.794,0.159,0.966,7450-778298,TRUE,8/22/2023 23:49,2023-LCS-NWA-220823-006A,8/22/2023,23:49,,
1692762600,3.42,20.945,0.597,0.903,7450-049711,TRUE,8/22/2023 23:50,2023-LCS-NWA-220823-003A,8/22/2023,23:50,,
1692762660,3.42,20.991,2.102,0.96,7450-770855,TRUE,8/22/2023 23:51,2023-LCS-NWA-220823-001A,8/22/2023,23:51,,
1692763020,3.41,20.673,0.059,0.949,7450-064567,TRUE,8/22/2023 23:57,2023-LCS-NWA-220823-004A,8/22/2023,23:57,,
1692763140,3.44,21.777,0.161,0.967,7450-778298,TRUE,8/22/2023 23:59,2023-LCS-NWA-220823-006A,8/22/2023,23:59,,
1692763200,3.42,20.92,0.587,0.903,7450-049711,TRUE,8/23/2023 0:00,2023-LCS-NWA-220823-003A,8/23/2023,0:00,,
1692763260,3.41,20.983,1.74,0.957,7450-770855,TRUE,8/23/2023 0:01,2023-LCS-NWA-220823-001A,8/23/2023,0:01,,
1692763620,3.41,20.64,0.056,0.949,7450-064567,TRUE,8/23/2023 0:07,2023-LCS-NWA-220823-004A,8/23/2023,0:07,,
1692763740,3.44,21.736,0.157,0.966,7450-778298,TRUE,8/23/2023 0:09,2023-LCS-NWA-220823-006A,8/23/2023,0:09,,
1692763800,3.42,20.912,0.521,0.902,7450-049711,TRUE,8/23/2023 0:10,2023-LCS-NWA-220823-003A,8/23/2023,0:10,,
1692763860,3.41,20.958,1.678,0.958,7450-770855,TRUE,8/23/2023 0:11,2023-LCS-NWA-220823-001A,8/23/2023,0:11,,
1692764220,3.41,20.615,0.063,0.95,7450-064567,TRUE,8/23/2023 0:17,2023-LCS-NWA-220823-004A,8/23/2023,0:17,,
1692764340,3.44,21.736,0.144,0.966,7450-778298,TRUE,8/23/2023 0:19,2023-LCS-NWA-220823-006A,8/23/2023,0:19,,
1692764400,3.42,20.845,0.433,0.901,7450-049711,TRUE,8/23/2023 0:20,2023-LCS-NWA-220823-003A,8/23/2023,0:20,,
1692764460,3.41,20.941,1.795,0.959,7450-770855,TRUE,8/23/2023 0:21,2023-LCS-NWA-220823-001A,8/23/2023,0:21,,
1692764820,3.41,20.59,0.053,0.949,7450-064567,TRUE,8/23/2023 0:27,2023-LCS-NWA-220823-004A,8/23/2023,0:27,,
1692764940,3.44,21.711,0.124,0.966,7450-778298,TRUE,8/23/2023 0:29,2023-LCS-NWA-220823-006A,8/23/2023,0:29,,
1692765000,3.42,20.811,0.311,0.899,7450-049711,TRUE,8/23/2023 0:30,2023-LCS-NWA-220823-003A,8/23/2023,0:30,,
1692765060,3.41,20.908,1.789,0.959,7450-770855,TRUE,8/23/2023 0:31,2023-LCS-NWA-220823-001A,8/23/2023,0:31,,
1692765420,3.41,20.565,0.042,0.949,7450-064567,TRUE,8/23/2023 0:37,2023-LCS-NWA-220823-004A,8/23/2023,0:37,,
1692765540,3.44,21.677,0.089,0.965,7450-778298,TRUE,8/23/2023 0:39,2023-LCS-NWA-220823-006A,8/23/2023,0:39,,
1692765600,3.42,20.753,0.245,0.897,7450-049711,TRUE,8/23/2023 0:40,2023-LCS-NWA-220823-003A,8/23/2023,0:40,,
1692765660,3.42,20.883,1.634,0.959,7450-770855,TRUE,8/23/2023 0:41,2023-LCS-NWA-220823-001A,8/23/2023,0:41,,
1692766020,3.41,20.514,0.059,0.95,7450-064567,TRUE,8/23/2023 0:47,2023-LCS-NWA-220823-004A,8/23/2023,0:47,,
1692766140,3.44,21.652,0.085,0.965,7450-778298,TRUE,8/23/2023 0:49,2023-LCS-NWA-220823-006A,8/23/2023,0:49,,
1692766200,3.42,20.728,0.21,0.896,7450-049711,TRUE,8/23/2023 0:50,2023-LCS-NWA-220823-003A,8/23/2023,0:50,,
1692766260,3.42,20.874,1.609,0.958,7450-770855,TRUE,8/23/2023 0:51,2023-LCS-NWA-220823-001A,8/23/2023,0:51,,
1692766620,3.41,20.481,0.033,0.949,7450-064567,TRUE,8/23/2023 0:57,2023-LCS-NWA-220823-004A,8/23/2023,0:57,,
1692766740,3.44,21.627,0.065,0.964,7450-778298,TRUE,8/23/2023 0:59,2023-LCS-NWA-220823-006A,8/23/2023,0:59,,
1692766800,3.42,20.711,0.17,0.895,7450-049711,TRUE,8/23/2023 1:00,2023-LCS-NWA-220823-003A,8/23/2023,1:00,,
1692766860,3.42,20.849,1.499,0.958,7450-770855,TRUE,8/23/2023 1:01,2023-LCS-NWA-220823-001A,8/23/2023,1:01,,
1692767220,3.41,20.464,0.031,0.949,7450-064567,TRUE,8/23/2023 1:07,2023-LCS-NWA-220823-004A,8/23/2023,1:07,,
1692767340,3.44,21.593,0.086,0.965,7450-778298,TRUE,8/23/2023 1:09,2023-LCS-NWA-220823-006A,8/23/2023,1:09,,
1692767400,3.42,20.678,0.074,0.893,7450-049711,TRUE,8/23/2023 1:10,2023-LCS-NWA-220823-003A,8/23/2023,1:10,,
1692767460,3.42,20.824,1.506,0.958,7450-770855,TRUE,8/23/2023 1:11,2023-LCS-NWA-220823-001A,8/23/2023,1:11,,
1692767820,3.41,20.431,0.031,0.949,7450-064567,TRUE,8/23/2023 1:17,2023-LCS-NWA-220823-004A,8/23/2023,1:17,,
1692767940,3.44,21.552,0.078,0.965,7450-778298,TRUE,8/23/2023 1:19,2023-LCS-NWA-220823-006A,8/23/2023,1:19,,
1692768000,3.42,20.644,0.093,0.894,7450-049711,TRUE,8/23/2023 1:20,2023-LCS-NWA-220823-003A,8/23/2023,1:20,,
1692768060,3.42,20.791,1.557,0.958,7450-770855,TRUE,8/23/2023 1:21,2023-LCS-NWA-220823-001A,8/23/2023,1:21,,
1692768420,3.41,20.406,0.034,0.949,7450-064567,TRUE,8/23/2023 1:27,2023-LCS-NWA-220823-004A,8/23/2023,1:27,,
1692768540,3.44,21.56,0.06,0.964,7450-778298,TRUE,8/23/2023 1:29,2023-LCS-NWA-220823-006A,8/23/2023,1:29,,
1692768600,3.42,20.627,0.058,0.893,7450-049711,TRUE,8/23/2023 1:30,2023-LCS-NWA-220823-003A,8/23/2023,1:30,,
1692768660,3.42,20.757,1.493,0.958,7450-770855,TRUE,8/23/2023 1:31,2023-LCS-NWA-220823-001A,8/23/2023,1:31,,
1692769020,3.41,20.372,0.028,0.949,7450-064567,TRUE,8/23/2023 1:37,2023-LCS-NWA-220823-004A,8/23/2023,1:37,,
1692769140,3.44,21.51,0.067,0.964,7450-778298,TRUE,8/23/2023 1:39,2023-LCS-NWA-220823-006A,8/23/2023,1:39,,
1692769200,3.42,20.611,0.036,0.893,7450-049711,TRUE,8/23/2023 1:40,2023-LCS-NWA-220823-003A,8/23/2023,1:40,,
1692769260,3.42,20.741,1.497,0.958,7450-770855,TRUE,8/23/2023 1:41,2023-LCS-NWA-220823-001A,8/23/2023,1:41,,
1692769620,3.41,20.381,0.033,0.949,7450-064567,TRUE,8/23/2023 1:47,2023-LCS-NWA-220823-004A,8/23/2023,1:47,,
1692769740,3.44,21.485,0.064,0.964,7450-778298,TRUE,8/23/2023 1:49,2023-LCS-NWA-220823-006A,8/23/2023,1:49,,
1692769800,3.42,20.586,0.03,0.892,7450-049711,TRUE,8/23/2023 1:50,2023-LCS-NWA-220823-003A,8/23/2023,1:50,,
1692769860,3.42,20.724,1.35,0.958,7450-770855,TRUE,8/23/2023 1:51,2023-LCS-NWA-220823-001A,8/23/2023,1:51,,
1692770220,3.41,20.33,0.028,0.949,7450-064567,TRUE,8/23/2023 1:57,2023-LCS-NWA-220823-004A,8/23/2023,1:57,,
1692770340,3.44,21.468,0.058,0.964,7450-778298,TRUE,8/23/2023 1:59,2023-LCS-NWA-220823-006A,8/23/2023,1:59,,
1692770400,3.42,20.577,0.032,0.892,7450-049711,TRUE,8/23/2023 2:00,2023-LCS-NWA-220823-003A,8/23/2023,2:00,,
1692770460,3.42,20.716,1.422,0.958,7450-770855,TRUE,8/23/2023 2:01,2023-LCS-NWA-220823-001A,8/23/2023,2:01,,
1692770820,3.41,20.314,0.024,0.949,7450-064567,TRUE,8/23/2023 2:07,2023-LCS-NWA-220823-004A,8/23/2023,2:07,,
1692770940,3.44,21.46,0.037,0.963,7450-778298,TRUE,8/23/2023 2:09,2023-LCS-NWA-220823-006A,8/23/2023,2:09,,
1692771000,3.42,20.56,0.028,0.892,7450-049711,TRUE,8/23/2023 2:10,2023-LCS-NWA-220823-003A,8/23/2023,2:10,,
1692771060,3.42,20.691,1.38,0.958,7450-770855,TRUE,8/23/2023 2:11,2023-LCS-NWA-220823-001A,8/23/2023,2:11,,
1692771420,3.41,20.297,0.025,0.949,7450-064567,TRUE,8/23/2023 2:17,2023-LCS-NWA-220823-004A,8/23/2023,2:17,,
1692771540,3.44,21.426,0.039,0.963,7450-778298,TRUE,8/23/2023 2:19,2023-LCS-NWA-220823-006A,8/23/2023,2:19,,
1692771600,3.42,20.535,0.023,0.892,7450-049711,TRUE,8/23/2023 2:20,2023-LCS-NWA-220823-003A,8/23/2023,2:20,,
1692771660,3.42,20.682,1.418,0.958,7450-770855,TRUE,8/23/2023 2:21,2023-LCS-NWA-220823-001A,8/23/2023,2:21,,
1692772020,3.41,20.28,0.027,0.949,7450-064567,TRUE,8/23/2023 2:27,2023-LCS-NWA-220823-004A,8/23/2023,2:27,,
1692772140,3.44,21.418,0.029,0.963,7450-778298,TRUE,8/23/2023 2:29,2023-LCS-NWA-220823-006A,8/23/2023,2:29,,
1692772200,3.42,20.527,0.023,0.892,7450-049711,TRUE,8/23/2023 2:30,2023-LCS-NWA-220823-003A,8/23/2023,2:30,,
1692772260,3.42,20.657,1.303,0.957,7450-770855,TRUE,8/23/2023 2:31,2023-LCS-NWA-220823-001A,8/23/2023,2:31,,
1692772620,3.41,20.255,0.022,0.949,7450-064567,TRUE,8/23/2023 2:37,2023-LCS-NWA-220823-004A,8/23/2023,2:37,,
1692772740,3.44,21.393,0.059,0.964,7450-778298,TRUE,8/23/2023 2:39,2023-LCS-NWA-220823-006A,8/23/2023,2:39,,
1692772800,3.42,20.485,0.023,0.892,7450-049711,TRUE,8/23/2023 2:40,2023-LCS-NWA-220823-003A,8/23/2023,2:40,,
1692772860,3.42,20.649,1.378,0.958,7450-770855,TRUE,8/23/2023 2:41,2023-LCS-NWA-220823-001A,8/23/2023,2:41,,
1692773220,3.41,20.238,0.021,0.949,7450-064567,TRUE,8/23/2023 2:47,2023-LCS-NWA-220823-004A,8/23/2023,2:47,,
1692773340,3.44,21.368,0.059,0.964,7450-778298,TRUE,8/23/2023 2:49,2023-LCS-NWA-220823-006A,8/23/2023,2:49,,
1692773400,3.42,20.493,0.023,0.892,7450-049711,TRUE,8/23/2023 2:50,2023-LCS-NWA-220823-003A,8/23/2023,2:50,,
1692773460,3.42,20.632,1.269,0.957,7450-770855,TRUE,8/23/2023 2:51,2023-LCS-NWA-220823-001A,8/23/2023,2:51,,
1692773820,3.41,20.205,0.025,0.949,7450-064567,TRUE,8/23/2023 2:57,2023-LCS-NWA-220823-004A,8/23/2023,2:57,,
1692773940,3.44,21.359,0.033,0.963,7450-778298,TRUE,8/23/2023 2:59,2023-LCS-NWA-220823-006A,8/23/2023,2:59,,
1692774000,3.42,20.493,0.023,0.892,7450-049711,TRUE,8/23/2023 3:00,2023-LCS-NWA-220823-003A,8/23/2023,3:00,,
1692774060,3.42,20.607,1.226,0.957,7450-770855,TRUE,8/23/2023 3:01,2023-LCS-NWA-220823-001A,8/23/2023,3:01,,
1692774420,3.41,20.188,0.021,0.949,7450-064567,TRUE,8/23/2023 3:07,2023-LCS-NWA-220823-004A,8/23/2023,3:07,,
1692774540,3.44,21.351,0.031,0.963,7450-778298,TRUE,8/23/2023 3:09,2023-LCS-NWA-220823-006A,8/23/2023,3:09,,
1692774600,3.42,20.468,0.024,0.892,7450-049711,TRUE,8/23/2023 3:10,2023-LCS-NWA-220823-003A,8/23/2023,3:10,,
1692774660,3.42,20.624,1.164,0.956,7450-770855,TRUE,8/23/2023 3:11,2023-LCS-NWA-220823-001A,8/23/2023,3:11,,
1692775020,3.41,20.196,0.022,0.949,7450-064567,TRUE,8/23/2023 3:17,2023-LCS-NWA-220823-004A,8/23/2023,3:17,,
1692775140,3.44,21.334,0.025,0.963,7450-778298,TRUE,8/23/2023 3:19,2023-LCS-NWA-220823-006A,8/23/2023,3:19,,
1692775200,3.42,20.468,0.024,0.892,7450-049711,TRUE,8/23/2023 3:20,2023-LCS-NWA-220823-003A,8/23/2023,3:20,,
1692775260,3.42,20.599,1.153,0.956,7450-770855,TRUE,8/23/2023 3:21,2023-LCS-NWA-220823-001A,8/23/2023,3:21,,
1692775620,3.41,20.163,0.021,0.949,7450-064567,TRUE,8/23/2023 3:27,2023-LCS-NWA-220823-004A,8/23/2023,3:27,,
1692775740,3.44,21.309,0.03,0.963,7450-778298,TRUE,8/23/2023 3:29,2023-LCS-NWA-220823-006A,8/23/2023,3:29,,
1692775800,3.42,20.443,0.024,0.892,7450-049711,TRUE,8/23/2023 3:30,2023-LCS-NWA-220823-003A,8/23/2023,3:30,,
1692775860,3.42,20.565,1.062,0.955,7450-770855,TRUE,8/23/2023 3:31,2023-LCS-NWA-220823-001A,8/23/2023,3:31,,
1692776220,3.41,20.138,0.021,0.949,7450-064567,TRUE,8/23/2023 3:37,2023-LCS-NWA-220823-004A,8/23/2023,3:37,,
1692776340,3.44,21.276,0.024,0.963,7450-778298,TRUE,8/23/2023 3:39,2023-LCS-NWA-220823-006A,8/23/2023,3:39,,
1692776400,3.42,20.427,0.024,0.892,7450-049711,TRUE,8/23/2023 3:40,2023-LCS-NWA-220823-003A,8/23/2023,3:40,,
1692776460,3.42,20.565,1.029,0.954,7450-770855,TRUE,8/23/2023 3:41,2023-LCS-NWA-220823-001A,8/23/2023,3:41,,
1692776820,3.41,20.121,0.024,0.949,7450-064567,TRUE,8/23/2023 3:47,2023-LCS-NWA-220823-004A,8/23/2023,3:47,,
1692776940,3.44,21.242,0.027,0.963,7450-778298,TRUE,8/23/2023 3:49,2023-LCS-NWA-220823-006A,8/23/2023,3:49,,
1692777000,3.42,20.427,0.024,0.892,7450-049711,TRUE,8/23/2023 3:50,2023-LCS-NWA-220823-003A,8/23/2023,3:50,,
1692777060,3.42,20.548,0.961,0.953,7450-770855,TRUE,8/23/2023 3:51,2023-LCS-NWA-220823-001A,8/23/2023,3:51,,
1692777420,3.41,20.071,0.02,0.949,7450-064567,TRUE,8/23/2023 3:57,2023-LCS-NWA-220823-004A,8/23/2023,3:57,,
1692777540,3.44,21.217,0.026,0.963,7450-778298,TRUE,8/23/2023 3:59,2023-LCS-NWA-220823-006A,8/23/2023,3:59,,
1692777600,3.42,20.401,0.024,0.892,7450-049711,TRUE,8/23/2023 4:00,2023-LCS-NWA-220823-003A,8/23/2023,4:00,,
1692777660,3.42,20.515,1,0.954,7450-770855,TRUE,8/23/2023 4:01,2023-LCS-NWA-220823-001A,8/23/2023,4:01,,
1692778020,3.41,20.037,0.02,0.949,7450-064567,TRUE,8/23/2023 4:07,2023-LCS-NWA-220823-004A,8/23/2023,4:07,,
1692778140,3.44,21.2,0.025,0.963,7450-778298,TRUE,8/23/2023 4:09,2023-LCS-NWA-220823-006A,8/23/2023,4:09,,
1692778200,3.42,20.393,0.024,0.892,7450-049711,TRUE,8/23/2023 4:10,2023-LCS-NWA-220823-003A,8/23/2023,4:10,,
1692778260,3.42,20.515,0.924,0.953,7450-770855,TRUE,8/23/2023 4:11,2023-LCS-NWA-220823-001A,8/23/2023,4:11,,
1692778620,3.41,20.021,0.021,0.949,7450-064567,TRUE,8/23/2023 4:17,2023-LCS-NWA-220823-004A,8/23/2023,4:17,,
1692778740,3.44,21.184,0.021,0.963,7450-778298,TRUE,8/23/2023 4:19,2023-LCS-NWA-220823-006A,8/23/2023,4:19,,
1692778800,3.42,20.368,0.024,0.892,7450-049711,TRUE,8/23/2023 4:20,2023-LCS-NWA-220823-003A,8/23/2023,4:20,,
1692778860,3.42,20.49,0.951,0.953,7450-770855,TRUE,8/23/2023 4:21,2023-LCS-NWA-220823-001A,8/23/2023,4:21,,
1692779220,3.41,20.004,0.021,0.949,7450-064567,TRUE,8/23/2023 4:27,2023-LCS-NWA-220823-004A,8/23/2023,4:27,,
1692779340,3.44,21.158,0.025,0.963,7450-778298,TRUE,8/23/2023 4:29,2023-LCS-NWA-220823-006A,8/23/2023,4:29,,
1692779400,3.42,20.368,0.024,0.892,7450-049711,TRUE,8/23/2023 4:30,2023-LCS-NWA-220823-003A,8/23/2023,4:30,,
1692779460,3.42,20.473,0.924,0.953,7450-770855,TRUE,8/23/2023 4:31,2023-LCS-NWA-220823-001A,8/23/2023,4:31,,
1692779820,3.4,19.97,0.027,0.949,7450-064567,TRUE,8/23/2023 4:37,2023-LCS-NWA-220823-004A,8/23/2023,4:37,,
1692779940,3.44,21.117,0.023,0.963,7450-778298,TRUE,8/23/2023 4:39,2023-LCS-NWA-220823-006A,8/23/2023,4:39,,
1692780000,3.42,20.36,0.023,0.892,7450-049711,TRUE,8/23/2023 4:40,2023-LCS-NWA-220823-003A,8/23/2023,4:40,,
1692780060,3.42,20.44,0.847,0.952,7450-770855,TRUE,8/23/2023 4:41,2023-LCS-NWA-220823-001A,8/23/2023,4:41,,
1692780420,3.4,19.937,0.02,0.949,7450-064567,TRUE,8/23/2023 4:47,2023-LCS-NWA-220823-004A,8/23/2023,4:47,,
1692780540,3.44,21.075,0.022,0.963,7450-778298,TRUE,8/23/2023 4:49,2023-LCS-NWA-220823-006A,8/23/2023,4:49,,
1692780600,3.42,20.334,0.023,0.892,7450-049711,TRUE,8/23/2023 4:50,2023-LCS-NWA-220823-003A,8/23/2023,4:50,,
1692780660,3.42,20.415,0.875,0.952,7450-770855,TRUE,8/23/2023 4:51,2023-LCS-NWA-220823-001A,8/23/2023,4:51,,
1692781020,3.41,19.903,0.021,0.949,7450-064567,TRUE,8/23/2023 4:57,2023-LCS-NWA-220823-004A,8/23/2023,4:57,,
1692781140,3.44,21.058,0.084,0.964,7450-778298,TRUE,8/23/2023 4:59,2023-LCS-NWA-220823-006A,8/23/2023,4:59,,
1692781200,3.42,20.334,0.023,0.892,7450-049711,TRUE,8/23/2023 5:00,2023-LCS-NWA-220823-003A,8/23/2023,5:00,,
1692781260,3.42,20.415,0.802,0.951,7450-770855,TRUE,8/23/2023 5:01,2023-LCS-NWA-220823-001A,8/23/2023,5:01,,
1692781620,3.4,19.903,0.02,0.949,7450-064567,TRUE,8/23/2023 5:07,2023-LCS-NWA-220823-004A,8/23/2023,5:07,,
1692781740,3.44,21.05,0.032,0.963,7450-778298,TRUE,8/23/2023 5:09,2023-LCS-NWA-220823-006A,8/23/2023,5:09,,
1692781800,3.42,20.309,0.031,0.892,7450-049711,TRUE,8/23/2023 5:10,2023-LCS-NWA-220823-003A,8/23/2023,5:10,,
1692781860,3.42,20.398,0.819,0.952,7450-770855,TRUE,8/23/2023 5:11,2023-LCS-NWA-220823-001A,8/23/2023,5:11,,
1692782220,3.4,19.887,0.02,0.949,7450-064567,TRUE,8/23/2023 5:17,2023-LCS-NWA-220823-004A,8/23/2023,5:17,,
1692782340,3.44,21.025,0.025,0.963,7450-778298,TRUE,8/23/2023 5:19,2023-LCS-NWA-220823-006A,8/23/2023,5:19,,
1692782400,3.42,20.301,0.025,0.892,7450-049711,TRUE,8/23/2023 5:20,2023-LCS-NWA-220823-003A,8/23/2023,5:20,,
1692782460,3.42,20.373,0.804,0.951,7450-770855,TRUE,8/23/2023 5:21,2023-LCS-NWA-220823-001A,8/23/2023,5:21,,
1692782820,3.4,19.845,0.021,0.949,7450-064567,TRUE,8/23/2023 5:27,2023-LCS-NWA-220823-004A,8/23/2023,5:27,,
1692782940,3.44,20.991,0.022,0.963,7450-778298,TRUE,8/23/2023 5:29,2023-LCS-NWA-220823-006A,8/23/2023,5:29,,
1692783000,3.42,20.284,0.025,0.892,7450-049711,TRUE,8/23/2023 5:30,2023-LCS-NWA-220823-003A,8/23/2023,5:30,,
1692783060,3.42,20.348,0.893,0.952,7450-770855,TRUE,8/23/2023 5:31,2023-LCS-NWA-220823-001A,8/23/2023,5:31,,
1692783420,3.41,19.836,0.02,0.949,7450-064567,TRUE,8/23/2023 5:37,2023-LCS-NWA-220823-004A,8/23/2023,5:37,,
1692783540,3.44,20.966,0.025,0.963,7450-778298,TRUE,8/23/2023 5:39,2023-LCS-NWA-220823-006A,8/23/2023,5:39,,
1692783600,3.42,20.268,0.024,0.892,7450-049711,TRUE,8/23/2023 5:40,2023-LCS-NWA-220823-003A,8/23/2023,5:40,,
1692783660,3.42,20.339,0.8,0.948,7450-770855,TRUE,8/23/2023 5:41,2023-LCS-NWA-220823-001A,8/23/2023,5:41,,
1692784020,3.41,19.786,0.037,0.95,7450-064567,TRUE,8/23/2023 5:47,2023-LCS-NWA-220823-004A,8/23/2023,5:47,,
1692784140,3.44,20.916,0.025,0.963,7450-778298,TRUE,8/23/2023 5:49,2023-LCS-NWA-220823-006A,8/23/2023,5:49,,
1692784200,3.42,20.276,0.024,0.892,7450-049711,TRUE,8/23/2023 5:50,2023-LCS-NWA-220823-003A,8/23/2023,5:50,,
1692784260,3.42,20.323,0.845,0.947,7450-770855,TRUE,8/23/2023 5:51,2023-LCS-NWA-220823-001A,8/23/2023,5:51,,
1692784620,3.41,19.727,0.06,0.95,7450-064567,TRUE,8/23/2023 5:57,2023-LCS-NWA-220823-004A,8/23/2023,5:57,,
1692784740,3.44,20.916,0.023,0.963,7450-778298,TRUE,8/23/2023 5:59,2023-LCS-NWA-220823-006A,8/23/2023,5:59,,
1692784800,3.42,20.251,0.023,0.892,7450-049711,TRUE,8/23/2023 6:00,2023-LCS-NWA-220823-003A,8/23/2023,6:00,,
1692784860,3.42,20.297,0.809,0.951,7450-770855,TRUE,8/23/2023 6:01,2023-LCS-NWA-220823-001A,8/23/2023,6:01,,
1692785220,3.41,19.694,0.037,0.95,7450-064567,TRUE,8/23/2023 6:07,2023-LCS-NWA-220823-004A,8/23/2023,6:07,,
1692785340,3.44,20.907,0.022,0.963,7450-778298,TRUE,8/23/2023 6:09,2023-LCS-NWA-220823-006A,8/23/2023,6:09,,
1692785400,3.42,20.242,0.024,0.892,7450-049711,TRUE,8/23/2023 6:10,2023-LCS-NWA-220823-003A,8/23/2023,6:10,,
1692785460,3.42,20.281,0.756,0.95,7450-770855,TRUE,8/23/2023 6:11,2023-LCS-NWA-220823-001A,8/23/2023,6:11,,
1692785820,3.41,19.677,0.03,0.95,7450-064567,TRUE,8/23/2023 6:17,2023-LCS-NWA-220823-004A,8/23/2023,6:17,,
1692785940,3.44,20.874,0.023,0.963,7450-778298,TRUE,8/23/2023 6:19,2023-LCS-NWA-220823-006A,8/23/2023,6:19,,
1692786000,3.42,20.234,0.024,0.892,7450-049711,TRUE,8/23/2023 6:20,2023-LCS-NWA-220823-003A,8/23/2023,6:20,,
1692786060,3.42,20.256,0.834,0.952,7450-770855,TRUE,8/23/2023 6:21,2023-LCS-NWA-220823-001A,8/23/2023,6:21,,
1692786420,3.41,19.644,0.066,0.95,7450-064567,TRUE,8/23/2023 6:27,2023-LCS-NWA-220823-004A,8/23/2023,6:27,,
1692786540,3.44,20.84,0.03,0.963,7450-778298,TRUE,8/23/2023 6:29,2023-LCS-NWA-220823-006A,8/23/2023,6:29,,
1692786600,3.42,20.209,0.025,0.893,7450-049711,TRUE,8/23/2023 6:30,2023-LCS-NWA-220823-003A,8/23/2023,6:30,,
1692786660,3.42,20.231,0.713,0.95,7450-770855,TRUE,8/23/2023 6:31,2023-LCS-NWA-220823-001A,8/23/2023,6:31,,
1692787020,3.41,19.627,0.051,0.95,7450-064567,TRUE,8/23/2023 6:37,2023-LCS-NWA-220823-004A,8/23/2023,6:37,,
1692787140,3.44,20.807,0.021,0.963,7450-778298,TRUE,8/23/2023 6:39,2023-LCS-NWA-220823-006A,8/23/2023,6:39,,
1692787200,3.42,20.192,0.024,0.892,7450-049711,TRUE,8/23/2023 6:40,2023-LCS-NWA-220823-003A,8/23/2023,6:40,,
1692787260,3.42,20.205,0.735,0.95,7450-770855,TRUE,8/23/2023 6:41,2023-LCS-NWA-220823-001A,8/23/2023,6:41,,
1692787620,3.41,19.593,0.058,0.95,7450-064567,TRUE,8/23/2023 6:47,2023-LCS-NWA-220823-004A,8/23/2023,6:47,,
1692787740,3.44,20.773,0.021,0.963,7450-778298,TRUE,8/23/2023 6:49,2023-LCS-NWA-220823-006A,8/23/2023,6:49,,
1692787800,3.42,20.201,0.023,0.892,7450-049711,TRUE,8/23/2023 6:50,2023-LCS-NWA-220823-003A,8/23/2023,6:50,,
1692787860,3.42,20.197,0.681,0.949,7450-770855,TRUE,8/23/2023 6:51,2023-LCS-NWA-220823-001A,8/23/2023,6:51,,
1692788220,3.41,19.551,0.046,0.95,7450-064567,TRUE,8/23/2023 6:57,2023-LCS-NWA-220823-004A,8/23/2023,6:57,,
1692788340,3.44,20.748,0.021,0.963,7450-778298,TRUE,8/23/2023 6:59,2023-LCS-NWA-220823-006A,8/23/2023,6:59,,
1692788400,3.42,20.192,0.023,0.892,7450-049711,TRUE,8/23/2023 7:00,2023-LCS-NWA-220823-003A,8/23/2023,7:00,,
1692788460,3.42,20.155,0.654,0.949,7450-770855,TRUE,8/23/2023 7:01,2023-LCS-NWA-220823-001A,8/23/2023,7:01,,
1692788820,3.41,19.535,0.031,0.949,7450-064567,TRUE,8/23/2023 7:07,2023-LCS-NWA-220823-004A,8/23/2023,7:07,,
1692788940,3.44,20.723,0.02,0.963,7450-778298,TRUE,8/23/2023 7:09,2023-LCS-NWA-220823-006A,8/23/2023,7:09,,
1692789000,3.42,20.15,0.024,0.892,7450-049711,TRUE,8/23/2023 7:10,2023-LCS-NWA-220823-003A,8/23/2023,7:10,,
1692789060,3.42,20.155,0.562,0.947,7450-770855,TRUE,8/23/2023 7:11,2023-LCS-NWA-220823-001A,8/23/2023,7:11,,
1692789420,3.41,19.526,0.025,0.949,7450-064567,TRUE,8/23/2023 7:17,2023-LCS-NWA-220823-004A,8/23/2023,7:17,,
1692789540,3.44,20.698,0.025,0.963,7450-778298,TRUE,8/23/2023 7:19,2023-LCS-NWA-220823-006A,8/23/2023,7:19,,
1692789600,3.42,20.15,0.023,0.892,7450-049711,TRUE,8/23/2023 7:20,2023-LCS-NWA-220823-003A,8/23/2023,7:20,,
1692789660,3.42,20.164,0.554,0.947,7450-770855,TRUE,8/23/2023 7:21,2023-LCS-NWA-220823-001A,8/23/2023,7:21,,
1692790020,3.41,19.501,0.045,0.95,7450-064567,TRUE,8/23/2023 7:27,2023-LCS-NWA-220823-004A,8/23/2023,7:27,,
1692790140,3.44,20.681,0.021,0.963,7450-778298,TRUE,8/23/2023 7:29,2023-LCS-NWA-220823-006A,8/23/2023,7:29,,
1692790200,3.42,20.15,0.024,0.892,7450-049711,TRUE,8/23/2023 7:30,2023-LCS-NWA-220823-003A,8/23/2023,7:30,,
1692790260,3.42,20.147,0.624,0.948,7450-770855,TRUE,8/23/2023 7:31,2023-LCS-NWA-220823-001A,8/23/2023,7:31,,
1692790620,3.41,19.509,0.027,0.949,7450-064567,TRUE,8/23/2023 7:37,2023-LCS-NWA-220823-004A,8/23/2023,7:37,,
1692790740,3.44,20.665,0.023,0.963,7450-778298,TRUE,8/23/2023 7:39,2023-LCS-NWA-220823-006A,8/23/2023,7:39,,
1692790800,3.42,20.159,0.023,0.892,7450-049711,TRUE,8/23/2023 7:40,2023-LCS-NWA-220823-003A,8/23/2023,7:40,,
1692790860,3.42,20.13,0.639,0.949,7450-770855,TRUE,8/23/2023 7:41,2023-LCS-NWA-220823-001A,8/23/2023,7:41,,
1692791220,3.41,19.468,0.032,0.949,7450-064567,TRUE,8/23/2023 7:47,2023-LCS-NWA-220823-004A,8/23/2023,7:47,,
1692791340,3.44,20.681,0.031,0.963,7450-778298,TRUE,8/23/2023 7:49,2023-LCS-NWA-220823-006A,8/23/2023,7:49,,
1692791400,3.42,20.134,0.024,0.892,7450-049711,TRUE,8/23/2023 7:50,2023-LCS-NWA-220823-003A,8/23/2023,7:50,,
1692791460,3.42,20.088,0.737,0.95,7450-770855,TRUE,8/23/2023 7:51,2023-LCS-NWA-220823-001A,8/23/2023,7:51,,
1692791820,3.41,19.451,0.03,0.949,7450-064567,TRUE,8/23/2023 7:57,2023-LCS-NWA-220823-004A,8/23/2023,7:57,,
1692791940,3.44,20.656,0.033,0.963,7450-778298,TRUE,8/23/2023 7:59,2023-LCS-NWA-220823-006A,8/23/2023,7:59,,
1692792000,3.42,20.15,0.024,0.892,7450-049711,TRUE,8/23/2023 8:00,2023-LCS-NWA-220823-003A,8/23/2023,8:00,,
1692792060,3.42,20.097,0.634,0.949,7450-770855,TRUE,8/23/2023 8:01,2023-LCS-NWA-220823-001A,8/23/2023,8:01,,
1692792420,3.41,19.451,0.044,0.95,7450-064567,TRUE,8/23/2023 8:07,2023-LCS-NWA-220823-004A,8/23/2023,8:07,,
1692792540,3.44,20.648,0.027,0.963,7450-778298,TRUE,8/23/2023 8:09,2023-LCS-NWA-220823-006A,8/23/2023,8:09,,
1692792600,3.42,20.142,0.024,0.892,7450-049711,TRUE,8/23/2023 8:10,2023-LCS-NWA-220823-003A,8/23/2023,8:10,,
1692792660,3.42,20.088,0.699,0.95,7450-770855,TRUE,8/23/2023 8:11,2023-LCS-NWA-220823-001A,8/23/2023,8:11,,
1692793020,3.41,19.442,0.037,0.949,7450-064567,TRUE,8/23/2023 8:17,2023-LCS-NWA-220823-004A,8/23/2023,8:17,,
1692793140,3.44,20.648,0.064,0.964,7450-778298,TRUE,8/23/2023 8:19,2023-LCS-NWA-220823-006A,8/23/2023,8:19,,
1692793200,3.42,20.142,0.024,0.892,7450-049711,TRUE,8/23/2023 8:20,2023-LCS-NWA-220823-003A,8/23/2023,8:20,,
1692793260,3.42,20.088,0.63,0.948,7450-770855,TRUE,8/23/2023 8:21,2023-LCS-NWA-220823-001A,8/23/2023,8:21,,
1692793620,3.41,19.468,0.022,0.949,7450-064567,TRUE,8/23/2023 8:27,2023-LCS-NWA-220823-004A,8/23/2023,8:27,,
1692793740,3.44,20.64,0.023,0.963,7450-778298,TRUE,8/23/2023 8:29,2023-LCS-NWA-220823-006A,8/23/2023,8:29,,
1692793800,3.42,20.175,0.024,0.892,7450-049711,TRUE,8/23/2023 8:30,2023-LCS-NWA-220823-003A,8/23/2023,8:30,,
1692793860,3.42,20.088,0.643,0.949,7450-770855,TRUE,8/23/2023 8:31,2023-LCS-NWA-220823-001A,8/23/2023,8:31,,
1692794220,3.41,19.501,0.027,0.949,7450-064567,TRUE,8/23/2023 8:37,2023-LCS-NWA-220823-004A,8/23/2023,8:37,,
1692794340,3.44,20.665,0.051,0.963,7450-778298,TRUE,8/23/2023 8:39,2023-LCS-NWA-220823-006A,8/23/2023,8:39,,
1692794400,3.42,20.175,0.024,0.892,7450-049711,TRUE,8/23/2023 8:40,2023-LCS-NWA-220823-003A,8/23/2023,8:40,,
1692794460,3.42,20.113,0.62,0.948,7450-770855,TRUE,8/23/2023 8:41,2023-LCS-NWA-220823-001A,8/23/2023,8:41,,
1692794820,3.41,19.535,0.022,0.949,7450-064567,TRUE,8/23/2023 8:47,2023-LCS-NWA-220823-004A,8/23/2023,8:47,,
1692794940,3.44,20.648,0.096,0.964,7450-778298,TRUE,8/23/2023 8:49,2023-LCS-NWA-220823-006A,8/23/2023,8:49,,
,,,,,,FISH,8/23/2023 8:49,2023-LCS-NWA-220823-001A,8/23/2023,8:49,,
1692795000,3.42,20.192,0.024,0.892,7450-049711,TRUE,8/23/2023 8:50,2023-LCS-NWA-220823-003A,8/23/2023,8:50,,
1692795060,3.42,20.138,0.519,0.946,7450-770855,FALSE,8/23/2023 8:51,2023-LCS-NWA-220823-001A,8/23/2023,8:51,,
1692795420,3.41,19.56,0.02,0.949,7450-064567,TRUE,8/23/2023 8:57,2023-LCS-NWA-220823-004A,8/23/2023,8:57,,
1692795540,3.44,20.69,0.111,0.965,7450-778298,TRUE,8/23/2023 8:59,2023-LCS-NWA-220823-006A,8/23/2023,8:59,,
1692795600,3.42,20.201,0.024,0.892,7450-049711,TRUE,8/23/2023 9:00,2023-LCS-NWA-220823-003A,8/23/2023,9:00,,
1692795660,3.42,20.172,0.379,0.943,7450-770855,FALSE,8/23/2023 9:01,2023-LCS-NWA-220823-001A,8/23/2023,9:01,,
1692796020,3.41,19.585,0.019,0.949,7450-064567,TRUE,8/23/2023 9:07,2023-LCS-NWA-220823-004A,8/23/2023,9:07,,
1692796140,3.44,20.74,0.151,0.966,7450-778298,TRUE,8/23/2023 9:09,2023-LCS-NWA-220823-006A,8/23/2023,9:09,,
1692796200,3.42,20.234,0.024,0.892,7450-049711,TRUE,8/23/2023 9:10,2023-LCS-NWA-220823-003A,8/23/2023,9:10,,
1692796260,3.42,20.523,8.432,0.956,7450-770855,FALSE,8/23/2023 9:11,2023-LCS-NWA-220823-001A,8/23/2023,9:11,,
1692796620,3.41,19.61,0.02,0.949,7450-064567,TRUE,8/23/2023 9:17,2023-LCS-NWA-220823-004A,8/23/2023,9:17,,
1692796740,3.44,20.79,0.113,0.965,7450-778298,TRUE,8/23/2023 9:19,2023-LCS-NWA-220823-006A,8/23/2023,9:19,,
1692796800,3.42,20.251,0.023,0.892,7450-049711,TRUE,8/23/2023 9:20,2023-LCS-NWA-220823-003A,8/23/2023,9:20,,
1692796860,3.41,20.858,8.447,0.957,7450-770855,FALSE,8/23/2023 9:21,2023-LCS-NWA-220823-001A,8/23/2023,9:21,,
1692797220,3.41,19.618,0.021,0.949,7450-064567,TRUE,8/23/2023 9:27,2023-LCS-NWA-220823-004A,8/23/2023,9:27,,
1692797340,3.44,20.824,0.169,0.966,7450-778298,TRUE,8/23/2023 9:29,2023-LCS-NWA-220823-006A,8/23/2023,9:29,,
1692797400,3.42,20.234,0.024,0.892,7450-049711,TRUE,8/23/2023 9:30,2023-LCS-NWA-220823-003A,8/23/2023,9:30,,
1692797820,3.41,19.644,0.021,0.949,7450-064567,TRUE,8/23/2023 9:37,2023-LCS-NWA-220823-004A,8/23/2023,9:37,,
1692797940,3.44,20.874,0.182,0.967,7450-778298,TRUE,8/23/2023 9:39,2023-LCS-NWA-220823-006A,8/23/2023,9:39,,
1692798000,3.42,20.251,0.024,0.892,7450-049711,TRUE,8/23/2023 9:40,2023-LCS-NWA-220823-003A,8/23/2023,9:40,,
1692798420,3.41,19.644,0.021,0.949,7450-064567,TRUE,8/23/2023 9:47,2023-LCS-NWA-220823-004A,8/23/2023,9:47,,
1692798540,3.44,20.857,0.183,0.967,7450-778298,TRUE,8/23/2023 9:49,2023-LCS-NWA-220823-006A,8/23/2023,9:49,,
1692798600,3.42,20.276,0.024,0.892,7450-049711,TRUE,8/23/2023 9:50,2023-LCS-NWA-220823-003A,8/23/2023,9:50,,
1692799020,3.4,19.711,0.043,0.95,7450-064567,TRUE,8/23/2023 9:57,2023-LCS-NWA-220823-004A,8/23/2023,9:57,,
1692799140,3.44,20.857,0.211,0.967,7450-778298,TRUE,8/23/2023 9:59,2023-LCS-NWA-220823-006A,8/23/2023,9:59,,
1692799200,3.42,20.268,0.024,0.892,7450-049711,TRUE,8/23/2023 10:00,2023-LCS-NWA-220823-003A,8/23/2023,10:00,,
1692799620,3.4,19.778,0.132,0.952,7450-064567,TRUE,8/23/2023 10:07,2023-LCS-NWA-220823-004A,8/23/2023,10:07,,
1692799740,3.44,20.882,0.332,0.97,7450-778298,TRUE,8/23/2023 10:09,2023-LCS-NWA-220823-006A,8/23/2023,10:09,,
1692799800,3.42,20.268,0.025,0.892,7450-049711,TRUE,8/23/2023 10:10,2023-LCS-NWA-220823-003A,8/23/2023,10:10,,
1692800220,3.4,19.727,0.043,0.95,7450-064567,TRUE,8/23/2023 10:17,2023-LCS-NWA-220823-004A,8/23/2023,10:17,,
1692800340,3.44,20.874,0.333,0.97,7450-778298,TRUE,8/23/2023 10:19,2023-LCS-NWA-220823-006A,8/23/2023,10:19,,
1692800400,3.42,20.284,0.028,0.892,7450-049711,TRUE,8/23/2023 10:20,2023-LCS-NWA-220823-003A,8/23/2023,10:20,,
1692800820,3.4,19.744,0.103,0.951,7450-064567,TRUE,8/23/2023 10:27,2023-LCS-NWA-220823-004A,8/23/2023,10:27,,
1692800940,3.44,20.866,0.241,0.968,7450-778298,TRUE,8/23/2023 10:29,2023-LCS-NWA-220823-006A,8/23/2023,10:29,,
1692801000,3.42,20.284,0.062,0.893,7450-049711,TRUE,8/23/2023 10:30,2023-LCS-NWA-220823-003A,8/23/2023,10:30,,
1692801420,3.4,19.778,0.059,0.95,7450-064567,TRUE,8/23/2023 10:37,2023-LCS-NWA-220823-004A,8/23/2023,10:37,,
1692801540,3.44,20.857,0.225,0.968,7450-778298,TRUE,8/23/2023 10:39,2023-LCS-NWA-220823-006A,8/23/2023,10:39,,
1692801600,3.42,20.293,0.101,0.894,7450-049711,TRUE,8/23/2023 10:40,2023-LCS-NWA-220823-003A,8/23/2023,10:40,,
1692802020,3.4,19.753,0.047,0.95,7450-064567,TRUE,8/23/2023 10:47,2023-LCS-NWA-220823-004A,8/23/2023,10:47,,
1692802140,3.44,20.832,0.193,0.967,7450-778298,TRUE,8/23/2023 10:49,2023-LCS-NWA-220823-006A,8/23/2023,10:49,,
1692802200,3.42,20.326,0.135,0.895,7450-049711,TRUE,8/23/2023 10:50,2023-LCS-NWA-220823-003A,8/23/2023,10:50,,
1692802620,3.4,19.794,0.022,0.949,7450-064567,TRUE,8/23/2023 10:57,2023-LCS-NWA-220823-004A,8/23/2023,10:57,,
1692802740,3.44,20.857,0.144,0.966,7450-778298,TRUE,8/23/2023 10:59,2023-LCS-NWA-220823-006A,8/23/2023,10:59,,
1692802800,3.42,20.318,0.227,0.897,7450-049711,TRUE,8/23/2023 11:00,2023-LCS-NWA-220823-003A,8/23/2023,11:00,,
1692803220,3.4,19.769,0.028,0.949,7450-064567,TRUE,8/23/2023 11:07,2023-LCS-NWA-220823-004A,8/23/2023,11:07,,
1692803340,3.44,20.857,0.181,0.967,7450-778298,TRUE,8/23/2023 11:09,2023-LCS-NWA-220823-006A,8/23/2023,11:09,,
1692803400,3.42,20.318,0.25,0.897,7450-049711,TRUE,8/23/2023 11:10,2023-LCS-NWA-220823-003A,8/23/2023,11:10,,
1692803820,3.4,19.753,0.352,0.957,7450-064567,TRUE,8/23/2023 11:17,2023-LCS-NWA-220823-004A,8/23/2023,11:17,,
1692803940,3.44,20.799,0.249,0.968,7450-778298,TRUE,8/23/2023 11:19,2023-LCS-NWA-220823-006A,8/23/2023,11:19,,
1692804000,3.42,20.293,0.493,0.902,7450-049711,TRUE,8/23/2023 11:20,2023-LCS-NWA-220823-003A,8/23/2023,11:20,,
1692804420,3.4,19.66,1.082,0.968,7450-064567,TRUE,8/23/2023 11:27,2023-LCS-NWA-220823-004A,8/23/2023,11:27,,
1692804540,3.44,20.815,0.192,0.967,7450-778298,TRUE,8/23/2023 11:29,2023-LCS-NWA-220823-006A,8/23/2023,11:29,,
1692804600,3.42,20.234,0.622,0.904,7450-049711,TRUE,8/23/2023 11:30,2023-LCS-NWA-220823-003A,8/23/2023,11:30,,
1692805020,3.41,19.577,1.029,0.966,7450-064567,TRUE,8/23/2023 11:37,2023-LCS-NWA-220823-004A,8/23/2023,11:37,,
1692805140,3.44,20.765,0.51,0.973,7450-778298,TRUE,8/23/2023 11:39,2023-LCS-NWA-220823-006A,8/23/2023,11:39,,
1692805200,3.42,20.201,0.55,0.902,7450-049711,TRUE,8/23/2023 11:40,2023-LCS-NWA-220823-003A,8/23/2023,11:40,,
1692805620,3.41,19.543,0.968,0.965,7450-064567,TRUE,8/23/2023 11:47,2023-LCS-NWA-220823-004A,8/23/2023,11:47,,
1692805740,3.44,20.681,0.483,0.972,7450-778298,TRUE,8/23/2023 11:49,2023-LCS-NWA-220823-006A,8/23/2023,11:49,,
1692805800,3.42,20.15,0.578,0.903,7450-049711,TRUE,8/23/2023 11:50,2023-LCS-NWA-220823-003A,8/23/2023,11:50,,
1692806220,3.41,19.509,0.998,0.965,7450-064567,TRUE,8/23/2023 11:57,2023-LCS-NWA-220823-004A,8/23/2023,11:57,,
1692806340,3.44,20.556,0.446,0.972,7450-778298,TRUE,8/23/2023 11:59,2023-LCS-NWA-220823-006A,8/23/2023,11:59,,
1692806400,3.42,20.15,0.516,0.902,7450-049711,TRUE,8/23/2023 12:00,2023-LCS-NWA-220823-003A,8/23/2023,12:00,,
1692806820,3.41,19.442,0.946,0.965,7450-064567,TRUE,8/23/2023 12:07,2023-LCS-NWA-220823-004A,8/23/2023,12:07,,
1692806940,3.44,20.514,0.368,0.97,7450-778298,TRUE,8/23/2023 12:09,2023-LCS-NWA-220823-006A,8/23/2023,12:09,,
1692807000,3.42,20.1,0.611,0.904,7450-049711,TRUE,8/23/2023 12:10,2023-LCS-NWA-220823-003A,8/23/2023,12:10,,
1692807420,3.41,19.367,1.234,0.967,7450-064567,TRUE,8/23/2023 12:17,2023-LCS-NWA-220823-004A,8/23/2023,12:17,,
1692807540,3.44,20.472,0.399,0.971,7450-778298,TRUE,8/23/2023 12:19,2023-LCS-NWA-220823-006A,8/23/2023,12:19,,
1692807600,3.42,20.042,0.647,0.904,7450-049711,TRUE,8/23/2023 12:20,2023-LCS-NWA-220823-003A,8/23/2023,12:20,,
1692808020,3.41,19.325,1.334,0.968,7450-064567,TRUE,8/23/2023 12:27,2023-LCS-NWA-220823-004A,8/23/2023,12:27,,
1692808140,3.44,20.372,0.622,0.975,7450-778298,TRUE,8/23/2023 12:29,2023-LCS-NWA-220823-006A,8/23/2023,12:29,,
1692808200,3.42,20.008,0.652,0.904,7450-049711,TRUE,8/23/2023 12:30,2023-LCS-NWA-220823-003A,8/23/2023,12:30,,
1692808620,3.41,19.283,1.114,0.966,7450-064567,TRUE,8/23/2023 12:37,2023-LCS-NWA-220823-004A,8/23/2023,12:37,,
1692808740,3.44,20.305,0.836,0.977,7450-778298,TRUE,8/23/2023 12:39,2023-LCS-NWA-220823-006A,8/23/2023,12:39,,
1692808800,3.41,19.983,0.638,0.904,7450-049711,TRUE,8/23/2023 12:40,2023-LCS-NWA-220823-003A,8/23/2023,12:40,,
1692809220,3.41,19.249,1.218,0.967,7450-064567,TRUE,8/23/2023 12:47,2023-LCS-NWA-220823-004A,8/23/2023,12:47,,
1692809340,3.44,20.263,0.761,0.976,7450-778298,TRUE,8/23/2023 12:49,2023-LCS-NWA-220823-006A,8/23/2023,12:49,,
1692809400,3.41,19.966,0.645,0.904,7450-049711,TRUE,8/23/2023 12:50,2023-LCS-NWA-220823-003A,8/23/2023,12:50,,
1692809820,3.41,19.216,1.197,0.966,7450-064567,TRUE,8/23/2023 12:57,2023-LCS-NWA-220823-004A,8/23/2023,12:57,,
1692809940,3.44,20.221,0.716,0.975,7450-778298,TRUE,8/23/2023 12:59,2023-LCS-NWA-220823-006A,8/23/2023,12:59,,
1692810000,3.41,19.949,0.583,0.903,7450-049711,TRUE,8/23/2023 13:00,2023-LCS-NWA-220823-003A,8/23/2023,13:00,,
1692810420,3.41,19.199,1.011,0.965,7450-064567,TRUE,8/23/2023 13:07,2023-LCS-NWA-220823-004A,8/23/2023,13:07,,
1692810540,3.44,20.171,0.798,0.976,7450-778298,TRUE,8/23/2023 13:09,2023-LCS-NWA-220823-006A,8/23/2023,13:09,,
1692810600,3.41,19.924,0.564,0.903,7450-049711,TRUE,8/23/2023 13:10,2023-LCS-NWA-220823-003A,8/23/2023,13:10,,
1692811020,3.41,19.182,1.008,0.965,7450-064567,TRUE,8/23/2023 13:17,2023-LCS-NWA-220823-004A,8/23/2023,13:17,,
1692811140,3.44,20.171,0.671,0.975,7450-778298,TRUE,8/23/2023 13:19,2023-LCS-NWA-220823-006A,8/23/2023,13:19,,
1692811200,3.41,19.882,0.662,0.904,7450-049711,TRUE,8/23/2023 13:20,2023-LCS-NWA-220823-003A,8/23/2023,13:20,,
1692811620,3.41,19.124,1.427,0.967,7450-064567,TRUE,8/23/2023 13:27,2023-LCS-NWA-220823-004A,8/23/2023,13:27,,
1692811740,3.44,20.137,0.739,0.976,7450-778298,TRUE,8/23/2023 13:29,2023-LCS-NWA-220823-006A,8/23/2023,13:29,,
1692811800,3.41,19.807,1.078,0.908,7450-049711,TRUE,8/23/2023 13:30,2023-LCS-NWA-220823-003A,8/23/2023,13:30,,
1692812220,3.41,18.981,2.321,0.97,7450-064567,TRUE,8/23/2023 13:37,2023-LCS-NWA-220823-004A,8/23/2023,13:37,,
1692812340,3.44,20.087,0.679,0.975,7450-778298,TRUE,8/23/2023 13:39,2023-LCS-NWA-220823-006A,8/23/2023,13:39,,
1692812400,3.41,19.732,1.401,0.91,7450-049711,TRUE,8/23/2023 13:40,2023-LCS-NWA-220823-003A,8/23/2023,13:40,,
1692812820,3.4,18.88,2.551,0.971,7450-064567,TRUE,8/23/2023 13:47,2023-LCS-NWA-220823-004A,8/23/2023,13:47,,
1692812940,3.44,20.028,0.695,0.975,7450-778298,TRUE,8/23/2023 13:49,2023-LCS-NWA-220823-006A,8/23/2023,13:49,,
1692813000,3.41,19.673,1.343,0.91,7450-049711,TRUE,8/23/2023 13:50,2023-LCS-NWA-220823-003A,8/23/2023,13:50,,
1692813420,3.4,18.846,2.593,0.97,7450-064567,TRUE,8/23/2023 13:57,2023-LCS-NWA-220823-004A,8/23/2023,13:57,,
1692813540,3.44,19.861,0.906,0.977,7450-778298,TRUE,8/23/2023 13:59,2023-LCS-NWA-220823-006A,8/23/2023,13:59,,
1692813600,3.42,19.581,1.593,0.91,7450-049711,TRUE,8/23/2023 14:00,2023-LCS-NWA-220823-003A,8/23/2023,14:00,,
1692814020,3.4,18.804,2.587,0.97,7450-064567,TRUE,8/23/2023 14:07,2023-LCS-NWA-220823-004A,8/23/2023,14:07,,
1692814140,3.44,19.81,1.068,0.978,7450-778298,TRUE,8/23/2023 14:09,2023-LCS-NWA-220823-006A,8/23/2023,14:09,,
1692814200,3.42,19.556,1.481,0.91,7450-049711,TRUE,8/23/2023 14:10,2023-LCS-NWA-220823-003A,8/23/2023,14:10,,
1692814620,3.4,18.762,2.938,0.97,7450-064567,TRUE,8/23/2023 14:17,2023-LCS-NWA-220823-004A,8/23/2023,14:17,,
1692814740,3.44,19.76,1.399,0.981,7450-778298,TRUE,8/23/2023 14:19,2023-LCS-NWA-220823-006A,8/23/2023,14:19,,
1692814800,3.42,19.531,1.326,0.909,7450-049711,TRUE,8/23/2023 14:20,2023-LCS-NWA-220823-003A,8/23/2023,14:20,,
1692815220,3.4,18.762,2.61,0.968,7450-064567,TRUE,8/23/2023 14:27,2023-LCS-NWA-220823-004A,8/23/2023,14:27,,
1692815340,3.44,19.735,1.519,0.982,7450-778298,TRUE,8/23/2023 14:29,2023-LCS-NWA-220823-006A,8/23/2023,14:29,,
1692815400,3.42,19.547,1.148,0.909,7450-049711,TRUE,8/23/2023 14:30,2023-LCS-NWA-220823-003A,8/23/2023,14:30,,
1692815820,3.4,18.754,2.679,0.969,7450-064567,TRUE,8/23/2023 14:37,2023-LCS-NWA-220823-004A,8/23/2023,14:37,,
1692815940,3.44,19.693,1.735,0.982,7450-778298,TRUE,8/23/2023 14:39,2023-LCS-NWA-220823-006A,8/23/2023,14:39,,
1692816000,3.42,19.547,1.219,0.909,7450-049711,TRUE,8/23/2023 14:40,2023-LCS-NWA-220823-003A,8/23/2023,14:40,,
1692816420,3.4,18.779,2.615,0.97,7450-064567,TRUE,8/23/2023 14:47,2023-LCS-NWA-220823-004A,8/23/2023,14:47,,
1692816540,3.44,19.659,1.696,0.982,7450-778298,TRUE,8/23/2023 14:49,2023-LCS-NWA-220823-006A,8/23/2023,14:49,,
1692816600,3.42,19.531,1.256,0.909,7450-049711,TRUE,8/23/2023 14:50,2023-LCS-NWA-220823-003A,8/23/2023,14:50,,
1692817020,3.4,18.779,2.344,0.97,7450-064567,TRUE,8/23/2023 14:57,2023-LCS-NWA-220823-004A,8/23/2023,14:57,,
1692817140,3.44,19.651,1.703,0.982,7450-778298,TRUE,8/23/2023 14:59,2023-LCS-NWA-220823-006A,8/23/2023,14:59,,
1692817200,3.41,19.531,1.179,0.909,7450-049711,TRUE,8/23/2023 15:00,2023-LCS-NWA-220823-003A,8/23/2023,15:00,,
1692817620,3.4,18.838,2.114,0.969,7450-064567,TRUE,8/23/2023 15:07,2023-LCS-NWA-220823-004A,8/23/2023,15:07,,
1692817740,3.44,19.651,1.807,0.983,7450-778298,TRUE,8/23/2023 15:09,2023-LCS-NWA-220823-006A,8/23/2023,15:09,,
1692817800,3.42,19.522,1.208,0.909,7450-049711,TRUE,8/23/2023 15:10,2023-LCS-NWA-220823-003A,8/23/2023,15:10,,
1692818220,3.4,18.88,1.957,0.969,7450-064567,TRUE,8/23/2023 15:17,2023-LCS-NWA-220823-004A,8/23/2023,15:17,,
1692818340,3.44,19.651,1.66,0.982,7450-778298,TRUE,8/23/2023 15:19,2023-LCS-NWA-220823-006A,8/23/2023,15:19,,
1692818400,3.42,19.531,1.193,0.909,7450-049711,TRUE,8/23/2023 15:20,2023-LCS-NWA-220823-003A,8/23/2023,15:20,,
1692818820,3.4,18.905,2.04,0.969,7450-064567,TRUE,8/23/2023 15:27,2023-LCS-NWA-220823-004A,8/23/2023,15:27,,
1692818940,3.44,19.676,1.817,0.983,7450-778298,TRUE,8/23/2023 15:29,2023-LCS-NWA-220823-006A,8/23/2023,15:29,,
1692819000,3.42,19.539,1.092,0.908,7450-049711,TRUE,8/23/2023 15:30,2023-LCS-NWA-220823-003A,8/23/2023,15:30,,
1692819420,3.4,18.922,1.829,0.969,7450-064567,TRUE,8/23/2023 15:37,2023-LCS-NWA-220823-004A,8/23/2023,15:37,,
1692819540,3.44,19.726,1.81,0.983,7450-778298,TRUE,8/23/2023 15:39,2023-LCS-NWA-220823-006A,8/23/2023,15:39,,
1692819600,3.41,19.564,1.133,0.908,7450-049711,TRUE,8/23/2023 15:40,2023-LCS-NWA-220823-003A,8/23/2023,15:40,,
1692820020,3.41,18.981,2.146,0.969,7450-064567,TRUE,8/23/2023 15:47,2023-LCS-NWA-220823-004A,8/23/2023,15:47,,
1692820140,3.44,19.752,1.702,0.982,7450-778298,TRUE,8/23/2023 15:49,2023-LCS-NWA-220823-006A,8/23/2023,15:49,,
1692820200,3.41,19.564,1.06,0.908,7450-049711,TRUE,8/23/2023 15:50,2023-LCS-NWA-220823-003A,8/23/2023,15:50,,
1692820620,3.41,19.031,1.929,0.969,7450-064567,TRUE,8/23/2023 15:57,2023-LCS-NWA-220823-004A,8/23/2023,15:57,,
1692820740,3.44,19.785,1.852,0.983,7450-778298,TRUE,8/23/2023 15:59,2023-LCS-NWA-220823-006A,8/23/2023,15:59,,
1692820800,3.41,19.581,1.141,0.908,7450-049711,TRUE,8/23/2023 16:00,2023-LCS-NWA-220823-003A,8/23/2023,16:00,,
1692821220,3.41,19.048,1.569,0.966,7450-064567,TRUE,8/23/2023 16:07,2023-LCS-NWA-220823-004A,8/23/2023,16:07,,
1692821340,3.44,19.785,1.841,0.983,7450-778298,TRUE,8/23/2023 16:09,2023-LCS-NWA-220823-006A,8/23/2023,16:09,,
1692821400,3.41,19.606,1.071,0.908,7450-049711,TRUE,8/23/2023 16:10,2023-LCS-NWA-220823-003A,8/23/2023,16:10,,
1692821820,3.41,19.082,1.552,0.967,7450-064567,TRUE,8/23/2023 16:17,2023-LCS-NWA-220823-004A,8/23/2023,16:17,,
1692821940,3.44,19.852,1.919,0.983,7450-778298,TRUE,8/23/2023 16:19,2023-LCS-NWA-220823-006A,8/23/2023,16:19,,
1692822000,3.41,19.623,1.076,0.908,7450-049711,TRUE,8/23/2023 16:20,2023-LCS-NWA-220823-003A,8/23/2023,16:20,,
1692822420,3.41,19.107,1.241,0.965,7450-064567,TRUE,8/23/2023 16:27,2023-LCS-NWA-220823-004A,8/23/2023,16:27,,
1692822540,3.44,19.869,1.801,0.982,7450-778298,TRUE,8/23/2023 16:29,2023-LCS-NWA-220823-006A,8/23/2023,16:29,,
1692822600,3.41,19.656,1.092,0.908,7450-049711,TRUE,8/23/2023 16:30,2023-LCS-NWA-220823-003A,8/23/2023,16:30,,
,,,,,,FISH,8/23/2023 16:36,2023-LCS-NWA-220823-003A,8/23/2023,16:36,,
1692823020,3.41,19.124,1.486,0.967,7450-064567,TRUE,8/23/2023 16:37,2023-LCS-NWA-220823-004A,8/23/2023,16:37,,
1692823140,3.44,19.953,1.796,0.982,7450-778298,TRUE,8/23/2023 16:39,2023-LCS-NWA-220823-006A,8/23/2023,16:39,,
1692823200,3.41,20.979,8.198,0.909,7450-049711,FALSE,8/23/2023 16:40,2023-LCS-NWA-220823-003A,8/23/2023,16:40,,
1692823620,3.41,19.291,1.843,0.969,7450-064567,TRUE,8/23/2023 16:47,2023-LCS-NWA-220823-004A,8/23/2023,16:47,,
1692823740,3.44,19.97,1.88,0.983,7450-778298,TRUE,8/23/2023 16:49,2023-LCS-NWA-220823-006A,8/23/2023,16:49,,
1692824220,3.41,19.325,1.375,0.967,7450-064567,TRUE,8/23/2023 16:57,2023-LCS-NWA-220823-004A,8/23/2023,16:57,,
1692824340,3.44,19.995,1.716,0.982,7450-778298,TRUE,8/23/2023 16:59,2023-LCS-NWA-220823-006A,8/23/2023,16:59,,
,,,,,,FISH,8/23/2023 17:05,2023-LCS-NWA-220823-004A,8/23/2023,17:05,,
1692824820,3.4,19.56,8.515,0.97,7450-064567,FALSE,8/23/2023 17:07,2023-LCS-NWA-220823-004A,8/23/2023,17:07,,
1692824940,3.44,20.037,1.662,0.982,7450-778298,TRUE,8/23/2023 17:09,2023-LCS-NWA-220823-006A,8/23/2023,17:09,,
1692825420,3.4,23.091,7.948,0.97,7450-064567,FALSE,8/23/2023 17:17,2023-LCS-NWA-220823-004A,8/23/2023,17:17,,
1692825540,3.44,20.07,1.689,0.982,7450-778298,TRUE,8/23/2023 17:19,2023-LCS-NWA-220823-006A,8/23/2023,17:19,,
1692826020,3.39,25.197,7.645,0.966,7450-064567,FALSE,8/23/2023 17:27,2023-LCS-NWA-220823-004A,8/23/2023,17:27,,
1692826140,3.44,20.162,1.547,0.981,7450-778298,TRUE,8/23/2023 17:29,2023-LCS-NWA-220823-006A,8/23/2023,17:29,,
1692826740,3.44,20.263,1.421,0.98,7450-778298,TRUE,8/23/2023 17:39,2023-LCS-NWA-220823-006A,8/23/2023,17:39,,
,,,,,,FISH,8/23/2023 17:47,2023-LCS-NWA-220823-006A,8/23/2023,17:47,,
1692827340,3.44,20.321,1.396,0.981,7450-778298,FALSE,8/23/2023 17:49,2023-LCS-NWA-220823-006A,8/23/2023,17:49,,
1692827940,3.44,20.439,1.465,0.981,7450-778298,FALSE,8/23/2023 17:59,2023-LCS-NWA-220823-006A,8/23/2023,17:59,,
1692828540,3.44,20.497,1.634,0.982,7450-778298,FALSE,8/23/2023 18:09,2023-LCS-NWA-220823-006A,8/23/2023,18:09,,
1692829140,3.43,22.112,7.99,0.98,7450-778298,FALSE,8/23/2023 18:19,2023-LCS-NWA-220823-006A,8/23/2023,18:19,,
1692829740,3.43,22.07,7.997,0.98,7450-778298,FALSE,8/23/2023 18:29,2023-LCS-NWA-220823-006A,8/23/2023,18:29,,
1692830340,3.43,22.129,8,0.98,7450-778298,FALSE,8/23/2023 18:39,2023-LCS-NWA-220823-006A,8/23/2023,18:39,,
1692830940,3.44,22.313,7.956,0.98,7450-778298,FALSE,8/23/2023 18:49,2023-LCS-NWA-220823-006A,8/23/2023,18:49,,
1692831540,3.44,22.648,7.911,0.981,7450-778298,FALSE,8/23/2023 18:59,2023-LCS-NWA-220823-006A,8/23/2023,18:59,,
1692832140,3.43,22.807,7.888,0.981,7450-778298,FALSE,8/23/2023 19:09,2023-LCS-NWA-220823-006A,8/23/2023,19:09,,
1692832740,3.43,22.815,7.882,0.98,7450-778298,FALSE,8/23/2023 19:19,2023-LCS-NWA-220823-006A,8/23/2023,19:19,,
1692833340,3.43,22.798,7.892,0.98,7450-778298,FALSE,8/23/2023 19:29,2023-LCS-NWA-220823-006A,8/23/2023,19:29,,
1692833940,3.43,22.874,7.867,0.98,7450-778298,FALSE,8/23/2023 19:39,2023-LCS-NWA-220823-006A,8/23/2023,19:39,,
1692834540,3.43,22.815,7.881,0.98,7450-778298,FALSE,8/23/2023 19:49,2023-LCS-NWA-220823-006A,8/23/2023,19:49,,
1692835140,3.43,22.84,7.889,0.981,7450-778298,FALSE,8/23/2023 19:59,2023-LCS-NWA-220823-006A,8/23/2023,19:59,,
1692835740,3.44,22.765,7.899,0.98,7450-778298,FALSE,8/23/2023 20:09,2023-LCS-NWA-220823-006A,8/23/2023,20:09,,
1692836340,3.44,22.614,7.932,0.979,7450-778298,FALSE,8/23/2023 20:19,2023-LCS-NWA-220823-006A,8/23/2023,20:19,,
1692836940,3.44,22.363,7.982,0.98,7450-778298,FALSE,8/23/2023 20:29,2023-LCS-NWA-220823-006A,8/23/2023,20:29,,
1692837540,3.44,22.288,7.998,0.979,7450-778298,FALSE,8/23/2023 20:39,2023-LCS-NWA-220823-006A,8/23/2023,20:39,,
1692838140,3.43,21.844,8.117,0.979,7450-778298,FALSE,8/23/2023 20:49,2023-LCS-NWA-220823-006A,8/23/2023,20:49,,
1692838740,3.44,21.602,8.137,0.98,7450-778298,FALSE,8/23/2023 20:59,2023-LCS-NWA-220823-006A,8/23/2023,20:59,,
1692839340,3.44,21.393,8.219,0.979,7450-778298,FALSE,8/23/2023 21:09,2023-LCS-NWA-220823-006A,8/23/2023,21:09,,
1692839940,3.44,21.2,8.228,0.979,7450-778298,FALSE,8/23/2023 21:19,2023-LCS-NWA-220823-006A,8/23/2023,21:19,,
1692840540,3.44,21.058,8.241,0.98,7450-778298,FALSE,8/23/2023 21:29,2023-LCS-NWA-220823-006A,8/23/2023,21:29,,
1692841140,3.44,20.891,8.268,0.978,7450-778298,FALSE,8/23/2023 21:39,2023-LCS-NWA-220823-006A,8/23/2023,21:39,,
1692841740,3.44,20.824,8.293,0.979,7450-778298,FALSE,8/23/2023 21:49,2023-LCS-NWA-220823-006A,8/23/2023,21:49,,
1692842340,3.44,20.715,8.331,0.98,7450-778298,FALSE,8/23/2023 21:59,2023-LCS-NWA-220823-006A,8/23/2023,21:59,,
1692842940,3.44,20.665,8.324,0.98,7450-778298,FALSE,8/23/2023 22:09,2023-LCS-NWA-220823-006A,8/23/2023,22:09,,
1692843540,3.44,20.581,8.316,0.979,7450-778298,FALSE,8/23/2023 22:19,2023-LCS-NWA-220823-006A,8/23/2023,22:19,,
1692844140,3.44,20.547,8.332,0.979,7450-778298,FALSE,8/23/2023 22:29,2023-LCS-NWA-220823-006A,8/23/2023,22:29,,
1692844740,3.44,20.481,8.35,0.979,7450-778298,FALSE,8/23/2023 22:39,2023-LCS-NWA-220823-006A,8/23/2023,22:39,,
1692845340,3.44,20.447,8.374,0.979,7450-778298,FALSE,8/23/2023 22:49,2023-LCS-NWA-220823-006A,8/23/2023,22:49,,
1692845940,3.44,20.405,8.351,0.979,7450-778298,FALSE,8/23/2023 22:59,2023-LCS-NWA-220823-006A,8/23/2023,22:59,,
1692846540,3.44,20.43,8.334,0.98,7450-778298,FALSE,8/23/2023 23:09,2023-LCS-NWA-220823-006A,8/23/2023,23:09,,
1692847140,3.44,20.347,8.358,0.979,7450-778298,FALSE,8/23/2023 23:19,2023-LCS-NWA-220823-006A,8/23/2023,23:19,,
1692847740,3.44,20.254,8.398,0.979,7450-778298,FALSE,8/23/2023 23:29,2023-LCS-NWA-220823-006A,8/23/2023,23:29,,
1692848340,3.44,20.221,8.379,0.978,7450-778298,FALSE,8/23/2023 23:39,2023-LCS-NWA-220823-006A,8/23/2023,23:39,,
1692848940,3.44,20.154,8.398,0.978,7450-778298,FALSE,8/23/2023 23:49,2023-LCS-NWA-220823-006A,8/23/2023,23:49,,
1692849540,3.44,20.129,8.408,0.979,7450-778298,FALSE,8/23/2023 23:59,2023-LCS-NWA-220823-006A,8/23/2023,23:59,,
1692850140,3.44,20.079,8.412,0.979,7450-778298,FALSE,8/24/2023 0:09,2023-LCS-NWA-220823-006A,8/24/2023,0:09,,
1692850740,3.44,20.079,8.431,0.979,7450-778298,FALSE,8/24/2023 0:19,2023-LCS-NWA-220823-006A,8/24/2023,0:19,,
1692851340,3.44,20.045,8.428,0.979,7450-778298,FALSE,8/24/2023 0:29,2023-LCS-NWA-220823-006A,8/24/2023,0:29,,
1692851940,3.44,20.045,8.428,0.979,7450-778298,FALSE,8/24/2023 0:39,2023-LCS-NWA-220823-006A,8/24/2023,0:39,,
1692852540,3.44,20.079,8.435,0.979,7450-778298,FALSE,8/24/2023 0:49,2023-LCS-NWA-220823-006A,8/24/2023,0:49,,
1692853140,3.44,20.037,8.426,0.978,7450-778298,FALSE,8/24/2023 0:59,2023-LCS-NWA-220823-006A,8/24/2023,0:59,,
1692853740,3.44,20.062,8.42,0.979,7450-778298,FALSE,8/24/2023 1:09,2023-LCS-NWA-220823-006A,8/24/2023,1:09,,
1692854340,3.44,20.07,8.428,0.979,7450-778298,FALSE,8/24/2023 1:19,2023-LCS-NWA-220823-006A,8/24/2023,1:19,,
1692854940,3.44,20.045,8.421,0.979,7450-778298,FALSE,8/24/2023 1:29,2023-LCS-NWA-220823-006A,8/24/2023,1:29,,
1692855540,3.44,20.053,8.412,0.979,7450-778298,FALSE,8/24/2023 1:39,2023-LCS-NWA-220823-006A,8/24/2023,1:39,,
1692856140,3.44,20.07,8.416,0.979,7450-778298,FALSE,8/24/2023 1:49,2023-LCS-NWA-220823-006A,8/24/2023,1:49,,
1692856740,3.44,20.137,8.405,0.979,7450-778298,FALSE,8/24/2023 1:59,2023-LCS-NWA-220823-006A,8/24/2023,1:59,,
1692857340,3.44,20.112,8.403,0.978,7450-778298,FALSE,8/24/2023 2:09,2023-LCS-NWA-220823-006A,8/24/2023,2:09,,
1692857940,3.44,20.112,8.416,0.979,7450-778298,FALSE,8/24/2023 2:19,2023-LCS-NWA-220823-006A,8/24/2023,2:19,,
1692858540,3.44,20.137,8.397,0.978,7450-778298,FALSE,8/24/2023 2:29,2023-LCS-NWA-220823-006A,8/24/2023,2:29,,
1692859140,3.44,20.196,8.376,0.979,7450-778298,FALSE,8/24/2023 2:39,2023-LCS-NWA-220823-006A,8/24/2023,2:39,,
1692859740,3.44,20.196,8.379,0.978,7450-778298,FALSE,8/24/2023 2:49,2023-LCS-NWA-220823-006A,8/24/2023,2:49,,
1692860340,3.44,20.238,8.392,0.979,7450-778298,FALSE,8/24/2023 2:59,2023-LCS-NWA-220823-006A,8/24/2023,2:59,,
1692860940,3.44,20.28,8.37,0.979,7450-778298,FALSE,8/24/2023 3:09,2023-LCS-NWA-220823-006A,8/24/2023,3:09,,
1692861540,3.44,20.263,8.387,0.979,7450-778298,FALSE,8/24/2023 3:19,2023-LCS-NWA-220823-006A,8/24/2023,3:19,,
1692862140,3.44,20.305,8.363,0.979,7450-778298,FALSE,8/24/2023 3:29,2023-LCS-NWA-220823-006A,8/24/2023,3:29,,
1692862740,3.44,20.321,8.351,0.978,7450-778298,FALSE,8/24/2023 3:39,2023-LCS-NWA-220823-006A,8/24/2023,3:39,,
1692863340,3.44,20.363,8.353,0.979,7450-778298,FALSE,8/24/2023 3:49,2023-LCS-NWA-220823-006A,8/24/2023,3:49,,
1692863940,3.44,20.363,8.359,0.979,7450-778298,FALSE,8/24/2023 3:59,2023-LCS-NWA-220823-006A,8/24/2023,3:59,,
1692864540,3.44,20.405,8.366,0.979,7450-778298,FALSE,8/24/2023 4:09,2023-LCS-NWA-220823-006A,8/24/2023,4:09,,
1692865140,3.44,20.405,8.344,0.979,7450-778298,FALSE,8/24/2023 4:19,2023-LCS-NWA-220823-006A,8/24/2023,4:19,,
1692865740,3.44,20.405,8.351,0.979,7450-778298,FALSE,8/24/2023 4:29,2023-LCS-NWA-220823-006A,8/24/2023,4:29,,
1692866340,3.44,20.422,8.348,0.978,7450-778298,FALSE,8/24/2023 4:39,2023-LCS-NWA-220823-006A,8/24/2023,4:39,,
1692866940,3.44,20.455,8.348,0.979,7450-778298,FALSE,8/24/2023 4:49,2023-LCS-NWA-220823-006A,8/24/2023,4:49,,
1692867540,3.44,20.481,8.345,0.979,7450-778298,FALSE,8/24/2023 4:59,2023-LCS-NWA-220823-006A,8/24/2023,4:59,,
1692868140,3.44,20.506,8.355,0.979,7450-778298,FALSE,8/24/2023 5:09,2023-LCS-NWA-220823-006A,8/24/2023,5:09,,
1692868740,3.44,20.464,8.353,0.979,7450-778298,FALSE,8/24/2023 5:19,2023-LCS-NWA-220823-006A,8/24/2023,5:19,,
1692869340,3.44,20.481,8.358,0.979,7450-778298,FALSE,8/24/2023 5:29,2023-LCS-NWA-220823-006A,8/24/2023,5:29,,
1692869940,3.44,20.497,8.332,0.979,7450-778298,FALSE,8/24/2023 5:39,2023-LCS-NWA-220823-006A,8/24/2023,5:39,,
1692870540,3.44,20.531,8.334,0.979,7450-778298,FALSE,8/24/2023 5:49,2023-LCS-NWA-220823-006A,8/24/2023,5:49,,
1692871140,3.44,20.556,8.317,0.979,7450-778298,FALSE,8/24/2023 5:59,2023-LCS-NWA-220823-006A,8/24/2023,5:59,,
1692871740,3.44,20.539,8.343,0.979,7450-778298,FALSE,8/24/2023 6:09,2023-LCS-NWA-220823-006A,8/24/2023,6:09,,
1692872340,3.44,20.531,8.327,0.978,7450-778298,FALSE,8/24/2023 6:19,2023-LCS-NWA-220823-006A,8/24/2023,6:19,,
1692872940,3.44,20.556,8.333,0.979,7450-778298,FALSE,8/24/2023 6:29,2023-LCS-NWA-220823-006A,8/24/2023,6:29,,
1692873540,3.44,20.564,8.32,0.979,7450-778298,FALSE,8/24/2023 6:39,2023-LCS-NWA-220823-006A,8/24/2023,6:39,,
1692874140,3.44,20.614,8.314,0.979,7450-778298,FALSE,8/24/2023 6:49,2023-LCS-NWA-220823-006A,8/24/2023,6:49,,
1692874740,3.44,20.614,8.322,0.979,7450-778298,FALSE,8/24/2023 6:59,2023-LCS-NWA-220823-006A,8/24/2023,6:59,,
1692875340,3.44,20.614,8.306,0.979,7450-778298,FALSE,8/24/2023 7:09,2023-LCS-NWA-220823-006A,8/24/2023,7:09,,
1692875940,3.44,20.665,8.304,0.979,7450-778298,FALSE,8/24/2023 7:19,2023-LCS-NWA-220823-006A,8/24/2023,7:19,,
1692876540,3.43,20.782,8.208,0.979,7450-778298,FALSE,8/24/2023 7:29,2023-LCS-NWA-220823-006A,8/24/2023,7:29,,
1692877140,3.43,21.008,8.292,0.978,7450-778298,FALSE,8/24/2023 7:39,2023-LCS-NWA-220823-006A,8/24/2023,7:39,,
1692877740,3.43,20.849,8.409,0.979,7450-778298,FALSE,8/24/2023 7:49,2023-LCS-NWA-220823-006A,8/24/2023,7:49,,
1692878340,3.44,20.296,8.454,0.978,7450-778298,FALSE,8/24/2023 7:59,2023-LCS-NWA-220823-006A,8/24/2023,7:59,,
1692878940,3.44,20.07,8.31,0.978,7450-778298,FALSE,8/24/2023 8:09,2023-LCS-NWA-220823-006A,8/24/2023,8:09,,
1692879540,3.44,20.162,8.326,0.978,7450-778298,FALSE,8/24/2023 8:19,2023-LCS-NWA-220823-006A,8/24/2023,8:19,,
1692880140,3.44,20.296,8.363,0.978,7450-778298,FALSE,8/24/2023 8:29,2023-LCS-NWA-220823-006A,8/24/2023,8:29,,
1692880740,3.44,20.397,8.313,0.979,7450-778298,FALSE,8/24/2023 8:39,2023-LCS-NWA-220823-006A,8/24/2023,8:39,,
1692881340,3.44,20.531,8.353,0.978,7450-778298,FALSE,8/24/2023 8:49,2023-LCS-NWA-220823-006A,8/24/2023,8:49,,
1692881940,3.44,20.673,8.267,0.978,7450-778298,FALSE,8/24/2023 8:59,2023-LCS-NWA-220823-006A,8/24/2023,8:59,,
1692882540,3.43,20.941,8.191,0.98,7450-778298,FALSE,8/24/2023 9:09,2023-LCS-NWA-220823-006A,8/24/2023,9:09,,
1692883140,3.44,21.2,8.117,0.98,7450-778298,FALSE,8/24/2023 9:19,2023-LCS-NWA-220823-006A,8/24/2023,9:19,,
1692883740,3.44,21.409,8.056,0.979,7450-778298,FALSE,8/24/2023 9:29,2023-LCS-NWA-220823-006A,8/24/2023,9:29,,
1692884340,3.44,21.577,8.032,0.98,7450-778298,FALSE,8/24/2023 9:39,2023-LCS-NWA-220823-006A,8/24/2023,9:39,,
1692884940,3.43,22.07,7.859,0.98,7450-778298,FALSE,8/24/2023 9:49,2023-LCS-NWA-220823-006A,8/24/2023,9:49,,
1692885540,3.44,22.497,7.856,0.981,7450-778298,FALSE,8/24/2023 9:59,2023-LCS-NWA-220823-006A,8/24/2023,9:59,,
1692886140,3.44,22.455,7.878,0.98,7450-778298,FALSE,8/24/2023 10:09,2023-LCS-NWA-220823-006A,8/24/2023,10:09,,
1692886740,3.44,22.572,7.906,0.981,7450-778298,FALSE,8/24/2023 10:19,2023-LCS-NWA-220823-006A,8/24/2023,10:19,,
1692887340,3.44,22.338,7.975,0.981,7450-778298,FALSE,8/24/2023 10:29,2023-LCS-NWA-220823-006A,8/24/2023,10:29,,
,,21.86,1.74,,YSI,SET,8/24/2023 14:25,2023-LCS-NWA-240823-001A,8/24/2023,14:25,,
1692901620,3.39,29.283,7.225,0.971,7450-064567,FALSE,8/24/2023 14:27,2023-LCS-NWA-240823-001A,8/24/2023,14:27,,
1692902220,3.4,23.534,1.631,0.96,7450-064567,TRUE,8/24/2023 14:37,2023-LCS-NWA-240823-001A,8/24/2023,14:37,,
,,22.43,2.77,,YSI,SET,8/24/2023 14:40,2023-LCS-NWA-240823-002A,8/24/2023,14:40,,
1692902640,3.43,25.325,7.602,0.981,7450-778298,FALSE,8/24/2023 14:44,2023-LCS-NWA-240823-002A,8/24/2023,14:44,,
1692902820,3.4,22.522,1.385,0.963,7450-064567,TRUE,8/24/2023 14:47,2023-LCS-NWA-240823-001A,8/24/2023,14:47,,
,,21.33,1.77,,YSI,SET,8/24/2023 14:53,2023-LCS-NWA-240823-003A,8/24/2023,14:53,,
1692903240,3.43,26.202,7.479,0.982,7450-778298,FALSE,8/24/2023 14:54,2023-LCS-NWA-240823-002A,8/24/2023,14:54,,
1692903420,3.4,22.338,1.192,0.965,7450-064567,TRUE,8/24/2023 14:57,2023-LCS-NWA-240823-001A,8/24/2023,14:57,,
1692903840,3.41,22.994,0.667,0.908,7450-049711,TRUE,8/24/2023 15:04,2023-LCS-NWA-240823-003A,8/24/2023,15:04,,
,,20.75,0.67,,YSI,SET,8/24/2023 15:05,2023-LCS-NWA-240823-004A,8/24/2023,15:05,,
1692904020,3.4,22.254,1.172,0.965,7450-064567,TRUE,8/24/2023 15:07,2023-LCS-NWA-240823-001A,8/24/2023,15:07,,
1692904320,3.44,23.301,2.01,0.982,7450-778298,TRUE,8/24/2023 15:12,2023-LCS-NWA-240823-002A,8/24/2023,15:12,,
1692904440,3.41,21.873,0.372,0.9,7450-049711,TRUE,8/24/2023 15:14,2023-LCS-NWA-240823-003A,8/24/2023,15:14,,
1692904620,3.4,22.321,1.108,0.965,7450-064567,TRUE,8/24/2023 15:17,2023-LCS-NWA-240823-001A,8/24/2023,15:17,,
1692904920,3.44,22.631,2.463,0.984,7450-778298,TRUE,8/24/2023 15:22,2023-LCS-NWA-240823-002A,8/24/2023,15:22,,
1692905040,3.41,21.606,0.247,0.897,7450-049711,TRUE,8/24/2023 15:24,2023-LCS-NWA-240823-003A,8/24/2023,15:24,,
1692905220,3.4,22.271,0.975,0.963,7450-064567,TRUE,8/24/2023 15:27,2023-LCS-NWA-240823-001A,8/24/2023,15:27,,
1692905520,3.44,22.371,1.77,0.984,7450-778298,TRUE,8/24/2023 15:32,2023-LCS-NWA-240823-002A,8/24/2023,15:32,,
1692905520,3.41,23.047,1.611,0.96,7450-770855,TRUE,8/24/2023 15:32,2023-LCS-NWA-240823-004A,8/24/2023,15:32,,
1692905640,3.41,21.447,0.153,0.895,7450-049711,TRUE,8/24/2023 15:34,2023-LCS-NWA-240823-003A,8/24/2023,15:34,,
1692905820,3.4,22.379,1.043,0.964,7450-064567,TRUE,8/24/2023 15:37,2023-LCS-NWA-240823-001A,8/24/2023,15:37,,
1692906120,3.44,22.422,1.707,0.984,7450-778298,TRUE,8/24/2023 15:42,2023-LCS-NWA-240823-002A,8/24/2023,15:42,,
1692906120,3.42,22.195,1.412,0.959,7450-770855,TRUE,8/24/2023 15:42,2023-LCS-NWA-240823-004A,8/24/2023,15:42,,
1692906240,3.42,21.388,0.093,0.894,7450-049711,TRUE,8/24/2023 15:44,2023-LCS-NWA-240823-003A,8/24/2023,15:44,,
1692906420,3.4,22.48,1.062,0.965,7450-064567,TRUE,8/24/2023 15:47,2023-LCS-NWA-240823-001A,8/24/2023,15:47,,
1692906720,3.44,22.397,1.706,0.984,7450-778298,TRUE,8/24/2023 15:52,2023-LCS-NWA-240823-002A,8/24/2023,15:52,,
1692906720,3.42,22.128,1.361,0.959,7450-770855,TRUE,8/24/2023 15:52,2023-LCS-NWA-240823-004A,8/24/2023,15:52,,
1692906840,3.42,21.305,0.064,0.893,7450-049711,TRUE,8/24/2023 15:54,2023-LCS-NWA-240823-003A,8/24/2023,15:54,,
1692907020,3.4,22.513,1.034,0.965,7450-064567,TRUE,8/24/2023 15:57,2023-LCS-NWA-240823-001A,8/24/2023,15:57,,
1692907320,3.44,22.572,2.346,0.984,7450-778298,TRUE,8/24/2023 16:02,2023-LCS-NWA-240823-002A,8/24/2023,16:02,,
1692907320,3.41,22.036,1.271,0.958,7450-770855,TRUE,8/24/2023 16:02,2023-LCS-NWA-240823-004A,8/24/2023,16:02,,
1692907440,3.42,21.255,0.028,0.892,7450-049711,TRUE,8/24/2023 16:04,2023-LCS-NWA-240823-003A,8/24/2023,16:04,,
1692907620,3.4,22.597,1.105,0.966,7450-064567,TRUE,8/24/2023 16:07,2023-LCS-NWA-240823-001A,8/24/2023,16:07,,
1692907920,3.44,22.723,2.515,0.985,7450-778298,TRUE,8/24/2023 16:12,2023-LCS-NWA-240823-002A,8/24/2023,16:12,,
1692907920,3.42,22.186,1.242,0.958,7450-770855,TRUE,8/24/2023 16:12,2023-LCS-NWA-240823-004A,8/24/2023,16:12,,
1692908040,3.42,21.213,0.025,0.892,7450-049711,TRUE,8/24/2023 16:14,2023-LCS-NWA-240823-003A,8/24/2023,16:14,,
1692908220,3.4,22.731,1.216,0.967,7450-064567,TRUE,8/24/2023 16:17,2023-LCS-NWA-240823-001A,8/24/2023,16:17,,
1692908520,3.44,22.731,2.331,0.985,7450-778298,TRUE,8/24/2023 16:22,2023-LCS-NWA-240823-002A,8/24/2023,16:22,,
1692908520,3.42,22.27,1.191,0.958,7450-770855,TRUE,8/24/2023 16:22,2023-LCS-NWA-240823-004A,8/24/2023,16:22,,
1692908640,3.42,21.213,0.025,0.892,7450-049711,TRUE,8/24/2023 16:24,2023-LCS-NWA-240823-003A,8/24/2023,16:24,,
1692908820,3.4,22.814,1.179,0.966,7450-064567,TRUE,8/24/2023 16:27,2023-LCS-NWA-240823-001A,8/24/2023,16:27,,
1692909120,3.43,22.857,2.295,0.984,7450-778298,TRUE,8/24/2023 16:32,2023-LCS-NWA-240823-002A,8/24/2023,16:32,,
1692909120,3.42,22.354,1.114,0.957,7450-770855,TRUE,8/24/2023 16:32,2023-LCS-NWA-240823-004A,8/24/2023,16:32,,
1692909240,3.42,21.188,0.023,0.892,7450-049711,TRUE,8/24/2023 16:34,2023-LCS-NWA-240823-003A,8/24/2023,16:34,,
1692909420,3.4,22.848,1.139,0.966,7450-064567,TRUE,8/24/2023 16:37,2023-LCS-NWA-240823-001A,8/24/2023,16:37,,
1692909720,3.43,22.89,2.7,0.985,7450-778298,TRUE,8/24/2023 16:42,2023-LCS-NWA-240823-002A,8/24/2023,16:42,,
1692909720,3.42,22.471,1.229,0.958,7450-770855,TRUE,8/24/2023 16:42,2023-LCS-NWA-240823-004A,8/24/2023,16:42,,
1692909840,3.42,21.196,0.023,0.892,7450-049711,TRUE,8/24/2023 16:44,2023-LCS-NWA-240823-003A,8/24/2023,16:44,,
1692910020,3.4,22.806,1.094,0.966,7450-064567,TRUE,8/24/2023 16:47,2023-LCS-NWA-240823-001A,8/24/2023,16:47,,
1692910320,3.43,23.024,3.064,0.984,7450-778298,TRUE,8/24/2023 16:52,2023-LCS-NWA-240823-002A,8/24/2023,16:52,,
1692910320,3.42,22.579,1.219,0.958,7450-770855,TRUE,8/24/2023 16:52,2023-LCS-NWA-240823-004A,8/24/2023,16:52,,
1692910440,3.42,21.188,0.023,0.892,7450-049711,TRUE,8/24/2023 16:54,2023-LCS-NWA-240823-003A,8/24/2023,16:54,,
1692910620,3.4,22.89,1.135,0.966,7450-064567,TRUE,8/24/2023 16:57,2023-LCS-NWA-240823-001A,8/24/2023,16:57,,
1692910920,3.43,23.091,3.018,0.984,7450-778298,TRUE,8/24/2023 17:02,2023-LCS-NWA-240823-002A,8/24/2023,17:02,,
1692910920,3.42,22.579,1.089,0.956,7450-770855,TRUE,8/24/2023 17:02,2023-LCS-NWA-240823-004A,8/24/2023,17:02,,
1692911040,3.42,21.179,0.024,0.892,7450-049711,TRUE,8/24/2023 17:04,2023-LCS-NWA-240823-003A,8/24/2023,17:04,,
1692911220,3.4,22.898,1.195,0.967,7450-064567,TRUE,8/24/2023 17:07,2023-LCS-NWA-240823-001A,8/24/2023,17:07,,
1692911520,3.44,23.242,4.057,0.983,7450-778298,TRUE,8/24/2023 17:12,2023-LCS-NWA-240823-002A,8/24/2023,17:12,,
1692911520,3.42,22.638,0.888,0.954,7450-770855,TRUE,8/24/2023 17:12,2023-LCS-NWA-240823-004A,8/24/2023,17:12,,
1692911640,3.42,21.196,0.023,0.892,7450-049711,TRUE,8/24/2023 17:14,2023-LCS-NWA-240823-003A,8/24/2023,17:14,,
1692911820,3.4,22.915,1.05,0.965,7450-064567,TRUE,8/24/2023 17:17,2023-LCS-NWA-240823-001A,8/24/2023,17:17,,
1692912120,3.43,23.183,4.059,0.983,7450-778298,TRUE,8/24/2023 17:22,2023-LCS-NWA-240823-002A,8/24/2023,17:22,,
1692912120,3.42,22.663,1.052,0.956,7450-770855,TRUE,8/24/2023 17:22,2023-LCS-NWA-240823-004A,8/24/2023,17:22,,
1692912240,3.42,21.188,0.024,0.892,7450-049711,TRUE,8/24/2023 17:24,2023-LCS-NWA-240823-003A,8/24/2023,17:24,,
1692912420,3.4,23.032,1.206,0.967,7450-064567,TRUE,8/24/2023 17:27,2023-LCS-NWA-240823-001A,8/24/2023,17:27,,
1692912720,3.43,23.142,4.257,0.984,7450-778298,TRUE,8/24/2023 17:32,2023-LCS-NWA-240823-002A,8/24/2023,17:32,,
1692912720,3.42,22.696,1.273,0.958,7450-770855,TRUE,8/24/2023 17:32,2023-LCS-NWA-240823-004A,8/24/2023,17:32,,
1692912840,3.42,21.188,0.023,0.892,7450-049711,TRUE,8/24/2023 17:34,2023-LCS-NWA-240823-003A,8/24/2023,17:34,,
1692913020,3.39,23.107,1.172,0.967,7450-064567,TRUE,8/24/2023 17:37,2023-LCS-NWA-240823-001A,8/24/2023,17:37,,
1692913320,3.43,23.108,3.836,0.983,7450-778298,TRUE,8/24/2023 17:42,2023-LCS-NWA-240823-002A,8/24/2023,17:42,,
1692913320,3.42,22.78,1.284,0.958,7450-770855,TRUE,8/24/2023 17:42,2023-LCS-NWA-240823-004A,8/24/2023,17:42,,
1692913440,3.42,21.204,0.023,0.892,7450-049711,TRUE,8/24/2023 17:44,2023-LCS-NWA-240823-003A,8/24/2023,17:44,,
1692913620,3.4,23.015,1.172,0.966,7450-064567,TRUE,8/24/2023 17:47,2023-LCS-NWA-240823-001A,8/24/2023,17:47,,
1692913920,3.43,23.167,4.263,0.983,7450-778298,TRUE,8/24/2023 17:52,2023-LCS-NWA-240823-002A,8/24/2023,17:52,,
1692913920,3.41,22.88,1.429,0.959,7450-770855,TRUE,8/24/2023 17:52,2023-LCS-NWA-240823-004A,8/24/2023,17:52,,
1692914040,3.42,21.229,0.023,0.892,7450-049711,TRUE,8/24/2023 17:54,2023-LCS-NWA-240823-003A,8/24/2023,17:54,,
1692914220,3.4,23.049,1.181,0.967,7450-064567,TRUE,8/24/2023 17:57,2023-LCS-NWA-240823-001A,8/24/2023,17:57,,
1692914520,3.43,23.083,4.381,0.983,7450-778298,TRUE,8/24/2023 18:02,2023-LCS-NWA-240823-002A,8/24/2023,18:02,,
1692914520,3.41,22.922,1.579,0.959,7450-770855,TRUE,8/24/2023 18:02,2023-LCS-NWA-240823-004A,8/24/2023,18:02,,
1692914640,3.42,21.238,0.023,0.892,7450-049711,TRUE,8/24/2023 18:04,2023-LCS-NWA-240823-003A,8/24/2023,18:04,,
1692914820,3.4,23.082,1.022,0.965,7450-064567,TRUE,8/24/2023 18:07,2023-LCS-NWA-240823-001A,8/24/2023,18:07,,
1692915120,3.43,23.091,4.657,0.983,7450-778298,TRUE,8/24/2023 18:12,2023-LCS-NWA-240823-002A,8/24/2023,18:12,,
1692915120,3.41,22.93,1.154,0.957,7450-770855,TRUE,8/24/2023 18:12,2023-LCS-NWA-240823-004A,8/24/2023,18:12,,
1692915240,3.42,21.255,0.023,0.892,7450-049711,TRUE,8/24/2023 18:14,2023-LCS-NWA-240823-003A,8/24/2023,18:14,,
1692915420,3.4,23.074,1.055,0.966,7450-064567,TRUE,8/24/2023 18:17,2023-LCS-NWA-240823-001A,8/24/2023,18:17,,
1692915720,3.43,23.091,4.438,0.983,7450-778298,TRUE,8/24/2023 18:22,2023-LCS-NWA-240823-002A,8/24/2023,18:22,,
1692915720,3.41,22.964,0.973,0.955,7450-770855,TRUE,8/24/2023 18:22,2023-LCS-NWA-240823-004A,8/24/2023,18:22,,
1692915840,3.42,21.28,0.023,0.892,7450-049711,TRUE,8/24/2023 18:24,2023-LCS-NWA-240823-003A,8/24/2023,18:24,,
1692916020,3.4,23.099,0.949,0.965,7450-064567,TRUE,8/24/2023 18:27,2023-LCS-NWA-240823-001A,8/24/2023,18:27,,
1692916320,3.43,23.125,4.797,0.983,7450-778298,TRUE,8/24/2023 18:32,2023-LCS-NWA-240823-002A,8/24/2023,18:32,,
1692916320,3.41,23.014,0.886,0.954,7450-770855,TRUE,8/24/2023 18:32,2023-LCS-NWA-240823-004A,8/24/2023,18:32,,
1692916440,3.42,21.313,0.023,0.892,7450-049711,TRUE,8/24/2023 18:34,2023-LCS-NWA-240823-003A,8/24/2023,18:34,,
1692916620,3.4,23.082,0.844,0.963,7450-064567,TRUE,8/24/2023 18:37,2023-LCS-NWA-240823-001A,8/24/2023,18:37,,
1692916920,3.43,23.024,4.898,0.982,7450-778298,TRUE,8/24/2023 18:42,2023-LCS-NWA-240823-002A,8/24/2023,18:42,,
1692916920,3.41,23.064,0.929,0.954,7450-770855,TRUE,8/24/2023 18:42,2023-LCS-NWA-240823-004A,8/24/2023,18:42,,
1692917040,3.42,21.313,0.023,0.892,7450-049711,TRUE,8/24/2023 18:44,2023-LCS-NWA-240823-003A,8/24/2023,18:44,,
1692917220,3.4,23.174,0.808,0.963,7450-064567,TRUE,8/24/2023 18:47,2023-LCS-NWA-240823-001A,8/24/2023,18:47,,
1692917520,3.43,23.024,4.753,0.982,7450-778298,TRUE,8/24/2023 18:52,2023-LCS-NWA-240823-002A,8/24/2023,18:52,,
1692917520,3.41,23.081,0.939,0.955,7450-770855,TRUE,8/24/2023 18:52,2023-LCS-NWA-240823-004A,8/24/2023,18:52,,
1692917640,3.41,21.33,0.023,0.892,7450-049711,TRUE,8/24/2023 18:54,2023-LCS-NWA-240823-003A,8/24/2023,18:54,,
1692917820,3.4,23.057,0.761,0.962,7450-064567,TRUE,8/24/2023 18:57,2023-LCS-NWA-240823-001A,8/24/2023,18:57,,
1692918120,3.43,22.915,4.922,0.982,7450-778298,TRUE,8/24/2023 19:02,2023-LCS-NWA-240823-002A,8/24/2023,19:02,,
1692918120,3.41,23.123,0.793,0.952,7450-770855,TRUE,8/24/2023 19:02,2023-LCS-NWA-240823-004A,8/24/2023,19:02,,
1692918240,3.42,21.363,0.023,0.892,7450-049711,TRUE,8/24/2023 19:04,2023-LCS-NWA-240823-003A,8/24/2023,19:04,,
1692918420,3.4,23.049,0.728,0.962,7450-064567,TRUE,8/24/2023 19:07,2023-LCS-NWA-240823-001A,8/24/2023,19:07,,
1692918720,3.43,23.041,4.964,0.982,7450-778298,TRUE,8/24/2023 19:12,2023-LCS-NWA-240823-002A,8/24/2023,19:12,,
1692918720,3.41,23.173,0.833,0.953,7450-770855,TRUE,8/24/2023 19:12,2023-LCS-NWA-240823-004A,8/24/2023,19:12,,
1692918840,3.42,21.338,0.022,0.892,7450-049711,TRUE,8/24/2023 19:14,2023-LCS-NWA-240823-003A,8/24/2023,19:14,,
1692919020,3.4,23.107,0.686,0.961,7450-064567,TRUE,8/24/2023 19:17,2023-LCS-NWA-240823-001A,8/24/2023,19:17,,
1692919320,3.43,23.049,4.545,0.982,7450-778298,TRUE,8/24/2023 19:22,2023-LCS-NWA-240823-002A,8/24/2023,19:22,,
1692919320,3.41,23.206,1.018,0.955,7450-770855,TRUE,8/24/2023 19:22,2023-LCS-NWA-240823-004A,8/24/2023,19:22,,
1692919440,3.41,21.355,0.023,0.892,7450-049711,TRUE,8/24/2023 19:24,2023-LCS-NWA-240823-003A,8/24/2023,19:24,,
1692919620,3.4,22.998,0.649,0.961,7450-064567,TRUE,8/24/2023 19:27,2023-LCS-NWA-240823-001A,8/24/2023,19:27,,
1692919920,3.43,22.924,4.403,0.982,7450-778298,TRUE,8/24/2023 19:32,2023-LCS-NWA-240823-002A,8/24/2023,19:32,,
1692919920,3.42,23.231,0.82,0.953,7450-770855,TRUE,8/24/2023 19:32,2023-LCS-NWA-240823-004A,8/24/2023,19:32,,
1692920040,3.41,21.363,0.023,0.892,7450-049711,TRUE,8/24/2023 19:34,2023-LCS-NWA-240823-003A,8/24/2023,19:34,,
1692920220,3.4,23.149,0.779,0.963,7450-064567,TRUE,8/24/2023 19:37,2023-LCS-NWA-240823-001A,8/24/2023,19:37,,
1692920520,3.43,22.924,5.028,0.981,7450-778298,TRUE,8/24/2023 19:42,2023-LCS-NWA-240823-002A,8/24/2023,19:42,,
1692920520,3.42,23.282,0.909,0.954,7450-770855,TRUE,8/24/2023 19:42,2023-LCS-NWA-240823-004A,8/24/2023,19:42,,
1692920640,3.42,21.397,0.022,0.892,7450-049711,TRUE,8/24/2023 19:44,2023-LCS-NWA-240823-003A,8/24/2023,19:44,,
1692920820,3.4,23.091,0.8,0.963,7450-064567,TRUE,8/24/2023 19:47,2023-LCS-NWA-240823-001A,8/24/2023,19:47,,
1692921120,3.43,23.192,4.8,0.98,7450-778298,TRUE,8/24/2023 19:52,2023-LCS-NWA-240823-002A,8/24/2023,19:52,,
1692921120,3.42,23.29,0.772,0.952,7450-770855,TRUE,8/24/2023 19:52,2023-LCS-NWA-240823-004A,8/24/2023,19:52,,
1692921240,3.41,21.388,0.023,0.892,7450-049711,TRUE,8/24/2023 19:54,2023-LCS-NWA-240823-003A,8/24/2023,19:54,,
1692921420,3.4,23.04,0.712,0.962,7450-064567,TRUE,8/24/2023 19:57,2023-LCS-NWA-240823-001A,8/24/2023,19:57,,
1692921720,3.43,22.957,4.284,0.982,7450-778298,TRUE,8/24/2023 20:02,2023-LCS-NWA-240823-002A,8/24/2023,20:02,,
1692921720,3.42,23.282,1.024,0.956,7450-770855,TRUE,8/24/2023 20:02,2023-LCS-NWA-240823-004A,8/24/2023,20:02,,
1692921840,3.41,21.372,0.023,0.892,7450-049711,TRUE,8/24/2023 20:04,2023-LCS-NWA-240823-003A,8/24/2023,20:04,,
1692922020,3.4,23.015,0.656,0.961,7450-064567,TRUE,8/24/2023 20:07,2023-LCS-NWA-240823-001A,8/24/2023,20:07,,
1692922320,3.43,22.999,3.989,0.982,7450-778298,TRUE,8/24/2023 20:12,2023-LCS-NWA-240823-002A,8/24/2023,20:12,,
1692922320,3.42,23.298,0.947,0.955,7450-770855,TRUE,8/24/2023 20:12,2023-LCS-NWA-240823-004A,8/24/2023,20:12,,
1692922440,3.41,21.372,0.023,0.892,7450-049711,TRUE,8/24/2023 20:14,2023-LCS-NWA-240823-003A,8/24/2023,20:14,,
1692922620,3.4,23.099,0.738,0.962,7450-064567,TRUE,8/24/2023 20:17,2023-LCS-NWA-240823-001A,8/24/2023,20:17,,
1692922920,3.43,22.991,4.305,0.982,7450-778298,TRUE,8/24/2023 20:22,2023-LCS-NWA-240823-002A,8/24/2023,20:22,,
1692922920,3.42,23.324,1.041,0.956,7450-770855,TRUE,8/24/2023 20:22,2023-LCS-NWA-240823-004A,8/24/2023,20:22,,
1692923040,3.41,21.388,0.023,0.892,7450-049711,TRUE,8/24/2023 20:24,2023-LCS-NWA-240823-003A,8/24/2023,20:24,,
1692923220,3.4,23.082,0.781,0.963,7450-064567,TRUE,8/24/2023 20:27,2023-LCS-NWA-240823-001A,8/24/2023,20:27,,
1692923520,3.44,22.949,4.097,0.982,7450-778298,TRUE,8/24/2023 20:32,2023-LCS-NWA-240823-002A,8/24/2023,20:32,,
1692923520,3.42,23.282,1.156,0.957,7450-770855,TRUE,8/24/2023 20:32,2023-LCS-NWA-240823-004A,8/24/2023,20:32,,
1692923640,3.41,21.422,0.023,0.892,7450-049711,TRUE,8/24/2023 20:34,2023-LCS-NWA-240823-003A,8/24/2023,20:34,,
1692923820,3.4,23.082,0.861,0.964,7450-064567,TRUE,8/24/2023 20:37,2023-LCS-NWA-240823-001A,8/24/2023,20:37,,
1692924120,3.43,23.049,4.24,0.982,7450-778298,TRUE,8/24/2023 20:42,2023-LCS-NWA-240823-002A,8/24/2023,20:42,,
1692924120,3.42,23.307,1.463,0.959,7450-770855,TRUE,8/24/2023 20:42,2023-LCS-NWA-240823-004A,8/24/2023,20:42,,
1692924240,3.41,21.438,0.022,0.892,7450-049711,TRUE,8/24/2023 20:44,2023-LCS-NWA-240823-003A,8/24/2023,20:44,,
1692924420,3.4,23.116,0.924,0.965,7450-064567,TRUE,8/24/2023 20:47,2023-LCS-NWA-240823-001A,8/24/2023,20:47,,
1692924720,3.43,23.1,4.277,0.982,7450-778298,TRUE,8/24/2023 20:52,2023-LCS-NWA-240823-002A,8/24/2023,20:52,,
1692924720,3.42,23.307,1.49,0.959,7450-770855,TRUE,8/24/2023 20:52,2023-LCS-NWA-240823-004A,8/24/2023,20:52,,
1692924840,3.41,21.43,0.023,0.892,7450-049711,TRUE,8/24/2023 20:54,2023-LCS-NWA-240823-003A,8/24/2023,20:54,,
1692925020,3.4,23.166,0.905,0.965,7450-064567,TRUE,8/24/2023 20:57,2023-LCS-NWA-240823-001A,8/24/2023,20:57,,
1692925320,3.43,23.033,4.244,0.982,7450-778298,TRUE,8/24/2023 21:02,2023-LCS-NWA-240823-002A,8/24/2023,21:02,,
1692925320,3.42,23.324,1.563,0.959,7450-770855,TRUE,8/24/2023 21:02,2023-LCS-NWA-240823-004A,8/24/2023,21:02,,
1692925440,3.41,21.455,0.022,0.892,7450-049711,TRUE,8/24/2023 21:04,2023-LCS-NWA-240823-003A,8/24/2023,21:04,,
1692925620,3.4,23.024,0.77,0.963,7450-064567,TRUE,8/24/2023 21:07,2023-LCS-NWA-240823-001A,8/24/2023,21:07,,
1692925920,3.43,23.033,3.634,0.98,7450-778298,TRUE,8/24/2023 21:12,2023-LCS-NWA-240823-002A,8/24/2023,21:12,,
1692925920,3.42,23.273,1.541,0.959,7450-770855,TRUE,8/24/2023 21:12,2023-LCS-NWA-240823-004A,8/24/2023,21:12,,
1692926040,3.41,21.48,0.023,0.892,7450-049711,TRUE,8/24/2023 21:14,2023-LCS-NWA-240823-003A,8/24/2023,21:14,,
1692926220,3.4,22.99,0.724,0.962,7450-064567,TRUE,8/24/2023 21:17,2023-LCS-NWA-240823-001A,8/24/2023,21:17,,
1692926520,3.43,23.1,3.563,0.978,7450-778298,TRUE,8/24/2023 21:22,2023-LCS-NWA-240823-002A,8/24/2023,21:22,,
1692926520,3.41,23.156,1.441,0.959,7450-770855,TRUE,8/24/2023 21:22,2023-LCS-NWA-240823-004A,8/24/2023,21:22,,
1692926640,3.41,21.497,0.023,0.892,7450-049711,TRUE,8/24/2023 21:24,2023-LCS-NWA-240823-003A,8/24/2023,21:24,,
1692926820,3.39,23.174,0.802,0.963,7450-064567,TRUE,8/24/2023 21:27,2023-LCS-NWA-240823-001A,8/24/2023,21:27,,
1692927120,3.43,23.133,3.798,0.982,7450-778298,TRUE,8/24/2023 21:32,2023-LCS-NWA-240823-002A,8/24/2023,21:32,,
1692927120,3.41,23.19,1.541,0.959,7450-770855,TRUE,8/24/2023 21:32,2023-LCS-NWA-240823-004A,8/24/2023,21:32,,
1692927240,3.41,21.489,0.023,0.892,7450-049711,TRUE,8/24/2023 21:34,2023-LCS-NWA-240823-003A,8/24/2023,21:34,,
1692927420,3.4,23.049,0.588,0.96,7450-064567,TRUE,8/24/2023 21:37,2023-LCS-NWA-240823-001A,8/24/2023,21:37,,
1692927720,3.43,23.066,3.117,0.981,7450-778298,TRUE,8/24/2023 21:42,2023-LCS-NWA-240823-002A,8/24/2023,21:42,,
1692927720,3.42,23.332,1.858,0.96,7450-770855,TRUE,8/24/2023 21:42,2023-LCS-NWA-240823-004A,8/24/2023,21:42,,
1692927840,3.41,21.489,0.023,0.892,7450-049711,TRUE,8/24/2023 21:44,2023-LCS-NWA-240823-003A,8/24/2023,21:44,,
1692928020,3.4,23.024,0.667,0.962,7450-064567,TRUE,8/24/2023 21:47,2023-LCS-NWA-240823-001A,8/24/2023,21:47,,
1692928320,3.43,23.058,3.018,0.982,7450-778298,TRUE,8/24/2023 21:52,2023-LCS-NWA-240823-002A,8/24/2023,21:52,,
1692928320,3.41,23.156,1.53,0.959,7450-770855,TRUE,8/24/2023 21:52,2023-LCS-NWA-240823-004A,8/24/2023,21:52,,
1692928440,3.41,21.522,0.023,0.892,7450-049711,TRUE,8/24/2023 21:54,2023-LCS-NWA-240823-003A,8/24/2023,21:54,,
1692928620,3.4,23.082,0.662,0.961,7450-064567,TRUE,8/24/2023 21:57,2023-LCS-NWA-240823-001A,8/24/2023,21:57,,
1692928920,3.43,23.125,3.245,0.981,7450-778298,TRUE,8/24/2023 22:02,2023-LCS-NWA-240823-002A,8/24/2023,22:02,,
1692928920,3.42,23.298,1.782,0.96,7450-770855,TRUE,8/24/2023 22:02,2023-LCS-NWA-240823-004A,8/24/2023,22:02,,
1692929040,3.41,21.53,0.023,0.892,7450-049711,TRUE,8/24/2023 22:04,2023-LCS-NWA-240823-003A,8/24/2023,22:04,,
1692929220,3.4,23.107,0.73,0.962,7450-064567,TRUE,8/24/2023 22:07,2023-LCS-NWA-240823-001A,8/24/2023,22:07,,
1692929520,3.43,23.158,2.696,0.969,7450-778298,TRUE,8/24/2023 22:12,2023-LCS-NWA-240823-002A,8/24/2023,22:12,,
1692929520,3.41,23.056,1.377,0.959,7450-770855,TRUE,8/24/2023 22:12,2023-LCS-NWA-240823-004A,8/24/2023,22:12,,
1692929640,3.41,21.514,0.023,0.892,7450-049711,TRUE,8/24/2023 22:14,2023-LCS-NWA-240823-003A,8/24/2023,22:14,,
1692929820,3.4,23.082,0.866,0.965,7450-064567,TRUE,8/24/2023 22:17,2023-LCS-NWA-240823-001A,8/24/2023,22:17,,
1692930120,3.43,23.1,2.449,0.979,7450-778298,TRUE,8/24/2023 22:22,2023-LCS-NWA-240823-002A,8/24/2023,22:22,,
1692930120,3.42,23.265,1.449,0.959,7450-770855,TRUE,8/24/2023 22:22,2023-LCS-NWA-240823-004A,8/24/2023,22:22,,
1692930240,3.41,21.514,0.022,0.892,7450-049711,TRUE,8/24/2023 22:24,2023-LCS-NWA-240823-003A,8/24/2023,22:24,,
1692930420,3.4,23.099,0.955,0.966,7450-064567,TRUE,8/24/2023 22:27,2023-LCS-NWA-240823-001A,8/24/2023,22:27,,
1692930720,3.43,22.941,2.056,0.983,7450-778298,TRUE,8/24/2023 22:32,2023-LCS-NWA-240823-002A,8/24/2023,22:32,,
1692930720,3.41,23.139,1.388,0.959,7450-770855,TRUE,8/24/2023 22:32,2023-LCS-NWA-240823-004A,8/24/2023,22:32,,
1692930840,3.41,21.48,0.023,0.892,7450-049711,TRUE,8/24/2023 22:34,2023-LCS-NWA-240823-003A,8/24/2023,22:34,,
1692931020,3.4,23.074,1.437,0.969,7450-064567,TRUE,8/24/2023 22:37,2023-LCS-NWA-240823-001A,8/24/2023,22:37,,
1692931320,3.43,22.949,2.183,0.983,7450-778298,TRUE,8/24/2023 22:42,2023-LCS-NWA-240823-002A,8/24/2023,22:42,,
1692931320,3.41,23.165,1.512,0.96,7450-770855,TRUE,8/24/2023 22:42,2023-LCS-NWA-240823-004A,8/24/2023,22:42,,
1692931440,3.41,21.781,0.023,0.892,7450-049711,TRUE,8/24/2023 22:44,2023-LCS-NWA-240823-003A,8/24/2023,22:44,,
1692931620,3.4,23.166,2.378,0.972,7450-064567,TRUE,8/24/2023 22:47,2023-LCS-NWA-240823-001A,8/24/2023,22:47,,
1692931920,3.44,23.46,3.202,0.983,7450-778298,TRUE,8/24/2023 22:52,2023-LCS-NWA-240823-002A,8/24/2023,22:52,,
1692931920,3.42,23.349,2.317,0.961,7450-770855,TRUE,8/24/2023 22:52,2023-LCS-NWA-240823-004A,8/24/2023,22:52,,
1692932040,3.41,22.291,1.458,0.911,7450-049711,TRUE,8/24/2023 22:54,2023-LCS-NWA-240823-003A,8/24/2023,22:54,,
1692932220,3.4,23.158,2.346,0.971,7450-064567,TRUE,8/24/2023 22:57,2023-LCS-NWA-240823-001A,8/24/2023,22:57,,
1692932520,3.44,22.748,1.782,0.983,7450-778298,TRUE,8/24/2023 23:02,2023-LCS-NWA-240823-002A,8/24/2023,23:02,,
1692932520,3.41,22.847,3.77,0.961,7450-770855,TRUE,8/24/2023 23:02,2023-LCS-NWA-240823-004A,8/24/2023,23:02,,
1692932640,3.41,21.965,2.099,0.912,7450-049711,TRUE,8/24/2023 23:04,2023-LCS-NWA-240823-003A,8/24/2023,23:04,,
1692932820,3.4,23.082,2.142,0.971,7450-064567,TRUE,8/24/2023 23:07,2023-LCS-NWA-240823-001A,8/24/2023,23:07,,
1692933120,3.43,22.915,4.307,0.982,7450-778298,TRUE,8/24/2023 23:12,2023-LCS-NWA-240823-002A,8/24/2023,23:12,,
1692933120,3.41,22.028,4.054,0.96,7450-770855,TRUE,8/24/2023 23:12,2023-LCS-NWA-240823-004A,8/24/2023,23:12,,
1692933240,3.41,21.94,2.411,0.913,7450-049711,TRUE,8/24/2023 23:14,2023-LCS-NWA-240823-003A,8/24/2023,23:14,,
1692933420,3.4,23.074,1.908,0.97,7450-064567,TRUE,8/24/2023 23:17,2023-LCS-NWA-240823-001A,8/24/2023,23:17,,
1692933720,3.43,23.024,5.831,0.982,7450-778298,TRUE,8/24/2023 23:22,2023-LCS-NWA-240823-002A,8/24/2023,23:22,,
1692933720,3.41,22.078,4.229,0.96,7450-770855,TRUE,8/24/2023 23:22,2023-LCS-NWA-240823-004A,8/24/2023,23:22,,
1692933840,3.41,21.907,2.357,0.912,7450-049711,TRUE,8/24/2023 23:24,2023-LCS-NWA-240823-003A,8/24/2023,23:24,,
1692934020,3.4,23.032,1.885,0.971,7450-064567,TRUE,8/24/2023 23:27,2023-LCS-NWA-240823-001A,8/24/2023,23:27,,
1692934320,3.43,23.108,5.839,0.982,7450-778298,TRUE,8/24/2023 23:32,2023-LCS-NWA-240823-002A,8/24/2023,23:32,,
1692934320,3.42,22.195,4.102,0.96,7450-770855,TRUE,8/24/2023 23:32,2023-LCS-NWA-240823-004A,8/24/2023,23:32,,
1692934440,3.41,21.848,1.727,0.911,7450-049711,TRUE,8/24/2023 23:34,2023-LCS-NWA-240823-003A,8/24/2023,23:34,,
1692934620,3.4,23.015,1.972,0.971,7450-064567,TRUE,8/24/2023 23:37,2023-LCS-NWA-240823-001A,8/24/2023,23:37,,
1692934920,3.43,23.041,5.056,0.981,7450-778298,TRUE,8/24/2023 23:42,2023-LCS-NWA-240823-002A,8/24/2023,23:42,,
1692934920,3.42,22.27,3.994,0.96,7450-770855,TRUE,8/24/2023 23:42,2023-LCS-NWA-240823-004A,8/24/2023,23:42,,
1692935040,3.41,21.882,1.735,0.911,7450-049711,TRUE,8/24/2023 23:44,2023-LCS-NWA-240823-003A,8/24/2023,23:44,,
1692935220,3.4,23.015,1.881,0.971,7450-064567,TRUE,8/24/2023 23:47,2023-LCS-NWA-240823-001A,8/24/2023,23:47,,
1692935520,3.44,22.882,5.016,0.981,7450-778298,TRUE,8/24/2023 23:52,2023-LCS-NWA-240823-002A,8/24/2023,23:52,,
1692935520,3.42,22.362,4.11,0.96,7450-770855,TRUE,8/24/2023 23:52,2023-LCS-NWA-240823-004A,8/24/2023,23:52,,
1692935640,3.41,21.857,1.417,0.91,7450-049711,TRUE,8/24/2023 23:54,2023-LCS-NWA-240823-003A,8/24/2023,23:54,,
1692935820,3.4,22.998,1.8,0.97,7450-064567,TRUE,8/24/2023 23:57,2023-LCS-NWA-240823-001A,8/24/2023,23:57,,
1692936120,3.44,22.815,4.909,0.981,7450-778298,TRUE,8/25/2023 0:02,2023-LCS-NWA-240823-002A,8/25/2023,0:02,,
1692936120,3.42,22.42,4.141,0.96,7450-770855,TRUE,8/25/2023 0:02,2023-LCS-NWA-240823-004A,8/25/2023,0:02,,
1692936240,3.41,21.882,1.315,0.91,7450-049711,TRUE,8/25/2023 0:04,2023-LCS-NWA-240823-003A,8/25/2023,0:04,,
1692936420,3.4,22.973,1.916,0.97,7450-064567,TRUE,8/25/2023 0:07,2023-LCS-NWA-240823-001A,8/25/2023,0:07,,
1692936720,3.44,22.74,4.64,0.982,7450-778298,TRUE,8/25/2023 0:12,2023-LCS-NWA-240823-002A,8/25/2023,0:12,,
1692936720,3.42,22.404,4.072,0.96,7450-770855,TRUE,8/25/2023 0:12,2023-LCS-NWA-240823-004A,8/25/2023,0:12,,
1692936840,3.41,21.865,1.213,0.91,7450-049711,TRUE,8/25/2023 0:14,2023-LCS-NWA-240823-003A,8/25/2023,0:14,,
1692937020,3.4,22.94,1.776,0.97,7450-064567,TRUE,8/25/2023 0:17,2023-LCS-NWA-240823-001A,8/25/2023,0:17,,
1692937320,3.44,22.673,4.45,0.982,7450-778298,TRUE,8/25/2023 0:22,2023-LCS-NWA-240823-002A,8/25/2023,0:22,,
1692937320,3.42,22.412,3.928,0.96,7450-770855,TRUE,8/25/2023 0:22,2023-LCS-NWA-240823-004A,8/25/2023,0:22,,
1692937440,3.41,21.865,1.147,0.909,7450-049711,TRUE,8/25/2023 0:24,2023-LCS-NWA-240823-003A,8/25/2023,0:24,,
1692937620,3.4,22.932,1.497,0.969,7450-064567,TRUE,8/25/2023 0:27,2023-LCS-NWA-240823-001A,8/25/2023,0:27,,
1692937920,3.44,22.614,4.979,0.982,7450-778298,TRUE,8/25/2023 0:32,2023-LCS-NWA-240823-002A,8/25/2023,0:32,,
1692937920,3.42,22.278,3.809,0.961,7450-770855,TRUE,8/25/2023 0:32,2023-LCS-NWA-240823-004A,8/25/2023,0:32,,
1692938040,3.41,21.865,1.58,0.911,7450-049711,TRUE,8/25/2023 0:34,2023-LCS-NWA-240823-003A,8/25/2023,0:34,,
1692938220,3.4,22.881,1.472,0.969,7450-064567,TRUE,8/25/2023 0:37,2023-LCS-NWA-240823-001A,8/25/2023,0:37,,
1692938520,3.44,22.547,4.688,0.981,7450-778298,TRUE,8/25/2023 0:42,2023-LCS-NWA-240823-002A,8/25/2023,0:42,,
1692938520,3.42,22.37,3.661,0.961,7450-770855,TRUE,8/25/2023 0:42,2023-LCS-NWA-240823-004A,8/25/2023,0:42,,
1692938640,3.41,21.831,1.922,0.912,7450-049711,TRUE,8/25/2023 0:44,2023-LCS-NWA-240823-003A,8/25/2023,0:44,,
1692938820,3.4,22.89,1.37,0.969,7450-064567,TRUE,8/25/2023 0:47,2023-LCS-NWA-240823-001A,8/25/2023,0:47,,
1692939120,3.44,22.438,4.294,0.982,7450-778298,TRUE,8/25/2023 0:52,2023-LCS-NWA-240823-002A,8/25/2023,0:52,,
1692939120,3.42,22.312,3.544,0.96,7450-770855,TRUE,8/25/2023 0:52,2023-LCS-NWA-240823-004A,8/25/2023,0:52,,
1692939240,3.41,21.79,2.238,0.912,7450-049711,TRUE,8/25/2023 0:54,2023-LCS-NWA-240823-003A,8/25/2023,0:54,,
1692939420,3.4,22.831,1.422,0.969,7450-064567,TRUE,8/25/2023 0:57,2023-LCS-NWA-240823-001A,8/25/2023,0:57,,
1692939720,3.44,22.321,3.884,0.982,7450-778298,TRUE,8/25/2023 1:02,2023-LCS-NWA-240823-002A,8/25/2023,1:02,,
1692939720,3.42,22.22,3.277,0.96,7450-770855,TRUE,8/25/2023 1:02,2023-LCS-NWA-240823-004A,8/25/2023,1:02,,
1692939840,3.41,21.773,2.239,0.912,7450-049711,TRUE,8/25/2023 1:04,2023-LCS-NWA-240823-003A,8/25/2023,1:04,,
1692940020,3.4,22.798,1.47,0.969,7450-064567,TRUE,8/25/2023 1:07,2023-LCS-NWA-240823-001A,8/25/2023,1:07,,
1692940320,3.44,22.221,3.516,0.982,7450-778298,TRUE,8/25/2023 1:12,2023-LCS-NWA-240823-002A,8/25/2023,1:12,,
1692940320,3.42,22.186,3.045,0.96,7450-770855,TRUE,8/25/2023 1:12,2023-LCS-NWA-240823-004A,8/25/2023,1:12,,
1692940440,3.41,21.781,2.119,0.912,7450-049711,TRUE,8/25/2023 1:14,2023-LCS-NWA-240823-003A,8/25/2023,1:14,,
1692940620,3.4,22.764,1.432,0.969,7450-064567,TRUE,8/25/2023 1:17,2023-LCS-NWA-240823-001A,8/25/2023,1:17,,
1692940920,3.44,22.171,3.394,0.983,7450-778298,TRUE,8/25/2023 1:22,2023-LCS-NWA-240823-002A,8/25/2023,1:22,,
1692940920,3.41,22.111,2.862,0.961,7450-770855,TRUE,8/25/2023 1:22,2023-LCS-NWA-240823-004A,8/25/2023,1:22,,
1692941040,3.41,21.765,2.027,0.912,7450-049711,TRUE,8/25/2023 1:24,2023-LCS-NWA-240823-003A,8/25/2023,1:24,,
1692941220,3.4,22.739,1.414,0.969,7450-064567,TRUE,8/25/2023 1:27,2023-LCS-NWA-240823-001A,8/25/2023,1:27,,
1692941520,3.44,22.179,3.324,0.983,7450-778298,TRUE,8/25/2023 1:32,2023-LCS-NWA-240823-002A,8/25/2023,1:32,,
1692941520,3.41,22.053,2.813,0.961,7450-770855,TRUE,8/25/2023 1:32,2023-LCS-NWA-240823-004A,8/25/2023,1:32,,
1692941640,3.41,21.765,1.919,0.912,7450-049711,TRUE,8/25/2023 1:34,2023-LCS-NWA-240823-003A,8/25/2023,1:34,,
1692941820,3.4,22.731,1.373,0.969,7450-064567,TRUE,8/25/2023 1:37,2023-LCS-NWA-240823-001A,8/25/2023,1:37,,
1692942120,3.44,22.204,3.212,0.983,7450-778298,TRUE,8/25/2023 1:42,2023-LCS-NWA-240823-002A,8/25/2023,1:42,,
1692942120,3.41,22.036,2.779,0.961,7450-770855,TRUE,8/25/2023 1:42,2023-LCS-NWA-240823-004A,8/25/2023,1:42,,
1692942240,3.41,21.773,1.764,0.911,7450-049711,TRUE,8/25/2023 1:44,2023-LCS-NWA-240823-003A,8/25/2023,1:44,,
1692942420,3.4,22.706,1.264,0.968,7450-064567,TRUE,8/25/2023 1:47,2023-LCS-NWA-240823-001A,8/25/2023,1:47,,
1692942720,3.44,22.246,3.227,0.983,7450-778298,TRUE,8/25/2023 1:52,2023-LCS-NWA-240823-002A,8/25/2023,1:52,,
1692942720,3.41,21.994,2.776,0.961,7450-770855,TRUE,8/25/2023 1:52,2023-LCS-NWA-240823-004A,8/25/2023,1:52,,
1692942840,3.41,21.756,1.619,0.911,7450-049711,TRUE,8/25/2023 1:54,2023-LCS-NWA-240823-003A,8/25/2023,1:54,,
1692943020,3.4,22.681,1.291,0.968,7450-064567,TRUE,8/25/2023 1:57,2023-LCS-NWA-240823-001A,8/25/2023,1:57,,
1692943320,3.44,22.271,3.154,0.983,7450-778298,TRUE,8/25/2023 2:02,2023-LCS-NWA-240823-002A,8/25/2023,2:02,,
1692943320,3.41,21.994,2.637,0.961,7450-770855,TRUE,8/25/2023 2:02,2023-LCS-NWA-240823-004A,8/25/2023,2:02,,
1692943440,3.41,21.765,1.646,0.911,7450-049711,TRUE,8/25/2023 2:04,2023-LCS-NWA-240823-003A,8/25/2023,2:04,,
1692943620,3.4,22.681,1.119,0.967,7450-064567,TRUE,8/25/2023 2:07,2023-LCS-NWA-240823-001A,8/25/2023,2:07,,
1692943920,3.44,22.321,3.54,0.983,7450-778298,TRUE,8/25/2023 2:12,2023-LCS-NWA-240823-002A,8/25/2023,2:12,,
1692943920,3.41,21.977,2.632,0.961,7450-770855,TRUE,8/25/2023 2:12,2023-LCS-NWA-240823-004A,8/25/2023,2:12,,
1692944040,3.41,21.748,1.528,0.91,7450-049711,TRUE,8/25/2023 2:14,2023-LCS-NWA-240823-003A,8/25/2023,2:14,,
1692944220,3.4,22.664,1.124,0.967,7450-064567,TRUE,8/25/2023 2:17,2023-LCS-NWA-240823-001A,8/25/2023,2:17,,
1692944520,3.44,22.338,3.464,0.983,7450-778298,TRUE,8/25/2023 2:22,2023-LCS-NWA-240823-002A,8/25/2023,2:22,,
1692944520,3.41,21.969,2.5,0.961,7450-770855,TRUE,8/25/2023 2:22,2023-LCS-NWA-240823-004A,8/25/2023,2:22,,
1692944640,3.41,21.739,1.403,0.91,7450-049711,TRUE,8/25/2023 2:24,2023-LCS-NWA-240823-003A,8/25/2023,2:24,,
1692944820,3.4,22.672,0.975,0.965,7450-064567,TRUE,8/25/2023 2:27,2023-LCS-NWA-240823-001A,8/25/2023,2:27,,
1692945120,3.44,22.338,3.384,0.983,7450-778298,TRUE,8/25/2023 2:32,2023-LCS-NWA-240823-002A,8/25/2023,2:32,,
1692945120,3.41,21.961,2.254,0.96,7450-770855,TRUE,8/25/2023 2:32,2023-LCS-NWA-240823-004A,8/25/2023,2:32,,
1692945240,3.41,21.714,1.273,0.91,7450-049711,TRUE,8/25/2023 2:34,2023-LCS-NWA-240823-003A,8/25/2023,2:34,,
1692945420,3.4,22.647,0.894,0.964,7450-064567,TRUE,8/25/2023 2:37,2023-LCS-NWA-240823-001A,8/25/2023,2:37,,
1692945720,3.44,22.305,3.316,0.983,7450-778298,TRUE,8/25/2023 2:42,2023-LCS-NWA-240823-002A,8/25/2023,2:42,,
1692945720,3.41,21.944,2.346,0.96,7450-770855,TRUE,8/25/2023 2:42,2023-LCS-NWA-240823-004A,8/25/2023,2:42,,
1692945840,3.41,21.714,1.209,0.909,7450-049711,TRUE,8/25/2023 2:44,2023-LCS-NWA-240823-003A,8/25/2023,2:44,,
1692946020,3.4,22.63,0.794,0.963,7450-064567,TRUE,8/25/2023 2:47,2023-LCS-NWA-240823-001A,8/25/2023,2:47,,
1692946320,3.44,22.288,3.474,0.983,7450-778298,TRUE,8/25/2023 2:52,2023-LCS-NWA-240823-002A,8/25/2023,2:52,,
1692946320,3.41,21.894,1.995,0.959,7450-770855,TRUE,8/25/2023 2:52,2023-LCS-NWA-240823-004A,8/25/2023,2:52,,
1692946440,3.41,21.714,1.175,0.909,7450-049711,TRUE,8/25/2023 2:54,2023-LCS-NWA-240823-003A,8/25/2023,2:54,,
1692946620,3.4,22.614,0.862,0.964,7450-064567,TRUE,8/25/2023 2:57,2023-LCS-NWA-240823-001A,8/25/2023,2:57,,
1692946920,3.44,22.296,3.518,0.983,7450-778298,TRUE,8/25/2023 3:02,2023-LCS-NWA-240823-002A,8/25/2023,3:02,,
1692946920,3.41,21.861,1.993,0.959,7450-770855,TRUE,8/25/2023 3:02,2023-LCS-NWA-240823-004A,8/25/2023,3:02,,
1692947040,3.41,21.698,1.065,0.908,7450-049711,TRUE,8/25/2023 3:04,2023-LCS-NWA-240823-003A,8/25/2023,3:04,,
1692947220,3.4,22.614,0.707,0.962,7450-064567,TRUE,8/25/2023 3:07,2023-LCS-NWA-240823-001A,8/25/2023,3:07,,
1692947520,3.44,22.271,3.171,0.982,7450-778298,TRUE,8/25/2023 3:12,2023-LCS-NWA-240823-002A,8/25/2023,3:12,,
1692947520,3.41,21.861,1.953,0.959,7450-770855,TRUE,8/25/2023 3:12,2023-LCS-NWA-240823-004A,8/25/2023,3:12,,
1692947640,3.41,21.698,0.966,0.908,7450-049711,TRUE,8/25/2023 3:14,2023-LCS-NWA-240823-003A,8/25/2023,3:14,,
1692947820,3.4,22.614,0.665,0.961,7450-064567,TRUE,8/25/2023 3:17,2023-LCS-NWA-240823-001A,8/25/2023,3:17,,
1692948120,3.44,22.238,3.021,0.983,7450-778298,TRUE,8/25/2023 3:22,2023-LCS-NWA-240823-002A,8/25/2023,3:22,,
1692948120,3.41,21.861,1.947,0.958,7450-770855,TRUE,8/25/2023 3:22,2023-LCS-NWA-240823-004A,8/25/2023,3:22,,
1692948240,3.41,21.681,0.837,0.906,7450-049711,TRUE,8/25/2023 3:24,2023-LCS-NWA-240823-003A,8/25/2023,3:24,,
1692948420,3.4,22.58,0.74,0.963,7450-064567,TRUE,8/25/2023 3:27,2023-LCS-NWA-240823-001A,8/25/2023,3:27,,
1692948720,3.44,22.212,2.697,0.983,7450-778298,TRUE,8/25/2023 3:32,2023-LCS-NWA-240823-002A,8/25/2023,3:32,,
1692948720,3.41,21.835,1.788,0.959,7450-770855,TRUE,8/25/2023 3:32,2023-LCS-NWA-240823-004A,8/25/2023,3:32,,
1692948840,3.41,21.664,0.724,0.905,7450-049711,TRUE,8/25/2023 3:34,2023-LCS-NWA-240823-003A,8/25/2023,3:34,,
1692949020,3.4,22.572,0.688,0.962,7450-064567,TRUE,8/25/2023 3:37,2023-LCS-NWA-240823-001A,8/25/2023,3:37,,
1692949320,3.44,22.212,2.763,0.983,7450-778298,TRUE,8/25/2023 3:42,2023-LCS-NWA-240823-002A,8/25/2023,3:42,,
1692949320,3.42,21.794,1.733,0.958,7450-770855,TRUE,8/25/2023 3:42,2023-LCS-NWA-240823-004A,8/25/2023,3:42,,
1692949440,3.41,21.664,0.626,0.904,7450-049711,TRUE,8/25/2023 3:44,2023-LCS-NWA-240823-003A,8/25/2023,3:44,,
1692949620,3.4,22.572,0.609,0.961,7450-064567,TRUE,8/25/2023 3:47,2023-LCS-NWA-240823-001A,8/25/2023,3:47,,
1692949920,3.44,22.204,2.682,0.983,7450-778298,TRUE,8/25/2023 3:52,2023-LCS-NWA-240823-002A,8/25/2023,3:52,,
1692949920,3.41,21.802,1.491,0.957,7450-770855,TRUE,8/25/2023 3:52,2023-LCS-NWA-240823-004A,8/25/2023,3:52,,
1692950040,3.41,21.656,0.519,0.902,7450-049711,TRUE,8/25/2023 3:54,2023-LCS-NWA-240823-003A,8/25/2023,3:54,,
1692950220,3.4,22.547,0.477,0.958,7450-064567,TRUE,8/25/2023 3:57,2023-LCS-NWA-240823-001A,8/25/2023,3:57,,
1692950520,3.44,22.162,2.601,0.983,7450-778298,TRUE,8/25/2023 4:02,2023-LCS-NWA-240823-002A,8/25/2023,4:02,,
1692950520,3.42,21.785,1.393,0.956,7450-770855,TRUE,8/25/2023 4:02,2023-LCS-NWA-240823-004A,8/25/2023,4:02,,
1692950640,3.41,21.656,0.429,0.9,7450-049711,TRUE,8/25/2023 4:04,2023-LCS-NWA-240823-003A,8/25/2023,4:04,,
1692950820,3.4,22.547,0.439,0.958,7450-064567,TRUE,8/25/2023 4:07,2023-LCS-NWA-240823-001A,8/25/2023,4:07,,
1692951120,3.44,22.179,2.8,0.983,7450-778298,TRUE,8/25/2023 4:12,2023-LCS-NWA-240823-002A,8/25/2023,4:12,,
1692951120,3.42,21.752,1.222,0.955,7450-770855,TRUE,8/25/2023 4:12,2023-LCS-NWA-240823-004A,8/25/2023,4:12,,
1692951240,3.41,21.639,0.34,0.899,7450-049711,TRUE,8/25/2023 4:14,2023-LCS-NWA-240823-003A,8/25/2023,4:14,,
1692951420,3.4,22.522,0.459,0.958,7450-064567,TRUE,8/25/2023 4:17,2023-LCS-NWA-240823-001A,8/25/2023,4:17,,
1692951720,3.44,22.137,2.596,0.983,7450-778298,TRUE,8/25/2023 4:22,2023-LCS-NWA-240823-002A,8/25/2023,4:22,,
1692951720,3.42,21.735,1.321,0.956,7450-770855,TRUE,8/25/2023 4:22,2023-LCS-NWA-240823-004A,8/25/2023,4:22,,
1692951840,3.41,21.647,0.195,0.896,7450-049711,TRUE,8/25/2023 4:24,2023-LCS-NWA-240823-003A,8/25/2023,4:24,,
1692952020,3.4,22.505,0.425,0.957,7450-064567,TRUE,8/25/2023 4:27,2023-LCS-NWA-240823-001A,8/25/2023,4:27,,
1692952320,3.43,22.112,2.428,0.983,7450-778298,TRUE,8/25/2023 4:32,2023-LCS-NWA-240823-002A,8/25/2023,4:32,,
1692952320,3.42,21.727,1.136,0.954,7450-770855,TRUE,8/25/2023 4:32,2023-LCS-NWA-240823-004A,8/25/2023,4:32,,
1692952440,3.41,21.622,0.224,0.896,7450-049711,TRUE,8/25/2023 4:34,2023-LCS-NWA-240823-003A,8/25/2023,4:34,,
1692952620,3.4,22.513,0.328,0.955,7450-064567,TRUE,8/25/2023 4:37,2023-LCS-NWA-240823-001A,8/25/2023,4:37,,
1692952920,3.43,22.079,2.079,0.983,7450-778298,TRUE,8/25/2023 4:42,2023-LCS-NWA-240823-002A,8/25/2023,4:42,,
1692952920,3.42,21.718,1.011,0.953,7450-770855,TRUE,8/25/2023 4:42,2023-LCS-NWA-240823-004A,8/25/2023,4:42,,
1692953040,3.41,21.622,0.18,0.895,7450-049711,TRUE,8/25/2023 4:44,2023-LCS-NWA-240823-003A,8/25/2023,4:44,,
1692953220,3.4,22.496,0.298,0.955,7450-064567,TRUE,8/25/2023 4:47,2023-LCS-NWA-240823-001A,8/25/2023,4:47,,
1692953520,3.43,22.087,2.191,0.983,7450-778298,TRUE,8/25/2023 4:52,2023-LCS-NWA-240823-002A,8/25/2023,4:52,,
1692953520,3.41,21.702,0.925,0.952,7450-770855,TRUE,8/25/2023 4:52,2023-LCS-NWA-240823-004A,8/25/2023,4:52,,
1692953640,3.41,21.631,0.133,0.894,7450-049711,TRUE,8/25/2023 4:54,2023-LCS-NWA-240823-003A,8/25/2023,4:54,,
1692953820,3.4,22.496,0.276,0.954,7450-064567,TRUE,8/25/2023 4:57,2023-LCS-NWA-240823-001A,8/25/2023,4:57,,
1692954120,3.43,22.054,1.962,0.983,7450-778298,TRUE,8/25/2023 5:02,2023-LCS-NWA-240823-002A,8/25/2023,5:02,,
1692954120,3.42,21.693,0.697,0.949,7450-770855,TRUE,8/25/2023 5:02,2023-LCS-NWA-240823-004A,8/25/2023,5:02,,
1692954240,3.41,21.622,0.126,0.894,7450-049711,TRUE,8/25/2023 5:04,2023-LCS-NWA-240823-003A,8/25/2023,5:04,,
1692954420,3.4,22.496,0.284,0.955,7450-064567,TRUE,8/25/2023 5:07,2023-LCS-NWA-240823-001A,8/25/2023,5:07,,
1692954720,3.43,22.045,1.996,0.983,7450-778298,TRUE,8/25/2023 5:12,2023-LCS-NWA-240823-002A,8/25/2023,5:12,,
1692954720,3.42,21.677,0.652,0.948,7450-770855,TRUE,8/25/2023 5:12,2023-LCS-NWA-240823-004A,8/25/2023,5:12,,
1692954840,3.41,21.606,0.099,0.894,7450-049711,TRUE,8/25/2023 5:14,2023-LCS-NWA-240823-003A,8/25/2023,5:14,,
1692955020,3.4,22.48,0.177,0.952,7450-064567,TRUE,8/25/2023 5:17,2023-LCS-NWA-240823-001A,8/25/2023,5:17,,
1692955320,3.43,22.037,1.843,0.983,7450-778298,TRUE,8/25/2023 5:22,2023-LCS-NWA-240823-002A,8/25/2023,5:22,,
1692955320,3.42,21.652,0.529,0.946,7450-770855,TRUE,8/25/2023 5:22,2023-LCS-NWA-240823-004A,8/25/2023,5:22,,
1692955440,3.41,21.572,0.352,0.899,7450-049711,TRUE,8/25/2023 5:24,2023-LCS-NWA-240823-003A,8/25/2023,5:24,,
1692955620,3.4,22.463,0.132,0.951,7450-064567,TRUE,8/25/2023 5:27,2023-LCS-NWA-240823-001A,8/25/2023,5:27,,
1692955920,3.43,22.062,2.209,0.983,7450-778298,TRUE,8/25/2023 5:32,2023-LCS-NWA-240823-002A,8/25/2023,5:32,,
1692955920,3.42,21.643,0.547,0.945,7450-770855,TRUE,8/25/2023 5:32,2023-LCS-NWA-240823-004A,8/25/2023,5:32,,
1692956040,3.41,21.522,0.796,0.906,7450-049711,TRUE,8/25/2023 5:34,2023-LCS-NWA-240823-003A,8/25/2023,5:34,,
1692956220,3.4,22.463,0.128,0.951,7450-064567,TRUE,8/25/2023 5:37,2023-LCS-NWA-240823-001A,8/25/2023,5:37,,
1692956520,3.43,22.112,2.439,0.983,7450-778298,TRUE,8/25/2023 5:42,2023-LCS-NWA-240823-002A,8/25/2023,5:42,,
1692956520,3.42,21.627,0.538,0.946,7450-770855,TRUE,8/25/2023 5:42,2023-LCS-NWA-240823-004A,8/25/2023,5:42,,
1692956640,3.41,21.497,0.894,0.907,7450-049711,TRUE,8/25/2023 5:44,2023-LCS-NWA-240823-003A,8/25/2023,5:44,,
1692956820,3.4,22.455,0.055,0.949,7450-064567,TRUE,8/25/2023 5:47,2023-LCS-NWA-240823-001A,8/25/2023,5:47,,
1692957120,3.43,22.129,2.283,0.983,7450-778298,TRUE,8/25/2023 5:52,2023-LCS-NWA-240823-002A,8/25/2023,5:52,,
1692957120,3.42,21.618,0.429,0.944,7450-770855,TRUE,8/25/2023 5:52,2023-LCS-NWA-240823-004A,8/25/2023,5:52,,
1692957240,3.41,21.497,0.778,0.906,7450-049711,TRUE,8/25/2023 5:54,2023-LCS-NWA-240823-003A,8/25/2023,5:54,,
1692957420,3.4,22.413,0.023,0.948,7450-064567,TRUE,8/25/2023 5:57,2023-LCS-NWA-240823-001A,8/25/2023,5:57,,
1692957720,3.43,22.137,2.655,0.983,7450-778298,TRUE,8/25/2023 6:02,2023-LCS-NWA-240823-002A,8/25/2023,6:02,,
1692957720,3.42,21.593,0.455,0.944,7450-770855,TRUE,8/25/2023 6:02,2023-LCS-NWA-240823-004A,8/25/2023,6:02,,
1692957840,3.41,21.464,0.697,0.905,7450-049711,TRUE,8/25/2023 6:04,2023-LCS-NWA-240823-003A,8/25/2023,6:04,,
1692958020,3.4,22.371,0.033,0.949,7450-064567,TRUE,8/25/2023 6:07,2023-LCS-NWA-240823-001A,8/25/2023,6:07,,
1692958320,3.44,22.137,2.747,0.983,7450-778298,TRUE,8/25/2023 6:12,2023-LCS-NWA-240823-002A,8/25/2023,6:12,,
1692958320,3.42,21.576,0.466,0.944,7450-770855,TRUE,8/25/2023 6:12,2023-LCS-NWA-240823-004A,8/25/2023,6:12,,
1692958440,3.41,21.422,0.715,0.905,7450-049711,TRUE,8/25/2023 6:14,2023-LCS-NWA-240823-003A,8/25/2023,6:14,,
1692958620,3.4,22.363,0.022,0.948,7450-064567,TRUE,8/25/2023 6:17,2023-LCS-NWA-240823-001A,8/25/2023,6:17,,
1692958920,3.44,22.154,2.756,0.983,7450-778298,TRUE,8/25/2023 6:22,2023-LCS-NWA-240823-002A,8/25/2023,6:22,,
1692958920,3.42,21.56,0.539,0.945,7450-770855,TRUE,8/25/2023 6:22,2023-LCS-NWA-240823-004A,8/25/2023,6:22,,
1692959040,3.41,21.43,0.625,0.904,7450-049711,TRUE,8/25/2023 6:24,2023-LCS-NWA-240823-003A,8/25/2023,6:24,,
1692959220,3.4,22.338,0.021,0.949,7450-064567,TRUE,8/25/2023 6:27,2023-LCS-NWA-240823-001A,8/25/2023,6:27,,
1692959520,3.44,22.154,2.868,0.983,7450-778298,TRUE,8/25/2023 6:32,2023-LCS-NWA-240823-002A,8/25/2023,6:32,,
1692959520,3.42,21.526,0.636,0.947,7450-770855,TRUE,8/25/2023 6:32,2023-LCS-NWA-240823-004A,8/25/2023,6:32,,
1692959640,3.41,21.413,0.82,0.906,7450-049711,TRUE,8/25/2023 6:34,2023-LCS-NWA-240823-003A,8/25/2023,6:34,,
1692959820,3.4,22.304,0.022,0.949,7450-064567,TRUE,8/25/2023 6:37,2023-LCS-NWA-240823-001A,8/25/2023,6:37,,
1692960120,3.44,22.162,2.783,0.98,7450-778298,TRUE,8/25/2023 6:42,2023-LCS-NWA-240823-002A,8/25/2023,6:42,,
1692960120,3.42,21.518,0.577,0.945,7450-770855,TRUE,8/25/2023 6:42,2023-LCS-NWA-240823-004A,8/25/2023,6:42,,
1692960240,3.41,21.397,0.665,0.904,7450-049711,TRUE,8/25/2023 6:44,2023-LCS-NWA-240823-003A,8/25/2023,6:44,,
1692960420,3.4,22.271,0.028,0.949,7450-064567,TRUE,8/25/2023 6:47,2023-LCS-NWA-240823-001A,8/25/2023,6:47,,
1692960720,3.44,22.137,2.858,0.982,7450-778298,TRUE,8/25/2023 6:52,2023-LCS-NWA-240823-002A,8/25/2023,6:52,,
1692960720,3.42,21.493,0.843,0.949,7450-770855,TRUE,8/25/2023 6:52,2023-LCS-NWA-240823-004A,8/25/2023,6:52,,
1692960840,3.41,21.38,0.579,0.903,7450-049711,TRUE,8/25/2023 6:54,2023-LCS-NWA-240823-003A,8/25/2023,6:54,,
1692961020,3.4,22.237,0.148,0.953,7450-064567,TRUE,8/25/2023 6:57,2023-LCS-NWA-240823-001A,8/25/2023,6:57,,
1692961320,3.44,22.154,3.041,0.983,7450-778298,TRUE,8/25/2023 7:02,2023-LCS-NWA-240823-002A,8/25/2023,7:02,,
1692961320,3.42,21.476,1.452,0.958,7450-770855,TRUE,8/25/2023 7:02,2023-LCS-NWA-240823-004A,8/25/2023,7:02,,
1692961440,3.41,21.363,0.695,0.904,7450-049711,TRUE,8/25/2023 7:04,2023-LCS-NWA-240823-003A,8/25/2023,7:04,,
1692961620,3.4,22.204,0.224,0.955,7450-064567,TRUE,8/25/2023 7:07,2023-LCS-NWA-240823-001A,8/25/2023,7:07,,
1692961920,3.43,22.129,3.09,0.982,7450-778298,TRUE,8/25/2023 7:12,2023-LCS-NWA-240823-002A,8/25/2023,7:12,,
1692961920,3.42,21.443,1.54,0.959,7450-770855,TRUE,8/25/2023 7:12,2023-LCS-NWA-240823-004A,8/25/2023,7:12,,
1692962040,3.41,21.355,0.549,0.902,7450-049711,TRUE,8/25/2023 7:14,2023-LCS-NWA-240823-003A,8/25/2023,7:14,,
1692962220,3.4,22.187,0.461,0.96,7450-064567,TRUE,8/25/2023 7:17,2023-LCS-NWA-240823-001A,8/25/2023,7:17,,
1692962520,3.44,22.137,3.251,0.983,7450-778298,TRUE,8/25/2023 7:22,2023-LCS-NWA-240823-002A,8/25/2023,7:22,,
1692962520,3.42,21.434,1.617,0.959,7450-770855,TRUE,8/25/2023 7:22,2023-LCS-NWA-240823-004A,8/25/2023,7:22,,
1692962640,3.41,21.33,0.462,0.901,7450-049711,TRUE,8/25/2023 7:24,2023-LCS-NWA-240823-003A,8/25/2023,7:24,,
1692962820,3.4,22.145,0.64,0.963,7450-064567,TRUE,8/25/2023 7:27,2023-LCS-NWA-240823-001A,8/25/2023,7:27,,
1692963120,3.44,22.146,3.235,0.982,7450-778298,TRUE,8/25/2023 7:32,2023-LCS-NWA-240823-002A,8/25/2023,7:32,,
1692963120,3.42,21.409,1.513,0.958,7450-770855,TRUE,8/25/2023 7:32,2023-LCS-NWA-240823-004A,8/25/2023,7:32,,
1692963240,3.41,21.305,0.576,0.903,7450-049711,TRUE,8/25/2023 7:34,2023-LCS-NWA-240823-003A,8/25/2023,7:34,,
1692963420,3.4,22.12,0.764,0.965,7450-064567,TRUE,8/25/2023 7:37,2023-LCS-NWA-240823-001A,8/25/2023,7:37,,
1692963720,3.43,22.129,3.101,0.982,7450-778298,TRUE,8/25/2023 7:42,2023-LCS-NWA-240823-002A,8/25/2023,7:42,,
1692963720,3.42,21.418,1.129,0.956,7450-770855,TRUE,8/25/2023 7:42,2023-LCS-NWA-240823-004A,8/25/2023,7:42,,
1692963840,3.42,21.313,0.548,0.902,7450-049711,TRUE,8/25/2023 7:44,2023-LCS-NWA-240823-003A,8/25/2023,7:44,,
1692964020,3.4,22.095,0.881,0.966,7450-064567,TRUE,8/25/2023 7:47,2023-LCS-NWA-240823-001A,8/25/2023,7:47,,
1692964320,3.43,22.129,3.167,0.983,7450-778298,TRUE,8/25/2023 7:52,2023-LCS-NWA-240823-002A,8/25/2023,7:52,,
1692964320,3.42,21.418,1.184,0.956,7450-770855,TRUE,8/25/2023 7:52,2023-LCS-NWA-240823-004A,8/25/2023,7:52,,
1692964440,3.41,21.263,0.488,0.901,7450-049711,TRUE,8/25/2023 7:54,2023-LCS-NWA-240823-003A,8/25/2023,7:54,,
1692964620,3.4,22.087,0.915,0.966,7450-064567,TRUE,8/25/2023 7:57,2023-LCS-NWA-240823-001A,8/25/2023,7:57,,
1692964920,3.43,22.112,3.238,0.982,7450-778298,TRUE,8/25/2023 8:02,2023-LCS-NWA-240823-002A,8/25/2023,8:02,,
1692964920,3.42,21.393,1.217,0.957,7450-770855,TRUE,8/25/2023 8:02,2023-LCS-NWA-240823-004A,8/25/2023,8:02,,
1692965040,3.42,21.271,0.45,0.901,7450-049711,TRUE,8/25/2023 8:04,2023-LCS-NWA-240823-003A,8/25/2023,8:04,,
1692965220,3.4,22.07,1.095,0.968,7450-064567,TRUE,8/25/2023 8:07,2023-LCS-NWA-240823-001A,8/25/2023,8:07,,
1692965520,3.43,22.104,3.223,0.983,7450-778298,TRUE,8/25/2023 8:12,2023-LCS-NWA-240823-002A,8/25/2023,8:12,,
1692965520,3.42,21.368,1.061,0.955,7450-770855,TRUE,8/25/2023 8:12,2023-LCS-NWA-240823-004A,8/25/2023,8:12,,
1692965640,3.41,21.238,0.497,0.901,7450-049711,TRUE,8/25/2023 8:14,2023-LCS-NWA-240823-003A,8/25/2023,8:14,,
1692965820,3.4,22.07,1.122,0.967,7450-064567,TRUE,8/25/2023 8:17,2023-LCS-NWA-240823-001A,8/25/2023,8:17,,
1692966120,3.43,22.095,3.106,0.982,7450-778298,TRUE,8/25/2023 8:22,2023-LCS-NWA-240823-002A,8/25/2023,8:22,,
1692966120,3.42,21.376,0.86,0.953,7450-770855,TRUE,8/25/2023 8:22,2023-LCS-NWA-240823-004A,8/25/2023,8:22,,
1692966240,3.42,21.229,0.419,0.9,7450-049711,TRUE,8/25/2023 8:24,2023-LCS-NWA-240823-003A,8/25/2023,8:24,,
1692966420,3.4,22.045,1.228,0.968,7450-064567,TRUE,8/25/2023 8:27,2023-LCS-NWA-240823-001A,8/25/2023,8:27,,
1692966720,3.43,22.095,3.188,0.983,7450-778298,TRUE,8/25/2023 8:32,2023-LCS-NWA-240823-002A,8/25/2023,8:32,,
1692966720,3.42,21.376,0.952,0.954,7450-770855,TRUE,8/25/2023 8:32,2023-LCS-NWA-240823-004A,8/25/2023,8:32,,
1692966840,3.42,21.221,0.398,0.9,7450-049711,TRUE,8/25/2023 8:34,2023-LCS-NWA-240823-003A,8/25/2023,8:34,,
1692967020,3.4,22.037,1.263,0.968,7450-064567,TRUE,8/25/2023 8:37,2023-LCS-NWA-240823-001A,8/25/2023,8:37,,
1692967320,3.43,22.045,3.173,0.983,7450-778298,TRUE,8/25/2023 8:42,2023-LCS-NWA-240823-002A,8/25/2023,8:42,,
1692967320,3.42,21.351,0.889,0.953,7450-770855,TRUE,8/25/2023 8:42,2023-LCS-NWA-240823-004A,8/25/2023,8:42,,
1692967440,3.42,21.196,0.528,0.902,7450-049711,TRUE,8/25/2023 8:44,2023-LCS-NWA-240823-003A,8/25/2023,8:44,,
,,,,,,FISH,8/25/2023 8:45,2023-LCS-NWA-240823-001A,8/25/2023,8:45,,
1692967620,3.4,21.719,8.142,0.971,7450-064567,FALSE,8/25/2023 8:47,2023-LCS-NWA-240823-001A,8/25/2023,8:47,,
1692967920,3.43,22.045,3.212,0.982,7450-778298,TRUE,8/25/2023 8:52,2023-LCS-NWA-240823-002A,8/25/2023,8:52,,
1692967920,3.42,21.359,0.72,0.951,7450-770855,TRUE,8/25/2023 8:52,2023-LCS-NWA-240823-004A,8/25/2023,8:52,,
1692968040,3.42,21.196,0.364,0.899,7450-049711,TRUE,8/25/2023 8:54,2023-LCS-NWA-240823-003A,8/25/2023,8:54,,
1692968220,3.4,20.782,8.288,0.969,7450-064567,FALSE,8/25/2023 8:57,2023-LCS-NWA-240823-001A,8/25/2023,8:57,,
1692968520,3.43,22.037,3.196,0.982,7450-778298,TRUE,8/25/2023 9:02,2023-LCS-NWA-240823-002A,8/25/2023,9:02,,
1692968520,3.42,21.334,0.843,0.952,7450-770855,TRUE,8/25/2023 9:02,2023-LCS-NWA-240823-004A,8/25/2023,9:02,,
1692968640,3.42,21.213,0.367,0.899,7450-049711,TRUE,8/25/2023 9:04,2023-LCS-NWA-240823-003A,8/25/2023,9:04,,
1692968820,3.4,20.565,8.299,0.969,7450-064567,FALSE,8/25/2023 9:07,2023-LCS-NWA-240823-001A,8/25/2023,9:07,,
1692969120,3.43,22.037,3.125,0.982,7450-778298,TRUE,8/25/2023 9:12,2023-LCS-NWA-240823-002A,8/25/2023,9:12,,
1692969120,3.42,21.326,0.717,0.951,7450-770855,TRUE,8/25/2023 9:12,2023-LCS-NWA-240823-004A,8/25/2023,9:12,,
1692969240,3.42,21.196,0.348,0.899,7450-049711,TRUE,8/25/2023 9:14,2023-LCS-NWA-240823-003A,8/25/2023,9:14,,
1692969420,3.4,20.489,8.024,0.967,7450-064567,FALSE,8/25/2023 9:17,2023-LCS-NWA-240823-001A,8/25/2023,9:17,,
1692969720,3.43,22.045,3.025,0.983,7450-778298,TRUE,8/25/2023 9:22,2023-LCS-NWA-240823-002A,8/25/2023,9:22,,
1692969720,3.42,21.317,0.65,0.949,7450-770855,TRUE,8/25/2023 9:22,2023-LCS-NWA-240823-004A,8/25/2023,9:22,,
1692969840,3.41,21.188,0.419,0.9,7450-049711,TRUE,8/25/2023 9:24,2023-LCS-NWA-240823-003A,8/25/2023,9:24,,
,,,,,,FISH,8/25/2023 9:27,2023-LCS-NWA-240823-002A,8/25/2023,9:27,,
1692970320,3.43,22.028,2.947,0.983,7450-778298,FALSE,8/25/2023 9:32,2023-LCS-NWA-240823-002A,8/25/2023,9:32,,
1692970320,3.42,21.309,0.67,0.95,7450-770855,TRUE,8/25/2023 9:32,2023-LCS-NWA-240823-004A,8/25/2023,9:32,,
1692970440,3.42,21.179,0.373,0.899,7450-049711,TRUE,8/25/2023 9:34,2023-LCS-NWA-240823-003A,8/25/2023,9:34,,
1692970920,3.43,21.995,2.999,0.982,7450-778298,FALSE,8/25/2023 9:42,2023-LCS-NWA-240823-002A,8/25/2023,9:42,,
1692970920,3.42,21.292,0.724,0.951,7450-770855,TRUE,8/25/2023 9:42,2023-LCS-NWA-240823-004A,8/25/2023,9:42,,
1692971040,3.41,21.163,0.343,0.899,7450-049711,TRUE,8/25/2023 9:44,2023-LCS-NWA-240823-003A,8/25/2023,9:44,,
1692971520,3.44,21.368,8.069,0.979,7450-778298,FALSE,8/25/2023 9:52,2023-LCS-NWA-240823-002A,8/25/2023,9:52,,
1692971520,3.42,21.284,0.71,0.95,7450-770855,TRUE,8/25/2023 9:52,2023-LCS-NWA-240823-004A,8/25/2023,9:52,,
,,,,,,FISH,8/25/2023 9:53,2023-LCS-NWA-240823-003A,8/25/2023,9:53,,
1692971640,3.41,21.154,0.365,0.899,7450-049711,FALSE,8/25/2023 9:54,2023-LCS-NWA-240823-003A,8/25/2023,9:54,,
1692972120,3.44,19.735,8.382,0.98,7450-778298,FALSE,8/25/2023 10:02,2023-LCS-NWA-240823-002A,8/25/2023,10:02,,
1692972120,3.42,21.267,0.685,0.95,7450-770855,TRUE,8/25/2023 10:02,2023-LCS-NWA-240823-004A,8/25/2023,10:02,,
1692972240,3.41,19.891,8.384,0.908,7450-049711,FALSE,8/25/2023 10:04,2023-LCS-NWA-240823-003A,8/25/2023,10:04,,
,,,,,,FISH,8/25/2023 10:04,2023-LCS-NWA-240823-004A,8/25/2023,10:04,,
1692972720,3.44,19.542,8.417,0.98,7450-778298,FALSE,8/25/2023 10:12,2023-LCS-NWA-240823-002A,8/25/2023,10:12,,
1692972720,3.42,21.276,0.665,0.95,7450-770855,FALSE,8/25/2023 10:12,2023-LCS-NWA-240823-004A,8/25/2023,10:12,,
1692972840,3.42,20.067,8.396,0.909,7450-049711,FALSE,8/25/2023 10:14,2023-LCS-NWA-240823-003A,8/25/2023,10:14,,
1692973320,3.44,19.726,8.358,0.98,7450-778298,FALSE,8/25/2023 10:22,2023-LCS-NWA-240823-002A,8/25/2023,10:22,,
1692973320,3.42,20.18,8.503,0.956,7450-770855,FALSE,8/25/2023 10:22,2023-LCS-NWA-240823-004A,8/25/2023,10:22,,
1692973440,3.42,20.142,8.338,0.908,7450-049711,FALSE,8/25/2023 10:24,2023-LCS-NWA-240823-003A,8/25/2023,10:24,,
1692973920,3.44,19.944,8.307,0.98,7450-778298,FALSE,8/25/2023 10:32,2023-LCS-NWA-240823-002A,8/25/2023,10:32,,
1692973920,3.42,19.703,8.604,0.957,7450-770855,FALSE,8/25/2023 10:32,2023-LCS-NWA-240823-004A,8/25/2023,10:32,,
1692974520,3.44,20.171,8.28,0.981,7450-778298,FALSE,8/25/2023 10:42,2023-LCS-NWA-240823-002A,8/25/2023,10:42,,
1692974520,3.42,19.829,8.595,0.956,7450-770855,FALSE,8/25/2023 10:42,2023-LCS-NWA-240823-004A,8/25/2023,10:42,,
1692975120,3.44,20.288,8.237,0.98,7450-778298,FALSE,8/25/2023 10:52,2023-LCS-NWA-240823-002A,8/25/2023,10:52,,
,,20.53,2.83,,YSI,SET,8/28/2023 14:23,2023-LCS-NWA-280823-001A,8/28/2023,14:23,,
,,20.97,4.21,,YSI,SET,8/28/2023 14:34,2023-LCS-NWA-280823-002A,8/28/2023,14:34,,
1693247820,3.43,21.087,0.712,0.905,7450-049711,TRUE,8/28/2023 14:37,2023-LCS-NWA-280823-001A,8/28/2023,14:37,,
1693248420,3.42,20.987,0.758,0.906,7450-049711,TRUE,8/28/2023 14:47,2023-LCS-NWA-280823-001A,8/28/2023,14:47,,
,,21.50,5.12,,YSI,SET,8/28/2023 14:54,2023-LCS-NWA-280823-004A,8/28/2023,14:54,,
1693249020,3.42,20.92,0.753,0.905,7450-049711,TRUE,8/28/2023 14:57,2023-LCS-NWA-280823-001A,8/28/2023,14:57,,
1693249140,3.42,23.123,4.11,0.959,7450-770855,TRUE,8/28/2023 14:59,2023-LCS-NWA-280823-002A,8/28/2023,14:59,,
1693249620,3.42,20.954,0.5,0.901,7450-049711,TRUE,8/28/2023 15:07,2023-LCS-NWA-280823-001A,8/28/2023,15:07,,
1693249740,3.42,22.863,4.361,0.959,7450-770855,TRUE,8/28/2023 15:09,2023-LCS-NWA-280823-002A,8/28/2023,15:09,,
1693249980,3.41,22.873,5.22,0.966,7450-064567,TRUE,8/28/2023 15:13,2023-LCS-NWA-280823-004A,8/28/2023,15:13,,
1693250220,3.42,20.954,0.479,0.901,7450-049711,TRUE,8/28/2023 15:17,2023-LCS-NWA-280823-001A,8/28/2023,15:17,,
,,21.84,4.35,,YSI,SET,8/28/2023 15:18,2023-LCS-NWA-280823-006A,8/28/2023,15:18,,
1693250340,3.42,22.788,4.288,0.96,7450-770855,TRUE,8/28/2023 15:19,2023-LCS-NWA-280823-002A,8/28/2023,15:19,,
1693250580,3.42,22.371,4.567,0.968,7450-064567,TRUE,8/28/2023 15:23,2023-LCS-NWA-280823-004A,8/28/2023,15:23,,
1693250820,3.42,21.02,0.362,0.899,7450-049711,TRUE,8/28/2023 15:27,2023-LCS-NWA-280823-001A,8/28/2023,15:27,,
1693250940,3.42,22.813,4.339,0.959,7450-770855,TRUE,8/28/2023 15:29,2023-LCS-NWA-280823-002A,8/28/2023,15:29,,
1693251180,3.42,22.254,4.13,0.969,7450-064567,TRUE,8/28/2023 15:33,2023-LCS-NWA-280823-004A,8/28/2023,15:33,,
1693251420,3.42,21.071,0.163,0.895,7450-049711,TRUE,8/28/2023 15:37,2023-LCS-NWA-280823-001A,8/28/2023,15:37,,
1693251540,3.42,22.997,4.588,0.959,7450-770855,TRUE,8/28/2023 15:39,2023-LCS-NWA-280823-002A,8/28/2023,15:39,,
1693251780,3.42,22.237,4.221,0.969,7450-064567,TRUE,8/28/2023 15:43,2023-LCS-NWA-280823-004A,8/28/2023,15:43,,
1693252020,3.42,21.112,0.169,0.895,7450-049711,TRUE,8/28/2023 15:47,2023-LCS-NWA-280823-001A,8/28/2023,15:47,,
1693252140,3.42,23.298,4.865,0.959,7450-770855,TRUE,8/28/2023 15:49,2023-LCS-NWA-280823-002A,8/28/2023,15:49,,
1693252380,3.42,22.262,4.203,0.969,7450-064567,TRUE,8/28/2023 15:53,2023-LCS-NWA-280823-004A,8/28/2023,15:53,,
1693252620,3.43,21.171,0.163,0.895,7450-049711,TRUE,8/28/2023 15:57,2023-LCS-NWA-280823-001A,8/28/2023,15:57,,
1693252740,3.42,23.257,4.627,0.959,7450-770855,TRUE,8/28/2023 15:59,2023-LCS-NWA-280823-002A,8/28/2023,15:59,,
1693252980,3.42,22.304,4.228,0.969,7450-064567,TRUE,8/28/2023 16:03,2023-LCS-NWA-280823-004A,8/28/2023,16:03,,
1693252980,3.45,22.606,2.239,0.982,7450-778298,TRUE,8/28/2023 16:03,2023-LCS-NWA-280823-006A,8/28/2023,16:03,,
1693253220,3.43,21.188,0.447,0.901,7450-049711,TRUE,8/28/2023 16:07,2023-LCS-NWA-280823-001A,8/28/2023,16:07,,
1693253340,3.42,23.591,5.356,0.958,7450-770855,TRUE,8/28/2023 16:09,2023-LCS-NWA-280823-002A,8/28/2023,16:09,,
1693253580,3.42,22.346,4.203,0.969,7450-064567,TRUE,8/28/2023 16:13,2023-LCS-NWA-280823-004A,8/28/2023,16:13,,
1693253580,3.45,22.681,3.336,0.979,7450-778298,TRUE,8/28/2023 16:13,2023-LCS-NWA-280823-006A,8/28/2023,16:13,,
1693253820,3.43,21.221,0.535,0.902,7450-049711,TRUE,8/28/2023 16:17,2023-LCS-NWA-280823-001A,8/28/2023,16:17,,
1693253940,3.42,23.717,5.584,0.958,7450-770855,TRUE,8/28/2023 16:19,2023-LCS-NWA-280823-002A,8/28/2023,16:19,,
1693254180,3.42,22.396,4.174,0.969,7450-064567,TRUE,8/28/2023 16:23,2023-LCS-NWA-280823-004A,8/28/2023,16:23,,
1693254180,3.45,22.53,3.542,0.983,7450-778298,TRUE,8/28/2023 16:23,2023-LCS-NWA-280823-006A,8/28/2023,16:23,,
1693254420,3.43,21.271,0.513,0.902,7450-049711,TRUE,8/28/2023 16:27,2023-LCS-NWA-280823-001A,8/28/2023,16:27,,
1693254540,3.42,23.591,4.048,0.96,7450-770855,TRUE,8/28/2023 16:29,2023-LCS-NWA-280823-002A,8/28/2023,16:29,,
1693254780,3.42,22.48,4.258,0.969,7450-064567,TRUE,8/28/2023 16:33,2023-LCS-NWA-280823-004A,8/28/2023,16:33,,
1693254780,3.45,22.74,3.658,0.983,7450-778298,TRUE,8/28/2023 16:33,2023-LCS-NWA-280823-006A,8/28/2023,16:33,,
1693255020,3.43,21.255,0.748,0.905,7450-049711,TRUE,8/28/2023 16:37,2023-LCS-NWA-280823-001A,8/28/2023,16:37,,
1693255140,3.42,23.524,3.843,0.96,7450-770855,TRUE,8/28/2023 16:39,2023-LCS-NWA-280823-002A,8/28/2023,16:39,,
1693255380,3.41,22.522,4.278,0.969,7450-064567,TRUE,8/28/2023 16:43,2023-LCS-NWA-280823-004A,8/28/2023,16:43,,
1693255380,3.45,22.832,4.174,0.982,7450-778298,TRUE,8/28/2023 16:43,2023-LCS-NWA-280823-006A,8/28/2023,16:43,,
1693255620,3.43,21.229,0.707,0.905,7450-049711,TRUE,8/28/2023 16:47,2023-LCS-NWA-280823-001A,8/28/2023,16:47,,
1693255740,3.42,23.608,3.591,0.959,7450-770855,TRUE,8/28/2023 16:49,2023-LCS-NWA-280823-002A,8/28/2023,16:49,,
1693255980,3.41,22.588,4.712,0.969,7450-064567,TRUE,8/28/2023 16:53,2023-LCS-NWA-280823-004A,8/28/2023,16:53,,
1693255980,3.45,22.84,3.65,0.983,7450-778298,TRUE,8/28/2023 16:53,2023-LCS-NWA-280823-006A,8/28/2023,16:53,,
1693256220,3.42,21.263,0.842,0.906,7450-049711,TRUE,8/28/2023 16:57,2023-LCS-NWA-280823-001A,8/28/2023,16:57,,
1693256340,3.42,23.75,3.995,0.959,7450-770855,TRUE,8/28/2023 16:59,2023-LCS-NWA-280823-002A,8/28/2023,16:59,,
1693256580,3.41,22.697,4.402,0.969,7450-064567,TRUE,8/28/2023 17:03,2023-LCS-NWA-280823-004A,8/28/2023,17:03,,
1693256580,3.45,23.209,4.741,0.982,7450-778298,TRUE,8/28/2023 17:03,2023-LCS-NWA-280823-006A,8/28/2023,17:03,,
1693256820,3.42,21.313,0.664,0.904,7450-049711,TRUE,8/28/2023 17:07,2023-LCS-NWA-280823-001A,8/28/2023,17:07,,
1693256940,3.42,23.717,4.356,0.959,7450-770855,TRUE,8/28/2023 17:09,2023-LCS-NWA-280823-002A,8/28/2023,17:09,,
1693257180,3.41,22.672,4.529,0.969,7450-064567,TRUE,8/28/2023 17:13,2023-LCS-NWA-280823-004A,8/28/2023,17:13,,
1693257180,3.45,23.049,4.469,0.981,7450-778298,TRUE,8/28/2023 17:13,2023-LCS-NWA-280823-006A,8/28/2023,17:13,,
1693257420,3.42,21.305,0.948,0.907,7450-049711,TRUE,8/28/2023 17:17,2023-LCS-NWA-280823-001A,8/28/2023,17:17,,
1693257540,3.42,23.742,4.366,0.959,7450-770855,TRUE,8/28/2023 17:19,2023-LCS-NWA-280823-002A,8/28/2023,17:19,,
1693257780,3.41,22.781,4.48,0.969,7450-064567,TRUE,8/28/2023 17:23,2023-LCS-NWA-280823-004A,8/28/2023,17:23,,
1693257780,3.45,23.376,5.411,0.981,7450-778298,TRUE,8/28/2023 17:23,2023-LCS-NWA-280823-006A,8/28/2023,17:23,,
1693258020,3.42,21.33,0.92,0.907,7450-049711,TRUE,8/28/2023 17:27,2023-LCS-NWA-280823-001A,8/28/2023,17:27,,
1693258140,3.42,23.767,4.799,0.959,7450-770855,TRUE,8/28/2023 17:29,2023-LCS-NWA-280823-002A,8/28/2023,17:29,,
1693258380,3.41,22.773,4.207,0.969,7450-064567,TRUE,8/28/2023 17:33,2023-LCS-NWA-280823-004A,8/28/2023,17:33,,
1693258380,3.45,23.544,5.515,0.982,7450-778298,TRUE,8/28/2023 17:33,2023-LCS-NWA-280823-006A,8/28/2023,17:33,,
1693258620,3.42,21.355,0.832,0.906,7450-049711,TRUE,8/28/2023 17:37,2023-LCS-NWA-280823-001A,8/28/2023,17:37,,
1693258740,3.42,23.759,5.353,0.959,7450-770855,TRUE,8/28/2023 17:39,2023-LCS-NWA-280823-002A,8/28/2023,17:39,,
1693258980,3.41,22.873,4.373,0.969,7450-064567,TRUE,8/28/2023 17:43,2023-LCS-NWA-280823-004A,8/28/2023,17:43,,
1693258980,3.45,23.468,5.3,0.982,7450-778298,TRUE,8/28/2023 17:43,2023-LCS-NWA-280823-006A,8/28/2023,17:43,,
1693259220,3.42,21.28,0.82,0.906,7450-049711,TRUE,8/28/2023 17:47,2023-LCS-NWA-280823-001A,8/28/2023,17:47,,
1693259340,3.42,23.784,5.551,0.958,7450-770855,TRUE,8/28/2023 17:49,2023-LCS-NWA-280823-002A,8/28/2023,17:49,,
1693259580,3.41,22.881,4.319,0.969,7450-064567,TRUE,8/28/2023 17:53,2023-LCS-NWA-280823-004A,8/28/2023,17:53,,
1693259580,3.45,23.644,5.454,0.982,7450-778298,TRUE,8/28/2023 17:53,2023-LCS-NWA-280823-006A,8/28/2023,17:53,,
1693259820,3.42,21.271,0.921,0.907,7450-049711,TRUE,8/28/2023 17:57,2023-LCS-NWA-280823-001A,8/28/2023,17:57,,
1693259940,3.42,23.717,5.346,0.959,7450-770855,TRUE,8/28/2023 17:59,2023-LCS-NWA-280823-002A,8/28/2023,17:59,,
1693260180,3.41,22.973,4.434,0.969,7450-064567,TRUE,8/28/2023 18:03,2023-LCS-NWA-280823-004A,8/28/2023,18:03,,
1693260180,3.45,23.669,5.581,0.982,7450-778298,TRUE,8/28/2023 18:03,2023-LCS-NWA-280823-006A,8/28/2023,18:03,,
1693260420,3.42,21.288,1.086,0.909,7450-049711,TRUE,8/28/2023 18:07,2023-LCS-NWA-280823-001A,8/28/2023,18:07,,
1693260540,3.42,23.55,5.247,0.959,7450-770855,TRUE,8/28/2023 18:09,2023-LCS-NWA-280823-002A,8/28/2023,18:09,,
1693260780,3.41,22.973,4.786,0.969,7450-064567,TRUE,8/28/2023 18:13,2023-LCS-NWA-280823-004A,8/28/2023,18:13,,
1693260780,3.45,23.72,5.472,0.982,7450-778298,TRUE,8/28/2023 18:13,2023-LCS-NWA-280823-006A,8/28/2023,18:13,,
1693261020,3.42,21.313,0.976,0.908,7450-049711,TRUE,8/28/2023 18:17,2023-LCS-NWA-280823-001A,8/28/2023,18:17,,
1693261140,3.42,23.432,3.904,0.96,7450-770855,TRUE,8/28/2023 18:19,2023-LCS-NWA-280823-002A,8/28/2023,18:19,,
1693261380,3.41,22.965,4.671,0.969,7450-064567,TRUE,8/28/2023 18:23,2023-LCS-NWA-280823-004A,8/28/2023,18:23,,
1693261380,3.45,23.728,5.621,0.982,7450-778298,TRUE,8/28/2023 18:23,2023-LCS-NWA-280823-006A,8/28/2023,18:23,,
1693261620,3.42,21.338,0.995,0.908,7450-049711,TRUE,8/28/2023 18:27,2023-LCS-NWA-280823-001A,8/28/2023,18:27,,
1693261740,3.42,23.483,5.461,0.959,7450-770855,TRUE,8/28/2023 18:29,2023-LCS-NWA-280823-002A,8/28/2023,18:29,,
1693261980,3.41,23.049,5.255,0.97,7450-064567,TRUE,8/28/2023 18:33,2023-LCS-NWA-280823-004A,8/28/2023,18:33,,
1693261980,3.45,23.795,5.442,0.979,7450-778298,TRUE,8/28/2023 18:33,2023-LCS-NWA-280823-006A,8/28/2023,18:33,,
1693262220,3.42,21.38,1.264,0.909,7450-049711,TRUE,8/28/2023 18:37,2023-LCS-NWA-280823-001A,8/28/2023,18:37,,
1693262340,3.42,23.181,4.661,0.959,7450-770855,TRUE,8/28/2023 18:39,2023-LCS-NWA-280823-002A,8/28/2023,18:39,,
1693262580,3.41,22.99,5.117,0.97,7450-064567,TRUE,8/28/2023 18:43,2023-LCS-NWA-280823-004A,8/28/2023,18:43,,
1693262580,3.45,23.762,5.82,0.981,7450-778298,TRUE,8/28/2023 18:43,2023-LCS-NWA-280823-006A,8/28/2023,18:43,,
1693262820,3.42,21.313,0.968,0.907,7450-049711,TRUE,8/28/2023 18:47,2023-LCS-NWA-280823-001A,8/28/2023,18:47,,
1693262940,3.42,23.24,5.281,0.959,7450-770855,TRUE,8/28/2023 18:49,2023-LCS-NWA-280823-002A,8/28/2023,18:49,,
1693263180,3.41,23.158,6.602,0.97,7450-064567,TRUE,8/28/2023 18:53,2023-LCS-NWA-280823-004A,8/28/2023,18:53,,
1693263180,3.45,23.804,5.837,0.982,7450-778298,TRUE,8/28/2023 18:53,2023-LCS-NWA-280823-006A,8/28/2023,18:53,,
1693263420,3.42,21.372,1.283,0.91,7450-049711,TRUE,8/28/2023 18:57,2023-LCS-NWA-280823-001A,8/28/2023,18:57,,
1693263540,3.42,23.231,5.421,0.959,7450-770855,TRUE,8/28/2023 18:59,2023-LCS-NWA-280823-002A,8/28/2023,18:59,,
1693263780,3.41,23.074,6.374,0.969,7450-064567,TRUE,8/28/2023 19:03,2023-LCS-NWA-280823-004A,8/28/2023,19:03,,
1693263780,3.45,23.77,5.934,0.981,7450-778298,TRUE,8/28/2023 19:03,2023-LCS-NWA-280823-006A,8/28/2023,19:03,,
1693264020,3.42,21.405,1.34,0.91,7450-049711,TRUE,8/28/2023 19:07,2023-LCS-NWA-280823-001A,8/28/2023,19:07,,
1693264140,3.42,23.307,5.31,0.959,7450-770855,TRUE,8/28/2023 19:09,2023-LCS-NWA-280823-002A,8/28/2023,19:09,,
1693264380,3.41,23.099,6.472,0.97,7450-064567,TRUE,8/28/2023 19:13,2023-LCS-NWA-280823-004A,8/28/2023,19:13,,
1693264380,3.45,23.711,5.99,0.981,7450-778298,TRUE,8/28/2023 19:13,2023-LCS-NWA-280823-006A,8/28/2023,19:13,,
1693264620,3.42,21.388,1.319,0.91,7450-049711,TRUE,8/28/2023 19:17,2023-LCS-NWA-280823-001A,8/28/2023,19:17,,
1693264740,3.42,23.156,4.978,0.959,7450-770855,TRUE,8/28/2023 19:19,2023-LCS-NWA-280823-002A,8/28/2023,19:19,,
1693264980,3.41,23.024,6.793,0.97,7450-064567,TRUE,8/28/2023 19:23,2023-LCS-NWA-280823-004A,8/28/2023,19:23,,
1693264980,3.45,23.72,5.791,0.982,7450-778298,TRUE,8/28/2023 19:23,2023-LCS-NWA-280823-006A,8/28/2023,19:23,,
1693265220,3.42,21.388,1.54,0.911,7450-049711,TRUE,8/28/2023 19:27,2023-LCS-NWA-280823-001A,8/28/2023,19:27,,
1693265340,3.42,23.081,5.009,0.959,7450-770855,TRUE,8/28/2023 19:29,2023-LCS-NWA-280823-002A,8/28/2023,19:29,,
1693265580,3.41,23.032,6.432,0.97,7450-064567,TRUE,8/28/2023 19:33,2023-LCS-NWA-280823-004A,8/28/2023,19:33,,
1693265580,3.45,23.653,5.729,0.981,7450-778298,TRUE,8/28/2023 19:33,2023-LCS-NWA-280823-006A,8/28/2023,19:33,,
1693265820,3.42,21.397,1.541,0.91,7450-049711,TRUE,8/28/2023 19:37,2023-LCS-NWA-280823-001A,8/28/2023,19:37,,
1693265940,3.42,23.022,5.445,0.959,7450-770855,TRUE,8/28/2023 19:39,2023-LCS-NWA-280823-002A,8/28/2023,19:39,,
1693266180,3.41,23.015,6.245,0.97,7450-064567,TRUE,8/28/2023 19:43,2023-LCS-NWA-280823-004A,8/28/2023,19:43,,
1693266180,3.45,23.544,5.419,0.982,7450-778298,TRUE,8/28/2023 19:43,2023-LCS-NWA-280823-006A,8/28/2023,19:43,,
1693266420,3.42,21.497,1.96,0.912,7450-049711,TRUE,8/28/2023 19:47,2023-LCS-NWA-280823-001A,8/28/2023,19:47,,
1693266540,3.42,22.863,5.063,0.959,7450-770855,TRUE,8/28/2023 19:49,2023-LCS-NWA-280823-002A,8/28/2023,19:49,,
1693266780,3.41,22.965,5.827,0.97,7450-064567,TRUE,8/28/2023 19:53,2023-LCS-NWA-280823-004A,8/28/2023,19:53,,
1693266780,3.45,23.485,5.014,0.982,7450-778298,TRUE,8/28/2023 19:53,2023-LCS-NWA-280823-006A,8/28/2023,19:53,,
1693267020,3.42,21.388,1.507,0.91,7450-049711,TRUE,8/28/2023 19:57,2023-LCS-NWA-280823-001A,8/28/2023,19:57,,
1693267140,3.42,22.713,4.896,0.959,7450-770855,TRUE,8/28/2023 19:59,2023-LCS-NWA-280823-002A,8/28/2023,19:59,,
1693267380,3.41,22.764,5.662,0.97,7450-064567,TRUE,8/28/2023 20:03,2023-LCS-NWA-280823-004A,8/28/2023,20:03,,
1693267380,3.45,23.41,4.899,0.982,7450-778298,TRUE,8/28/2023 20:03,2023-LCS-NWA-280823-006A,8/28/2023,20:03,,
1693267620,3.42,21.505,1.723,0.911,7450-049711,TRUE,8/28/2023 20:07,2023-LCS-NWA-280823-001A,8/28/2023,20:07,,
1693267740,3.42,22.663,4.65,0.959,7450-770855,TRUE,8/28/2023 20:09,2023-LCS-NWA-280823-002A,8/28/2023,20:09,,
1693267980,3.41,22.664,5.486,0.97,7450-064567,TRUE,8/28/2023 20:13,2023-LCS-NWA-280823-004A,8/28/2023,20:13,,
1693267980,3.45,23.326,3.991,0.983,7450-778298,TRUE,8/28/2023 20:13,2023-LCS-NWA-280823-006A,8/28/2023,20:13,,
1693268220,3.42,21.347,1.613,0.911,7450-049711,TRUE,8/28/2023 20:17,2023-LCS-NWA-280823-001A,8/28/2023,20:17,,
1693268340,3.42,22.646,4.614,0.959,7450-770855,TRUE,8/28/2023 20:19,2023-LCS-NWA-280823-002A,8/28/2023,20:19,,
1693268580,3.41,22.597,5.557,0.97,7450-064567,TRUE,8/28/2023 20:23,2023-LCS-NWA-280823-004A,8/28/2023,20:23,,
1693268580,3.45,23.301,3.586,0.983,7450-778298,TRUE,8/28/2023 20:23,2023-LCS-NWA-280823-006A,8/28/2023,20:23,,
1693268820,3.42,21.556,2.207,0.912,7450-049711,TRUE,8/28/2023 20:27,2023-LCS-NWA-280823-001A,8/28/2023,20:27,,
1693268940,3.42,22.496,4.395,0.96,7450-770855,TRUE,8/28/2023 20:29,2023-LCS-NWA-280823-002A,8/28/2023,20:29,,
1693269180,3.41,22.605,6.259,0.97,7450-064567,TRUE,8/28/2023 20:33,2023-LCS-NWA-280823-004A,8/28/2023,20:33,,
1693269180,3.44,23.192,3.424,0.983,7450-778298,TRUE,8/28/2023 20:33,2023-LCS-NWA-280823-006A,8/28/2023,20:33,,
1693269420,3.42,21.522,1.975,0.912,7450-049711,TRUE,8/28/2023 20:37,2023-LCS-NWA-280823-001A,8/28/2023,20:37,,
1693269540,3.42,22.161,3.732,0.96,7450-770855,TRUE,8/28/2023 20:39,2023-LCS-NWA-280823-002A,8/28/2023,20:39,,
1693269780,3.41,22.555,5.895,0.969,7450-064567,TRUE,8/28/2023 20:43,2023-LCS-NWA-280823-004A,8/28/2023,20:43,,
1693269780,3.44,23.116,4.54,0.981,7450-778298,TRUE,8/28/2023 20:43,2023-LCS-NWA-280823-006A,8/28/2023,20:43,,
1693270020,3.42,21.53,2.13,0.912,7450-049711,TRUE,8/28/2023 20:47,2023-LCS-NWA-280823-001A,8/28/2023,20:47,,
1693270140,3.42,22.136,3.834,0.959,7450-770855,TRUE,8/28/2023 20:49,2023-LCS-NWA-280823-002A,8/28/2023,20:49,,
1693270380,3.41,22.522,5.79,0.97,7450-064567,TRUE,8/28/2023 20:53,2023-LCS-NWA-280823-004A,8/28/2023,20:53,,
1693270380,3.44,23.033,4.731,0.982,7450-778298,TRUE,8/28/2023 20:53,2023-LCS-NWA-280823-006A,8/28/2023,20:53,,
1693270620,3.42,21.472,1.983,0.912,7450-049711,TRUE,8/28/2023 20:57,2023-LCS-NWA-280823-001A,8/28/2023,20:57,,
1693270740,3.42,22.211,3.92,0.96,7450-770855,TRUE,8/28/2023 20:59,2023-LCS-NWA-280823-002A,8/28/2023,20:59,,
1693270980,3.41,22.338,5.387,0.969,7450-064567,TRUE,8/28/2023 21:03,2023-LCS-NWA-280823-004A,8/28/2023,21:03,,
1693270980,3.45,22.915,4.917,0.982,7450-778298,TRUE,8/28/2023 21:03,2023-LCS-NWA-280823-006A,8/28/2023,21:03,,
1693271220,3.42,21.355,1.986,0.912,7450-049711,TRUE,8/28/2023 21:07,2023-LCS-NWA-280823-001A,8/28/2023,21:07,,
1693271340,3.42,22.103,3.727,0.96,7450-770855,TRUE,8/28/2023 21:09,2023-LCS-NWA-280823-002A,8/28/2023,21:09,,
1693271580,3.41,22.346,5.678,0.97,7450-064567,TRUE,8/28/2023 21:13,2023-LCS-NWA-280823-004A,8/28/2023,21:13,,
1693271580,3.45,22.823,4.626,0.982,7450-778298,TRUE,8/28/2023 21:13,2023-LCS-NWA-280823-006A,8/28/2023,21:13,,
1693271820,3.42,21.355,2.21,0.912,7450-049711,TRUE,8/28/2023 21:17,2023-LCS-NWA-280823-001A,8/28/2023,21:17,,
1693271940,3.42,21.977,3.484,0.96,7450-770855,TRUE,8/28/2023 21:19,2023-LCS-NWA-280823-002A,8/28/2023,21:19,,
1693272180,3.41,22.229,5.128,0.97,7450-064567,TRUE,8/28/2023 21:23,2023-LCS-NWA-280823-004A,8/28/2023,21:23,,
1693272180,3.45,22.765,4.701,0.982,7450-778298,TRUE,8/28/2023 21:23,2023-LCS-NWA-280823-006A,8/28/2023,21:23,,
1693272420,3.42,21.305,2.081,0.911,7450-049711,TRUE,8/28/2023 21:27,2023-LCS-NWA-280823-001A,8/28/2023,21:27,,
1693272540,3.42,21.844,3.316,0.96,7450-770855,TRUE,8/28/2023 21:29,2023-LCS-NWA-280823-002A,8/28/2023,21:29,,
1693272780,3.41,22.279,5.796,0.97,7450-064567,TRUE,8/28/2023 21:33,2023-LCS-NWA-280823-004A,8/28/2023,21:33,,
1693272780,3.45,22.715,4.545,0.982,7450-778298,TRUE,8/28/2023 21:33,2023-LCS-NWA-280823-006A,8/28/2023,21:33,,
1693273020,3.42,21.246,2.325,0.912,7450-049711,TRUE,8/28/2023 21:37,2023-LCS-NWA-280823-001A,8/28/2023,21:37,,
1693273140,3.42,21.861,3.439,0.96,7450-770855,TRUE,8/28/2023 21:39,2023-LCS-NWA-280823-002A,8/28/2023,21:39,,
1693273380,3.41,22.187,5.273,0.97,7450-064567,TRUE,8/28/2023 21:43,2023-LCS-NWA-280823-004A,8/28/2023,21:43,,
1693273380,3.45,22.597,4.683,0.982,7450-778298,TRUE,8/28/2023 21:43,2023-LCS-NWA-280823-006A,8/28/2023,21:43,,
1693273620,3.42,21.188,2.126,0.912,7450-049711,TRUE,8/28/2023 21:47,2023-LCS-NWA-280823-001A,8/28/2023,21:47,,
1693273740,3.42,21.76,3.284,0.96,7450-770855,TRUE,8/28/2023 21:49,2023-LCS-NWA-280823-002A,8/28/2023,21:49,,
1693273980,3.41,22.145,5.621,0.97,7450-064567,TRUE,8/28/2023 21:53,2023-LCS-NWA-280823-004A,8/28/2023,21:53,,
1693273980,3.45,22.539,4.557,0.982,7450-778298,TRUE,8/28/2023 21:53,2023-LCS-NWA-280823-006A,8/28/2023,21:53,,
1693274220,3.42,21.112,1.956,0.911,7450-049711,TRUE,8/28/2023 21:57,2023-LCS-NWA-280823-001A,8/28/2023,21:57,,
1693274340,3.42,21.685,3.124,0.96,7450-770855,TRUE,8/28/2023 21:59,2023-LCS-NWA-280823-002A,8/28/2023,21:59,,
1693274580,3.41,22.087,5.332,0.97,7450-064567,TRUE,8/28/2023 22:03,2023-LCS-NWA-280823-004A,8/28/2023,22:03,,
1693274580,3.45,22.447,4.592,0.982,7450-778298,TRUE,8/28/2023 22:03,2023-LCS-NWA-280823-006A,8/28/2023,22:03,,
1693274820,3.42,21.062,1.931,0.911,7450-049711,TRUE,8/28/2023 22:07,2023-LCS-NWA-280823-001A,8/28/2023,22:07,,
1693274940,3.42,21.627,3.099,0.96,7450-770855,TRUE,8/28/2023 22:09,2023-LCS-NWA-280823-002A,8/28/2023,22:09,,
1693275180,3.41,22.045,5.404,0.97,7450-064567,TRUE,8/28/2023 22:13,2023-LCS-NWA-280823-004A,8/28/2023,22:13,,
1693275180,3.45,22.388,4.249,0.982,7450-778298,TRUE,8/28/2023 22:13,2023-LCS-NWA-280823-006A,8/28/2023,22:13,,
1693275420,3.42,21.02,1.892,0.911,7450-049711,TRUE,8/28/2023 22:17,2023-LCS-NWA-280823-001A,8/28/2023,22:17,,
1693275540,3.42,21.551,3.05,0.96,7450-770855,TRUE,8/28/2023 22:19,2023-LCS-NWA-280823-002A,8/28/2023,22:19,,
1693275780,3.41,21.97,5.051,0.97,7450-064567,TRUE,8/28/2023 22:23,2023-LCS-NWA-280823-004A,8/28/2023,22:23,,
1693275780,3.45,22.355,3.956,0.982,7450-778298,TRUE,8/28/2023 22:23,2023-LCS-NWA-280823-006A,8/28/2023,22:23,,
1693276020,3.42,20.937,2.207,0.912,7450-049711,TRUE,8/28/2023 22:27,2023-LCS-NWA-280823-001A,8/28/2023,22:27,,
1693276140,3.42,21.501,2.986,0.96,7450-770855,TRUE,8/28/2023 22:29,2023-LCS-NWA-280823-002A,8/28/2023,22:29,,
1693276380,3.41,21.911,4.947,0.97,7450-064567,TRUE,8/28/2023 22:33,2023-LCS-NWA-280823-004A,8/28/2023,22:33,,
1693276380,3.45,22.212,4.077,0.982,7450-778298,TRUE,8/28/2023 22:33,2023-LCS-NWA-280823-006A,8/28/2023,22:33,,
1693276620,3.42,20.845,2.049,0.911,7450-049711,TRUE,8/28/2023 22:37,2023-LCS-NWA-280823-001A,8/28/2023,22:37,,
1693276740,3.42,21.459,2.949,0.96,7450-770855,TRUE,8/28/2023 22:39,2023-LCS-NWA-280823-002A,8/28/2023,22:39,,
1693276980,3.41,21.886,5.138,0.97,7450-064567,TRUE,8/28/2023 22:43,2023-LCS-NWA-280823-004A,8/28/2023,22:43,,
1693276980,3.45,22.171,4.079,0.982,7450-778298,TRUE,8/28/2023 22:43,2023-LCS-NWA-280823-006A,8/28/2023,22:43,,
1693277220,3.42,20.803,2.024,0.911,7450-049711,TRUE,8/28/2023 22:47,2023-LCS-NWA-280823-001A,8/28/2023,22:47,,
1693277340,3.42,21.401,2.826,0.96,7450-770855,TRUE,8/28/2023 22:49,2023-LCS-NWA-280823-002A,8/28/2023,22:49,,
1693277580,3.41,21.844,5.127,0.97,7450-064567,TRUE,8/28/2023 22:53,2023-LCS-NWA-280823-004A,8/28/2023,22:53,,
1693277580,3.44,22.087,4.104,0.982,7450-778298,TRUE,8/28/2023 22:53,2023-LCS-NWA-280823-006A,8/28/2023,22:53,,
1693277820,3.42,20.77,1.94,0.911,7450-049711,TRUE,8/28/2023 22:57,2023-LCS-NWA-280823-001A,8/28/2023,22:57,,
1693277940,3.42,21.342,2.838,0.96,7450-770855,TRUE,8/28/2023 22:59,2023-LCS-NWA-280823-002A,8/28/2023,22:59,,
1693278180,3.41,21.844,5.029,0.97,7450-064567,TRUE,8/28/2023 23:03,2023-LCS-NWA-280823-004A,8/28/2023,23:03,,
1693278180,3.44,22.012,4.177,0.982,7450-778298,TRUE,8/28/2023 23:03,2023-LCS-NWA-280823-006A,8/28/2023,23:03,,
1693278420,3.42,20.744,1.893,0.911,7450-049711,TRUE,8/28/2023 23:07,2023-LCS-NWA-280823-001A,8/28/2023,23:07,,
1693278540,3.42,21.301,2.698,0.959,7450-770855,TRUE,8/28/2023 23:09,2023-LCS-NWA-280823-002A,8/28/2023,23:09,,
1693278780,3.41,21.761,4.891,0.97,7450-064567,TRUE,8/28/2023 23:13,2023-LCS-NWA-280823-004A,8/28/2023,23:13,,
1693278780,3.45,21.978,4.066,0.982,7450-778298,TRUE,8/28/2023 23:13,2023-LCS-NWA-280823-006A,8/28/2023,23:13,,
1693279020,3.42,20.678,1.831,0.911,7450-049711,TRUE,8/28/2023 23:17,2023-LCS-NWA-280823-001A,8/28/2023,23:17,,
1693279140,3.42,21.167,2.523,0.96,7450-770855,TRUE,8/28/2023 23:19,2023-LCS-NWA-280823-002A,8/28/2023,23:19,,
1693279380,3.41,21.727,4.908,0.97,7450-064567,TRUE,8/28/2023 23:23,2023-LCS-NWA-280823-004A,8/28/2023,23:23,,
1693279380,3.45,21.903,4.005,0.982,7450-778298,TRUE,8/28/2023 23:23,2023-LCS-NWA-280823-006A,8/28/2023,23:23,,
1693279620,3.42,20.627,1.803,0.911,7450-049711,TRUE,8/28/2023 23:27,2023-LCS-NWA-280823-001A,8/28/2023,23:27,,
1693279740,3.42,21.067,2.394,0.96,7450-770855,TRUE,8/28/2023 23:29,2023-LCS-NWA-280823-002A,8/28/2023,23:29,,
1693279980,3.41,21.677,4.864,0.97,7450-064567,TRUE,8/28/2023 23:33,2023-LCS-NWA-280823-004A,8/28/2023,23:33,,
1693279980,3.45,21.836,3.65,0.982,7450-778298,TRUE,8/28/2023 23:33,2023-LCS-NWA-280823-006A,8/28/2023,23:33,,
1693280220,3.42,20.594,1.7,0.911,7450-049711,TRUE,8/28/2023 23:37,2023-LCS-NWA-280823-001A,8/28/2023,23:37,,
1693280340,3.42,21.05,2.51,0.959,7450-770855,TRUE,8/28/2023 23:39,2023-LCS-NWA-280823-002A,8/28/2023,23:39,,
1693280580,3.41,21.644,4.661,0.97,7450-064567,TRUE,8/28/2023 23:43,2023-LCS-NWA-280823-004A,8/28/2023,23:43,,
1693280580,3.45,21.794,3.868,0.982,7450-778298,TRUE,8/28/2023 23:43,2023-LCS-NWA-280823-006A,8/28/2023,23:43,,
1693280820,3.42,20.552,1.675,0.91,7450-049711,TRUE,8/28/2023 23:47,2023-LCS-NWA-280823-001A,8/28/2023,23:47,,
1693280940,3.42,21,2.394,0.959,7450-770855,TRUE,8/28/2023 23:49,2023-LCS-NWA-280823-002A,8/28/2023,23:49,,
1693281180,3.41,21.61,4.563,0.97,7450-064567,TRUE,8/28/2023 23:53,2023-LCS-NWA-280823-004A,8/28/2023,23:53,,
1693281180,3.45,21.736,3.696,0.983,7450-778298,TRUE,8/28/2023 23:53,2023-LCS-NWA-280823-006A,8/28/2023,23:53,,
1693281420,3.42,20.493,1.567,0.91,7450-049711,TRUE,8/28/2023 23:57,2023-LCS-NWA-280823-001A,8/28/2023,23:57,,
1693281540,3.42,20.958,2.427,0.959,7450-770855,TRUE,8/28/2023 23:59,2023-LCS-NWA-280823-002A,8/28/2023,23:59,,
1693281780,3.41,21.56,4.488,0.97,7450-064567,TRUE,8/29/2023 0:03,2023-LCS-NWA-280823-004A,8/29/2023,0:03,,
1693281780,3.45,21.66,3.77,0.982,7450-778298,TRUE,8/29/2023 0:03,2023-LCS-NWA-280823-006A,8/29/2023,0:03,,
1693282020,3.42,20.443,1.611,0.91,7450-049711,TRUE,8/29/2023 0:07,2023-LCS-NWA-280823-001A,8/29/2023,0:07,,
1693282140,3.42,20.941,2.428,0.959,7450-770855,TRUE,8/29/2023 0:09,2023-LCS-NWA-280823-002A,8/29/2023,0:09,,
1693282380,3.41,21.526,4.494,0.97,7450-064567,TRUE,8/29/2023 0:13,2023-LCS-NWA-280823-004A,8/29/2023,0:13,,
1693282380,3.45,21.61,3.684,0.982,7450-778298,TRUE,8/29/2023 0:13,2023-LCS-NWA-280823-006A,8/29/2023,0:13,,
1693282620,3.42,20.393,1.777,0.911,7450-049711,TRUE,8/29/2023 0:17,2023-LCS-NWA-280823-001A,8/29/2023,0:17,,
1693282740,3.42,20.908,2.296,0.959,7450-770855,TRUE,8/29/2023 0:19,2023-LCS-NWA-280823-002A,8/29/2023,0:19,,
1693282980,3.41,21.476,4.401,0.97,7450-064567,TRUE,8/29/2023 0:23,2023-LCS-NWA-280823-004A,8/29/2023,0:23,,
1693282980,3.45,21.543,3.084,0.983,7450-778298,TRUE,8/29/2023 0:23,2023-LCS-NWA-280823-006A,8/29/2023,0:23,,
1693283220,3.42,20.334,1.75,0.911,7450-049711,TRUE,8/29/2023 0:27,2023-LCS-NWA-280823-001A,8/29/2023,0:27,,
1693283340,3.42,20.833,2.263,0.959,7450-770855,TRUE,8/29/2023 0:29,2023-LCS-NWA-280823-002A,8/29/2023,0:29,,
1693283580,3.41,21.443,4.283,0.97,7450-064567,TRUE,8/29/2023 0:33,2023-LCS-NWA-280823-004A,8/29/2023,0:33,,
1693283580,3.45,21.501,3.154,0.983,7450-778298,TRUE,8/29/2023 0:33,2023-LCS-NWA-280823-006A,8/29/2023,0:33,,
1693283820,3.42,20.309,1.803,0.911,7450-049711,TRUE,8/29/2023 0:37,2023-LCS-NWA-280823-001A,8/29/2023,0:37,,
1693283940,3.42,20.808,2.292,0.959,7450-770855,TRUE,8/29/2023 0:39,2023-LCS-NWA-280823-002A,8/29/2023,0:39,,
1693284180,3.41,21.401,4.166,0.97,7450-064567,TRUE,8/29/2023 0:43,2023-LCS-NWA-280823-004A,8/29/2023,0:43,,
1693284180,3.45,21.434,3.674,0.983,7450-778298,TRUE,8/29/2023 0:43,2023-LCS-NWA-280823-006A,8/29/2023,0:43,,
1693284420,3.42,20.268,1.493,0.91,7450-049711,TRUE,8/29/2023 0:47,2023-LCS-NWA-280823-001A,8/29/2023,0:47,,
1693284540,3.42,20.774,2.204,0.959,7450-770855,TRUE,8/29/2023 0:49,2023-LCS-NWA-280823-002A,8/29/2023,0:49,,
1693284780,3.41,21.376,4.037,0.97,7450-064567,TRUE,8/29/2023 0:53,2023-LCS-NWA-280823-004A,8/29/2023,0:53,,
1693284780,3.45,21.384,3.522,0.983,7450-778298,TRUE,8/29/2023 0:53,2023-LCS-NWA-280823-006A,8/29/2023,0:53,,
1693285020,3.42,20.251,1.321,0.909,7450-049711,TRUE,8/29/2023 0:57,2023-LCS-NWA-280823-001A,8/29/2023,0:57,,
1693285140,3.42,20.741,2.202,0.959,7450-770855,TRUE,8/29/2023 0:59,2023-LCS-NWA-280823-002A,8/29/2023,0:59,,
1693285380,3.41,21.351,3.805,0.97,7450-064567,TRUE,8/29/2023 1:03,2023-LCS-NWA-280823-004A,8/29/2023,1:03,,
1693285380,3.45,21.351,3.562,0.982,7450-778298,TRUE,8/29/2023 1:03,2023-LCS-NWA-280823-006A,8/29/2023,1:03,,
1693285620,3.42,20.209,1.25,0.909,7450-049711,TRUE,8/29/2023 1:07,2023-LCS-NWA-280823-001A,8/29/2023,1:07,,
1693285740,3.42,20.691,2.119,0.959,7450-770855,TRUE,8/29/2023 1:09,2023-LCS-NWA-280823-002A,8/29/2023,1:09,,
1693285980,3.41,21.292,3.884,0.97,7450-064567,TRUE,8/29/2023 1:13,2023-LCS-NWA-280823-004A,8/29/2023,1:13,,
1693285980,3.45,21.284,3.387,0.982,7450-778298,TRUE,8/29/2023 1:13,2023-LCS-NWA-280823-006A,8/29/2023,1:13,,
1693286220,3.42,20.184,1.346,0.909,7450-049711,TRUE,8/29/2023 1:17,2023-LCS-NWA-280823-001A,8/29/2023,1:17,,
1693286340,3.42,20.64,2.039,0.958,7450-770855,TRUE,8/29/2023 1:19,2023-LCS-NWA-280823-002A,8/29/2023,1:19,,
1693286580,3.41,21.259,3.677,0.97,7450-064567,TRUE,8/29/2023 1:23,2023-LCS-NWA-280823-004A,8/29/2023,1:23,,
1693286580,3.45,21.234,3.515,0.982,7450-778298,TRUE,8/29/2023 1:23,2023-LCS-NWA-280823-006A,8/29/2023,1:23,,
1693286820,3.42,20.15,1.251,0.909,7450-049711,TRUE,8/29/2023 1:27,2023-LCS-NWA-280823-001A,8/29/2023,1:27,,
1693286940,3.42,20.59,2.083,0.959,7450-770855,TRUE,8/29/2023 1:29,2023-LCS-NWA-280823-002A,8/29/2023,1:29,,
1693287180,3.41,21.234,3.567,0.97,7450-064567,TRUE,8/29/2023 1:33,2023-LCS-NWA-280823-004A,8/29/2023,1:33,,
1693287180,3.45,21.167,3.278,0.982,7450-778298,TRUE,8/29/2023 1:33,2023-LCS-NWA-280823-006A,8/29/2023,1:33,,
1693287420,3.42,20.092,1.29,0.909,7450-049711,TRUE,8/29/2023 1:37,2023-LCS-NWA-280823-001A,8/29/2023,1:37,,
1693287540,3.42,20.565,1.926,0.958,7450-770855,TRUE,8/29/2023 1:39,2023-LCS-NWA-280823-002A,8/29/2023,1:39,,
1693287780,3.41,21.184,3.59,0.97,7450-064567,TRUE,8/29/2023 1:43,2023-LCS-NWA-280823-004A,8/29/2023,1:43,,
1693287780,3.45,21.142,3.454,0.982,7450-778298,TRUE,8/29/2023 1:43,2023-LCS-NWA-280823-006A,8/29/2023,1:43,,
1693288020,3.42,20.067,1.299,0.909,7450-049711,TRUE,8/29/2023 1:47,2023-LCS-NWA-280823-001A,8/29/2023,1:47,,
1693288140,3.42,20.498,1.837,0.958,7450-770855,TRUE,8/29/2023 1:49,2023-LCS-NWA-280823-002A,8/29/2023,1:49,,
1693288380,3.41,21.133,3.168,0.97,7450-064567,TRUE,8/29/2023 1:53,2023-LCS-NWA-280823-004A,8/29/2023,1:53,,
1693288380,3.45,21.083,3.464,0.982,7450-778298,TRUE,8/29/2023 1:53,2023-LCS-NWA-280823-006A,8/29/2023,1:53,,
1693288620,3.42,20,1.383,0.909,7450-049711,TRUE,8/29/2023 1:57,2023-LCS-NWA-280823-001A,8/29/2023,1:57,,
1693288740,3.42,20.465,1.837,0.958,7450-770855,TRUE,8/29/2023 1:59,2023-LCS-NWA-280823-002A,8/29/2023,1:59,,
1693288980,3.41,21.117,3.17,0.97,7450-064567,TRUE,8/29/2023 2:03,2023-LCS-NWA-280823-004A,8/29/2023,2:03,,
1693288980,3.44,21.025,3.528,0.982,7450-778298,TRUE,8/29/2023 2:03,2023-LCS-NWA-280823-006A,8/29/2023,2:03,,
1693289220,3.42,19.958,1.327,0.909,7450-049711,TRUE,8/29/2023 2:07,2023-LCS-NWA-280823-001A,8/29/2023,2:07,,
1693289340,3.42,20.431,1.882,0.958,7450-770855,TRUE,8/29/2023 2:09,2023-LCS-NWA-280823-002A,8/29/2023,2:09,,
1693289580,3.41,21.1,2.988,0.97,7450-064567,TRUE,8/29/2023 2:13,2023-LCS-NWA-280823-004A,8/29/2023,2:13,,
1693289580,3.44,20.983,3.438,0.982,7450-778298,TRUE,8/29/2023 2:13,2023-LCS-NWA-280823-006A,8/29/2023,2:13,,
1693289820,3.42,19.941,1.262,0.909,7450-049711,TRUE,8/29/2023 2:17,2023-LCS-NWA-280823-001A,8/29/2023,2:17,,
1693289940,3.42,20.381,1.758,0.958,7450-770855,TRUE,8/29/2023 2:19,2023-LCS-NWA-280823-002A,8/29/2023,2:19,,
1693290180,3.41,21.05,3.033,0.97,7450-064567,TRUE,8/29/2023 2:23,2023-LCS-NWA-280823-004A,8/29/2023,2:23,,
1693290180,3.44,20.941,3.382,0.982,7450-778298,TRUE,8/29/2023 2:23,2023-LCS-NWA-280823-006A,8/29/2023,2:23,,
1693290420,3.42,19.933,1.024,0.907,7450-049711,TRUE,8/29/2023 2:27,2023-LCS-NWA-280823-001A,8/29/2023,2:27,,
1693290540,3.42,20.339,1.681,0.958,7450-770855,TRUE,8/29/2023 2:29,2023-LCS-NWA-280823-002A,8/29/2023,2:29,,
1693290780,3.41,20.983,2.965,0.97,7450-064567,TRUE,8/29/2023 2:33,2023-LCS-NWA-280823-004A,8/29/2023,2:33,,
1693290780,3.44,20.899,3.248,0.982,7450-778298,TRUE,8/29/2023 2:33,2023-LCS-NWA-280823-006A,8/29/2023,2:33,,
1693291020,3.42,19.891,1.121,0.908,7450-049711,TRUE,8/29/2023 2:37,2023-LCS-NWA-280823-001A,8/29/2023,2:37,,
1693291140,3.42,20.306,1.551,0.957,7450-770855,TRUE,8/29/2023 2:39,2023-LCS-NWA-280823-002A,8/29/2023,2:39,,
1693291380,3.41,20.975,2.829,0.97,7450-064567,TRUE,8/29/2023 2:43,2023-LCS-NWA-280823-004A,8/29/2023,2:43,,
1693291380,3.45,20.857,3.397,0.982,7450-778298,TRUE,8/29/2023 2:43,2023-LCS-NWA-280823-006A,8/29/2023,2:43,,
1693291620,3.42,19.841,1.064,0.908,7450-049711,TRUE,8/29/2023 2:47,2023-LCS-NWA-280823-001A,8/29/2023,2:47,,
1693291740,3.42,20.289,1.42,0.957,7450-770855,TRUE,8/29/2023 2:49,2023-LCS-NWA-280823-002A,8/29/2023,2:49,,
1693291980,3.41,20.941,2.663,0.97,7450-064567,TRUE,8/29/2023 2:53,2023-LCS-NWA-280823-004A,8/29/2023,2:53,,
1693291980,3.44,20.824,3.399,0.982,7450-778298,TRUE,8/29/2023 2:53,2023-LCS-NWA-280823-006A,8/29/2023,2:53,,
1693292220,3.42,19.799,1.199,0.908,7450-049711,TRUE,8/29/2023 2:57,2023-LCS-NWA-280823-001A,8/29/2023,2:57,,
1693292340,3.42,20.214,1.519,0.957,7450-770855,TRUE,8/29/2023 2:59,2023-LCS-NWA-280823-002A,8/29/2023,2:59,,
1693292580,3.41,20.899,2.582,0.97,7450-064567,TRUE,8/29/2023 3:03,2023-LCS-NWA-280823-004A,8/29/2023,3:03,,
1693292580,3.45,20.757,3.171,0.982,7450-778298,TRUE,8/29/2023 3:03,2023-LCS-NWA-280823-006A,8/29/2023,3:03,,
1693292820,3.42,19.782,1.048,0.907,7450-049711,TRUE,8/29/2023 3:07,2023-LCS-NWA-280823-001A,8/29/2023,3:07,,
1693292940,3.42,20.172,1.376,0.956,7450-770855,TRUE,8/29/2023 3:09,2023-LCS-NWA-280823-002A,8/29/2023,3:09,,
1693293180,3.41,20.883,2.576,0.97,7450-064567,TRUE,8/29/2023 3:13,2023-LCS-NWA-280823-004A,8/29/2023,3:13,,
1693293180,3.45,20.748,3.181,0.982,7450-778298,TRUE,8/29/2023 3:13,2023-LCS-NWA-280823-006A,8/29/2023,3:13,,
1693293420,3.42,19.732,1.148,0.908,7450-049711,TRUE,8/29/2023 3:17,2023-LCS-NWA-280823-001A,8/29/2023,3:17,,
1693293540,3.42,20.147,1.295,0.956,7450-770855,TRUE,8/29/2023 3:19,2023-LCS-NWA-280823-002A,8/29/2023,3:19,,
1693293780,3.41,20.832,2.493,0.97,7450-064567,TRUE,8/29/2023 3:23,2023-LCS-NWA-280823-004A,8/29/2023,3:23,,
1693293780,3.45,20.665,3.299,0.982,7450-778298,TRUE,8/29/2023 3:23,2023-LCS-NWA-280823-006A,8/29/2023,3:23,,
1693294020,3.42,19.706,0.956,0.906,7450-049711,TRUE,8/29/2023 3:27,2023-LCS-NWA-280823-001A,8/29/2023,3:27,,
1693294140,3.42,20.122,1.324,0.956,7450-770855,TRUE,8/29/2023 3:29,2023-LCS-NWA-280823-002A,8/29/2023,3:29,,
1693294380,3.41,20.807,2.365,0.97,7450-064567,TRUE,8/29/2023 3:33,2023-LCS-NWA-280823-004A,8/29/2023,3:33,,
1693294380,3.45,20.64,3.334,0.982,7450-778298,TRUE,8/29/2023 3:33,2023-LCS-NWA-280823-006A,8/29/2023,3:33,,
1693294620,3.42,19.656,1.179,0.908,7450-049711,TRUE,8/29/2023 3:37,2023-LCS-NWA-280823-001A,8/29/2023,3:37,,
1693294740,3.42,20.097,1.117,0.954,7450-770855,TRUE,8/29/2023 3:39,2023-LCS-NWA-280823-002A,8/29/2023,3:39,,
1693294980,3.41,20.774,2.191,0.97,7450-064567,TRUE,8/29/2023 3:43,2023-LCS-NWA-280823-004A,8/29/2023,3:43,,
1693294980,3.45,20.539,3.77,0.982,7450-778298,TRUE,8/29/2023 3:43,2023-LCS-NWA-280823-006A,8/29/2023,3:43,,
1693295220,3.42,19.631,1.024,0.907,7450-049711,TRUE,8/29/2023 3:47,2023-LCS-NWA-280823-001A,8/29/2023,3:47,,
1693295340,3.42,20.038,1.17,0.955,7450-770855,TRUE,8/29/2023 3:49,2023-LCS-NWA-280823-002A,8/29/2023,3:49,,
1693295580,3.41,20.724,1.531,0.96,7450-064567,TRUE,8/29/2023 3:53,2023-LCS-NWA-280823-004A,8/29/2023,3:53,,
1693295580,3.45,20.497,3.634,0.982,7450-778298,TRUE,8/29/2023 3:53,2023-LCS-NWA-280823-006A,8/29/2023,3:53,,
1693295820,3.42,19.564,1.331,0.909,7450-049711,TRUE,8/29/2023 3:57,2023-LCS-NWA-280823-001A,8/29/2023,3:57,,
1693295940,3.42,20.021,1.069,0.954,7450-770855,TRUE,8/29/2023 3:59,2023-LCS-NWA-280823-002A,8/29/2023,3:59,,
1693296180,3.41,20.724,1.46,0.958,7450-064567,TRUE,8/29/2023 4:03,2023-LCS-NWA-280823-004A,8/29/2023,4:03,,
1693296180,3.45,20.489,3.242,0.982,7450-778298,TRUE,8/29/2023 4:03,2023-LCS-NWA-280823-006A,8/29/2023,4:03,,
1693296420,3.42,19.539,1.335,0.909,7450-049711,TRUE,8/29/2023 4:07,2023-LCS-NWA-280823-001A,8/29/2023,4:07,,
1693296540,3.42,20.021,1.037,0.953,7450-770855,TRUE,8/29/2023 4:09,2023-LCS-NWA-280823-002A,8/29/2023,4:09,,
1693296780,3.41,20.69,1.664,0.965,7450-064567,TRUE,8/29/2023 4:13,2023-LCS-NWA-280823-004A,8/29/2023,4:13,,
1693296780,3.45,20.439,3.158,0.982,7450-778298,TRUE,8/29/2023 4:13,2023-LCS-NWA-280823-006A,8/29/2023,4:13,,
1693297020,3.42,19.514,0.99,0.906,7450-049711,TRUE,8/29/2023 4:17,2023-LCS-NWA-280823-001A,8/29/2023,4:17,,
1693297140,3.42,19.946,1.079,0.954,7450-770855,TRUE,8/29/2023 4:19,2023-LCS-NWA-280823-002A,8/29/2023,4:19,,
1693297380,3.41,20.682,1.61,0.965,7450-064567,TRUE,8/29/2023 4:23,2023-LCS-NWA-280823-004A,8/29/2023,4:23,,
1693297380,3.45,20.405,3.133,0.982,7450-778298,TRUE,8/29/2023 4:23,2023-LCS-NWA-280823-006A,8/29/2023,4:23,,
1693297620,3.42,19.489,1.005,0.907,7450-049711,TRUE,8/29/2023 4:27,2023-LCS-NWA-280823-001A,8/29/2023,4:27,,
1693297740,3.42,19.904,1.103,0.954,7450-770855,TRUE,8/29/2023 4:29,2023-LCS-NWA-280823-002A,8/29/2023,4:29,,
1693297980,3.41,20.648,1.589,0.966,7450-064567,TRUE,8/29/2023 4:33,2023-LCS-NWA-280823-004A,8/29/2023,4:33,,
1693297980,3.45,20.38,2.986,0.982,7450-778298,TRUE,8/29/2023 4:33,2023-LCS-NWA-280823-006A,8/29/2023,4:33,,
1693298220,3.42,19.438,1.004,0.907,7450-049711,TRUE,8/29/2023 4:37,2023-LCS-NWA-280823-001A,8/29/2023,4:37,,
1693298340,3.42,19.887,1.141,0.954,7450-770855,TRUE,8/29/2023 4:39,2023-LCS-NWA-280823-002A,8/29/2023,4:39,,
1693298580,3.41,20.615,1.76,0.969,7450-064567,TRUE,8/29/2023 4:43,2023-LCS-NWA-280823-004A,8/29/2023,4:43,,
1693298580,3.45,20.338,2.874,0.982,7450-778298,TRUE,8/29/2023 4:43,2023-LCS-NWA-280823-006A,8/29/2023,4:43,,
1693298820,3.42,19.413,0.909,0.906,7450-049711,TRUE,8/29/2023 4:47,2023-LCS-NWA-280823-001A,8/29/2023,4:47,,
1693298940,3.42,19.846,0.913,0.952,7450-770855,TRUE,8/29/2023 4:49,2023-LCS-NWA-280823-002A,8/29/2023,4:49,,
1693299180,3.41,20.573,1.649,0.969,7450-064567,TRUE,8/29/2023 4:53,2023-LCS-NWA-280823-004A,8/29/2023,4:53,,
1693299180,3.45,20.305,2.925,0.982,7450-778298,TRUE,8/29/2023 4:53,2023-LCS-NWA-280823-006A,8/29/2023,4:53,,
1693299420,3.42,19.405,0.877,0.905,7450-049711,TRUE,8/29/2023 4:57,2023-LCS-NWA-280823-001A,8/29/2023,4:57,,
1693299540,3.42,19.812,0.97,0.952,7450-770855,TRUE,8/29/2023 4:59,2023-LCS-NWA-280823-002A,8/29/2023,4:59,,
1693299780,3.41,20.556,1.67,0.969,7450-064567,TRUE,8/29/2023 5:03,2023-LCS-NWA-280823-004A,8/29/2023,5:03,,
1693299780,3.45,20.254,2.778,0.982,7450-778298,TRUE,8/29/2023 5:03,2023-LCS-NWA-280823-006A,8/29/2023,5:03,,
1693300020,3.42,19.354,1.029,0.907,7450-049711,TRUE,8/29/2023 5:07,2023-LCS-NWA-280823-001A,8/29/2023,5:07,,
1693300140,3.42,19.762,0.945,0.952,7450-770855,TRUE,8/29/2023 5:09,2023-LCS-NWA-280823-002A,8/29/2023,5:09,,
1693300380,3.41,20.54,1.591,0.968,7450-064567,TRUE,8/29/2023 5:13,2023-LCS-NWA-280823-004A,8/29/2023,5:13,,
1693300380,3.45,20.229,2.772,0.982,7450-778298,TRUE,8/29/2023 5:13,2023-LCS-NWA-280823-006A,8/29/2023,5:13,,
1693300620,3.42,19.329,1.132,0.908,7450-049711,TRUE,8/29/2023 5:17,2023-LCS-NWA-280823-001A,8/29/2023,5:17,,
1693300740,3.42,19.745,0.986,0.952,7450-770855,TRUE,8/29/2023 5:19,2023-LCS-NWA-280823-002A,8/29/2023,5:19,,
1693300980,3.41,20.506,1.49,0.968,7450-064567,TRUE,8/29/2023 5:23,2023-LCS-NWA-280823-004A,8/29/2023,5:23,,
1693300980,3.45,20.187,2.816,0.982,7450-778298,TRUE,8/29/2023 5:23,2023-LCS-NWA-280823-006A,8/29/2023,5:23,,
1693301220,3.42,19.287,1.035,0.907,7450-049711,TRUE,8/29/2023 5:27,2023-LCS-NWA-280823-001A,8/29/2023,5:27,,
1693301340,3.42,19.686,0.936,0.952,7450-770855,TRUE,8/29/2023 5:29,2023-LCS-NWA-280823-002A,8/29/2023,5:29,,
1693301580,3.41,20.473,1.536,0.968,7450-064567,TRUE,8/29/2023 5:33,2023-LCS-NWA-280823-004A,8/29/2023,5:33,,
1693301580,3.45,20.137,2.645,0.982,7450-778298,TRUE,8/29/2023 5:33,2023-LCS-NWA-280823-006A,8/29/2023,5:33,,
1693301820,3.42,19.271,0.971,0.906,7450-049711,TRUE,8/29/2023 5:37,2023-LCS-NWA-280823-001A,8/29/2023,5:37,,
1693301940,3.42,19.653,0.847,0.951,7450-770855,TRUE,8/29/2023 5:39,2023-LCS-NWA-280823-002A,8/29/2023,5:39,,
1693302180,3.41,20.448,1.405,0.967,7450-064567,TRUE,8/29/2023 5:43,2023-LCS-NWA-280823-004A,8/29/2023,5:43,,
1693302180,3.45,20.112,2.611,0.982,7450-778298,TRUE,8/29/2023 5:43,2023-LCS-NWA-280823-006A,8/29/2023,5:43,,
1693302420,3.42,19.22,1.045,0.907,7450-049711,TRUE,8/29/2023 5:47,2023-LCS-NWA-280823-001A,8/29/2023,5:47,,
1693302540,3.42,19.653,0.817,0.95,7450-770855,TRUE,8/29/2023 5:49,2023-LCS-NWA-280823-002A,8/29/2023,5:49,,
1693302780,3.41,20.431,1.369,0.967,7450-064567,TRUE,8/29/2023 5:53,2023-LCS-NWA-280823-004A,8/29/2023,5:53,,
1693302780,3.45,20.087,2.485,0.982,7450-778298,TRUE,8/29/2023 5:53,2023-LCS-NWA-280823-006A,8/29/2023,5:53,,
1693303020,3.42,19.195,1.049,0.907,7450-049711,TRUE,8/29/2023 5:57,2023-LCS-NWA-280823-001A,8/29/2023,5:57,,
1693303140,3.42,19.603,0.816,0.95,7450-770855,TRUE,8/29/2023 5:59,2023-LCS-NWA-280823-002A,8/29/2023,5:59,,
1693303380,3.41,20.372,1.305,0.967,7450-064567,TRUE,8/29/2023 6:03,2023-LCS-NWA-280823-004A,8/29/2023,6:03,,
1693303380,3.45,20.028,2.787,0.982,7450-778298,TRUE,8/29/2023 6:03,2023-LCS-NWA-280823-006A,8/29/2023,6:03,,
1693303620,3.42,19.17,0.849,0.905,7450-049711,TRUE,8/29/2023 6:07,2023-LCS-NWA-280823-001A,8/29/2023,6:07,,
1693303740,3.42,19.577,0.75,0.949,7450-770855,TRUE,8/29/2023 6:09,2023-LCS-NWA-280823-002A,8/29/2023,6:09,,
1693303980,3.41,20.347,1.264,0.966,7450-064567,TRUE,8/29/2023 6:13,2023-LCS-NWA-280823-004A,8/29/2023,6:13,,
1693303980,3.44,19.953,3.04,0.982,7450-778298,TRUE,8/29/2023 6:13,2023-LCS-NWA-280823-006A,8/29/2023,6:13,,
1693304220,3.42,19.12,0.981,0.906,7450-049711,TRUE,8/29/2023 6:17,2023-LCS-NWA-280823-001A,8/29/2023,6:17,,
1693304340,3.42,19.527,0.667,0.948,7450-770855,TRUE,8/29/2023 6:19,2023-LCS-NWA-280823-002A,8/29/2023,6:19,,
1693304580,3.41,20.322,1.189,0.966,7450-064567,TRUE,8/29/2023 6:23,2023-LCS-NWA-280823-004A,8/29/2023,6:23,,
1693304580,3.44,19.944,2.741,0.982,7450-778298,TRUE,8/29/2023 6:23,2023-LCS-NWA-280823-006A,8/29/2023,6:23,,
1693304820,3.42,19.111,0.775,0.904,7450-049711,TRUE,8/29/2023 6:27,2023-LCS-NWA-280823-001A,8/29/2023,6:27,,
1693304940,3.42,19.519,0.734,0.949,7450-770855,TRUE,8/29/2023 6:29,2023-LCS-NWA-280823-002A,8/29/2023,6:29,,
1693305180,3.41,20.28,1.182,0.966,7450-064567,TRUE,8/29/2023 6:33,2023-LCS-NWA-280823-004A,8/29/2023,6:33,,
1693305180,3.44,19.877,2.963,0.982,7450-778298,TRUE,8/29/2023 6:33,2023-LCS-NWA-280823-006A,8/29/2023,6:33,,
1693305420,3.42,19.069,0.829,0.905,7450-049711,TRUE,8/29/2023 6:37,2023-LCS-NWA-280823-001A,8/29/2023,6:37,,
1693305540,3.42,19.494,0.668,0.948,7450-770855,TRUE,8/29/2023 6:39,2023-LCS-NWA-280823-002A,8/29/2023,6:39,,
1693305780,3.41,20.238,1.074,0.965,7450-064567,TRUE,8/29/2023 6:43,2023-LCS-NWA-280823-004A,8/29/2023,6:43,,
1693305780,3.44,19.844,2.844,0.982,7450-778298,TRUE,8/29/2023 6:43,2023-LCS-NWA-280823-006A,8/29/2023,6:43,,
1693306020,3.42,19.01,0.951,0.906,7450-049711,TRUE,8/29/2023 6:47,2023-LCS-NWA-280823-001A,8/29/2023,6:47,,
1693306140,3.42,19.469,0.65,0.948,7450-770855,TRUE,8/29/2023 6:49,2023-LCS-NWA-280823-002A,8/29/2023,6:49,,
1693306380,3.41,20.222,1.111,0.965,7450-064567,TRUE,8/29/2023 6:53,2023-LCS-NWA-280823-004A,8/29/2023,6:53,,
1693306380,3.44,19.794,2.92,0.982,7450-778298,TRUE,8/29/2023 6:53,2023-LCS-NWA-280823-006A,8/29/2023,6:53,,
1693306620,3.42,18.977,0.942,0.906,7450-049711,TRUE,8/29/2023 6:57,2023-LCS-NWA-280823-001A,8/29/2023,6:57,,
1693306740,3.42,19.41,0.626,0.947,7450-770855,TRUE,8/29/2023 6:59,2023-LCS-NWA-280823-002A,8/29/2023,6:59,,
1693306980,3.41,20.188,1.104,0.965,7450-064567,TRUE,8/29/2023 7:03,2023-LCS-NWA-280823-004A,8/29/2023,7:03,,
1693306980,3.45,19.76,2.814,0.982,7450-778298,TRUE,8/29/2023 7:03,2023-LCS-NWA-280823-006A,8/29/2023,7:03,,
1693307220,3.42,18.968,0.871,0.905,7450-049711,TRUE,8/29/2023 7:07,2023-LCS-NWA-280823-001A,8/29/2023,7:07,,
1693307340,3.42,19.368,0.622,0.947,7450-770855,TRUE,8/29/2023 7:09,2023-LCS-NWA-280823-002A,8/29/2023,7:09,,
1693307580,3.41,20.163,1.105,0.965,7450-064567,TRUE,8/29/2023 7:13,2023-LCS-NWA-280823-004A,8/29/2023,7:13,,
1693307580,3.44,19.718,2.822,0.982,7450-778298,TRUE,8/29/2023 7:13,2023-LCS-NWA-280823-006A,8/29/2023,7:13,,
1693307820,3.42,18.935,0.9,0.905,7450-049711,TRUE,8/29/2023 7:17,2023-LCS-NWA-280823-001A,8/29/2023,7:17,,
1693307940,3.42,19.351,0.743,0.949,7450-770855,TRUE,8/29/2023 7:19,2023-LCS-NWA-280823-002A,8/29/2023,7:19,,
1693308180,3.41,20.146,1.015,0.964,7450-064567,TRUE,8/29/2023 7:23,2023-LCS-NWA-280823-004A,8/29/2023,7:23,,
1693308180,3.45,19.676,2.658,0.982,7450-778298,TRUE,8/29/2023 7:23,2023-LCS-NWA-280823-006A,8/29/2023,7:23,,
1693308420,3.42,18.901,0.938,0.906,7450-049711,TRUE,8/29/2023 7:27,2023-LCS-NWA-280823-001A,8/29/2023,7:27,,
1693308540,3.42,19.293,0.67,0.948,7450-770855,TRUE,8/29/2023 7:29,2023-LCS-NWA-280823-002A,8/29/2023,7:29,,
1693308780,3.41,20.113,0.948,0.964,7450-064567,TRUE,8/29/2023 7:33,2023-LCS-NWA-280823-004A,8/29/2023,7:33,,
1693308780,3.45,19.659,2.604,0.982,7450-778298,TRUE,8/29/2023 7:33,2023-LCS-NWA-280823-006A,8/29/2023,7:33,,
1693309020,3.42,18.851,0.998,0.906,7450-049711,TRUE,8/29/2023 7:37,2023-LCS-NWA-280823-001A,8/29/2023,7:37,,
1693309140,3.42,19.242,0.669,0.948,7450-770855,TRUE,8/29/2023 7:39,2023-LCS-NWA-280823-002A,8/29/2023,7:39,,
1693309380,3.41,20.104,0.968,0.964,7450-064567,TRUE,8/29/2023 7:43,2023-LCS-NWA-280823-004A,8/29/2023,7:43,,
1693309380,3.45,19.634,2.486,0.982,7450-778298,TRUE,8/29/2023 7:43,2023-LCS-NWA-280823-006A,8/29/2023,7:43,,
1693309620,3.42,18.851,0.884,0.905,7450-049711,TRUE,8/29/2023 7:47,2023-LCS-NWA-280823-001A,8/29/2023,7:47,,
1693309740,3.42,19.251,0.604,0.947,7450-770855,TRUE,8/29/2023 7:49,2023-LCS-NWA-280823-002A,8/29/2023,7:49,,
1693309980,3.41,20.062,0.887,0.963,7450-064567,TRUE,8/29/2023 7:53,2023-LCS-NWA-280823-004A,8/29/2023,7:53,,
1693309980,3.45,19.609,2.479,0.982,7450-778298,TRUE,8/29/2023 7:53,2023-LCS-NWA-280823-006A,8/29/2023,7:53,,
1693310220,3.42,18.842,0.965,0.906,7450-049711,TRUE,8/29/2023 7:57,2023-LCS-NWA-280823-001A,8/29/2023,7:57,,
1693310340,3.42,19.217,0.623,0.947,7450-770855,TRUE,8/29/2023 7:59,2023-LCS-NWA-280823-002A,8/29/2023,7:59,,
1693310580,3.41,20.062,0.882,0.963,7450-064567,TRUE,8/29/2023 8:03,2023-LCS-NWA-280823-004A,8/29/2023,8:03,,
1693310580,3.45,19.567,2.42,0.981,7450-778298,TRUE,8/29/2023 8:03,2023-LCS-NWA-280823-006A,8/29/2023,8:03,,
1693310820,3.42,18.809,0.985,0.906,7450-049711,TRUE,8/29/2023 8:07,2023-LCS-NWA-280823-001A,8/29/2023,8:07,,
1693310940,3.42,19.225,0.641,0.947,7450-770855,TRUE,8/29/2023 8:09,2023-LCS-NWA-280823-002A,8/29/2023,8:09,,
1693311180,3.41,20.079,0.873,0.963,7450-064567,TRUE,8/29/2023 8:13,2023-LCS-NWA-280823-004A,8/29/2023,8:13,,
1693311180,3.45,19.567,2.297,0.981,7450-778298,TRUE,8/29/2023 8:13,2023-LCS-NWA-280823-006A,8/29/2023,8:13,,
1693311420,3.42,18.817,1.068,0.907,7450-049711,TRUE,8/29/2023 8:17,2023-LCS-NWA-280823-001A,8/29/2023,8:17,,
1693311540,3.42,19.225,0.649,0.948,7450-770855,TRUE,8/29/2023 8:19,2023-LCS-NWA-280823-002A,8/29/2023,8:19,,
1693311780,3.41,20.054,0.885,0.963,7450-064567,TRUE,8/29/2023 8:23,2023-LCS-NWA-280823-004A,8/29/2023,8:23,,
1693311780,3.45,19.567,2.298,0.982,7450-778298,TRUE,8/29/2023 8:23,2023-LCS-NWA-280823-006A,8/29/2023,8:23,,
1693312020,3.42,18.851,1.211,0.908,7450-049711,TRUE,8/29/2023 8:27,2023-LCS-NWA-280823-001A,8/29/2023,8:27,,
1693312140,3.42,19.217,0.64,0.947,7450-770855,TRUE,8/29/2023 8:29,2023-LCS-NWA-280823-002A,8/29/2023,8:29,,
1693312380,3.41,20.054,0.904,0.963,7450-064567,TRUE,8/29/2023 8:33,2023-LCS-NWA-280823-004A,8/29/2023,8:33,,
1693312380,3.45,19.559,2.228,0.982,7450-778298,TRUE,8/29/2023 8:33,2023-LCS-NWA-280823-006A,8/29/2023,8:33,,
1693312620,3.42,18.901,1.225,0.908,7450-049711,TRUE,8/29/2023 8:37,2023-LCS-NWA-280823-001A,8/29/2023,8:37,,
1693312740,3.42,19.217,0.672,0.948,7450-770855,TRUE,8/29/2023 8:39,2023-LCS-NWA-280823-002A,8/29/2023,8:39,,
1693312980,3.41,20.071,0.919,0.963,7450-064567,TRUE,8/29/2023 8:43,2023-LCS-NWA-280823-004A,8/29/2023,8:43,,
1693312980,3.45,19.576,2.104,0.981,7450-778298,TRUE,8/29/2023 8:43,2023-LCS-NWA-280823-006A,8/29/2023,8:43,,
1693313220,3.42,18.935,1.261,0.908,7450-049711,TRUE,8/29/2023 8:47,2023-LCS-NWA-280823-001A,8/29/2023,8:47,,
1693313340,3.42,19.217,0.68,0.948,7450-770855,TRUE,8/29/2023 8:49,2023-LCS-NWA-280823-002A,8/29/2023,8:49,,
1693313580,3.41,20.096,0.928,0.963,7450-064567,TRUE,8/29/2023 8:53,2023-LCS-NWA-280823-004A,8/29/2023,8:53,,
1693313580,3.45,19.576,2.139,0.982,7450-778298,TRUE,8/29/2023 8:53,2023-LCS-NWA-280823-006A,8/29/2023,8:53,,
1693313820,3.42,18.926,0.967,0.906,7450-049711,TRUE,8/29/2023 8:57,2023-LCS-NWA-280823-001A,8/29/2023,8:57,,
1693313940,3.42,19.259,0.731,0.949,7450-770855,TRUE,8/29/2023 8:59,2023-LCS-NWA-280823-002A,8/29/2023,8:59,,
1693314180,3.41,20.079,1.019,0.964,7450-064567,TRUE,8/29/2023 9:03,2023-LCS-NWA-280823-004A,8/29/2023,9:03,,
1693314180,3.44,19.626,2.037,0.981,7450-778298,TRUE,8/29/2023 9:03,2023-LCS-NWA-280823-006A,8/29/2023,9:03,,
,,,,,,FISH,8/29/2023 9:04,2023-LCS-NWA-280823-001A,8/29/2023,9:04,,
1693314420,3.42,18.994,8.533,0.908,7450-049711,FALSE,8/29/2023 9:07,2023-LCS-NWA-280823-001A,8/29/2023,9:07,,
1693314540,3.42,19.284,0.771,0.949,7450-770855,TRUE,8/29/2023 9:09,2023-LCS-NWA-280823-002A,8/29/2023,9:09,,
1693314780,3.41,20.121,1.015,0.964,7450-064567,TRUE,8/29/2023 9:13,2023-LCS-NWA-280823-004A,8/29/2023,9:13,,
1693314780,3.44,19.685,2.015,0.981,7450-778298,TRUE,8/29/2023 9:13,2023-LCS-NWA-280823-006A,8/29/2023,9:13,,
1693315020,3.42,19.044,8.541,0.907,7450-049711,FALSE,8/29/2023 9:17,2023-LCS-NWA-280823-001A,8/29/2023,9:17,,
1693315140,3.42,19.284,0.743,0.949,7450-770855,TRUE,8/29/2023 9:19,2023-LCS-NWA-280823-002A,8/29/2023,9:19,,
1693315380,3.41,20.146,0.979,0.964,7450-064567,TRUE,8/29/2023 9:23,2023-LCS-NWA-280823-004A,8/29/2023,9:23,,
1693315380,3.44,19.676,2.035,0.981,7450-778298,TRUE,8/29/2023 9:23,2023-LCS-NWA-280823-006A,8/29/2023,9:23,,
1693315620,3.42,19.153,8.507,0.907,7450-049711,FALSE,8/29/2023 9:27,2023-LCS-NWA-280823-001A,8/29/2023,9:27,,
1693315740,3.42,19.318,0.684,0.948,7450-770855,TRUE,8/29/2023 9:29,2023-LCS-NWA-280823-002A,8/29/2023,9:29,,
1693315980,3.41,20.146,1.113,0.965,7450-064567,TRUE,8/29/2023 9:33,2023-LCS-NWA-280823-004A,8/29/2023,9:33,,
1693315980,3.44,19.676,2.053,0.981,7450-778298,TRUE,8/29/2023 9:33,2023-LCS-NWA-280823-006A,8/29/2023,9:33,,
1693316220,3.42,21.104,8.179,0.907,7450-049711,FALSE,8/29/2023 9:37,2023-LCS-NWA-280823-001A,8/29/2023,9:37,,
1693316340,3.42,19.376,0.805,0.95,7450-770855,TRUE,8/29/2023 9:39,2023-LCS-NWA-280823-002A,8/29/2023,9:39,,
,,,,,,FISH,8/29/2023 9:39,2023-LCS-NWA-280823-002A,8/29/2023,9:39,,
1693316580,3.41,20.196,1.169,0.966,7450-064567,TRUE,8/29/2023 9:43,2023-LCS-NWA-280823-004A,8/29/2023,9:43,,
1693316580,3.44,19.777,2.127,0.981,7450-778298,TRUE,8/29/2023 9:43,2023-LCS-NWA-280823-006A,8/29/2023,9:43,,
1693316820,3.42,21.388,8.108,0.907,7450-049711,FALSE,8/29/2023 9:47,2023-LCS-NWA-280823-001A,8/29/2023,9:47,,
1693316940,3.42,19.46,0.919,0.952,7450-770855,FALSE,8/29/2023 9:49,2023-LCS-NWA-280823-002A,8/29/2023,9:49,,
1693317180,3.41,20.163,1.037,0.965,7450-064567,TRUE,8/29/2023 9:53,2023-LCS-NWA-280823-004A,8/29/2023,9:53,,
1693317180,3.44,19.827,1.868,0.98,7450-778298,TRUE,8/29/2023 9:53,2023-LCS-NWA-280823-006A,8/29/2023,9:53,,
1693317420,3.42,21.656,8.016,0.908,7450-049711,FALSE,8/29/2023 9:57,2023-LCS-NWA-280823-001A,8/29/2023,9:57,,
1693317540,3.42,20.431,8.436,0.955,7450-770855,FALSE,8/29/2023 9:59,2023-LCS-NWA-280823-002A,8/29/2023,9:59,,
1693317780,3.41,20.23,1.198,0.966,7450-064567,TRUE,8/29/2023 10:03,2023-LCS-NWA-280823-004A,8/29/2023,10:03,,
1693317780,3.44,19.835,1.581,0.98,7450-778298,TRUE,8/29/2023 10:03,2023-LCS-NWA-280823-006A,8/29/2023,10:03,,
1693318020,3.41,21.982,7.951,0.909,7450-049711,FALSE,8/29/2023 10:07,2023-LCS-NWA-280823-001A,8/29/2023,10:07,,
1693318140,3.42,20.749,8.374,0.955,7450-770855,FALSE,8/29/2023 10:09,2023-LCS-NWA-280823-002A,8/29/2023,10:09,,
1693318380,3.41,20.297,1.349,0.967,7450-064567,TRUE,8/29/2023 10:13,2023-LCS-NWA-280823-004A,8/29/2023,10:13,,
1693318380,3.44,19.936,1.626,0.98,7450-778298,TRUE,8/29/2023 10:13,2023-LCS-NWA-280823-006A,8/29/2023,10:13,,
1693318620,3.41,22.116,7.922,0.908,7450-049711,FALSE,8/29/2023 10:17,2023-LCS-NWA-280823-001A,8/29/2023,10:17,,
1693318740,3.42,21.083,8.315,0.956,7450-770855,FALSE,8/29/2023 10:19,2023-LCS-NWA-280823-002A,8/29/2023,10:19,,
,,,,,,FISH,8/29/2023 10:21,2023-LCS-NWA-280823-004A,8/29/2023,10:21,,
1693318980,3.41,20.372,1.576,0.968,7450-064567,FALSE,8/29/2023 10:23,2023-LCS-NWA-280823-004A,8/29/2023,10:23,,
1693318980,3.44,19.995,1.414,0.978,7450-778298,TRUE,8/29/2023 10:23,2023-LCS-NWA-280823-006A,8/29/2023,10:23,,
1693319220,3.42,22.25,7.887,0.908,7450-049711,FALSE,8/29/2023 10:27,2023-LCS-NWA-280823-001A,8/29/2023,10:27,,
1693319340,3.42,21.376,8.234,0.955,7450-770855,FALSE,8/29/2023 10:29,2023-LCS-NWA-280823-002A,8/29/2023,10:29,,
1693319580,3.41,20.339,8.513,0.966,7450-064567,FALSE,8/29/2023 10:33,2023-LCS-NWA-280823-004A,8/29/2023,10:33,,
1693319580,3.44,20.028,1.448,0.979,7450-778298,TRUE,8/29/2023 10:33,2023-LCS-NWA-280823-006A,8/29/2023,10:33,,
1693319820,3.42,22.484,7.825,0.909,7450-049711,FALSE,8/29/2023 10:37,2023-LCS-NWA-280823-001A,8/29/2023,10:37,,
1693319940,3.42,21.702,8.162,0.956,7450-770855,FALSE,8/29/2023 10:39,2023-LCS-NWA-280823-002A,8/29/2023,10:39,,
1693320180,3.4,23.702,8.06,0.966,7450-064567,FALSE,8/29/2023 10:43,2023-LCS-NWA-280823-004A,8/29/2023,10:43,,
1693320180,3.44,19.961,1.155,0.977,7450-778298,TRUE,8/29/2023 10:43,2023-LCS-NWA-280823-006A,8/29/2023,10:43,,
1693320420,3.41,23.178,7.667,0.909,7450-049711,FALSE,8/29/2023 10:47,2023-LCS-NWA-280823-001A,8/29/2023,10:47,,
1693320540,3.42,22.186,8.06,0.956,7450-770855,FALSE,8/29/2023 10:49,2023-LCS-NWA-280823-002A,8/29/2023,10:49,,
1693320780,3.4,25.896,7.563,0.97,7450-064567,FALSE,8/29/2023 10:53,2023-LCS-NWA-280823-004A,8/29/2023,10:53,,
1693320780,3.44,20.02,1.191,0.977,7450-778298,TRUE,8/29/2023 10:53,2023-LCS-NWA-280823-006A,8/29/2023,10:53,,
1693321020,3.41,23.689,7.576,0.909,7450-049711,FALSE,8/29/2023 10:57,2023-LCS-NWA-280823-001A,8/29/2023,10:57,,
1693321140,3.41,22.972,7.94,0.956,7450-770855,FALSE,8/29/2023 10:59,2023-LCS-NWA-280823-002A,8/29/2023,10:59,,
1693321380,3.4,27.276,7.374,0.969,7450-064567,FALSE,8/29/2023 11:03,2023-LCS-NWA-280823-004A,8/29/2023,11:03,,
1693321380,3.45,20.179,1.329,0.978,7450-778298,TRUE,8/29/2023 11:03,2023-LCS-NWA-280823-006A,8/29/2023,11:03,,
,,,,,,FISH,8/29/2023 11:06,2023-LCS-NWA-280823-006A,8/29/2023,11:06,,
1693321620,3.41,24.184,7.485,0.91,7450-049711,FALSE,8/29/2023 11:07,2023-LCS-NWA-280823-001A,8/29/2023,11:07,,
1693321740,3.41,23.65,7.785,0.956,7450-770855,FALSE,8/29/2023 11:09,2023-LCS-NWA-280823-002A,8/29/2023,11:09,,
1693321980,3.39,28.435,7.245,0.972,7450-064567,FALSE,8/29/2023 11:13,2023-LCS-NWA-280823-004A,8/29/2023,11:13,,
1693321980,3.45,20.221,1.214,0.977,7450-778298,FALSE,8/29/2023 11:13,2023-LCS-NWA-280823-006A,8/29/2023,11:13,,
1693322220,3.41,24.486,7.431,0.91,7450-049711,FALSE,8/29/2023 11:17,2023-LCS-NWA-280823-001A,8/29/2023,11:17,,
1693322340,3.41,24.228,7.679,0.957,7450-770855,FALSE,8/29/2023 11:19,2023-LCS-NWA-280823-002A,8/29/2023,11:19,,
1693322580,3.4,27.838,7.305,0.97,7450-064567,FALSE,8/29/2023 11:23,2023-LCS-NWA-280823-004A,8/29/2023,11:23,,
1693322580,3.45,20.221,1.181,0.977,7450-778298,FALSE,8/29/2023 11:23,2023-LCS-NWA-280823-006A,8/29/2023,11:23,,
1693322820,3.41,24.671,7.421,0.91,7450-049711,FALSE,8/29/2023 11:27,2023-LCS-NWA-280823-001A,8/29/2023,11:27,,
1693322940,3.41,24.69,7.569,0.957,7450-770855,FALSE,8/29/2023 11:29,2023-LCS-NWA-280823-002A,8/29/2023,11:29,,
1693323180,3.39,27.48,7.329,0.971,7450-064567,FALSE,8/29/2023 11:33,2023-LCS-NWA-280823-004A,8/29/2023,11:33,,
1693323180,3.44,20.564,8.232,0.977,7450-778298,FALSE,8/29/2023 11:33,2023-LCS-NWA-280823-006A,8/29/2023,11:33,,
1693323420,3.41,24.545,7.459,0.91,7450-049711,FALSE,8/29/2023 11:37,2023-LCS-NWA-280823-001A,8/29/2023,11:37,,
1693323540,3.41,24.883,7.501,0.957,7450-770855,FALSE,8/29/2023 11:39,2023-LCS-NWA-280823-002A,8/29/2023,11:39,,
1693323780,3.4,27.2,7.339,0.97,7450-064567,FALSE,8/29/2023 11:43,2023-LCS-NWA-280823-004A,8/29/2023,11:43,,
1693323780,3.44,21.786,8.029,0.975,7450-778298,FALSE,8/29/2023 11:43,2023-LCS-NWA-280823-006A,8/29/2023,11:43,,
1693324140,3.41,25.093,7.42,0.957,7450-770855,FALSE,8/29/2023 11:49,2023-LCS-NWA-280823-002A,8/29/2023,11:49,,
1693324380,3.44,23.008,7.845,0.977,7450-778298,FALSE,8/29/2023 11:53,2023-LCS-NWA-280823-006A,8/29/2023,11:53,,
1693324980,3.44,25.384,7.496,0.98,7450-778298,FALSE,8/29/2023 12:03,2023-LCS-NWA-280823-006A,8/29/2023,12:03,,
,,19.29,0.92,,YSI,SET,8/29/2023 12:52,2023-LCS-NWA-290823-001A,8/29/2023,12:52,,
,,20.97,1.08,,YSI,SET,8/29/2023 13:11,2023-LCS-NWA-290823-002A,8/29/2023,13:11,,
1693329300,3.43,22.412,0.47,0.948,7450-770855,TRUE,8/29/2023 13:15,2023-LCS-NWA-290823-001A,8/29/2023,13:15,,
1693329900,3.43,20.632,0.326,0.944,7450-770855,TRUE,8/29/2023 13:25,2023-LCS-NWA-290823-001A,8/29/2023,13:25,,
,,22.02,12.65,,YSI,SET,8/29/2023 13:30,2023-LCS-NWA-290823-003A,8/29/2023,13:30,,
1693330500,3.44,20.197,0.36,0.944,7450-770855,TRUE,8/29/2023 13:35,2023-LCS-NWA-290823-001A,8/29/2023,13:35,,
1693330680,3.44,27.024,1.661,0.986,7450-778298,TRUE,8/29/2023 13:38,2023-LCS-NWA-290823-002A,8/29/2023,13:38,,
1693331100,3.43,19.963,0.272,0.942,7450-770855,TRUE,8/29/2023 13:45,2023-LCS-NWA-290823-001A,8/29/2023,13:45,,
1693331100,3.42,24.537,10.129,0.914,7450-049711,TRUE,8/29/2023 13:45,2023-LCS-NWA-290823-003A,8/29/2023,13:45,,
1693331280,3.45,22.564,0.555,0.974,7450-778298,TRUE,8/29/2023 13:48,2023-LCS-NWA-290823-002A,8/29/2023,13:48,,
1693331700,3.43,19.887,0.182,0.939,7450-770855,TRUE,8/29/2023 13:55,2023-LCS-NWA-290823-001A,8/29/2023,13:55,,
1693331700,3.42,23.028,9.946,0.912,7450-049711,TRUE,8/29/2023 13:55,2023-LCS-NWA-290823-003A,8/29/2023,13:55,,
1693331880,3.46,22.254,0.506,0.973,7450-778298,TRUE,8/29/2023 13:58,2023-LCS-NWA-290823-002A,8/29/2023,13:58,,
1693332300,3.43,19.846,0.144,0.938,7450-770855,TRUE,8/29/2023 14:05,2023-LCS-NWA-290823-001A,8/29/2023,14:05,,
1693332300,3.43,22.651,9.755,0.912,7450-049711,TRUE,8/29/2023 14:05,2023-LCS-NWA-290823-003A,8/29/2023,14:05,,
1693332480,3.46,22.271,0.518,0.973,7450-778298,TRUE,8/29/2023 14:08,2023-LCS-NWA-290823-002A,8/29/2023,14:08,,
,,22.36,7.92,,YSI,SET,8/29/2023 14:10,2023-LCS-NWA-290823-006A,8/29/2023,14:10,,
1693332900,3.43,19.887,0.209,0.939,7450-770855,TRUE,8/29/2023 14:15,2023-LCS-NWA-290823-001A,8/29/2023,14:15,,
1693332900,3.43,22.517,9.295,0.912,7450-049711,TRUE,8/29/2023 14:15,2023-LCS-NWA-290823-003A,8/29/2023,14:15,,
1693333080,3.45,22.447,0.572,0.974,7450-778298,TRUE,8/29/2023 14:18,2023-LCS-NWA-290823-002A,8/29/2023,14:18,,
1693333500,3.43,19.896,0.162,0.938,7450-770855,TRUE,8/29/2023 14:25,2023-LCS-NWA-290823-001A,8/29/2023,14:25,,
1693333500,3.43,22.467,8.572,0.911,7450-049711,TRUE,8/29/2023 14:25,2023-LCS-NWA-290823-003A,8/29/2023,14:25,,
1693333680,3.45,22.748,0.718,0.976,7450-778298,TRUE,8/29/2023 14:28,2023-LCS-NWA-290823-002A,8/29/2023,14:28,,
1693333740,3.43,22.781,4.645,0.969,7450-064567,TRUE,8/29/2023 14:29,2023-LCS-NWA-290823-006A,8/29/2023,14:29,,
1693334100,3.43,19.913,0.188,0.938,7450-770855,TRUE,8/29/2023 14:35,2023-LCS-NWA-290823-001A,8/29/2023,14:35,,
1693334100,3.43,22.492,9.134,0.911,7450-049711,TRUE,8/29/2023 14:35,2023-LCS-NWA-290823-003A,8/29/2023,14:35,,
1693334280,3.45,22.974,0.624,0.975,7450-778298,TRUE,8/29/2023 14:38,2023-LCS-NWA-290823-002A,8/29/2023,14:38,,
1693334340,3.43,21.961,3.861,0.971,7450-064567,TRUE,8/29/2023 14:39,2023-LCS-NWA-290823-006A,8/29/2023,14:39,,
1693334700,3.43,19.954,0.182,0.938,7450-770855,TRUE,8/29/2023 14:45,2023-LCS-NWA-290823-001A,8/29/2023,14:45,,
1693334700,3.43,22.542,8.812,0.912,7450-049711,TRUE,8/29/2023 14:45,2023-LCS-NWA-290823-003A,8/29/2023,14:45,,
1693334880,3.45,23.594,1.357,0.982,7450-778298,TRUE,8/29/2023 14:48,2023-LCS-NWA-290823-002A,8/29/2023,14:48,,
1693334940,3.43,21.744,3.887,0.972,7450-064567,TRUE,8/29/2023 14:49,2023-LCS-NWA-290823-006A,8/29/2023,14:49,,
1693335300,3.43,19.988,0.149,0.937,7450-770855,TRUE,8/29/2023 14:55,2023-LCS-NWA-290823-001A,8/29/2023,14:55,,
1693335300,3.43,22.601,8.802,0.912,7450-049711,TRUE,8/29/2023 14:55,2023-LCS-NWA-290823-003A,8/29/2023,14:55,,
1693335480,3.45,23.854,1.673,0.983,7450-778298,TRUE,8/29/2023 14:58,2023-LCS-NWA-290823-002A,8/29/2023,14:58,,
1693335540,3.43,21.702,3.923,0.972,7450-064567,TRUE,8/29/2023 14:59,2023-LCS-NWA-290823-006A,8/29/2023,14:59,,
1693335900,3.43,20.021,0.095,0.936,7450-770855,TRUE,8/29/2023 15:05,2023-LCS-NWA-290823-001A,8/29/2023,15:05,,
1693335900,3.42,22.618,8.497,0.912,7450-049711,TRUE,8/29/2023 15:05,2023-LCS-NWA-290823-003A,8/29/2023,15:05,,
1693336080,3.45,24.03,1.821,0.983,7450-778298,TRUE,8/29/2023 15:08,2023-LCS-NWA-290823-002A,8/29/2023,15:08,,
1693336140,3.43,21.702,4.028,0.971,7450-064567,TRUE,8/29/2023 15:09,2023-LCS-NWA-290823-006A,8/29/2023,15:09,,
1693336500,3.43,20.038,0.159,0.937,7450-770855,TRUE,8/29/2023 15:15,2023-LCS-NWA-290823-001A,8/29/2023,15:15,,
1693336500,3.42,22.71,8.259,0.911,7450-049711,TRUE,8/29/2023 15:15,2023-LCS-NWA-290823-003A,8/29/2023,15:15,,
1693336680,3.44,24.24,1.895,0.983,7450-778298,TRUE,8/29/2023 15:18,2023-LCS-NWA-290823-002A,8/29/2023,15:18,,
1693336740,3.43,21.736,3.896,0.972,7450-064567,TRUE,8/29/2023 15:19,2023-LCS-NWA-290823-006A,8/29/2023,15:19,,
1693337100,3.43,20.08,0.137,0.937,7450-770855,TRUE,8/29/2023 15:25,2023-LCS-NWA-290823-001A,8/29/2023,15:25,,
1693337100,3.42,22.76,8.143,0.911,7450-049711,TRUE,8/29/2023 15:25,2023-LCS-NWA-290823-003A,8/29/2023,15:25,,
1693337280,3.45,24.467,2.133,0.984,7450-778298,TRUE,8/29/2023 15:28,2023-LCS-NWA-290823-002A,8/29/2023,15:28,,
1693337340,3.43,21.752,3.581,0.972,7450-064567,TRUE,8/29/2023 15:29,2023-LCS-NWA-290823-006A,8/29/2023,15:29,,
1693337700,3.43,20.155,0.094,0.936,7450-770855,TRUE,8/29/2023 15:35,2023-LCS-NWA-290823-001A,8/29/2023,15:35,,
1693337700,3.42,22.81,7.752,0.911,7450-049711,TRUE,8/29/2023 15:35,2023-LCS-NWA-290823-003A,8/29/2023,15:35,,
1693337880,3.45,24.719,2.324,0.983,7450-778298,TRUE,8/29/2023 15:38,2023-LCS-NWA-290823-002A,8/29/2023,15:38,,
1693337940,3.43,21.752,3.308,0.971,7450-064567,TRUE,8/29/2023 15:39,2023-LCS-NWA-290823-006A,8/29/2023,15:39,,
1693338300,3.43,20.138,0.092,0.935,7450-770855,TRUE,8/29/2023 15:45,2023-LCS-NWA-290823-001A,8/29/2023,15:45,,
1693338300,3.42,22.827,7.378,0.911,7450-049711,TRUE,8/29/2023 15:45,2023-LCS-NWA-290823-003A,8/29/2023,15:45,,
1693338480,3.45,24.71,2.174,0.983,7450-778298,TRUE,8/29/2023 15:48,2023-LCS-NWA-290823-002A,8/29/2023,15:48,,
1693338540,3.43,21.777,3.862,0.971,7450-064567,TRUE,8/29/2023 15:49,2023-LCS-NWA-290823-006A,8/29/2023,15:49,,
1693338900,3.43,20.164,0.165,0.937,7450-770855,TRUE,8/29/2023 15:55,2023-LCS-NWA-290823-001A,8/29/2023,15:55,,
1693338900,3.42,22.843,7.43,0.912,7450-049711,TRUE,8/29/2023 15:55,2023-LCS-NWA-290823-003A,8/29/2023,15:55,,
1693339080,3.45,24.668,2.273,0.984,7450-778298,TRUE,8/29/2023 15:58,2023-LCS-NWA-290823-002A,8/29/2023,15:58,,
1693339140,3.43,21.752,3.827,0.972,7450-064567,TRUE,8/29/2023 15:59,2023-LCS-NWA-290823-006A,8/29/2023,15:59,,
1693339500,3.43,20.214,0.293,0.941,7450-770855,TRUE,8/29/2023 16:05,2023-LCS-NWA-290823-001A,8/29/2023,16:05,,
1693339500,3.42,22.852,7.116,0.911,7450-049711,TRUE,8/29/2023 16:05,2023-LCS-NWA-290823-003A,8/29/2023,16:05,,
1693339680,3.45,24.845,2.482,0.984,7450-778298,TRUE,8/29/2023 16:08,2023-LCS-NWA-290823-002A,8/29/2023,16:08,,
1693339740,3.42,21.802,3.866,0.971,7450-064567,TRUE,8/29/2023 16:09,2023-LCS-NWA-290823-006A,8/29/2023,16:09,,
1693340100,3.43,20.239,0.37,0.942,7450-770855,TRUE,8/29/2023 16:15,2023-LCS-NWA-290823-001A,8/29/2023,16:15,,
1693340100,3.42,22.894,7.537,0.911,7450-049711,TRUE,8/29/2023 16:15,2023-LCS-NWA-290823-003A,8/29/2023,16:15,,
1693340280,3.45,24.761,2.277,0.984,7450-778298,TRUE,8/29/2023 16:18,2023-LCS-NWA-290823-002A,8/29/2023,16:18,,
1693340340,3.42,21.794,3.586,0.972,7450-064567,TRUE,8/29/2023 16:19,2023-LCS-NWA-290823-006A,8/29/2023,16:19,,
1693340700,3.43,20.239,0.306,0.941,7450-770855,TRUE,8/29/2023 16:25,2023-LCS-NWA-290823-001A,8/29/2023,16:25,,
1693340700,3.42,22.961,7.041,0.911,7450-049711,TRUE,8/29/2023 16:25,2023-LCS-NWA-290823-003A,8/29/2023,16:25,,
1693340880,3.45,24.921,2.59,0.984,7450-778298,TRUE,8/29/2023 16:28,2023-LCS-NWA-290823-002A,8/29/2023,16:28,,
1693340940,3.42,21.836,3.645,0.971,7450-064567,TRUE,8/29/2023 16:29,2023-LCS-NWA-290823-006A,8/29/2023,16:29,,
1693341300,3.43,20.247,0.183,0.938,7450-770855,TRUE,8/29/2023 16:35,2023-LCS-NWA-290823-001A,8/29/2023,16:35,,
1693341300,3.42,23.011,7.068,0.912,7450-049711,TRUE,8/29/2023 16:35,2023-LCS-NWA-290823-003A,8/29/2023,16:35,,
1693341480,3.45,24.912,2.759,0.984,7450-778298,TRUE,8/29/2023 16:38,2023-LCS-NWA-290823-002A,8/29/2023,16:38,,
1693341540,3.42,21.861,3.828,0.972,7450-064567,TRUE,8/29/2023 16:39,2023-LCS-NWA-290823-006A,8/29/2023,16:39,,
1693341900,3.43,20.297,0.243,0.939,7450-770855,TRUE,8/29/2023 16:45,2023-LCS-NWA-290823-001A,8/29/2023,16:45,,
1693341900,3.42,23.17,7.59,0.911,7450-049711,TRUE,8/29/2023 16:45,2023-LCS-NWA-290823-003A,8/29/2023,16:45,,
1693342080,3.45,24.752,2.983,0.984,7450-778298,TRUE,8/29/2023 16:48,2023-LCS-NWA-290823-002A,8/29/2023,16:48,,
1693342140,3.42,21.894,3.798,0.971,7450-064567,TRUE,8/29/2023 16:49,2023-LCS-NWA-290823-006A,8/29/2023,16:49,,
1693342500,3.43,20.281,0.285,0.94,7450-770855,TRUE,8/29/2023 16:55,2023-LCS-NWA-290823-001A,8/29/2023,16:55,,
1693342500,3.42,23.312,8.282,0.912,7450-049711,TRUE,8/29/2023 16:55,2023-LCS-NWA-290823-003A,8/29/2023,16:55,,
1693342680,3.45,24.803,3.053,0.984,7450-778298,TRUE,8/29/2023 16:58,2023-LCS-NWA-290823-002A,8/29/2023,16:58,,
1693342740,3.42,21.911,3.825,0.971,7450-064567,TRUE,8/29/2023 16:59,2023-LCS-NWA-290823-006A,8/29/2023,16:59,,
1693343100,3.43,20.339,0.2,0.938,7450-770855,TRUE,8/29/2023 17:05,2023-LCS-NWA-290823-001A,8/29/2023,17:05,,
1693343100,3.42,23.312,8.189,0.911,7450-049711,TRUE,8/29/2023 17:05,2023-LCS-NWA-290823-003A,8/29/2023,17:05,,
1693343280,3.45,24.811,3.123,0.984,7450-778298,TRUE,8/29/2023 17:08,2023-LCS-NWA-290823-002A,8/29/2023,17:08,,
1693343340,3.42,21.945,3.959,0.971,7450-064567,TRUE,8/29/2023 17:09,2023-LCS-NWA-290823-006A,8/29/2023,17:09,,
1693343700,3.43,20.306,0.33,0.941,7450-770855,TRUE,8/29/2023 17:15,2023-LCS-NWA-290823-001A,8/29/2023,17:15,,
1693343700,3.42,23.287,8.662,0.912,7450-049711,TRUE,8/29/2023 17:15,2023-LCS-NWA-290823-003A,8/29/2023,17:15,,
1693343880,3.45,24.736,3.191,0.984,7450-778298,TRUE,8/29/2023 17:18,2023-LCS-NWA-290823-002A,8/29/2023,17:18,,
1693343940,3.42,21.945,4.598,0.971,7450-064567,TRUE,8/29/2023 17:19,2023-LCS-NWA-290823-006A,8/29/2023,17:19,,
1693344300,3.43,20.356,0.28,0.94,7450-770855,TRUE,8/29/2023 17:25,2023-LCS-NWA-290823-001A,8/29/2023,17:25,,
1693344300,3.42,23.362,8.765,0.911,7450-049711,TRUE,8/29/2023 17:25,2023-LCS-NWA-290823-003A,8/29/2023,17:25,,
1693344480,3.45,24.694,3.289,0.983,7450-778298,TRUE,8/29/2023 17:28,2023-LCS-NWA-290823-002A,8/29/2023,17:28,,
1693344540,3.42,21.911,4.902,0.971,7450-064567,TRUE,8/29/2023 17:29,2023-LCS-NWA-290823-006A,8/29/2023,17:29,,
1693344900,3.43,20.331,0.292,0.941,7450-770855,TRUE,8/29/2023 17:35,2023-LCS-NWA-290823-001A,8/29/2023,17:35,,
1693344900,3.42,23.262,7.785,0.911,7450-049711,TRUE,8/29/2023 17:35,2023-LCS-NWA-290823-003A,8/29/2023,17:35,,
1693345080,3.45,24.794,3.271,0.984,7450-778298,TRUE,8/29/2023 17:38,2023-LCS-NWA-290823-002A,8/29/2023,17:38,,
1693345140,3.42,21.928,5.107,0.971,7450-064567,TRUE,8/29/2023 17:39,2023-LCS-NWA-290823-006A,8/29/2023,17:39,,
1693345500,3.43,20.406,0.242,0.939,7450-770855,TRUE,8/29/2023 17:45,2023-LCS-NWA-290823-001A,8/29/2023,17:45,,
1693345500,3.42,23.187,7.916,0.911,7450-049711,TRUE,8/29/2023 17:45,2023-LCS-NWA-290823-003A,8/29/2023,17:45,,
1693345680,3.45,24.862,3.308,0.984,7450-778298,TRUE,8/29/2023 17:48,2023-LCS-NWA-290823-002A,8/29/2023,17:48,,
1693345740,3.42,21.928,5.071,0.971,7450-064567,TRUE,8/29/2023 17:49,2023-LCS-NWA-290823-006A,8/29/2023,17:49,,
1693346100,3.43,20.431,0.299,0.941,7450-770855,TRUE,8/29/2023 17:55,2023-LCS-NWA-290823-001A,8/29/2023,17:55,,
1693346100,3.42,23.17,7.63,0.912,7450-049711,TRUE,8/29/2023 17:55,2023-LCS-NWA-290823-003A,8/29/2023,17:55,,
1693346280,3.45,24.811,3.342,0.984,7450-778298,TRUE,8/29/2023 17:58,2023-LCS-NWA-290823-002A,8/29/2023,17:58,,
1693346340,3.42,21.936,4.888,0.971,7450-064567,TRUE,8/29/2023 17:59,2023-LCS-NWA-290823-006A,8/29/2023,17:59,,
1693346700,3.43,20.423,0.356,0.942,7450-770855,TRUE,8/29/2023 18:05,2023-LCS-NWA-290823-001A,8/29/2023,18:05,,
1693346700,3.42,23.237,7.687,0.912,7450-049711,TRUE,8/29/2023 18:05,2023-LCS-NWA-290823-003A,8/29/2023,18:05,,
1693346880,3.45,24.652,3.419,0.984,7450-778298,TRUE,8/29/2023 18:08,2023-LCS-NWA-290823-002A,8/29/2023,18:08,,
1693346940,3.42,21.978,4.52,0.971,7450-064567,TRUE,8/29/2023 18:09,2023-LCS-NWA-290823-006A,8/29/2023,18:09,,
1693347300,3.43,20.473,0.344,0.942,7450-770855,TRUE,8/29/2023 18:15,2023-LCS-NWA-290823-001A,8/29/2023,18:15,,
1693347300,3.42,23.12,7.566,0.911,7450-049711,TRUE,8/29/2023 18:15,2023-LCS-NWA-290823-003A,8/29/2023,18:15,,
1693347480,3.45,24.5,3.452,0.984,7450-778298,TRUE,8/29/2023 18:18,2023-LCS-NWA-290823-002A,8/29/2023,18:18,,
1693347540,3.42,21.936,4.047,0.971,7450-064567,TRUE,8/29/2023 18:19,2023-LCS-NWA-290823-006A,8/29/2023,18:19,,
1693347900,3.43,20.49,0.339,0.942,7450-770855,TRUE,8/29/2023 18:25,2023-LCS-NWA-290823-001A,8/29/2023,18:25,,
1693347900,3.42,23.086,7.347,0.911,7450-049711,TRUE,8/29/2023 18:25,2023-LCS-NWA-290823-003A,8/29/2023,18:25,,
1693348080,3.45,24.517,3.427,0.984,7450-778298,TRUE,8/29/2023 18:28,2023-LCS-NWA-290823-002A,8/29/2023,18:28,,
1693348140,3.42,21.978,3.786,0.972,7450-064567,TRUE,8/29/2023 18:29,2023-LCS-NWA-290823-006A,8/29/2023,18:29,,
1693348500,3.43,20.423,0.243,0.939,7450-770855,TRUE,8/29/2023 18:35,2023-LCS-NWA-290823-001A,8/29/2023,18:35,,
1693348500,3.42,23.044,7.356,0.912,7450-049711,TRUE,8/29/2023 18:35,2023-LCS-NWA-290823-003A,8/29/2023,18:35,,
1693348680,3.45,24.45,3.177,0.984,7450-778298,TRUE,8/29/2023 18:38,2023-LCS-NWA-290823-002A,8/29/2023,18:38,,
1693348740,3.42,21.97,3.449,0.972,7450-064567,TRUE,8/29/2023 18:39,2023-LCS-NWA-290823-006A,8/29/2023,18:39,,
1693349100,3.43,20.456,0.244,0.939,7450-770855,TRUE,8/29/2023 18:45,2023-LCS-NWA-290823-001A,8/29/2023,18:45,,
1693349100,3.42,23.036,7.268,0.911,7450-049711,TRUE,8/29/2023 18:45,2023-LCS-NWA-290823-003A,8/29/2023,18:45,,
1693349280,3.44,24.29,3.235,0.984,7450-778298,TRUE,8/29/2023 18:48,2023-LCS-NWA-290823-002A,8/29/2023,18:48,,
1693349340,3.42,21.986,3.105,0.972,7450-064567,TRUE,8/29/2023 18:49,2023-LCS-NWA-290823-006A,8/29/2023,18:49,,
1693349700,3.43,20.548,0.374,0.942,7450-770855,TRUE,8/29/2023 18:55,2023-LCS-NWA-290823-001A,8/29/2023,18:55,,
1693349700,3.42,23.011,7.178,0.912,7450-049711,TRUE,8/29/2023 18:55,2023-LCS-NWA-290823-003A,8/29/2023,18:55,,
1693349880,3.44,24.215,3.289,0.984,7450-778298,TRUE,8/29/2023 18:58,2023-LCS-NWA-290823-002A,8/29/2023,18:58,,
1693349940,3.42,21.995,2.719,0.968,7450-064567,TRUE,8/29/2023 18:59,2023-LCS-NWA-290823-006A,8/29/2023,18:59,,
1693350300,3.43,20.573,0.346,0.942,7450-770855,TRUE,8/29/2023 19:05,2023-LCS-NWA-290823-001A,8/29/2023,19:05,,
1693350300,3.42,22.961,7.118,0.911,7450-049711,TRUE,8/29/2023 19:05,2023-LCS-NWA-290823-003A,8/29/2023,19:05,,
1693350480,3.44,24.106,3.216,0.984,7450-778298,TRUE,8/29/2023 19:08,2023-LCS-NWA-290823-002A,8/29/2023,19:08,,
1693350540,3.42,21.978,2.474,0.97,7450-064567,TRUE,8/29/2023 19:09,2023-LCS-NWA-290823-006A,8/29/2023,19:09,,
1693350900,3.43,20.532,0.402,0.943,7450-770855,TRUE,8/29/2023 19:15,2023-LCS-NWA-290823-001A,8/29/2023,19:15,,
1693350900,3.42,22.944,7.167,0.911,7450-049711,TRUE,8/29/2023 19:15,2023-LCS-NWA-290823-003A,8/29/2023,19:15,,
1693351080,3.44,24.038,3.132,0.984,7450-778298,TRUE,8/29/2023 19:18,2023-LCS-NWA-290823-002A,8/29/2023,19:18,,
1693351140,3.42,22.062,2.855,0.97,7450-064567,TRUE,8/29/2023 19:19,2023-LCS-NWA-290823-006A,8/29/2023,19:19,,
1693351500,3.43,20.64,0.491,0.945,7450-770855,TRUE,8/29/2023 19:25,2023-LCS-NWA-290823-001A,8/29/2023,19:25,,
1693351500,3.42,22.877,7.024,0.912,7450-049711,TRUE,8/29/2023 19:25,2023-LCS-NWA-290823-003A,8/29/2023,19:25,,
1693351680,3.44,23.929,3.172,0.985,7450-778298,TRUE,8/29/2023 19:28,2023-LCS-NWA-290823-002A,8/29/2023,19:28,,
1693351740,3.42,22.045,2.515,0.972,7450-064567,TRUE,8/29/2023 19:29,2023-LCS-NWA-290823-006A,8/29/2023,19:29,,
1693352100,3.43,20.59,0.368,0.942,7450-770855,TRUE,8/29/2023 19:35,2023-LCS-NWA-290823-001A,8/29/2023,19:35,,
1693352100,3.42,22.869,6.919,0.911,7450-049711,TRUE,8/29/2023 19:35,2023-LCS-NWA-290823-003A,8/29/2023,19:35,,
1693352280,3.44,23.837,2.963,0.984,7450-778298,TRUE,8/29/2023 19:38,2023-LCS-NWA-290823-002A,8/29/2023,19:38,,
1693352340,3.42,21.986,2.352,0.972,7450-064567,TRUE,8/29/2023 19:39,2023-LCS-NWA-290823-006A,8/29/2023,19:39,,
1693352700,3.43,20.64,0.416,0.943,7450-770855,TRUE,8/29/2023 19:45,2023-LCS-NWA-290823-001A,8/29/2023,19:45,,
1693352700,3.42,22.852,6.734,0.911,7450-049711,TRUE,8/29/2023 19:45,2023-LCS-NWA-290823-003A,8/29/2023,19:45,,
1693352880,3.45,23.753,2.887,0.984,7450-778298,TRUE,8/29/2023 19:48,2023-LCS-NWA-290823-002A,8/29/2023,19:48,,
1693352940,3.42,22.053,2.235,0.972,7450-064567,TRUE,8/29/2023 19:49,2023-LCS-NWA-290823-006A,8/29/2023,19:49,,
1693353300,3.42,20.64,0.485,0.945,7450-770855,TRUE,8/29/2023 19:55,2023-LCS-NWA-290823-001A,8/29/2023,19:55,,
1693353300,3.42,22.843,6.669,0.911,7450-049711,TRUE,8/29/2023 19:55,2023-LCS-NWA-290823-003A,8/29/2023,19:55,,
1693353480,3.45,23.619,2.951,0.984,7450-778298,TRUE,8/29/2023 19:58,2023-LCS-NWA-290823-002A,8/29/2023,19:58,,
1693353540,3.42,22.045,2.626,0.972,7450-064567,TRUE,8/29/2023 19:59,2023-LCS-NWA-290823-006A,8/29/2023,19:59,,
1693353900,3.42,20.674,0.665,0.948,7450-770855,TRUE,8/29/2023 20:05,2023-LCS-NWA-290823-001A,8/29/2023,20:05,,
1693353900,3.42,22.785,6.618,0.911,7450-049711,TRUE,8/29/2023 20:05,2023-LCS-NWA-290823-003A,8/29/2023,20:05,,
1693354080,3.45,23.502,2.796,0.984,7450-778298,TRUE,8/29/2023 20:08,2023-LCS-NWA-290823-002A,8/29/2023,20:08,,
1693354140,3.42,21.978,2.573,0.972,7450-064567,TRUE,8/29/2023 20:09,2023-LCS-NWA-290823-006A,8/29/2023,20:09,,
1693354500,3.42,20.808,0.933,0.952,7450-770855,TRUE,8/29/2023 20:15,2023-LCS-NWA-290823-001A,8/29/2023,20:15,,
1693354500,3.42,22.751,6.581,0.912,7450-049711,TRUE,8/29/2023 20:15,2023-LCS-NWA-290823-003A,8/29/2023,20:15,,
1693354680,3.45,23.401,2.675,0.984,7450-778298,TRUE,8/29/2023 20:18,2023-LCS-NWA-290823-002A,8/29/2023,20:18,,
1693354740,3.42,21.97,2.566,0.972,7450-064567,TRUE,8/29/2023 20:19,2023-LCS-NWA-290823-006A,8/29/2023,20:19,,
1693355100,3.42,20.732,0.68,0.948,7450-770855,TRUE,8/29/2023 20:25,2023-LCS-NWA-290823-001A,8/29/2023,20:25,,
1693355100,3.42,22.726,6.463,0.911,7450-049711,TRUE,8/29/2023 20:25,2023-LCS-NWA-290823-003A,8/29/2023,20:25,,
1693355280,3.45,23.267,2.593,0.984,7450-778298,TRUE,8/29/2023 20:28,2023-LCS-NWA-290823-002A,8/29/2023,20:28,,
1693355340,3.42,21.953,2.585,0.972,7450-064567,TRUE,8/29/2023 20:29,2023-LCS-NWA-290823-006A,8/29/2023,20:29,,
1693355700,3.42,20.741,0.739,0.949,7450-770855,TRUE,8/29/2023 20:35,2023-LCS-NWA-290823-001A,8/29/2023,20:35,,
1693355700,3.42,22.684,6.355,0.911,7450-049711,TRUE,8/29/2023 20:35,2023-LCS-NWA-290823-003A,8/29/2023,20:35,,
1693355880,3.44,23.217,2.645,0.985,7450-778298,TRUE,8/29/2023 20:38,2023-LCS-NWA-290823-002A,8/29/2023,20:38,,
1693355940,3.42,21.953,2.091,0.972,7450-064567,TRUE,8/29/2023 20:39,2023-LCS-NWA-290823-006A,8/29/2023,20:39,,
1693356300,3.42,20.757,0.583,0.947,7450-770855,TRUE,8/29/2023 20:45,2023-LCS-NWA-290823-001A,8/29/2023,20:45,,
1693356300,3.42,22.668,6.254,0.912,7450-049711,TRUE,8/29/2023 20:45,2023-LCS-NWA-290823-003A,8/29/2023,20:45,,
1693356480,3.44,23.133,2.616,0.984,7450-778298,TRUE,8/29/2023 20:48,2023-LCS-NWA-290823-002A,8/29/2023,20:48,,
1693356540,3.42,21.886,2.375,0.972,7450-064567,TRUE,8/29/2023 20:49,2023-LCS-NWA-290823-006A,8/29/2023,20:49,,
1693356900,3.42,20.707,0.612,0.947,7450-770855,TRUE,8/29/2023 20:55,2023-LCS-NWA-290823-001A,8/29/2023,20:55,,
1693356900,3.42,22.634,6.116,0.911,7450-049711,TRUE,8/29/2023 20:55,2023-LCS-NWA-290823-003A,8/29/2023,20:55,,
1693357080,3.44,23.091,2.539,0.984,7450-778298,TRUE,8/29/2023 20:58,2023-LCS-NWA-290823-002A,8/29/2023,20:58,,
1693357140,3.42,21.911,2.455,0.972,7450-064567,TRUE,8/29/2023 20:59,2023-LCS-NWA-290823-006A,8/29/2023,20:59,,
1693357500,3.42,20.724,0.611,0.947,7450-770855,TRUE,8/29/2023 21:05,2023-LCS-NWA-290823-001A,8/29/2023,21:05,,
1693357500,3.42,22.567,6.024,0.911,7450-049711,TRUE,8/29/2023 21:05,2023-LCS-NWA-290823-003A,8/29/2023,21:05,,
1693357680,3.44,22.991,2.555,0.984,7450-778298,TRUE,8/29/2023 21:08,2023-LCS-NWA-290823-002A,8/29/2023,21:08,,
1693357740,3.42,21.869,2.445,0.972,7450-064567,TRUE,8/29/2023 21:09,2023-LCS-NWA-290823-006A,8/29/2023,21:09,,
1693358100,3.42,20.757,0.465,0.944,7450-770855,TRUE,8/29/2023 21:15,2023-LCS-NWA-290823-001A,8/29/2023,21:15,,
1693358100,3.42,22.592,5.905,0.912,7450-049711,TRUE,8/29/2023 21:15,2023-LCS-NWA-290823-003A,8/29/2023,21:15,,
1693358280,3.44,22.907,2.419,0.984,7450-778298,TRUE,8/29/2023 21:18,2023-LCS-NWA-290823-002A,8/29/2023,21:18,,
1693358340,3.42,21.827,2.442,0.972,7450-064567,TRUE,8/29/2023 21:19,2023-LCS-NWA-290823-006A,8/29/2023,21:19,,
1693358700,3.42,20.824,0.885,0.951,7450-770855,TRUE,8/29/2023 21:25,2023-LCS-NWA-290823-001A,8/29/2023,21:25,,
1693358700,3.42,22.584,5.686,0.911,7450-049711,TRUE,8/29/2023 21:25,2023-LCS-NWA-290823-003A,8/29/2023,21:25,,
1693358880,3.44,22.874,2.45,0.984,7450-778298,TRUE,8/29/2023 21:28,2023-LCS-NWA-290823-002A,8/29/2023,21:28,,
1693358940,3.42,21.811,2.278,0.972,7450-064567,TRUE,8/29/2023 21:29,2023-LCS-NWA-290823-006A,8/29/2023,21:29,,
1693359300,3.42,20.874,0.995,0.953,7450-770855,TRUE,8/29/2023 21:35,2023-LCS-NWA-290823-001A,8/29/2023,21:35,,
1693359300,3.42,22.576,5.557,0.911,7450-049711,TRUE,8/29/2023 21:35,2023-LCS-NWA-290823-003A,8/29/2023,21:35,,
1693359480,3.44,22.798,2.352,0.984,7450-778298,TRUE,8/29/2023 21:38,2023-LCS-NWA-290823-002A,8/29/2023,21:38,,
1693359540,3.42,21.786,2.158,0.972,7450-064567,TRUE,8/29/2023 21:39,2023-LCS-NWA-290823-006A,8/29/2023,21:39,,
1693359900,3.42,20.749,0.637,0.947,7450-770855,TRUE,8/29/2023 21:45,2023-LCS-NWA-290823-001A,8/29/2023,21:45,,
1693359900,3.42,22.526,5.481,0.911,7450-049711,TRUE,8/29/2023 21:45,2023-LCS-NWA-290823-003A,8/29/2023,21:45,,
1693360080,3.45,22.731,2.343,0.984,7450-778298,TRUE,8/29/2023 21:48,2023-LCS-NWA-290823-002A,8/29/2023,21:48,,
1693360140,3.42,21.727,2.157,0.971,7450-064567,TRUE,8/29/2023 21:49,2023-LCS-NWA-290823-006A,8/29/2023,21:49,,
1693360500,3.42,20.724,0.44,0.943,7450-770855,TRUE,8/29/2023 21:55,2023-LCS-NWA-290823-001A,8/29/2023,21:55,,
1693360500,3.42,22.45,5.623,0.912,7450-049711,TRUE,8/29/2023 21:55,2023-LCS-NWA-290823-003A,8/29/2023,21:55,,
1693360680,3.45,22.681,2.224,0.984,7450-778298,TRUE,8/29/2023 21:58,2023-LCS-NWA-290823-002A,8/29/2023,21:58,,
1693360740,3.42,21.66,2.057,0.972,7450-064567,TRUE,8/29/2023 21:59,2023-LCS-NWA-290823-006A,8/29/2023,21:59,,
1693361100,3.42,20.858,0.757,0.95,7450-770855,TRUE,8/29/2023 22:05,2023-LCS-NWA-290823-001A,8/29/2023,22:05,,
1693361100,3.42,22.375,5.602,0.911,7450-049711,TRUE,8/29/2023 22:05,2023-LCS-NWA-290823-003A,8/29/2023,22:05,,
1693361280,3.45,22.631,2.267,0.984,7450-778298,TRUE,8/29/2023 22:08,2023-LCS-NWA-290823-002A,8/29/2023,22:08,,
1693361340,3.42,21.627,2.014,0.971,7450-064567,TRUE,8/29/2023 22:09,2023-LCS-NWA-290823-006A,8/29/2023,22:09,,
1693361700,3.42,20.782,0.441,0.944,7450-770855,TRUE,8/29/2023 22:15,2023-LCS-NWA-290823-001A,8/29/2023,22:15,,
1693361700,3.42,22.291,5.481,0.911,7450-049711,TRUE,8/29/2023 22:15,2023-LCS-NWA-290823-003A,8/29/2023,22:15,,
1693361880,3.45,22.631,1.884,0.984,7450-778298,TRUE,8/29/2023 22:18,2023-LCS-NWA-290823-002A,8/29/2023,22:18,,
1693361940,3.42,21.602,2.341,0.972,7450-064567,TRUE,8/29/2023 22:19,2023-LCS-NWA-290823-006A,8/29/2023,22:19,,
1693362300,3.42,20.808,0.5,0.945,7450-770855,TRUE,8/29/2023 22:25,2023-LCS-NWA-290823-001A,8/29/2023,22:25,,
1693362300,3.42,22.233,5.494,0.911,7450-049711,TRUE,8/29/2023 22:25,2023-LCS-NWA-290823-003A,8/29/2023,22:25,,
1693362480,3.45,22.547,1.917,0.984,7450-778298,TRUE,8/29/2023 22:28,2023-LCS-NWA-290823-002A,8/29/2023,22:28,,
1693362540,3.42,21.526,3.015,0.972,7450-064567,TRUE,8/29/2023 22:29,2023-LCS-NWA-290823-006A,8/29/2023,22:29,,
1693362900,3.42,20.874,0.962,0.952,7450-770855,TRUE,8/29/2023 22:35,2023-LCS-NWA-290823-001A,8/29/2023,22:35,,
1693362900,3.42,22.191,5.516,0.911,7450-049711,TRUE,8/29/2023 22:35,2023-LCS-NWA-290823-003A,8/29/2023,22:35,,
1693363080,3.45,22.489,1.731,0.983,7450-778298,TRUE,8/29/2023 22:38,2023-LCS-NWA-290823-002A,8/29/2023,22:38,,
1693363140,3.42,21.501,3.943,0.972,7450-064567,TRUE,8/29/2023 22:39,2023-LCS-NWA-290823-006A,8/29/2023,22:39,,
1693363500,3.42,20.891,0.79,0.95,7450-770855,TRUE,8/29/2023 22:45,2023-LCS-NWA-290823-001A,8/29/2023,22:45,,
1693363500,3.42,22.124,5.567,0.911,7450-049711,TRUE,8/29/2023 22:45,2023-LCS-NWA-290823-003A,8/29/2023,22:45,,
1693363680,3.45,22.455,1.571,0.983,7450-778298,TRUE,8/29/2023 22:48,2023-LCS-NWA-290823-002A,8/29/2023,22:48,,
1693363740,3.42,21.451,3.803,0.972,7450-064567,TRUE,8/29/2023 22:49,2023-LCS-NWA-290823-006A,8/29/2023,22:49,,
1693364100,3.42,20.866,0.776,0.95,7450-770855,TRUE,8/29/2023 22:55,2023-LCS-NWA-290823-001A,8/29/2023,22:55,,
1693364100,3.42,22.074,5.473,0.911,7450-049711,TRUE,8/29/2023 22:55,2023-LCS-NWA-290823-003A,8/29/2023,22:55,,
1693364280,3.45,22.355,1.463,0.982,7450-778298,TRUE,8/29/2023 22:58,2023-LCS-NWA-290823-002A,8/29/2023,22:58,,
1693364340,3.42,21.401,3.831,0.972,7450-064567,TRUE,8/29/2023 22:59,2023-LCS-NWA-290823-006A,8/29/2023,22:59,,
1693364700,3.42,20.874,0.842,0.951,7450-770855,TRUE,8/29/2023 23:05,2023-LCS-NWA-290823-001A,8/29/2023,23:05,,
1693364700,3.42,22.007,5.335,0.911,7450-049711,TRUE,8/29/2023 23:05,2023-LCS-NWA-290823-003A,8/29/2023,23:05,,
1693364880,3.45,22.279,1.377,0.982,7450-778298,TRUE,8/29/2023 23:08,2023-LCS-NWA-290823-002A,8/29/2023,23:08,,
1693364940,3.42,21.376,3.257,0.972,7450-064567,TRUE,8/29/2023 23:09,2023-LCS-NWA-290823-006A,8/29/2023,23:09,,
1693365300,3.42,20.849,0.846,0.951,7450-770855,TRUE,8/29/2023 23:15,2023-LCS-NWA-290823-001A,8/29/2023,23:15,,
1693365300,3.42,21.974,5.395,0.912,7450-049711,TRUE,8/29/2023 23:15,2023-LCS-NWA-290823-003A,8/29/2023,23:15,,
1693365480,3.45,22.221,1.063,0.98,7450-778298,TRUE,8/29/2023 23:18,2023-LCS-NWA-290823-002A,8/29/2023,23:18,,
1693365540,3.42,21.326,2.729,0.972,7450-064567,TRUE,8/29/2023 23:19,2023-LCS-NWA-290823-006A,8/29/2023,23:19,,
1693365900,3.42,20.824,0.815,0.95,7450-770855,TRUE,8/29/2023 23:25,2023-LCS-NWA-290823-001A,8/29/2023,23:25,,
1693365900,3.42,21.898,5.32,0.911,7450-049711,TRUE,8/29/2023 23:25,2023-LCS-NWA-290823-003A,8/29/2023,23:25,,
1693366080,3.44,22.154,0.946,0.978,7450-778298,TRUE,8/29/2023 23:28,2023-LCS-NWA-290823-002A,8/29/2023,23:28,,
1693366140,3.42,21.284,3.002,0.971,7450-064567,TRUE,8/29/2023 23:29,2023-LCS-NWA-290823-006A,8/29/2023,23:29,,
1693366500,3.42,20.757,0.74,0.949,7450-770855,TRUE,8/29/2023 23:35,2023-LCS-NWA-290823-001A,8/29/2023,23:35,,
1693366500,3.42,21.865,5.263,0.912,7450-049711,TRUE,8/29/2023 23:35,2023-LCS-NWA-290823-003A,8/29/2023,23:35,,
1693366680,3.44,22.079,0.833,0.977,7450-778298,TRUE,8/29/2023 23:38,2023-LCS-NWA-290823-002A,8/29/2023,23:38,,
1693366740,3.42,21.225,2.809,0.972,7450-064567,TRUE,8/29/2023 23:39,2023-LCS-NWA-290823-006A,8/29/2023,23:39,,
1693367100,3.42,20.741,0.871,0.951,7450-770855,TRUE,8/29/2023 23:45,2023-LCS-NWA-290823-001A,8/29/2023,23:45,,
1693367100,3.42,21.798,5.197,0.911,7450-049711,TRUE,8/29/2023 23:45,2023-LCS-NWA-290823-003A,8/29/2023,23:45,,
1693367280,3.44,21.928,0.614,0.974,7450-778298,TRUE,8/29/2023 23:48,2023-LCS-NWA-290823-002A,8/29/2023,23:48,,
1693367340,3.42,21.167,3.172,0.972,7450-064567,TRUE,8/29/2023 23:49,2023-LCS-NWA-290823-006A,8/29/2023,23:49,,
1693367700,3.42,20.665,0.834,0.951,7450-770855,TRUE,8/29/2023 23:55,2023-LCS-NWA-290823-001A,8/29/2023,23:55,,
1693367700,3.42,21.773,5.121,0.911,7450-049711,TRUE,8/29/2023 23:55,2023-LCS-NWA-290823-003A,8/29/2023,23:55,,
1693367880,3.44,21.878,0.473,0.972,7450-778298,TRUE,8/29/2023 23:58,2023-LCS-NWA-290823-002A,8/29/2023,23:58,,
1693367940,3.42,21.125,3.346,0.971,7450-064567,TRUE,8/29/2023 23:59,2023-LCS-NWA-290823-006A,8/29/2023,23:59,,
1693368300,3.42,20.64,0.827,0.95,7450-770855,TRUE,8/30/2023 0:05,2023-LCS-NWA-290823-001A,8/30/2023,0:05,,
1693368300,3.42,21.731,5.124,0.911,7450-049711,TRUE,8/30/2023 0:05,2023-LCS-NWA-290823-003A,8/30/2023,0:05,,
1693368480,3.44,21.836,0.396,0.971,7450-778298,TRUE,8/30/2023 0:08,2023-LCS-NWA-290823-002A,8/30/2023,0:08,,
1693368540,3.42,21.1,3.241,0.971,7450-064567,TRUE,8/30/2023 0:09,2023-LCS-NWA-290823-006A,8/30/2023,0:09,,
1693368900,3.42,20.599,0.769,0.95,7450-770855,TRUE,8/30/2023 0:15,2023-LCS-NWA-290823-001A,8/30/2023,0:15,,
1693368900,3.42,21.714,4.988,0.911,7450-049711,TRUE,8/30/2023 0:15,2023-LCS-NWA-290823-003A,8/30/2023,0:15,,
1693369080,3.44,21.794,0.291,0.969,7450-778298,TRUE,8/30/2023 0:18,2023-LCS-NWA-290823-002A,8/30/2023,0:18,,
1693369140,3.42,21.042,3.47,0.971,7450-064567,TRUE,8/30/2023 0:19,2023-LCS-NWA-290823-006A,8/30/2023,0:19,,
1693369500,3.42,20.557,0.672,0.948,7450-770855,TRUE,8/30/2023 0:25,2023-LCS-NWA-290823-001A,8/30/2023,0:25,,
1693369500,3.42,21.647,4.913,0.911,7450-049711,TRUE,8/30/2023 0:25,2023-LCS-NWA-290823-003A,8/30/2023,0:25,,
1693369680,3.45,21.752,0.203,0.967,7450-778298,TRUE,8/30/2023 0:28,2023-LCS-NWA-290823-002A,8/30/2023,0:28,,
1693369740,3.42,20.958,3.684,0.972,7450-064567,TRUE,8/30/2023 0:29,2023-LCS-NWA-290823-006A,8/30/2023,0:29,,
1693370100,3.42,20.49,0.708,0.949,7450-770855,TRUE,8/30/2023 0:35,2023-LCS-NWA-290823-001A,8/30/2023,0:35,,
1693370100,3.42,21.581,4.776,0.911,7450-049711,TRUE,8/30/2023 0:35,2023-LCS-NWA-290823-003A,8/30/2023,0:35,,
1693370280,3.45,21.669,0.142,0.965,7450-778298,TRUE,8/30/2023 0:38,2023-LCS-NWA-290823-002A,8/30/2023,0:38,,
1693370340,3.42,20.883,3.614,0.972,7450-064567,TRUE,8/30/2023 0:39,2023-LCS-NWA-290823-006A,8/30/2023,0:39,,
1693370700,3.42,20.44,0.67,0.948,7450-770855,TRUE,8/30/2023 0:45,2023-LCS-NWA-290823-001A,8/30/2023,0:45,,
1693370700,3.42,21.547,4.62,0.911,7450-049711,TRUE,8/30/2023 0:45,2023-LCS-NWA-290823-003A,8/30/2023,0:45,,
1693370880,3.45,21.619,0.108,0.965,7450-778298,TRUE,8/30/2023 0:48,2023-LCS-NWA-290823-002A,8/30/2023,0:48,,
1693370940,3.42,20.849,3.529,0.971,7450-064567,TRUE,8/30/2023 0:49,2023-LCS-NWA-290823-006A,8/30/2023,0:49,,
1693371300,3.42,20.381,0.602,0.947,7450-770855,TRUE,8/30/2023 0:55,2023-LCS-NWA-290823-001A,8/30/2023,0:55,,
1693371300,3.42,21.48,4.538,0.911,7450-049711,TRUE,8/30/2023 0:55,2023-LCS-NWA-290823-003A,8/30/2023,0:55,,
1693371480,3.45,21.518,0.076,0.964,7450-778298,TRUE,8/30/2023 0:58,2023-LCS-NWA-290823-002A,8/30/2023,0:58,,
1693371540,3.42,20.732,3.485,0.971,7450-064567,TRUE,8/30/2023 0:59,2023-LCS-NWA-290823-006A,8/30/2023,0:59,,
1693371900,3.42,20.331,0.54,0.945,7450-770855,TRUE,8/30/2023 1:05,2023-LCS-NWA-290823-001A,8/30/2023,1:05,,
1693371900,3.42,21.422,4.321,0.911,7450-049711,TRUE,8/30/2023 1:05,2023-LCS-NWA-290823-003A,8/30/2023,1:05,,
1693372080,3.45,21.476,0.068,0.964,7450-778298,TRUE,8/30/2023 1:08,2023-LCS-NWA-290823-002A,8/30/2023,1:08,,
1693372140,3.42,20.707,3.436,0.971,7450-064567,TRUE,8/30/2023 1:09,2023-LCS-NWA-290823-006A,8/30/2023,1:09,,
1693372500,3.43,20.256,0.504,0.945,7450-770855,TRUE,8/30/2023 1:15,2023-LCS-NWA-290823-001A,8/30/2023,1:15,,
1693372500,3.42,21.338,4.287,0.912,7450-049711,TRUE,8/30/2023 1:15,2023-LCS-NWA-290823-003A,8/30/2023,1:15,,
1693372680,3.45,21.418,0.036,0.963,7450-778298,TRUE,8/30/2023 1:18,2023-LCS-NWA-290823-002A,8/30/2023,1:18,,
1693372740,3.42,20.623,3.467,0.971,7450-064567,TRUE,8/30/2023 1:19,2023-LCS-NWA-290823-006A,8/30/2023,1:19,,
1693373100,3.43,20.18,0.486,0.944,7450-770855,TRUE,8/30/2023 1:25,2023-LCS-NWA-290823-001A,8/30/2023,1:25,,
1693373100,3.42,21.271,4.091,0.912,7450-049711,TRUE,8/30/2023 1:25,2023-LCS-NWA-290823-003A,8/30/2023,1:25,,
1693373280,3.45,21.309,0.05,0.963,7450-778298,TRUE,8/30/2023 1:28,2023-LCS-NWA-290823-002A,8/30/2023,1:28,,
1693373340,3.42,20.573,3.442,0.971,7450-064567,TRUE,8/30/2023 1:29,2023-LCS-NWA-290823-006A,8/30/2023,1:29,,
1693373700,3.43,20.155,0.422,0.943,7450-770855,TRUE,8/30/2023 1:35,2023-LCS-NWA-290823-001A,8/30/2023,1:35,,
1693373700,3.42,21.221,3.945,0.912,7450-049711,TRUE,8/30/2023 1:35,2023-LCS-NWA-290823-003A,8/30/2023,1:35,,
1693373880,3.45,21.267,0.064,0.963,7450-778298,TRUE,8/30/2023 1:38,2023-LCS-NWA-290823-002A,8/30/2023,1:38,,
1693373940,3.42,20.506,3.246,0.971,7450-064567,TRUE,8/30/2023 1:39,2023-LCS-NWA-290823-006A,8/30/2023,1:39,,
1693374300,3.43,20.097,0.44,0.943,7450-770855,TRUE,8/30/2023 1:45,2023-LCS-NWA-290823-001A,8/30/2023,1:45,,
1693374300,3.42,21.163,3.843,0.911,7450-049711,TRUE,8/30/2023 1:45,2023-LCS-NWA-290823-003A,8/30/2023,1:45,,
1693374480,3.45,21.175,0.062,0.963,7450-778298,TRUE,8/30/2023 1:48,2023-LCS-NWA-290823-002A,8/30/2023,1:48,,
1693374540,3.42,20.431,3.375,0.971,7450-064567,TRUE,8/30/2023 1:49,2023-LCS-NWA-290823-006A,8/30/2023,1:49,,
1693374900,3.42,20.046,0.381,0.942,7450-770855,TRUE,8/30/2023 1:55,2023-LCS-NWA-290823-001A,8/30/2023,1:55,,
1693374900,3.42,21.112,3.76,0.912,7450-049711,TRUE,8/30/2023 1:55,2023-LCS-NWA-290823-003A,8/30/2023,1:55,,
1693375080,3.45,21.1,0.077,0.964,7450-778298,TRUE,8/30/2023 1:58,2023-LCS-NWA-290823-002A,8/30/2023,1:58,,
1693375140,3.42,20.372,3.355,0.971,7450-064567,TRUE,8/30/2023 1:59,2023-LCS-NWA-290823-006A,8/30/2023,1:59,,
1693375500,3.42,19.988,0.374,0.942,7450-770855,TRUE,8/30/2023 2:05,2023-LCS-NWA-290823-001A,8/30/2023,2:05,,
1693375500,3.42,21.046,3.639,0.912,7450-049711,TRUE,8/30/2023 2:05,2023-LCS-NWA-290823-003A,8/30/2023,2:05,,
1693375680,3.44,21.05,0.052,0.963,7450-778298,TRUE,8/30/2023 2:08,2023-LCS-NWA-290823-002A,8/30/2023,2:08,,
1693375740,3.42,20.339,3.162,0.971,7450-064567,TRUE,8/30/2023 2:09,2023-LCS-NWA-290823-006A,8/30/2023,2:09,,
1693376100,3.42,19.904,0.383,0.942,7450-770855,TRUE,8/30/2023 2:15,2023-LCS-NWA-290823-001A,8/30/2023,2:15,,
1693376100,3.42,20.962,3.574,0.912,7450-049711,TRUE,8/30/2023 2:15,2023-LCS-NWA-290823-003A,8/30/2023,2:15,,
1693376280,3.44,21.008,0.058,0.963,7450-778298,TRUE,8/30/2023 2:18,2023-LCS-NWA-290823-002A,8/30/2023,2:18,,
1693376340,3.42,20.305,3.032,0.971,7450-064567,TRUE,8/30/2023 2:19,2023-LCS-NWA-290823-006A,8/30/2023,2:19,,
1693376700,3.42,19.862,0.406,0.943,7450-770855,TRUE,8/30/2023 2:25,2023-LCS-NWA-290823-001A,8/30/2023,2:25,,
1693376700,3.42,20.92,3.484,0.912,7450-049711,TRUE,8/30/2023 2:25,2023-LCS-NWA-290823-003A,8/30/2023,2:25,,
1693376880,3.44,20.974,0.062,0.963,7450-778298,TRUE,8/30/2023 2:28,2023-LCS-NWA-290823-002A,8/30/2023,2:28,,
1693376940,3.42,20.238,3.078,0.97,7450-064567,TRUE,8/30/2023 2:29,2023-LCS-NWA-290823-006A,8/30/2023,2:29,,
1693377300,3.42,19.812,0.434,0.943,7450-770855,TRUE,8/30/2023 2:35,2023-LCS-NWA-290823-001A,8/30/2023,2:35,,
1693377300,3.42,20.862,3.33,0.912,7450-049711,TRUE,8/30/2023 2:35,2023-LCS-NWA-290823-003A,8/30/2023,2:35,,
1693377480,3.44,20.924,0.066,0.964,7450-778298,TRUE,8/30/2023 2:38,2023-LCS-NWA-290823-002A,8/30/2023,2:38,,
1693377540,3.42,20.163,3.144,0.971,7450-064567,TRUE,8/30/2023 2:39,2023-LCS-NWA-290823-006A,8/30/2023,2:39,,
1693377900,3.42,19.745,0.378,0.942,7450-770855,TRUE,8/30/2023 2:45,2023-LCS-NWA-290823-001A,8/30/2023,2:45,,
1693377900,3.42,20.795,3.227,0.912,7450-049711,TRUE,8/30/2023 2:45,2023-LCS-NWA-290823-003A,8/30/2023,2:45,,
1693378080,3.44,20.874,0.061,0.963,7450-778298,TRUE,8/30/2023 2:48,2023-LCS-NWA-290823-002A,8/30/2023,2:48,,
1693378140,3.42,20.121,3.054,0.97,7450-064567,TRUE,8/30/2023 2:49,2023-LCS-NWA-290823-006A,8/30/2023,2:49,,
1693378500,3.42,19.72,0.439,0.943,7450-770855,TRUE,8/30/2023 2:55,2023-LCS-NWA-290823-001A,8/30/2023,2:55,,
1693378500,3.42,20.761,3.191,0.912,7450-049711,TRUE,8/30/2023 2:55,2023-LCS-NWA-290823-003A,8/30/2023,2:55,,
1693378680,3.44,20.824,0.112,0.964,7450-778298,TRUE,8/30/2023 2:58,2023-LCS-NWA-290823-002A,8/30/2023,2:58,,
1693378740,3.42,20.079,3.097,0.97,7450-064567,TRUE,8/30/2023 2:59,2023-LCS-NWA-290823-006A,8/30/2023,2:59,,
1693379100,3.42,19.686,0.428,0.943,7450-770855,TRUE,8/30/2023 3:05,2023-LCS-NWA-290823-001A,8/30/2023,3:05,,
1693379100,3.42,20.694,3.039,0.912,7450-049711,TRUE,8/30/2023 3:05,2023-LCS-NWA-290823-003A,8/30/2023,3:05,,
1693379280,3.44,20.757,0.138,0.965,7450-778298,TRUE,8/30/2023 3:08,2023-LCS-NWA-290823-002A,8/30/2023,3:08,,
1693379340,3.42,20.054,2.913,0.971,7450-064567,TRUE,8/30/2023 3:09,2023-LCS-NWA-290823-006A,8/30/2023,3:09,,
1693379700,3.42,19.619,0.425,0.943,7450-770855,TRUE,8/30/2023 3:15,2023-LCS-NWA-290823-001A,8/30/2023,3:15,,
1693379700,3.42,20.619,2.815,0.912,7450-049711,TRUE,8/30/2023 3:15,2023-LCS-NWA-290823-003A,8/30/2023,3:15,,
1693379880,3.44,20.74,0.109,0.964,7450-778298,TRUE,8/30/2023 3:18,2023-LCS-NWA-290823-002A,8/30/2023,3:18,,
1693379940,3.42,20.029,2.803,0.971,7450-064567,TRUE,8/30/2023 3:19,2023-LCS-NWA-290823-006A,8/30/2023,3:19,,
1693380300,3.42,19.577,0.437,0.943,7450-770855,TRUE,8/30/2023 3:25,2023-LCS-NWA-290823-001A,8/30/2023,3:25,,
1693380300,3.42,20.56,2.742,0.912,7450-049711,TRUE,8/30/2023 3:25,2023-LCS-NWA-290823-003A,8/30/2023,3:25,,
1693380480,3.45,20.69,0.106,0.964,7450-778298,TRUE,8/30/2023 3:28,2023-LCS-NWA-290823-002A,8/30/2023,3:28,,
1693380540,3.42,20.021,2.566,0.969,7450-064567,TRUE,8/30/2023 3:29,2023-LCS-NWA-290823-006A,8/30/2023,3:29,,
1693380900,3.42,19.527,0.398,0.942,7450-770855,TRUE,8/30/2023 3:35,2023-LCS-NWA-290823-001A,8/30/2023,3:35,,
1693380900,3.42,20.46,2.73,0.912,7450-049711,TRUE,8/30/2023 3:35,2023-LCS-NWA-290823-003A,8/30/2023,3:35,,
1693381080,3.45,20.648,0.132,0.965,7450-778298,TRUE,8/30/2023 3:38,2023-LCS-NWA-290823-002A,8/30/2023,3:38,,
1693381140,3.42,19.97,2.559,0.97,7450-064567,TRUE,8/30/2023 3:39,2023-LCS-NWA-290823-006A,8/30/2023,3:39,,
1693381500,3.42,19.51,0.376,0.942,7450-770855,TRUE,8/30/2023 3:45,2023-LCS-NWA-290823-001A,8/30/2023,3:45,,
1693381500,3.42,20.41,2.692,0.912,7450-049711,TRUE,8/30/2023 3:45,2023-LCS-NWA-290823-003A,8/30/2023,3:45,,
1693381680,3.45,20.581,0.146,0.965,7450-778298,TRUE,8/30/2023 3:48,2023-LCS-NWA-290823-002A,8/30/2023,3:48,,
1693381740,3.42,19.912,2.846,0.971,7450-064567,TRUE,8/30/2023 3:49,2023-LCS-NWA-290823-006A,8/30/2023,3:49,,
1693382100,3.42,19.477,0.397,0.942,7450-770855,TRUE,8/30/2023 3:55,2023-LCS-NWA-290823-001A,8/30/2023,3:55,,
1693382100,3.42,20.334,2.744,0.912,7450-049711,TRUE,8/30/2023 3:55,2023-LCS-NWA-290823-003A,8/30/2023,3:55,,
1693382280,3.45,20.556,0.165,0.965,7450-778298,TRUE,8/30/2023 3:58,2023-LCS-NWA-290823-002A,8/30/2023,3:58,,
1693382340,3.42,19.845,2.84,0.971,7450-064567,TRUE,8/30/2023 3:59,2023-LCS-NWA-290823-006A,8/30/2023,3:59,,
1693382700,3.42,19.401,0.403,0.942,7450-770855,TRUE,8/30/2023 4:05,2023-LCS-NWA-290823-001A,8/30/2023,4:05,,
1693382700,3.42,20.284,2.711,0.912,7450-049711,TRUE,8/30/2023 4:05,2023-LCS-NWA-290823-003A,8/30/2023,4:05,,
1693382880,3.45,20.522,0.162,0.966,7450-778298,TRUE,8/30/2023 4:08,2023-LCS-NWA-290823-002A,8/30/2023,4:08,,
1693382940,3.42,19.836,2.74,0.971,7450-064567,TRUE,8/30/2023 4:09,2023-LCS-NWA-290823-006A,8/30/2023,4:09,,
1693383300,3.42,19.351,0.403,0.942,7450-770855,TRUE,8/30/2023 4:15,2023-LCS-NWA-290823-001A,8/30/2023,4:15,,
1693383300,3.42,20.251,2.637,0.912,7450-049711,TRUE,8/30/2023 4:15,2023-LCS-NWA-290823-003A,8/30/2023,4:15,,
1693383480,3.45,20.472,0.19,0.966,7450-778298,TRUE,8/30/2023 4:18,2023-LCS-NWA-290823-002A,8/30/2023,4:18,,
1693383540,3.42,19.794,2.8,0.971,7450-064567,TRUE,8/30/2023 4:19,2023-LCS-NWA-290823-006A,8/30/2023,4:19,,
1693383900,3.42,19.318,0.381,0.942,7450-770855,TRUE,8/30/2023 4:25,2023-LCS-NWA-290823-001A,8/30/2023,4:25,,
1693383900,3.42,20.226,2.625,0.912,7450-049711,TRUE,8/30/2023 4:25,2023-LCS-NWA-290823-003A,8/30/2023,4:25,,
1693384080,3.45,20.43,0.314,0.969,7450-778298,TRUE,8/30/2023 4:28,2023-LCS-NWA-290823-002A,8/30/2023,4:28,,
1693384140,3.42,19.794,2.581,0.971,7450-064567,TRUE,8/30/2023 4:29,2023-LCS-NWA-290823-006A,8/30/2023,4:29,,
1693384500,3.42,19.301,0.379,0.942,7450-770855,TRUE,8/30/2023 4:35,2023-LCS-NWA-290823-001A,8/30/2023,4:35,,
1693384500,3.42,20.192,2.599,0.912,7450-049711,TRUE,8/30/2023 4:35,2023-LCS-NWA-290823-003A,8/30/2023,4:35,,
1693384680,3.45,20.38,0.25,0.967,7450-778298,TRUE,8/30/2023 4:38,2023-LCS-NWA-290823-002A,8/30/2023,4:38,,
1693384740,3.42,19.744,2.688,0.971,7450-064567,TRUE,8/30/2023 4:39,2023-LCS-NWA-290823-006A,8/30/2023,4:39,,
1693385100,3.43,19.234,0.36,0.941,7450-770855,TRUE,8/30/2023 4:45,2023-LCS-NWA-290823-001A,8/30/2023,4:45,,
1693385100,3.42,20.15,2.638,0.912,7450-049711,TRUE,8/30/2023 4:45,2023-LCS-NWA-290823-003A,8/30/2023,4:45,,
1693385280,3.45,20.347,0.283,0.968,7450-778298,TRUE,8/30/2023 4:48,2023-LCS-NWA-290823-002A,8/30/2023,4:48,,
1693385340,3.42,19.694,2.679,0.971,7450-064567,TRUE,8/30/2023 4:49,2023-LCS-NWA-290823-006A,8/30/2023,4:49,,
1693385700,3.42,19.175,0.363,0.942,7450-770855,TRUE,8/30/2023 4:55,2023-LCS-NWA-290823-001A,8/30/2023,4:55,,
1693385700,3.42,20.092,2.581,0.912,7450-049711,TRUE,8/30/2023 4:55,2023-LCS-NWA-290823-003A,8/30/2023,4:55,,
1693385880,3.45,20.288,0.31,0.969,7450-778298,TRUE,8/30/2023 4:58,2023-LCS-NWA-290823-002A,8/30/2023,4:58,,
1693385940,3.42,19.685,2.536,0.971,7450-064567,TRUE,8/30/2023 4:59,2023-LCS-NWA-290823-006A,8/30/2023,4:59,,
1693386300,3.43,19.15,0.413,0.943,7450-770855,TRUE,8/30/2023 5:05,2023-LCS-NWA-290823-001A,8/30/2023,5:05,,
1693386300,3.42,20.058,2.548,0.912,7450-049711,TRUE,8/30/2023 5:05,2023-LCS-NWA-290823-003A,8/30/2023,5:05,,
1693386480,3.45,20.263,0.369,0.969,7450-778298,TRUE,8/30/2023 5:08,2023-LCS-NWA-290823-002A,8/30/2023,5:08,,
1693386540,3.42,19.618,2.708,0.971,7450-064567,TRUE,8/30/2023 5:09,2023-LCS-NWA-290823-006A,8/30/2023,5:09,,
1693386900,3.43,19.1,0.436,0.943,7450-770855,TRUE,8/30/2023 5:15,2023-LCS-NWA-290823-001A,8/30/2023,5:15,,
1693386900,3.42,20.016,2.533,0.912,7450-049711,TRUE,8/30/2023 5:15,2023-LCS-NWA-290823-003A,8/30/2023,5:15,,
1693387080,3.45,20.229,0.263,0.967,7450-778298,TRUE,8/30/2023 5:18,2023-LCS-NWA-290823-002A,8/30/2023,5:18,,
1693387140,3.42,19.585,2.648,0.971,7450-064567,TRUE,8/30/2023 5:19,2023-LCS-NWA-290823-006A,8/30/2023,5:19,,
1693387500,3.43,19.058,0.399,0.942,7450-770855,TRUE,8/30/2023 5:25,2023-LCS-NWA-290823-001A,8/30/2023,5:25,,
1693387500,3.42,19.949,2.45,0.912,7450-049711,TRUE,8/30/2023 5:25,2023-LCS-NWA-290823-003A,8/30/2023,5:25,,
1693387680,3.45,20.204,0.231,0.967,7450-778298,TRUE,8/30/2023 5:28,2023-LCS-NWA-290823-002A,8/30/2023,5:28,,
1693387740,3.42,19.602,2.376,0.97,7450-064567,TRUE,8/30/2023 5:29,2023-LCS-NWA-290823-006A,8/30/2023,5:29,,
1693388100,3.43,19.032,0.416,0.942,7450-770855,TRUE,8/30/2023 5:35,2023-LCS-NWA-290823-001A,8/30/2023,5:35,,
1693388100,3.42,19.899,2.351,0.912,7450-049711,TRUE,8/30/2023 5:35,2023-LCS-NWA-290823-003A,8/30/2023,5:35,,
1693388280,3.45,20.162,0.208,0.966,7450-778298,TRUE,8/30/2023 5:38,2023-LCS-NWA-290823-002A,8/30/2023,5:38,,
1693388340,3.42,19.585,2.302,0.97,7450-064567,TRUE,8/30/2023 5:39,2023-LCS-NWA-290823-006A,8/30/2023,5:39,,
1693388700,3.42,18.932,0.322,0.941,7450-770855,TRUE,8/30/2023 5:45,2023-LCS-NWA-290823-001A,8/30/2023,5:45,,
1693388700,3.42,19.815,2.396,0.912,7450-049711,TRUE,8/30/2023 5:45,2023-LCS-NWA-290823-003A,8/30/2023,5:45,,
1693388880,3.45,20.146,0.211,0.966,7450-778298,TRUE,8/30/2023 5:48,2023-LCS-NWA-290823-002A,8/30/2023,5:48,,
1693388940,3.42,19.577,2.239,0.97,7450-064567,TRUE,8/30/2023 5:49,2023-LCS-NWA-290823-006A,8/30/2023,5:49,,
1693389300,3.42,18.873,0.326,0.94,7450-770855,TRUE,8/30/2023 5:55,2023-LCS-NWA-290823-001A,8/30/2023,5:55,,
1693389300,3.42,19.74,2.324,0.912,7450-049711,TRUE,8/30/2023 5:55,2023-LCS-NWA-290823-003A,8/30/2023,5:55,,
1693389480,3.45,20.079,0.152,0.965,7450-778298,TRUE,8/30/2023 5:58,2023-LCS-NWA-290823-002A,8/30/2023,5:58,,
1693389540,3.42,19.543,2.185,0.97,7450-064567,TRUE,8/30/2023 5:59,2023-LCS-NWA-290823-006A,8/30/2023,5:59,,
1693389900,3.42,18.865,0.361,0.941,7450-770855,TRUE,8/30/2023 6:05,2023-LCS-NWA-290823-001A,8/30/2023,6:05,,
1693389900,3.42,19.673,2.354,0.911,7450-049711,TRUE,8/30/2023 6:05,2023-LCS-NWA-290823-003A,8/30/2023,6:05,,
1693390080,3.45,20.037,0.091,0.964,7450-778298,TRUE,8/30/2023 6:08,2023-LCS-NWA-290823-002A,8/30/2023,6:08,,
1693390140,3.42,19.526,2.131,0.97,7450-064567,TRUE,8/30/2023 6:09,2023-LCS-NWA-290823-006A,8/30/2023,6:09,,
1693390500,3.42,18.831,0.343,0.941,7450-770855,TRUE,8/30/2023 6:15,2023-LCS-NWA-290823-001A,8/30/2023,6:15,,
1693390500,3.42,19.581,2.355,0.911,7450-049711,TRUE,8/30/2023 6:15,2023-LCS-NWA-290823-003A,8/30/2023,6:15,,
1693390680,3.44,19.978,0.157,0.965,7450-778298,TRUE,8/30/2023 6:18,2023-LCS-NWA-290823-002A,8/30/2023,6:18,,
1693390740,3.42,19.459,2.11,0.97,7450-064567,TRUE,8/30/2023 6:19,2023-LCS-NWA-290823-006A,8/30/2023,6:19,,
1693391100,3.42,18.797,0.386,0.942,7450-770855,TRUE,8/30/2023 6:25,2023-LCS-NWA-290823-001A,8/30/2023,6:25,,
1693391100,3.42,19.531,2.322,0.911,7450-049711,TRUE,8/30/2023 6:25,2023-LCS-NWA-290823-003A,8/30/2023,6:25,,
1693391280,3.44,19.919,0.078,0.963,7450-778298,TRUE,8/30/2023 6:28,2023-LCS-NWA-290823-002A,8/30/2023,6:28,,
1693391340,3.42,19.442,2.05,0.97,7450-064567,TRUE,8/30/2023 6:29,2023-LCS-NWA-290823-006A,8/30/2023,6:29,,
1693391700,3.42,18.764,0.312,0.94,7450-770855,TRUE,8/30/2023 6:35,2023-LCS-NWA-290823-001A,8/30/2023,6:35,,
1693391700,3.42,19.472,2.352,0.911,7450-049711,TRUE,8/30/2023 6:35,2023-LCS-NWA-290823-003A,8/30/2023,6:35,,
1693391880,3.44,19.852,0.079,0.963,7450-778298,TRUE,8/30/2023 6:38,2023-LCS-NWA-290823-002A,8/30/2023,6:38,,
1693391940,3.42,19.434,1.947,0.97,7450-064567,TRUE,8/30/2023 6:39,2023-LCS-NWA-290823-006A,8/30/2023,6:39,,
1693392300,3.42,18.73,0.288,0.94,7450-770855,TRUE,8/30/2023 6:45,2023-LCS-NWA-290823-001A,8/30/2023,6:45,,
1693392300,3.42,19.438,2.256,0.912,7450-049711,TRUE,8/30/2023 6:45,2023-LCS-NWA-290823-003A,8/30/2023,6:45,,
1693392480,3.44,19.794,0.056,0.963,7450-778298,TRUE,8/30/2023 6:48,2023-LCS-NWA-290823-002A,8/30/2023,6:48,,
1693392540,3.42,19.409,1.856,0.969,7450-064567,TRUE,8/30/2023 6:49,2023-LCS-NWA-290823-006A,8/30/2023,6:49,,
1693392900,3.42,18.68,0.315,0.94,7450-770855,TRUE,8/30/2023 6:55,2023-LCS-NWA-290823-001A,8/30/2023,6:55,,
1693392900,3.42,19.396,2.337,0.911,7450-049711,TRUE,8/30/2023 6:55,2023-LCS-NWA-290823-003A,8/30/2023,6:55,,
1693393080,3.44,19.785,0.041,0.962,7450-778298,TRUE,8/30/2023 6:58,2023-LCS-NWA-290823-002A,8/30/2023,6:58,,
1693393140,3.42,19.4,1.77,0.969,7450-064567,TRUE,8/30/2023 6:59,2023-LCS-NWA-290823-006A,8/30/2023,6:59,,
1693393500,3.42,18.646,0.304,0.94,7450-770855,TRUE,8/30/2023 7:05,2023-LCS-NWA-290823-001A,8/30/2023,7:05,,
1693393500,3.42,19.363,2.312,0.911,7450-049711,TRUE,8/30/2023 7:05,2023-LCS-NWA-290823-003A,8/30/2023,7:05,,
1693393680,3.44,19.726,0.044,0.962,7450-778298,TRUE,8/30/2023 7:08,2023-LCS-NWA-290823-002A,8/30/2023,7:08,,
1693393740,3.42,19.342,1.724,0.969,7450-064567,TRUE,8/30/2023 7:09,2023-LCS-NWA-290823-006A,8/30/2023,7:09,,
1693394100,3.42,18.604,0.299,0.94,7450-770855,TRUE,8/30/2023 7:15,2023-LCS-NWA-290823-001A,8/30/2023,7:15,,
1693394100,3.42,19.338,2.278,0.912,7450-049711,TRUE,8/30/2023 7:15,2023-LCS-NWA-290823-003A,8/30/2023,7:15,,
1693394280,3.44,19.685,0.064,0.963,7450-778298,TRUE,8/30/2023 7:18,2023-LCS-NWA-290823-002A,8/30/2023,7:18,,
1693394340,3.42,19.333,1.681,0.969,7450-064567,TRUE,8/30/2023 7:19,2023-LCS-NWA-290823-006A,8/30/2023,7:19,,
1693394700,3.42,18.57,0.269,0.939,7450-770855,TRUE,8/30/2023 7:25,2023-LCS-NWA-290823-001A,8/30/2023,7:25,,
1693394700,3.42,19.304,2.274,0.911,7450-049711,TRUE,8/30/2023 7:25,2023-LCS-NWA-290823-003A,8/30/2023,7:25,,
1693394880,3.44,19.668,0.072,0.963,7450-778298,TRUE,8/30/2023 7:28,2023-LCS-NWA-290823-002A,8/30/2023,7:28,,
1693394940,3.42,19.291,1.703,0.969,7450-064567,TRUE,8/30/2023 7:29,2023-LCS-NWA-290823-006A,8/30/2023,7:29,,
1693395300,3.42,18.47,0.195,0.938,7450-770855,TRUE,8/30/2023 7:35,2023-LCS-NWA-290823-001A,8/30/2023,7:35,,
1693395300,3.42,19.287,2.359,0.911,7450-049711,TRUE,8/30/2023 7:35,2023-LCS-NWA-290823-003A,8/30/2023,7:35,,
1693395480,3.44,19.643,0.05,0.962,7450-778298,TRUE,8/30/2023 7:38,2023-LCS-NWA-290823-002A,8/30/2023,7:38,,
1693395540,3.42,19.283,1.543,0.968,7450-064567,TRUE,8/30/2023 7:39,2023-LCS-NWA-290823-006A,8/30/2023,7:39,,
1693395900,3.42,18.453,0.271,0.939,7450-770855,TRUE,8/30/2023 7:45,2023-LCS-NWA-290823-001A,8/30/2023,7:45,,
1693395900,3.42,19.262,2.32,0.911,7450-049711,TRUE,8/30/2023 7:45,2023-LCS-NWA-290823-003A,8/30/2023,7:45,,
1693396080,3.45,19.601,0.03,0.962,7450-778298,TRUE,8/30/2023 7:48,2023-LCS-NWA-290823-002A,8/30/2023,7:48,,
1693396140,3.42,19.249,1.538,0.968,7450-064567,TRUE,8/30/2023 7:49,2023-LCS-NWA-290823-006A,8/30/2023,7:49,,
1693396500,3.42,18.461,0.278,0.939,7450-770855,TRUE,8/30/2023 7:55,2023-LCS-NWA-290823-001A,8/30/2023,7:55,,
1693396500,3.42,19.279,2.244,0.911,7450-049711,TRUE,8/30/2023 7:55,2023-LCS-NWA-290823-003A,8/30/2023,7:55,,
1693396680,3.45,19.534,0.105,0.964,7450-778298,TRUE,8/30/2023 7:58,2023-LCS-NWA-290823-002A,8/30/2023,7:58,,
1693396740,3.42,19.249,1.443,0.967,7450-064567,TRUE,8/30/2023 7:59,2023-LCS-NWA-290823-006A,8/30/2023,7:59,,
,,,,,,FISH,8/30/2023 8:01,2023-LCS-NWA-290823-001A,8/30/2023,8:01,,
1693397100,3.42,18.419,0.332,0.941,7450-770855,FALSE,8/30/2023 8:05,2023-LCS-NWA-290823-001A,8/30/2023,8:05,,
1693397100,3.42,19.212,2.311,0.911,7450-049711,TRUE,8/30/2023 8:05,2023-LCS-NWA-290823-003A,8/30/2023,8:05,,
1693397280,3.45,19.483,0.087,0.963,7450-778298,TRUE,8/30/2023 8:08,2023-LCS-NWA-290823-002A,8/30/2023,8:08,,
1693397340,3.42,19.199,1.492,0.968,7450-064567,TRUE,8/30/2023 8:09,2023-LCS-NWA-290823-006A,8/30/2023,8:09,,
1693397700,3.43,18.124,4.832,0.957,7450-770855,FALSE,8/30/2023 8:15,2023-LCS-NWA-290823-001A,8/30/2023,8:15,,
1693397700,3.42,19.178,2.284,0.911,7450-049711,TRUE,8/30/2023 8:15,2023-LCS-NWA-290823-003A,8/30/2023,8:15,,
1693397880,3.45,19.466,0.088,0.963,7450-778298,TRUE,8/30/2023 8:18,2023-LCS-NWA-290823-002A,8/30/2023,8:18,,
1693397940,3.42,19.182,1.384,0.967,7450-064567,TRUE,8/30/2023 8:19,2023-LCS-NWA-290823-006A,8/30/2023,8:19,,
1693398300,3.43,16.032,9.277,0.954,7450-770855,FALSE,8/30/2023 8:25,2023-LCS-NWA-290823-001A,8/30/2023,8:25,,
1693398300,3.42,19.145,2.214,0.911,7450-049711,TRUE,8/30/2023 8:25,2023-LCS-NWA-290823-003A,8/30/2023,8:25,,
1693398480,3.45,19.45,0.105,0.964,7450-778298,TRUE,8/30/2023 8:28,2023-LCS-NWA-290823-002A,8/30/2023,8:28,,
1693398540,3.42,19.165,1.397,0.967,7450-064567,TRUE,8/30/2023 8:29,2023-LCS-NWA-290823-006A,8/30/2023,8:29,,
1693398900,3.42,18.327,8.832,0.953,7450-770855,FALSE,8/30/2023 8:35,2023-LCS-NWA-290823-001A,8/30/2023,8:35,,
1693398900,3.42,19.128,2.307,0.911,7450-049711,TRUE,8/30/2023 8:35,2023-LCS-NWA-290823-003A,8/30/2023,8:35,,
1693399080,3.45,19.408,0.081,0.963,7450-778298,TRUE,8/30/2023 8:38,2023-LCS-NWA-290823-002A,8/30/2023,8:38,,
,,,,,,FISH,8/30/2023 8:38,2023-LCS-NWA-290823-002A,8/30/2023,8:38,,
1693399140,3.42,19.107,1.569,0.968,7450-064567,TRUE,8/30/2023 8:39,2023-LCS-NWA-290823-006A,8/30/2023,8:39,,
1693399500,3.42,19.078,2.32,0.911,7450-049711,TRUE,8/30/2023 8:45,2023-LCS-NWA-290823-003A,8/30/2023,8:45,,
1693399680,3.45,19.383,0.072,0.963,7450-778298,FALSE,8/30/2023 8:48,2023-LCS-NWA-290823-002A,8/30/2023,8:48,,
1693399740,3.42,19.14,1.421,0.967,7450-064567,TRUE,8/30/2023 8:49,2023-LCS-NWA-290823-006A,8/30/2023,8:49,,
,,,,,,FISH,8/30/2023 8:51,2023-LCS-NWA-290823-003A,8/30/2023,8:51,,
1693400280,3.45,19.349,0.08,0.963,7450-778298,FALSE,8/30/2023 8:58,2023-LCS-NWA-290823-002A,8/30/2023,8:58,,
1693400340,3.42,19.098,1.534,0.968,7450-064567,TRUE,8/30/2023 8:59,2023-LCS-NWA-290823-006A,8/30/2023,8:59,,
1693400880,3.45,17.64,8.716,0.976,7450-778298,FALSE,8/30/2023 9:08,2023-LCS-NWA-290823-002A,8/30/2023,9:08,,
1693400940,3.42,19.073,1.508,0.968,7450-064567,TRUE,8/30/2023 9:09,2023-LCS-NWA-290823-006A,8/30/2023,9:09,,
1693401540,3.42,19.082,1.533,0.968,7450-064567,TRUE,8/30/2023 9:19,2023-LCS-NWA-290823-006A,8/30/2023,9:19,,
1693402140,3.42,19.04,1.543,0.968,7450-064567,TRUE,8/30/2023 9:29,2023-LCS-NWA-290823-006A,8/30/2023,9:29,,
1693402740,3.42,19.023,1.574,0.968,7450-064567,TRUE,8/30/2023 9:39,2023-LCS-NWA-290823-006A,8/30/2023,9:39,,
1693403340,3.42,19.014,1.674,0.969,7450-064567,TRUE,8/30/2023 9:49,2023-LCS-NWA-290823-006A,8/30/2023,9:49,,
1693403940,3.42,19.04,1.571,0.968,7450-064567,TRUE,8/30/2023 9:59,2023-LCS-NWA-290823-006A,8/30/2023,9:59,,
1693404540,3.42,19.065,1.559,0.968,7450-064567,TRUE,8/30/2023 10:09,2023-LCS-NWA-290823-006A,8/30/2023,10:09,,
,,,,,,FISH,8/30/2023 10:18,2023-LCS-NWA-290823-006A,8/30/2023,10:18,,
1693405140,3.42,18.998,1.964,0.97,7450-064567,FALSE,8/30/2023 10:19,2023-LCS-NWA-290823-006A,8/30/2023,10:19,,
1693405740,3.42,18.426,2.049,0.969,7450-064567,FALSE,8/30/2023 10:29,2023-LCS-NWA-290823-006A,8/30/2023,10:29,,
,,19.38,1.30,,YSI,SET,8/30/2023 12:40,2023-LCS-NWA-300823-001A,8/30/2023,12:40,,
1693414260,3.41,20.104,0.648,0.956,7450-064567,TRUE,8/30/2023 12:51,2023-LCS-NWA-300823-001A,8/30/2023,12:51,,
,,19.26,2.62,,YSI,SET,8/30/2023 12:54,2023-LCS-NWA-300823-002A,8/30/2023,12:54,,
1693414860,3.41,19.585,0.352,0.952,7450-064567,TRUE,8/30/2023 13:01,2023-LCS-NWA-300823-001A,8/30/2023,13:01,,
1693414980,3.42,19.497,2.085,0.91,7450-049711,TRUE,8/30/2023 13:03,2023-LCS-NWA-300823-002A,8/30/2023,13:03,,
1693415460,3.41,19.468,0.355,0.953,7450-064567,TRUE,8/30/2023 13:11,2023-LCS-NWA-300823-001A,8/30/2023,13:11,,
1693415580,3.42,19.396,1.093,0.906,7450-049711,TRUE,8/30/2023 13:13,2023-LCS-NWA-300823-002A,8/30/2023,13:13,,
1693416060,3.41,19.409,0.323,0.952,7450-064567,TRUE,8/30/2023 13:21,2023-LCS-NWA-300823-001A,8/30/2023,13:21,,
1693416180,3.42,19.505,1.076,0.906,7450-049711,TRUE,8/30/2023 13:23,2023-LCS-NWA-300823-002A,8/30/2023,13:23,,
,,19.05,1.89,,YSI,SET,8/30/2023 13:23,2023-LCS-NWA-300823-005A,8/30/2023,13:23,,
1693416660,3.41,19.409,0.497,0.956,7450-064567,TRUE,8/30/2023 13:31,2023-LCS-NWA-300823-001A,8/30/2023,13:31,,
,,19.44,1.41,,YSI,SET,8/30/2023 13:32,2023-LCS-NWA-300823-006A,8/30/2023,13:32,,
1693416780,3.42,19.539,0.932,0.905,7450-049711,TRUE,8/30/2023 13:33,2023-LCS-NWA-300823-002A,8/30/2023,13:33,,
1693417260,3.41,19.426,0.401,0.954,7450-064567,TRUE,8/30/2023 13:41,2023-LCS-NWA-300823-001A,8/30/2023,13:41,,
1693417380,3.42,19.598,0.952,0.906,7450-049711,TRUE,8/30/2023 13:43,2023-LCS-NWA-300823-002A,8/30/2023,13:43,,
1693417860,3.41,19.417,0.285,0.952,7450-064567,TRUE,8/30/2023 13:51,2023-LCS-NWA-300823-001A,8/30/2023,13:51,,
1693417980,3.42,19.631,0.764,0.904,7450-049711,TRUE,8/30/2023 13:53,2023-LCS-NWA-300823-002A,8/30/2023,13:53,,
1693418160,3.42,19.267,1.393,0.955,7450-770855,TRUE,8/30/2023 13:56,2023-LCS-NWA-300823-005A,8/30/2023,13:56,,
1693418460,3.41,19.442,0.273,0.952,7450-064567,TRUE,8/30/2023 14:01,2023-LCS-NWA-300823-001A,8/30/2023,14:01,,
1693418580,3.42,19.648,0.67,0.902,7450-049711,TRUE,8/30/2023 14:03,2023-LCS-NWA-300823-002A,8/30/2023,14:03,,
1693418760,3.42,19.183,0.741,0.947,7450-770855,TRUE,8/30/2023 14:06,2023-LCS-NWA-300823-005A,8/30/2023,14:06,,
1693419060,3.41,19.451,0.376,0.954,7450-064567,TRUE,8/30/2023 14:11,2023-LCS-NWA-300823-001A,8/30/2023,14:11,,
1693419180,3.42,19.673,1.715,0.909,7450-049711,TRUE,8/30/2023 14:13,2023-LCS-NWA-300823-002A,8/30/2023,14:13,,
1693419360,3.42,19.183,0.859,0.949,7450-770855,TRUE,8/30/2023 14:16,2023-LCS-NWA-300823-005A,8/30/2023,14:16,,
1693419600,3.44,19.517,0.542,0.969,7450-778298,TRUE,8/30/2023 14:20,2023-LCS-NWA-300823-006A,8/30/2023,14:20,,
1693419660,3.41,19.493,0.479,0.956,7450-064567,TRUE,8/30/2023 14:21,2023-LCS-NWA-300823-001A,8/30/2023,14:21,,
1693419780,3.42,19.69,1.835,0.909,7450-049711,TRUE,8/30/2023 14:23,2023-LCS-NWA-300823-002A,8/30/2023,14:23,,
1693419960,3.42,19.192,0.983,0.951,7450-770855,TRUE,8/30/2023 14:26,2023-LCS-NWA-300823-005A,8/30/2023,14:26,,
1693420200,3.45,19.45,0.153,0.962,7450-778298,TRUE,8/30/2023 14:30,2023-LCS-NWA-300823-006A,8/30/2023,14:30,,
1693420260,3.41,19.543,0.465,0.956,7450-064567,TRUE,8/30/2023 14:31,2023-LCS-NWA-300823-001A,8/30/2023,14:31,,
1693420380,3.42,19.723,1.835,0.909,7450-049711,TRUE,8/30/2023 14:33,2023-LCS-NWA-300823-002A,8/30/2023,14:33,,
1693420560,3.42,19.183,0.953,0.95,7450-770855,TRUE,8/30/2023 14:36,2023-LCS-NWA-300823-005A,8/30/2023,14:36,,
1693420800,3.45,19.391,0.045,0.96,7450-778298,TRUE,8/30/2023 14:40,2023-LCS-NWA-300823-006A,8/30/2023,14:40,,
1693420860,3.41,19.535,0.578,0.958,7450-064567,TRUE,8/30/2023 14:41,2023-LCS-NWA-300823-001A,8/30/2023,14:41,,
1693420980,3.42,19.732,2.17,0.91,7450-049711,TRUE,8/30/2023 14:43,2023-LCS-NWA-300823-002A,8/30/2023,14:43,,
1693421160,3.42,19.209,0.877,0.949,7450-770855,TRUE,8/30/2023 14:46,2023-LCS-NWA-300823-005A,8/30/2023,14:46,,
1693421400,3.45,19.391,0.019,0.959,7450-778298,TRUE,8/30/2023 14:50,2023-LCS-NWA-300823-006A,8/30/2023,14:50,,
1693421460,3.41,19.518,0.472,0.956,7450-064567,TRUE,8/30/2023 14:51,2023-LCS-NWA-300823-001A,8/30/2023,14:51,,
1693421580,3.42,19.732,2.371,0.91,7450-049711,TRUE,8/30/2023 14:53,2023-LCS-NWA-300823-002A,8/30/2023,14:53,,
1693421760,3.42,19.2,0.868,0.949,7450-770855,TRUE,8/30/2023 14:56,2023-LCS-NWA-300823-005A,8/30/2023,14:56,,
1693422000,3.45,19.366,0.019,0.959,7450-778298,TRUE,8/30/2023 15:00,2023-LCS-NWA-300823-006A,8/30/2023,15:00,,
1693422060,3.41,19.543,0.422,0.955,7450-064567,TRUE,8/30/2023 15:01,2023-LCS-NWA-300823-001A,8/30/2023,15:01,,
1693422180,3.41,19.757,2.363,0.91,7450-049711,TRUE,8/30/2023 15:03,2023-LCS-NWA-300823-002A,8/30/2023,15:03,,
1693422360,3.42,19.234,0.983,0.951,7450-770855,TRUE,8/30/2023 15:06,2023-LCS-NWA-300823-005A,8/30/2023,15:06,,
1693422600,3.45,19.366,0.018,0.959,7450-778298,TRUE,8/30/2023 15:10,2023-LCS-NWA-300823-006A,8/30/2023,15:10,,
1693422660,3.41,19.551,0.526,0.957,7450-064567,TRUE,8/30/2023 15:11,2023-LCS-NWA-300823-001A,8/30/2023,15:11,,
1693422780,3.41,19.774,2.467,0.91,7450-049711,TRUE,8/30/2023 15:13,2023-LCS-NWA-300823-002A,8/30/2023,15:13,,
1693422960,3.42,19.242,0.834,0.949,7450-770855,TRUE,8/30/2023 15:16,2023-LCS-NWA-300823-005A,8/30/2023,15:16,,
1693423200,3.45,19.332,0.019,0.959,7450-778298,TRUE,8/30/2023 15:20,2023-LCS-NWA-300823-006A,8/30/2023,15:20,,
1693423260,3.41,19.56,0.531,0.957,7450-064567,TRUE,8/30/2023 15:21,2023-LCS-NWA-300823-001A,8/30/2023,15:21,,
1693423380,3.41,19.782,2.382,0.91,7450-049711,TRUE,8/30/2023 15:23,2023-LCS-NWA-300823-002A,8/30/2023,15:23,,
1693423560,3.42,19.251,0.697,0.947,7450-770855,TRUE,8/30/2023 15:26,2023-LCS-NWA-300823-005A,8/30/2023,15:26,,
1693423800,3.45,19.332,0.019,0.959,7450-778298,TRUE,8/30/2023 15:30,2023-LCS-NWA-300823-006A,8/30/2023,15:30,,
1693423860,3.41,19.535,0.542,0.957,7450-064567,TRUE,8/30/2023 15:31,2023-LCS-NWA-300823-001A,8/30/2023,15:31,,
1693423980,3.41,19.748,2.533,0.909,7450-049711,TRUE,8/30/2023 15:33,2023-LCS-NWA-300823-002A,8/30/2023,15:33,,
1693424160,3.42,19.242,0.666,0.946,7450-770855,TRUE,8/30/2023 15:36,2023-LCS-NWA-300823-005A,8/30/2023,15:36,,
1693424400,3.45,19.299,0.019,0.959,7450-778298,TRUE,8/30/2023 15:40,2023-LCS-NWA-300823-006A,8/30/2023,15:40,,
1693424460,3.41,19.568,0.741,0.96,7450-064567,TRUE,8/30/2023 15:41,2023-LCS-NWA-300823-001A,8/30/2023,15:41,,
1693424580,3.42,19.681,3.725,0.909,7450-049711,TRUE,8/30/2023 15:43,2023-LCS-NWA-300823-002A,8/30/2023,15:43,,
1693424760,3.42,19.259,0.682,0.946,7450-770855,TRUE,8/30/2023 15:46,2023-LCS-NWA-300823-005A,8/30/2023,15:46,,
1693425000,3.45,19.29,0.019,0.959,7450-778298,TRUE,8/30/2023 15:50,2023-LCS-NWA-300823-006A,8/30/2023,15:50,,
1693425060,3.41,19.61,0.813,0.961,7450-064567,TRUE,8/30/2023 15:51,2023-LCS-NWA-300823-001A,8/30/2023,15:51,,
1693425180,3.41,19.715,4.086,0.909,7450-049711,TRUE,8/30/2023 15:53,2023-LCS-NWA-300823-002A,8/30/2023,15:53,,
1693425360,3.42,19.259,0.672,0.946,7450-770855,TRUE,8/30/2023 15:56,2023-LCS-NWA-300823-005A,8/30/2023,15:56,,
1693425600,3.45,19.299,0.021,0.96,7450-778298,TRUE,8/30/2023 16:00,2023-LCS-NWA-300823-006A,8/30/2023,16:00,,
1693425660,3.41,19.618,0.953,0.963,7450-064567,TRUE,8/30/2023 16:01,2023-LCS-NWA-300823-001A,8/30/2023,16:01,,
1693425780,3.42,19.665,4.448,0.909,7450-049711,TRUE,8/30/2023 16:03,2023-LCS-NWA-300823-002A,8/30/2023,16:03,,
1693425960,3.42,19.267,0.698,0.947,7450-770855,TRUE,8/30/2023 16:06,2023-LCS-NWA-300823-005A,8/30/2023,16:06,,
1693426200,3.45,19.273,0.018,0.959,7450-778298,TRUE,8/30/2023 16:10,2023-LCS-NWA-300823-006A,8/30/2023,16:10,,
1693426260,3.41,19.627,0.984,0.963,7450-064567,TRUE,8/30/2023 16:11,2023-LCS-NWA-300823-001A,8/30/2023,16:11,,
1693426380,3.42,19.631,4.41,0.909,7450-049711,TRUE,8/30/2023 16:13,2023-LCS-NWA-300823-002A,8/30/2023,16:13,,
1693426560,3.42,19.276,0.662,0.946,7450-770855,TRUE,8/30/2023 16:16,2023-LCS-NWA-300823-005A,8/30/2023,16:16,,
1693426800,3.45,19.265,0.019,0.959,7450-778298,TRUE,8/30/2023 16:20,2023-LCS-NWA-300823-006A,8/30/2023,16:20,,
1693426860,3.41,19.585,0.821,0.961,7450-064567,TRUE,8/30/2023 16:21,2023-LCS-NWA-300823-001A,8/30/2023,16:21,,
1693426980,3.42,19.614,4.295,0.909,7450-049711,TRUE,8/30/2023 16:23,2023-LCS-NWA-300823-002A,8/30/2023,16:23,,
1693427160,3.42,19.284,0.683,0.946,7450-770855,TRUE,8/30/2023 16:26,2023-LCS-NWA-300823-005A,8/30/2023,16:26,,
1693427400,3.45,19.282,0.018,0.959,7450-778298,TRUE,8/30/2023 16:30,2023-LCS-NWA-300823-006A,8/30/2023,16:30,,
1693427460,3.41,19.577,0.847,0.961,7450-064567,TRUE,8/30/2023 16:31,2023-LCS-NWA-300823-001A,8/30/2023,16:31,,
1693427580,3.42,19.623,4.151,0.909,7450-049711,TRUE,8/30/2023 16:33,2023-LCS-NWA-300823-002A,8/30/2023,16:33,,
1693427760,3.42,19.301,0.671,0.946,7450-770855,TRUE,8/30/2023 16:36,2023-LCS-NWA-300823-005A,8/30/2023,16:36,,
1693428000,3.45,19.265,0.021,0.96,7450-778298,TRUE,8/30/2023 16:40,2023-LCS-NWA-300823-006A,8/30/2023,16:40,,
1693428060,3.41,19.526,0.97,0.963,7450-064567,TRUE,8/30/2023 16:41,2023-LCS-NWA-300823-001A,8/30/2023,16:41,,
1693428180,3.42,19.556,3.93,0.909,7450-049711,TRUE,8/30/2023 16:43,2023-LCS-NWA-300823-002A,8/30/2023,16:43,,
1693428360,3.42,19.284,0.656,0.946,7450-770855,TRUE,8/30/2023 16:46,2023-LCS-NWA-300823-005A,8/30/2023,16:46,,
1693428600,3.45,19.282,0.02,0.959,7450-778298,TRUE,8/30/2023 16:50,2023-LCS-NWA-300823-006A,8/30/2023,16:50,,
1693428660,3.41,19.484,0.937,0.963,7450-064567,TRUE,8/30/2023 16:51,2023-LCS-NWA-300823-001A,8/30/2023,16:51,,
1693428780,3.42,19.547,3.709,0.909,7450-049711,TRUE,8/30/2023 16:53,2023-LCS-NWA-300823-002A,8/30/2023,16:53,,
1693428960,3.42,19.276,0.648,0.946,7450-770855,TRUE,8/30/2023 16:56,2023-LCS-NWA-300823-005A,8/30/2023,16:56,,
1693429200,3.45,19.265,0.02,0.96,7450-778298,TRUE,8/30/2023 17:00,2023-LCS-NWA-300823-006A,8/30/2023,17:00,,
1693429260,3.41,19.442,0.895,0.962,7450-064567,TRUE,8/30/2023 17:01,2023-LCS-NWA-300823-001A,8/30/2023,17:01,,
1693429380,3.42,19.48,3.578,0.91,7450-049711,TRUE,8/30/2023 17:03,2023-LCS-NWA-300823-002A,8/30/2023,17:03,,
1693429560,3.42,19.293,0.691,0.947,7450-770855,TRUE,8/30/2023 17:06,2023-LCS-NWA-300823-005A,8/30/2023,17:06,,
1693429800,3.45,19.29,0.026,0.96,7450-778298,TRUE,8/30/2023 17:10,2023-LCS-NWA-300823-006A,8/30/2023,17:10,,
1693429860,3.41,19.426,0.865,0.962,7450-064567,TRUE,8/30/2023 17:11,2023-LCS-NWA-300823-001A,8/30/2023,17:11,,
1693429980,3.42,19.438,3.479,0.91,7450-049711,TRUE,8/30/2023 17:13,2023-LCS-NWA-300823-002A,8/30/2023,17:13,,
1693430160,3.42,19.293,0.76,0.948,7450-770855,TRUE,8/30/2023 17:16,2023-LCS-NWA-300823-005A,8/30/2023,17:16,,
1693430400,3.45,19.307,0.023,0.96,7450-778298,TRUE,8/30/2023 17:20,2023-LCS-NWA-300823-006A,8/30/2023,17:20,,
1693430460,3.41,19.426,0.958,0.963,7450-064567,TRUE,8/30/2023 17:21,2023-LCS-NWA-300823-001A,8/30/2023,17:21,,
1693430580,3.42,19.422,3.328,0.91,7450-049711,TRUE,8/30/2023 17:23,2023-LCS-NWA-300823-002A,8/30/2023,17:23,,
1693430760,3.42,19.267,0.9,0.95,7450-770855,TRUE,8/30/2023 17:26,2023-LCS-NWA-300823-005A,8/30/2023,17:26,,
1693431000,3.45,19.273,0.019,0.959,7450-778298,TRUE,8/30/2023 17:30,2023-LCS-NWA-300823-006A,8/30/2023,17:30,,
1693431060,3.41,19.4,0.962,0.963,7450-064567,TRUE,8/30/2023 17:31,2023-LCS-NWA-300823-001A,8/30/2023,17:31,,
1693431180,3.42,19.363,3.439,0.91,7450-049711,TRUE,8/30/2023 17:33,2023-LCS-NWA-300823-002A,8/30/2023,17:33,,
1693431360,3.42,19.267,1.113,0.952,7450-770855,TRUE,8/30/2023 17:36,2023-LCS-NWA-300823-005A,8/30/2023,17:36,,
1693431600,3.45,19.282,0.037,0.96,7450-778298,TRUE,8/30/2023 17:40,2023-LCS-NWA-300823-006A,8/30/2023,17:40,,
1693431660,3.41,19.358,1.018,0.964,7450-064567,TRUE,8/30/2023 17:41,2023-LCS-NWA-300823-001A,8/30/2023,17:41,,
1693431780,3.42,19.371,3.296,0.91,7450-049711,TRUE,8/30/2023 17:43,2023-LCS-NWA-300823-002A,8/30/2023,17:43,,
1693431960,3.42,19.242,1.364,0.954,7450-770855,TRUE,8/30/2023 17:46,2023-LCS-NWA-300823-005A,8/30/2023,17:46,,
1693432200,3.45,19.29,0.207,0.964,7450-778298,TRUE,8/30/2023 17:50,2023-LCS-NWA-300823-006A,8/30/2023,17:50,,
1693432260,3.41,19.325,1.006,0.964,7450-064567,TRUE,8/30/2023 17:51,2023-LCS-NWA-300823-001A,8/30/2023,17:51,,
1693432380,3.42,19.38,3.107,0.91,7450-049711,TRUE,8/30/2023 17:53,2023-LCS-NWA-300823-002A,8/30/2023,17:53,,
1693432560,3.42,19.234,1.56,0.955,7450-770855,TRUE,8/30/2023 17:56,2023-LCS-NWA-300823-005A,8/30/2023,17:56,,
1693432800,3.45,19.307,0.203,0.964,7450-778298,TRUE,8/30/2023 18:00,2023-LCS-NWA-300823-006A,8/30/2023,18:00,,
1693432860,3.41,19.3,0.941,0.963,7450-064567,TRUE,8/30/2023 18:01,2023-LCS-NWA-300823-001A,8/30/2023,18:01,,
1693432980,3.42,19.296,3.179,0.91,7450-049711,TRUE,8/30/2023 18:03,2023-LCS-NWA-300823-002A,8/30/2023,18:03,,
1693433160,3.42,19.209,1.806,0.956,7450-770855,TRUE,8/30/2023 18:06,2023-LCS-NWA-300823-005A,8/30/2023,18:06,,
1693433400,3.45,19.282,0.108,0.962,7450-778298,TRUE,8/30/2023 18:10,2023-LCS-NWA-300823-006A,8/30/2023,18:10,,
1693433460,3.41,19.275,0.896,0.962,7450-064567,TRUE,8/30/2023 18:11,2023-LCS-NWA-300823-001A,8/30/2023,18:11,,
1693433580,3.42,19.17,3.371,0.91,7450-049711,TRUE,8/30/2023 18:13,2023-LCS-NWA-300823-002A,8/30/2023,18:13,,
1693433760,3.42,19.183,1.626,0.955,7450-770855,TRUE,8/30/2023 18:16,2023-LCS-NWA-300823-005A,8/30/2023,18:16,,
1693434000,3.45,19.282,0.039,0.96,7450-778298,TRUE,8/30/2023 18:20,2023-LCS-NWA-300823-006A,8/30/2023,18:20,,
1693434060,3.41,19.241,0.891,0.962,7450-064567,TRUE,8/30/2023 18:21,2023-LCS-NWA-300823-001A,8/30/2023,18:21,,
1693434180,3.42,19.153,3.457,0.91,7450-049711,TRUE,8/30/2023 18:23,2023-LCS-NWA-300823-002A,8/30/2023,18:23,,
1693434360,3.42,19.15,1.434,0.955,7450-770855,TRUE,8/30/2023 18:26,2023-LCS-NWA-300823-005A,8/30/2023,18:26,,
1693434600,3.44,19.307,0.16,0.963,7450-778298,TRUE,8/30/2023 18:30,2023-LCS-NWA-300823-006A,8/30/2023,18:30,,
1693434660,3.41,19.224,0.851,0.961,7450-064567,TRUE,8/30/2023 18:31,2023-LCS-NWA-300823-001A,8/30/2023,18:31,,
1693434780,3.42,19.12,3.411,0.91,7450-049711,TRUE,8/30/2023 18:33,2023-LCS-NWA-300823-002A,8/30/2023,18:33,,
1693434960,3.42,19.108,1.984,0.956,7450-770855,TRUE,8/30/2023 18:36,2023-LCS-NWA-300823-005A,8/30/2023,18:36,,
1693435200,3.44,19.366,0.621,0.971,7450-778298,TRUE,8/30/2023 18:40,2023-LCS-NWA-300823-006A,8/30/2023,18:40,,
1693435260,3.41,19.199,0.856,0.961,7450-064567,TRUE,8/30/2023 18:41,2023-LCS-NWA-300823-001A,8/30/2023,18:41,,
1693435380,3.42,19.111,3.685,0.91,7450-049711,TRUE,8/30/2023 18:43,2023-LCS-NWA-300823-002A,8/30/2023,18:43,,
1693435560,3.42,19.074,1.968,0.956,7450-770855,TRUE,8/30/2023 18:46,2023-LCS-NWA-300823-005A,8/30/2023,18:46,,
1693435800,3.44,19.332,0.388,0.967,7450-778298,TRUE,8/30/2023 18:50,2023-LCS-NWA-300823-006A,8/30/2023,18:50,,
1693435860,3.41,19.199,0.77,0.96,7450-064567,TRUE,8/30/2023 18:51,2023-LCS-NWA-300823-001A,8/30/2023,18:51,,
1693435980,3.42,19.128,3.678,0.91,7450-049711,TRUE,8/30/2023 18:53,2023-LCS-NWA-300823-002A,8/30/2023,18:53,,
1693436160,3.42,19.066,2.035,0.956,7450-770855,TRUE,8/30/2023 18:56,2023-LCS-NWA-300823-005A,8/30/2023,18:56,,
1693436400,3.44,19.332,0.472,0.969,7450-778298,TRUE,8/30/2023 19:00,2023-LCS-NWA-300823-006A,8/30/2023,19:00,,
1693436460,3.41,19.174,0.848,0.961,7450-064567,TRUE,8/30/2023 19:01,2023-LCS-NWA-300823-001A,8/30/2023,19:01,,
1693436580,3.42,19.12,3.52,0.91,7450-049711,TRUE,8/30/2023 19:03,2023-LCS-NWA-300823-002A,8/30/2023,19:03,,
1693436760,3.42,19.032,2.091,0.956,7450-770855,TRUE,8/30/2023 19:06,2023-LCS-NWA-300823-005A,8/30/2023,19:06,,
1693437000,3.44,19.341,0.547,0.97,7450-778298,TRUE,8/30/2023 19:10,2023-LCS-NWA-300823-006A,8/30/2023,19:10,,
1693437060,3.41,19.124,0.822,0.961,7450-064567,TRUE,8/30/2023 19:11,2023-LCS-NWA-300823-001A,8/30/2023,19:11,,
1693437180,3.42,19.145,3.181,0.91,7450-049711,TRUE,8/30/2023 19:13,2023-LCS-NWA-300823-002A,8/30/2023,19:13,,
1693437360,3.42,19.024,2.067,0.956,7450-770855,TRUE,8/30/2023 19:16,2023-LCS-NWA-300823-005A,8/30/2023,19:16,,
1693437600,3.44,19.324,0.884,0.974,7450-778298,TRUE,8/30/2023 19:20,2023-LCS-NWA-300823-006A,8/30/2023,19:20,,
1693437660,3.41,19.09,0.775,0.96,7450-064567,TRUE,8/30/2023 19:21,2023-LCS-NWA-300823-001A,8/30/2023,19:21,,
1693437780,3.42,19.044,3.559,0.91,7450-049711,TRUE,8/30/2023 19:23,2023-LCS-NWA-300823-002A,8/30/2023,19:23,,
1693437960,3.42,18.99,1.945,0.956,7450-770855,TRUE,8/30/2023 19:26,2023-LCS-NWA-300823-005A,8/30/2023,19:26,,
1693438200,3.44,19.324,0.678,0.972,7450-778298,TRUE,8/30/2023 19:30,2023-LCS-NWA-300823-006A,8/30/2023,19:30,,
1693438260,3.41,19.107,0.827,0.961,7450-064567,TRUE,8/30/2023 19:31,2023-LCS-NWA-300823-001A,8/30/2023,19:31,,
1693438380,3.42,18.977,3.482,0.91,7450-049711,TRUE,8/30/2023 19:33,2023-LCS-NWA-300823-002A,8/30/2023,19:33,,
1693438560,3.42,18.957,1.966,0.956,7450-770855,TRUE,8/30/2023 19:36,2023-LCS-NWA-300823-005A,8/30/2023,19:36,,
1693438800,3.45,19.265,0.422,0.968,7450-778298,TRUE,8/30/2023 19:40,2023-LCS-NWA-300823-006A,8/30/2023,19:40,,
1693438860,3.41,19.048,0.763,0.96,7450-064567,TRUE,8/30/2023 19:41,2023-LCS-NWA-300823-001A,8/30/2023,19:41,,
1693438980,3.42,18.935,3.392,0.91,7450-049711,TRUE,8/30/2023 19:43,2023-LCS-NWA-300823-002A,8/30/2023,19:43,,
1693439160,3.42,18.932,1.719,0.955,7450-770855,TRUE,8/30/2023 19:46,2023-LCS-NWA-300823-005A,8/30/2023,19:46,,
1693439400,3.45,19.257,0.571,0.97,7450-778298,TRUE,8/30/2023 19:50,2023-LCS-NWA-300823-006A,8/30/2023,19:50,,
1693439460,3.41,19.014,0.709,0.96,7450-064567,TRUE,8/30/2023 19:51,2023-LCS-NWA-300823-001A,8/30/2023,19:51,,
1693439580,3.41,18.91,3.305,0.91,7450-049711,TRUE,8/30/2023 19:53,2023-LCS-NWA-300823-002A,8/30/2023,19:53,,
1693439760,3.42,18.89,1.766,0.955,7450-770855,TRUE,8/30/2023 19:56,2023-LCS-NWA-300823-005A,8/30/2023,19:56,,
1693440000,3.45,19.24,0.665,0.971,7450-778298,TRUE,8/30/2023 20:00,2023-LCS-NWA-300823-006A,8/30/2023,20:00,,
1693440060,3.41,18.956,0.768,0.96,7450-064567,TRUE,8/30/2023 20:01,2023-LCS-NWA-300823-001A,8/30/2023,20:01,,
1693440180,3.42,18.926,3.111,0.91,7450-049711,TRUE,8/30/2023 20:03,2023-LCS-NWA-300823-002A,8/30/2023,20:03,,
1693440360,3.42,18.865,1.765,0.956,7450-770855,TRUE,8/30/2023 20:06,2023-LCS-NWA-300823-005A,8/30/2023,20:06,,
1693440600,3.45,19.173,0.586,0.97,7450-778298,TRUE,8/30/2023 20:10,2023-LCS-NWA-300823-006A,8/30/2023,20:10,,
1693440660,3.41,18.922,0.76,0.96,7450-064567,TRUE,8/30/2023 20:11,2023-LCS-NWA-300823-001A,8/30/2023,20:11,,
1693440780,3.41,18.884,2.999,0.91,7450-049711,TRUE,8/30/2023 20:13,2023-LCS-NWA-300823-002A,8/30/2023,20:13,,
1693440960,3.42,18.831,1.742,0.956,7450-770855,TRUE,8/30/2023 20:16,2023-LCS-NWA-300823-005A,8/30/2023,20:16,,
1693441200,3.45,19.164,0.507,0.969,7450-778298,TRUE,8/30/2023 20:20,2023-LCS-NWA-300823-006A,8/30/2023,20:20,,
1693441260,3.41,18.872,0.694,0.959,7450-064567,TRUE,8/30/2023 20:21,2023-LCS-NWA-300823-001A,8/30/2023,20:21,,
1693441380,3.41,18.859,2.923,0.911,7450-049711,TRUE,8/30/2023 20:23,2023-LCS-NWA-300823-002A,8/30/2023,20:23,,
1693441560,3.42,18.839,1.614,0.955,7450-770855,TRUE,8/30/2023 20:26,2023-LCS-NWA-300823-005A,8/30/2023,20:26,,
1693441800,3.45,19.131,0.374,0.967,7450-778298,TRUE,8/30/2023 20:30,2023-LCS-NWA-300823-006A,8/30/2023,20:30,,
1693441860,3.41,18.838,0.634,0.958,7450-064567,TRUE,8/30/2023 20:31,2023-LCS-NWA-300823-001A,8/30/2023,20:31,,
1693441980,3.41,18.851,2.697,0.91,7450-049711,TRUE,8/30/2023 20:33,2023-LCS-NWA-300823-002A,8/30/2023,20:33,,
1693442160,3.42,18.797,1.554,0.955,7450-770855,TRUE,8/30/2023 20:36,2023-LCS-NWA-300823-005A,8/30/2023,20:36,,
1693442400,3.45,19.089,0.465,0.969,7450-778298,TRUE,8/30/2023 20:40,2023-LCS-NWA-300823-006A,8/30/2023,20:40,,
1693442460,3.41,18.813,0.589,0.958,7450-064567,TRUE,8/30/2023 20:41,2023-LCS-NWA-300823-001A,8/30/2023,20:41,,
1693442580,3.41,18.767,2.642,0.91,7450-049711,TRUE,8/30/2023 20:43,2023-LCS-NWA-300823-002A,8/30/2023,20:43,,
1693442760,3.42,18.747,1.595,0.955,7450-770855,TRUE,8/30/2023 20:46,2023-LCS-NWA-300823-005A,8/30/2023,20:46,,
1693443000,3.45,19.038,0.468,0.969,7450-778298,TRUE,8/30/2023 20:50,2023-LCS-NWA-300823-006A,8/30/2023,20:50,,
1693443060,3.41,18.754,0.609,0.958,7450-064567,TRUE,8/30/2023 20:51,2023-LCS-NWA-300823-001A,8/30/2023,20:51,,
1693443180,3.41,18.733,2.647,0.911,7450-049711,TRUE,8/30/2023 20:53,2023-LCS-NWA-300823-002A,8/30/2023,20:53,,
1693443360,3.42,18.747,1.464,0.954,7450-770855,TRUE,8/30/2023 20:56,2023-LCS-NWA-300823-005A,8/30/2023,20:56,,
1693443600,3.45,19.022,0.361,0.967,7450-778298,TRUE,8/30/2023 21:00,2023-LCS-NWA-300823-006A,8/30/2023,21:00,,
1693443660,3.41,18.703,0.563,0.958,7450-064567,TRUE,8/30/2023 21:01,2023-LCS-NWA-300823-001A,8/30/2023,21:01,,
1693443780,3.41,18.708,2.624,0.91,7450-049711,TRUE,8/30/2023 21:03,2023-LCS-NWA-300823-002A,8/30/2023,21:03,,
1693443960,3.42,18.713,1.414,0.954,7450-770855,TRUE,8/30/2023 21:06,2023-LCS-NWA-300823-005A,8/30/2023,21:06,,
1693444200,3.44,18.996,0.331,0.966,7450-778298,TRUE,8/30/2023 21:10,2023-LCS-NWA-300823-006A,8/30/2023,21:10,,
1693444260,3.41,18.695,0.487,0.956,7450-064567,TRUE,8/30/2023 21:11,2023-LCS-NWA-300823-001A,8/30/2023,21:11,,
1693444380,3.42,18.674,2.534,0.91,7450-049711,TRUE,8/30/2023 21:13,2023-LCS-NWA-300823-002A,8/30/2023,21:13,,
1693444560,3.42,18.671,1.363,0.954,7450-770855,TRUE,8/30/2023 21:16,2023-LCS-NWA-300823-005A,8/30/2023,21:16,,
1693444800,3.44,18.937,0.334,0.966,7450-778298,TRUE,8/30/2023 21:20,2023-LCS-NWA-300823-006A,8/30/2023,21:20,,
1693444860,3.41,18.645,0.423,0.955,7450-064567,TRUE,8/30/2023 21:21,2023-LCS-NWA-300823-001A,8/30/2023,21:21,,
1693444980,3.41,18.616,2.574,0.91,7450-049711,TRUE,8/30/2023 21:23,2023-LCS-NWA-300823-002A,8/30/2023,21:23,,
1693445160,3.42,18.663,1.316,0.954,7450-770855,TRUE,8/30/2023 21:26,2023-LCS-NWA-300823-005A,8/30/2023,21:26,,
1693445400,3.44,18.921,0.214,0.963,7450-778298,TRUE,8/30/2023 21:30,2023-LCS-NWA-300823-006A,8/30/2023,21:30,,
1693445460,3.41,18.586,0.385,0.954,7450-064567,TRUE,8/30/2023 21:31,2023-LCS-NWA-300823-001A,8/30/2023,21:31,,
1693445580,3.42,18.607,2.339,0.91,7450-049711,TRUE,8/30/2023 21:33,2023-LCS-NWA-300823-002A,8/30/2023,21:33,,
1693445760,3.42,18.638,1.146,0.952,7450-770855,TRUE,8/30/2023 21:36,2023-LCS-NWA-300823-005A,8/30/2023,21:36,,
1693446000,3.44,18.879,0.147,0.962,7450-778298,TRUE,8/30/2023 21:40,2023-LCS-NWA-300823-006A,8/30/2023,21:40,,
1693446060,3.41,18.552,0.428,0.955,7450-064567,TRUE,8/30/2023 21:41,2023-LCS-NWA-300823-001A,8/30/2023,21:41,,
1693446180,3.41,18.582,2.379,0.91,7450-049711,TRUE,8/30/2023 21:43,2023-LCS-NWA-300823-002A,8/30/2023,21:43,,
1693446360,3.42,18.604,1.192,0.953,7450-770855,TRUE,8/30/2023 21:46,2023-LCS-NWA-300823-005A,8/30/2023,21:46,,
1693446600,3.44,18.845,0.19,0.963,7450-778298,TRUE,8/30/2023 21:50,2023-LCS-NWA-300823-006A,8/30/2023,21:50,,
1693446660,3.41,18.535,0.33,0.953,7450-064567,TRUE,8/30/2023 21:51,2023-LCS-NWA-300823-001A,8/30/2023,21:51,,
1693446780,3.42,18.506,2.446,0.91,7450-049711,TRUE,8/30/2023 21:53,2023-LCS-NWA-300823-002A,8/30/2023,21:53,,
1693446960,3.42,18.587,1.006,0.951,7450-770855,TRUE,8/30/2023 21:56,2023-LCS-NWA-300823-005A,8/30/2023,21:56,,
1693447200,3.44,18.837,0.116,0.962,7450-778298,TRUE,8/30/2023 22:00,2023-LCS-NWA-300823-006A,8/30/2023,22:00,,
1693447260,3.41,18.485,0.359,0.953,7450-064567,TRUE,8/30/2023 22:01,2023-LCS-NWA-300823-001A,8/30/2023,22:01,,
1693447380,3.42,18.498,2.271,0.91,7450-049711,TRUE,8/30/2023 22:03,2023-LCS-NWA-300823-002A,8/30/2023,22:03,,
1693447560,3.42,18.554,0.972,0.95,7450-770855,TRUE,8/30/2023 22:06,2023-LCS-NWA-300823-005A,8/30/2023,22:06,,
1693447800,3.44,18.803,0.122,0.962,7450-778298,TRUE,8/30/2023 22:10,2023-LCS-NWA-300823-006A,8/30/2023,22:10,,
1693447860,3.41,18.417,0.343,0.954,7450-064567,TRUE,8/30/2023 22:11,2023-LCS-NWA-300823-001A,8/30/2023,22:11,,
1693447980,3.42,18.473,2.298,0.91,7450-049711,TRUE,8/30/2023 22:13,2023-LCS-NWA-300823-002A,8/30/2023,22:13,,
1693448160,3.42,18.537,1.032,0.951,7450-770855,TRUE,8/30/2023 22:16,2023-LCS-NWA-300823-005A,8/30/2023,22:16,,
1693448400,3.44,18.753,0.039,0.96,7450-778298,TRUE,8/30/2023 22:20,2023-LCS-NWA-300823-006A,8/30/2023,22:20,,
1693448460,3.41,18.367,0.344,0.953,7450-064567,TRUE,8/30/2023 22:21,2023-LCS-NWA-300823-001A,8/30/2023,22:21,,
1693448580,3.42,18.414,1.938,0.91,7450-049711,TRUE,8/30/2023 22:23,2023-LCS-NWA-300823-002A,8/30/2023,22:23,,
1693448760,3.42,18.486,0.894,0.949,7450-770855,TRUE,8/30/2023 22:26,2023-LCS-NWA-300823-005A,8/30/2023,22:26,,
1693449000,3.44,18.719,0.028,0.959,7450-778298,TRUE,8/30/2023 22:30,2023-LCS-NWA-300823-006A,8/30/2023,22:30,,
1693449060,3.41,18.325,0.302,0.953,7450-064567,TRUE,8/30/2023 22:31,2023-LCS-NWA-300823-001A,8/30/2023,22:31,,
1693449180,3.42,18.346,1.93,0.91,7450-049711,TRUE,8/30/2023 22:33,2023-LCS-NWA-300823-002A,8/30/2023,22:33,,
1693449360,3.42,18.478,0.832,0.949,7450-770855,TRUE,8/30/2023 22:36,2023-LCS-NWA-300823-005A,8/30/2023,22:36,,
1693449600,3.44,18.677,0.02,0.959,7450-778298,TRUE,8/30/2023 22:40,2023-LCS-NWA-300823-006A,8/30/2023,22:40,,
1693449660,3.41,18.291,0.285,0.952,7450-064567,TRUE,8/30/2023 22:41,2023-LCS-NWA-300823-001A,8/30/2023,22:41,,
1693449780,3.42,18.346,1.945,0.91,7450-049711,TRUE,8/30/2023 22:43,2023-LCS-NWA-300823-002A,8/30/2023,22:43,,
1693449960,3.42,18.444,0.836,0.949,7450-770855,TRUE,8/30/2023 22:46,2023-LCS-NWA-300823-005A,8/30/2023,22:46,,
1693450200,3.44,18.652,0.02,0.959,7450-778298,TRUE,8/30/2023 22:50,2023-LCS-NWA-300823-006A,8/30/2023,22:50,,
1693450260,3.41,18.249,0.271,0.952,7450-064567,TRUE,8/30/2023 22:51,2023-LCS-NWA-300823-001A,8/30/2023,22:51,,
1693450380,3.42,18.355,1.857,0.91,7450-049711,TRUE,8/30/2023 22:53,2023-LCS-NWA-300823-002A,8/30/2023,22:53,,
1693450560,3.42,18.402,0.896,0.949,7450-770855,TRUE,8/30/2023 22:56,2023-LCS-NWA-300823-005A,8/30/2023,22:56,,
1693450800,3.44,18.61,0.026,0.96,7450-778298,TRUE,8/30/2023 23:00,2023-LCS-NWA-300823-006A,8/30/2023,23:00,,
1693450860,3.41,18.199,0.272,0.952,7450-064567,TRUE,8/30/2023 23:01,2023-LCS-NWA-300823-001A,8/30/2023,23:01,,
1693450980,3.42,18.313,1.778,0.909,7450-049711,TRUE,8/30/2023 23:03,2023-LCS-NWA-300823-002A,8/30/2023,23:03,,
1693451160,3.42,18.369,0.851,0.949,7450-770855,TRUE,8/30/2023 23:06,2023-LCS-NWA-300823-005A,8/30/2023,23:06,,
1693451400,3.44,18.584,0.025,0.96,7450-778298,TRUE,8/30/2023 23:10,2023-LCS-NWA-300823-006A,8/30/2023,23:10,,
1693451460,3.41,18.131,0.316,0.953,7450-064567,TRUE,8/30/2023 23:11,2023-LCS-NWA-300823-001A,8/30/2023,23:11,,
1693451580,3.42,18.271,1.862,0.91,7450-049711,TRUE,8/30/2023 23:13,2023-LCS-NWA-300823-002A,8/30/2023,23:13,,
1693451760,3.42,18.343,0.867,0.949,7450-770855,TRUE,8/30/2023 23:16,2023-LCS-NWA-300823-005A,8/30/2023,23:16,,
1693452000,3.44,18.567,0.02,0.959,7450-778298,TRUE,8/30/2023 23:20,2023-LCS-NWA-300823-006A,8/30/2023,23:20,,
1693452060,3.41,18.097,0.242,0.952,7450-064567,TRUE,8/30/2023 23:21,2023-LCS-NWA-300823-001A,8/30/2023,23:21,,
1693452180,3.42,18.245,1.738,0.909,7450-049711,TRUE,8/30/2023 23:23,2023-LCS-NWA-300823-002A,8/30/2023,23:23,,
1693452360,3.42,18.327,0.789,0.948,7450-770855,TRUE,8/30/2023 23:26,2023-LCS-NWA-300823-005A,8/30/2023,23:26,,
1693452600,3.44,18.525,0.02,0.959,7450-778298,TRUE,8/30/2023 23:30,2023-LCS-NWA-300823-006A,8/30/2023,23:30,,
1693452660,3.41,18.072,0.233,0.952,7450-064567,TRUE,8/30/2023 23:31,2023-LCS-NWA-300823-001A,8/30/2023,23:31,,
1693452780,3.42,18.22,1.597,0.909,7450-049711,TRUE,8/30/2023 23:33,2023-LCS-NWA-300823-002A,8/30/2023,23:33,,
1693452960,3.42,18.259,0.763,0.948,7450-770855,TRUE,8/30/2023 23:36,2023-LCS-NWA-300823-005A,8/30/2023,23:36,,
1693453200,3.44,18.5,0.019,0.959,7450-778298,TRUE,8/30/2023 23:40,2023-LCS-NWA-300823-006A,8/30/2023,23:40,,
1693453260,3.41,18.047,0.212,0.951,7450-064567,TRUE,8/30/2023 23:41,2023-LCS-NWA-300823-001A,8/30/2023,23:41,,
1693453380,3.42,18.17,1.901,0.909,7450-049711,TRUE,8/30/2023 23:43,2023-LCS-NWA-300823-002A,8/30/2023,23:43,,
1693453560,3.42,18.242,0.782,0.948,7450-770855,TRUE,8/30/2023 23:46,2023-LCS-NWA-300823-005A,8/30/2023,23:46,,
1693453800,3.44,18.45,0.02,0.959,7450-778298,TRUE,8/30/2023 23:50,2023-LCS-NWA-300823-006A,8/30/2023,23:50,,
1693453860,3.41,18.013,0.259,0.952,7450-064567,TRUE,8/30/2023 23:51,2023-LCS-NWA-300823-001A,8/30/2023,23:51,,
1693453980,3.42,18.144,1.73,0.909,7450-049711,TRUE,8/30/2023 23:53,2023-LCS-NWA-300823-002A,8/30/2023,23:53,,
1693454160,3.42,18.217,0.709,0.947,7450-770855,TRUE,8/30/2023 23:56,2023-LCS-NWA-300823-005A,8/30/2023,23:56,,
1693454400,3.44,18.416,0.019,0.959,7450-778298,TRUE,8/31/2023 0:00,2023-LCS-NWA-300823-006A,8/31/2023,0:00,,
1693454460,3.41,17.954,0.229,0.952,7450-064567,TRUE,8/31/2023 0:01,2023-LCS-NWA-300823-001A,8/31/2023,0:01,,
1693454580,3.42,18.111,1.597,0.909,7450-049711,TRUE,8/31/2023 0:03,2023-LCS-NWA-300823-002A,8/31/2023,0:03,,
1693454760,3.42,18.183,0.725,0.947,7450-770855,TRUE,8/31/2023 0:06,2023-LCS-NWA-300823-005A,8/31/2023,0:06,,
1693455000,3.44,18.399,0.023,0.959,7450-778298,TRUE,8/31/2023 0:10,2023-LCS-NWA-300823-006A,8/31/2023,0:10,,
1693455060,3.41,17.946,0.219,0.951,7450-064567,TRUE,8/31/2023 0:11,2023-LCS-NWA-300823-001A,8/31/2023,0:11,,
1693455180,3.42,18.094,1.923,0.91,7450-049711,TRUE,8/31/2023 0:13,2023-LCS-NWA-300823-002A,8/31/2023,0:13,,
1693455360,3.42,18.175,0.63,0.945,7450-770855,TRUE,8/31/2023 0:16,2023-LCS-NWA-300823-005A,8/31/2023,0:16,,
1693455600,3.44,18.332,0.02,0.959,7450-778298,TRUE,8/31/2023 0:20,2023-LCS-NWA-300823-006A,8/31/2023,0:20,,
1693455660,3.41,17.929,0.148,0.95,7450-064567,TRUE,8/31/2023 0:21,2023-LCS-NWA-300823-001A,8/31/2023,0:21,,
1693455780,3.42,18.052,1.489,0.908,7450-049711,TRUE,8/31/2023 0:23,2023-LCS-NWA-300823-002A,8/31/2023,0:23,,
1693455960,3.42,18.133,0.633,0.945,7450-770855,TRUE,8/31/2023 0:26,2023-LCS-NWA-300823-005A,8/31/2023,0:26,,
1693456200,3.44,18.332,0.019,0.959,7450-778298,TRUE,8/31/2023 0:30,2023-LCS-NWA-300823-006A,8/31/2023,0:30,,
1693456260,3.41,17.887,0.138,0.949,7450-064567,TRUE,8/31/2023 0:31,2023-LCS-NWA-300823-001A,8/31/2023,0:31,,
1693456380,3.42,18.026,1.511,0.908,7450-049711,TRUE,8/31/2023 0:33,2023-LCS-NWA-300823-002A,8/31/2023,0:33,,
1693456560,3.42,18.099,0.631,0.945,7450-770855,TRUE,8/31/2023 0:36,2023-LCS-NWA-300823-005A,8/31/2023,0:36,,
1693456800,3.44,18.281,0.02,0.959,7450-778298,TRUE,8/31/2023 0:40,2023-LCS-NWA-300823-006A,8/31/2023,0:40,,
1693456860,3.41,17.861,0.22,0.952,7450-064567,TRUE,8/31/2023 0:41,2023-LCS-NWA-300823-001A,8/31/2023,0:41,,
1693456980,3.42,17.993,1.705,0.909,7450-049711,TRUE,8/31/2023 0:43,2023-LCS-NWA-300823-002A,8/31/2023,0:43,,
1693457160,3.42,18.074,0.607,0.945,7450-770855,TRUE,8/31/2023 0:46,2023-LCS-NWA-300823-005A,8/31/2023,0:46,,
1693457400,3.44,18.239,0.02,0.959,7450-778298,TRUE,8/31/2023 0:50,2023-LCS-NWA-300823-006A,8/31/2023,0:50,,
1693457460,3.41,17.836,0.14,0.95,7450-064567,TRUE,8/31/2023 0:51,2023-LCS-NWA-300823-001A,8/31/2023,0:51,,
1693457580,3.42,17.967,1.591,0.909,7450-049711,TRUE,8/31/2023 0:53,2023-LCS-NWA-300823-002A,8/31/2023,0:53,,
1693457760,3.42,18.04,0.567,0.944,7450-770855,TRUE,8/31/2023 0:56,2023-LCS-NWA-300823-005A,8/31/2023,0:56,,
1693458000,3.45,18.214,0.019,0.959,7450-778298,TRUE,8/31/2023 1:00,2023-LCS-NWA-300823-006A,8/31/2023,1:00,,
1693458060,3.41,17.811,0.1,0.949,7450-064567,TRUE,8/31/2023 1:01,2023-LCS-NWA-300823-001A,8/31/2023,1:01,,
1693458180,3.42,17.908,1.633,0.909,7450-049711,TRUE,8/31/2023 1:03,2023-LCS-NWA-300823-002A,8/31/2023,1:03,,
1693458360,3.42,18.023,0.563,0.944,7450-770855,TRUE,8/31/2023 1:06,2023-LCS-NWA-300823-005A,8/31/2023,1:06,,
1693458600,3.45,18.197,0.019,0.959,7450-778298,TRUE,8/31/2023 1:10,2023-LCS-NWA-300823-006A,8/31/2023,1:10,,
1693458660,3.41,17.777,0.088,0.949,7450-064567,TRUE,8/31/2023 1:11,2023-LCS-NWA-300823-001A,8/31/2023,1:11,,
1693458780,3.42,17.883,1.712,0.909,7450-049711,TRUE,8/31/2023 1:13,2023-LCS-NWA-300823-002A,8/31/2023,1:13,,
1693458960,3.42,17.973,0.507,0.943,7450-770855,TRUE,8/31/2023 1:16,2023-LCS-NWA-300823-005A,8/31/2023,1:16,,
1693459200,3.45,18.155,0.019,0.959,7450-778298,TRUE,8/31/2023 1:20,2023-LCS-NWA-300823-006A,8/31/2023,1:20,,
1693459260,3.41,17.735,0.087,0.949,7450-064567,TRUE,8/31/2023 1:21,2023-LCS-NWA-300823-001A,8/31/2023,1:21,,
1693459380,3.42,17.858,1.421,0.908,7450-049711,TRUE,8/31/2023 1:23,2023-LCS-NWA-300823-002A,8/31/2023,1:23,,
1693459560,3.42,17.948,0.503,0.943,7450-770855,TRUE,8/31/2023 1:26,2023-LCS-NWA-300823-005A,8/31/2023,1:26,,
1693459800,3.45,18.121,0.019,0.959,7450-778298,TRUE,8/31/2023 1:30,2023-LCS-NWA-300823-006A,8/31/2023,1:30,,
1693459860,3.41,17.718,0.08,0.949,7450-064567,TRUE,8/31/2023 1:31,2023-LCS-NWA-300823-001A,8/31/2023,1:31,,
1693459980,3.41,17.824,1.397,0.908,7450-049711,TRUE,8/31/2023 1:33,2023-LCS-NWA-300823-002A,8/31/2023,1:33,,
1693460160,3.42,17.922,0.486,0.943,7450-770855,TRUE,8/31/2023 1:36,2023-LCS-NWA-300823-005A,8/31/2023,1:36,,
1693460400,3.45,18.087,0.019,0.959,7450-778298,TRUE,8/31/2023 1:40,2023-LCS-NWA-300823-006A,8/31/2023,1:40,,
1693460460,3.41,17.684,0.082,0.949,7450-064567,TRUE,8/31/2023 1:41,2023-LCS-NWA-300823-001A,8/31/2023,1:41,,
1693460580,3.41,17.807,1.453,0.908,7450-049711,TRUE,8/31/2023 1:43,2023-LCS-NWA-300823-002A,8/31/2023,1:43,,
1693460760,3.42,17.889,0.433,0.942,7450-770855,TRUE,8/31/2023 1:46,2023-LCS-NWA-300823-005A,8/31/2023,1:46,,
1693461000,3.45,18.054,0.019,0.959,7450-778298,TRUE,8/31/2023 1:50,2023-LCS-NWA-300823-006A,8/31/2023,1:50,,
1693461060,3.41,17.633,0.084,0.949,7450-064567,TRUE,8/31/2023 1:51,2023-LCS-NWA-300823-001A,8/31/2023,1:51,,
1693461180,3.41,17.765,1.348,0.908,7450-049711,TRUE,8/31/2023 1:53,2023-LCS-NWA-300823-002A,8/31/2023,1:53,,
1693461360,3.42,17.846,0.409,0.941,7450-770855,TRUE,8/31/2023 1:56,2023-LCS-NWA-300823-005A,8/31/2023,1:56,,
1693461600,3.45,18.028,0.018,0.959,7450-778298,TRUE,8/31/2023 2:00,2023-LCS-NWA-300823-006A,8/31/2023,2:00,,
1693461660,3.41,17.608,0.093,0.949,7450-064567,TRUE,8/31/2023 2:01,2023-LCS-NWA-300823-001A,8/31/2023,2:01,,
1693461780,3.41,17.74,1.336,0.908,7450-049711,TRUE,8/31/2023 2:03,2023-LCS-NWA-300823-002A,8/31/2023,2:03,,
1693461960,3.42,17.821,0.38,0.941,7450-770855,TRUE,8/31/2023 2:06,2023-LCS-NWA-300823-005A,8/31/2023,2:06,,
1693462200,3.45,17.986,0.018,0.959,7450-778298,TRUE,8/31/2023 2:10,2023-LCS-NWA-300823-006A,8/31/2023,2:10,,
1693462260,3.41,17.549,0.087,0.949,7450-064567,TRUE,8/31/2023 2:11,2023-LCS-NWA-300823-001A,8/31/2023,2:11,,
1693462380,3.41,17.697,1.261,0.907,7450-049711,TRUE,8/31/2023 2:13,2023-LCS-NWA-300823-002A,8/31/2023,2:13,,
1693462560,3.42,17.77,0.355,0.94,7450-770855,TRUE,8/31/2023 2:16,2023-LCS-NWA-300823-005A,8/31/2023,2:16,,
1693462800,3.45,17.952,0.018,0.959,7450-778298,TRUE,8/31/2023 2:20,2023-LCS-NWA-300823-006A,8/31/2023,2:20,,
1693462860,3.41,17.549,0.067,0.949,7450-064567,TRUE,8/31/2023 2:21,2023-LCS-NWA-300823-001A,8/31/2023,2:21,,
1693462980,3.41,17.655,1.137,0.906,7450-049711,TRUE,8/31/2023 2:23,2023-LCS-NWA-300823-002A,8/31/2023,2:23,,
1693463160,3.42,17.737,0.321,0.939,7450-770855,TRUE,8/31/2023 2:26,2023-LCS-NWA-300823-005A,8/31/2023,2:26,,
1693463400,3.45,17.919,0.019,0.959,7450-778298,TRUE,8/31/2023 2:30,2023-LCS-NWA-300823-006A,8/31/2023,2:30,,
1693463460,3.41,17.54,0.081,0.949,7450-064567,TRUE,8/31/2023 2:31,2023-LCS-NWA-300823-001A,8/31/2023,2:31,,
1693463580,3.41,17.647,1.161,0.907,7450-049711,TRUE,8/31/2023 2:33,2023-LCS-NWA-300823-002A,8/31/2023,2:33,,
1693463760,3.41,17.737,0.319,0.939,7450-770855,TRUE,8/31/2023 2:36,2023-LCS-NWA-300823-005A,8/31/2023,2:36,,
1693464000,3.44,17.91,0.018,0.959,7450-778298,TRUE,8/31/2023 2:40,2023-LCS-NWA-300823-006A,8/31/2023,2:40,,
1693464060,3.41,17.49,0.072,0.949,7450-064567,TRUE,8/31/2023 2:41,2023-LCS-NWA-300823-001A,8/31/2023,2:41,,
1693464180,3.41,17.621,1.147,0.907,7450-049711,TRUE,8/31/2023 2:43,2023-LCS-NWA-300823-002A,8/31/2023,2:43,,
1693464360,3.42,17.72,0.237,0.937,7450-770855,TRUE,8/31/2023 2:46,2023-LCS-NWA-300823-005A,8/31/2023,2:46,,
1693464600,3.44,17.826,0.019,0.959,7450-778298,TRUE,8/31/2023 2:50,2023-LCS-NWA-300823-006A,8/31/2023,2:50,,
1693464660,3.41,17.464,0.092,0.95,7450-064567,TRUE,8/31/2023 2:51,2023-LCS-NWA-300823-001A,8/31/2023,2:51,,
1693464780,3.42,17.605,1.08,0.906,7450-049711,TRUE,8/31/2023 2:53,2023-LCS-NWA-300823-002A,8/31/2023,2:53,,
1693464960,3.42,17.694,0.224,0.937,7450-770855,TRUE,8/31/2023 2:56,2023-LCS-NWA-300823-005A,8/31/2023,2:56,,
1693465200,3.44,17.809,0.019,0.959,7450-778298,TRUE,8/31/2023 3:00,2023-LCS-NWA-300823-006A,8/31/2023,3:00,,
1693465260,3.41,17.431,0.08,0.949,7450-064567,TRUE,8/31/2023 3:01,2023-LCS-NWA-300823-001A,8/31/2023,3:01,,
1693465380,3.42,17.545,1.006,0.905,7450-049711,TRUE,8/31/2023 3:03,2023-LCS-NWA-300823-002A,8/31/2023,3:03,,
1693465560,3.42,17.678,0.124,0.935,7450-770855,TRUE,8/31/2023 3:06,2023-LCS-NWA-300823-005A,8/31/2023,3:06,,
1693465800,3.44,17.792,0.019,0.959,7450-778298,TRUE,8/31/2023 3:10,2023-LCS-NWA-300823-006A,8/31/2023,3:10,,
1693465860,3.41,17.405,0.087,0.949,7450-064567,TRUE,8/31/2023 3:11,2023-LCS-NWA-300823-001A,8/31/2023,3:11,,
1693465980,3.41,17.545,1.143,0.906,7450-049711,TRUE,8/31/2023 3:13,2023-LCS-NWA-300823-002A,8/31/2023,3:13,,
1693466160,3.42,17.652,0.116,0.935,7450-770855,TRUE,8/31/2023 3:16,2023-LCS-NWA-300823-005A,8/31/2023,3:16,,
1693466400,3.44,17.75,0.017,0.959,7450-778298,TRUE,8/31/2023 3:20,2023-LCS-NWA-300823-006A,8/31/2023,3:20,,
1693466460,3.41,17.371,0.069,0.949,7450-064567,TRUE,8/31/2023 3:21,2023-LCS-NWA-300823-001A,8/31/2023,3:21,,
1693466580,3.41,17.512,1.084,0.906,7450-049711,TRUE,8/31/2023 3:23,2023-LCS-NWA-300823-002A,8/31/2023,3:23,,
1693466760,3.42,17.635,0.096,0.934,7450-770855,TRUE,8/31/2023 3:26,2023-LCS-NWA-300823-005A,8/31/2023,3:26,,
1693467000,3.44,17.691,0.019,0.959,7450-778298,TRUE,8/31/2023 3:30,2023-LCS-NWA-300823-006A,8/31/2023,3:30,,
1693467060,3.41,17.346,0.075,0.949,7450-064567,TRUE,8/31/2023 3:31,2023-LCS-NWA-300823-001A,8/31/2023,3:31,,
1693467180,3.42,17.452,0.919,0.904,7450-049711,TRUE,8/31/2023 3:33,2023-LCS-NWA-300823-002A,8/31/2023,3:33,,
1693467360,3.42,17.61,0.091,0.934,7450-770855,TRUE,8/31/2023 3:36,2023-LCS-NWA-300823-005A,8/31/2023,3:36,,
1693467600,3.44,17.691,0.019,0.959,7450-778298,TRUE,8/31/2023 3:40,2023-LCS-NWA-300823-006A,8/31/2023,3:40,,
1693467660,3.41,17.295,0.071,0.949,7450-064567,TRUE,8/31/2023 3:41,2023-LCS-NWA-300823-001A,8/31/2023,3:41,,
1693467780,3.42,17.427,0.922,0.904,7450-049711,TRUE,8/31/2023 3:43,2023-LCS-NWA-300823-002A,8/31/2023,3:43,,
1693467960,3.42,17.576,0.09,0.934,7450-770855,TRUE,8/31/2023 3:46,2023-LCS-NWA-300823-005A,8/31/2023,3:46,,
1693468200,3.44,17.64,0.019,0.959,7450-778298,TRUE,8/31/2023 3:50,2023-LCS-NWA-300823-006A,8/31/2023,3:50,,
1693468260,3.41,17.287,0.071,0.949,7450-064567,TRUE,8/31/2023 3:51,2023-LCS-NWA-300823-001A,8/31/2023,3:51,,
1693468380,3.42,17.376,0.921,0.904,7450-049711,TRUE,8/31/2023 3:53,2023-LCS-NWA-300823-002A,8/31/2023,3:53,,
1693468560,3.42,17.576,0.1,0.934,7450-770855,TRUE,8/31/2023 3:56,2023-LCS-NWA-300823-005A,8/31/2023,3:56,,
1693468800,3.44,17.606,0.019,0.959,7450-778298,TRUE,8/31/2023 4:00,2023-LCS-NWA-300823-006A,8/31/2023,4:00,,
1693468860,3.41,17.253,0.091,0.95,7450-064567,TRUE,8/31/2023 4:01,2023-LCS-NWA-300823-001A,8/31/2023,4:01,,
1693468980,3.42,17.36,0.852,0.904,7450-049711,TRUE,8/31/2023 4:03,2023-LCS-NWA-300823-002A,8/31/2023,4:03,,
1693469160,3.42,17.534,0.081,0.934,7450-770855,TRUE,8/31/2023 4:06,2023-LCS-NWA-300823-005A,8/31/2023,4:06,,
1693469400,3.44,17.589,0.018,0.959,7450-778298,TRUE,8/31/2023 4:10,2023-LCS-NWA-300823-006A,8/31/2023,4:10,,
1693469460,3.41,17.211,0.076,0.949,7450-064567,TRUE,8/31/2023 4:11,2023-LCS-NWA-300823-001A,8/31/2023,4:11,,
1693469580,3.42,17.317,0.886,0.904,7450-049711,TRUE,8/31/2023 4:13,2023-LCS-NWA-300823-002A,8/31/2023,4:13,,
1693469760,3.42,17.509,0.073,0.933,7450-770855,TRUE,8/31/2023 4:16,2023-LCS-NWA-300823-005A,8/31/2023,4:16,,
1693470000,3.44,17.564,0.018,0.959,7450-778298,TRUE,8/31/2023 4:20,2023-LCS-NWA-300823-006A,8/31/2023,4:20,,
1693470060,3.41,17.185,0.069,0.949,7450-064567,TRUE,8/31/2023 4:21,2023-LCS-NWA-300823-001A,8/31/2023,4:21,,
1693470180,3.42,17.326,0.868,0.904,7450-049711,TRUE,8/31/2023 4:23,2023-LCS-NWA-300823-002A,8/31/2023,4:23,,
1693470360,3.42,17.483,0.066,0.933,7450-770855,TRUE,8/31/2023 4:26,2023-LCS-NWA-300823-005A,8/31/2023,4:26,,
1693470600,3.44,17.53,0.018,0.959,7450-778298,TRUE,8/31/2023 4:30,2023-LCS-NWA-300823-006A,8/31/2023,4:30,,
1693470660,3.41,17.16,0.053,0.949,7450-064567,TRUE,8/31/2023 4:31,2023-LCS-NWA-300823-001A,8/31/2023,4:31,,
1693470780,3.42,17.275,0.777,0.903,7450-049711,TRUE,8/31/2023 4:33,2023-LCS-NWA-300823-002A,8/31/2023,4:33,,
1693470960,3.42,17.475,0.131,0.935,7450-770855,TRUE,8/31/2023 4:36,2023-LCS-NWA-300823-005A,8/31/2023,4:36,,
1693471200,3.44,17.479,0.018,0.959,7450-778298,TRUE,8/31/2023 4:40,2023-LCS-NWA-300823-006A,8/31/2023,4:40,,
1693471260,3.41,17.126,0.047,0.948,7450-064567,TRUE,8/31/2023 4:41,2023-LCS-NWA-300823-001A,8/31/2023,4:41,,
1693471380,3.42,17.241,0.841,0.904,7450-049711,TRUE,8/31/2023 4:43,2023-LCS-NWA-300823-002A,8/31/2023,4:43,,
1693471560,3.42,17.441,0.07,0.933,7450-770855,TRUE,8/31/2023 4:46,2023-LCS-NWA-300823-005A,8/31/2023,4:46,,
1693471800,3.44,17.462,0.019,0.959,7450-778298,TRUE,8/31/2023 4:50,2023-LCS-NWA-300823-006A,8/31/2023,4:50,,
1693471860,3.41,17.092,0.05,0.949,7450-064567,TRUE,8/31/2023 4:51,2023-LCS-NWA-300823-001A,8/31/2023,4:51,,
1693471980,3.42,17.224,0.889,0.904,7450-049711,TRUE,8/31/2023 4:53,2023-LCS-NWA-300823-002A,8/31/2023,4:53,,
1693472160,3.42,17.407,0.054,0.933,7450-770855,TRUE,8/31/2023 4:56,2023-LCS-NWA-300823-005A,8/31/2023,4:56,,
1693472400,3.44,17.428,0.018,0.959,7450-778298,TRUE,8/31/2023 5:00,2023-LCS-NWA-300823-006A,8/31/2023,5:00,,
1693472460,3.41,17.075,0.051,0.949,7450-064567,TRUE,8/31/2023 5:01,2023-LCS-NWA-300823-001A,8/31/2023,5:01,,
1693472580,3.42,17.207,0.744,0.902,7450-049711,TRUE,8/31/2023 5:03,2023-LCS-NWA-300823-002A,8/31/2023,5:03,,
1693472760,3.42,17.39,0.052,0.933,7450-770855,TRUE,8/31/2023 5:06,2023-LCS-NWA-300823-005A,8/31/2023,5:06,,
1693473000,3.44,17.386,0.019,0.959,7450-778298,TRUE,8/31/2023 5:10,2023-LCS-NWA-300823-006A,8/31/2023,5:10,,
1693473060,3.41,17.058,0.052,0.949,7450-064567,TRUE,8/31/2023 5:11,2023-LCS-NWA-300823-001A,8/31/2023,5:11,,
1693473180,3.42,17.19,0.799,0.903,7450-049711,TRUE,8/31/2023 5:13,2023-LCS-NWA-300823-002A,8/31/2023,5:13,,
1693473360,3.42,17.382,0.046,0.933,7450-770855,TRUE,8/31/2023 5:16,2023-LCS-NWA-300823-005A,8/31/2023,5:16,,
1693473600,3.44,17.378,0.018,0.959,7450-778298,TRUE,8/31/2023 5:20,2023-LCS-NWA-300823-006A,8/31/2023,5:20,,
1693473660,3.41,17.033,0.051,0.949,7450-064567,TRUE,8/31/2023 5:21,2023-LCS-NWA-300823-001A,8/31/2023,5:21,,
1693473780,3.42,17.123,0.776,0.903,7450-049711,TRUE,8/31/2023 5:23,2023-LCS-NWA-300823-002A,8/31/2023,5:23,,
1693473960,3.42,17.348,0.045,0.933,7450-770855,TRUE,8/31/2023 5:26,2023-LCS-NWA-300823-005A,8/31/2023,5:26,,
1693474200,3.44,17.335,0.018,0.959,7450-778298,TRUE,8/31/2023 5:30,2023-LCS-NWA-300823-006A,8/31/2023,5:30,,
1693474260,3.41,16.999,0.05,0.949,7450-064567,TRUE,8/31/2023 5:31,2023-LCS-NWA-300823-001A,8/31/2023,5:31,,
1693474380,3.42,17.089,0.721,0.902,7450-049711,TRUE,8/31/2023 5:33,2023-LCS-NWA-300823-002A,8/31/2023,5:33,,
1693474560,3.42,17.323,0.042,0.933,7450-770855,TRUE,8/31/2023 5:36,2023-LCS-NWA-300823-005A,8/31/2023,5:36,,
1693474800,3.44,17.293,0.019,0.959,7450-778298,TRUE,8/31/2023 5:40,2023-LCS-NWA-300823-006A,8/31/2023,5:40,,
1693474860,3.41,16.965,0.041,0.949,7450-064567,TRUE,8/31/2023 5:41,2023-LCS-NWA-300823-001A,8/31/2023,5:41,,
1693474980,3.42,17.08,0.778,0.903,7450-049711,TRUE,8/31/2023 5:43,2023-LCS-NWA-300823-002A,8/31/2023,5:43,,
1693475160,3.42,17.306,0.042,0.933,7450-770855,TRUE,8/31/2023 5:46,2023-LCS-NWA-300823-005A,8/31/2023,5:46,,
1693475400,3.44,17.259,0.018,0.959,7450-778298,TRUE,8/31/2023 5:50,2023-LCS-NWA-300823-006A,8/31/2023,5:50,,
1693475460,3.41,16.939,0.047,0.949,7450-064567,TRUE,8/31/2023 5:51,2023-LCS-NWA-300823-001A,8/31/2023,5:51,,
1693475580,3.42,17.055,0.698,0.902,7450-049711,TRUE,8/31/2023 5:53,2023-LCS-NWA-300823-002A,8/31/2023,5:53,,
1693475760,3.42,17.272,0.041,0.933,7450-770855,TRUE,8/31/2023 5:56,2023-LCS-NWA-300823-005A,8/31/2023,5:56,,
1693476000,3.44,17.234,0.019,0.959,7450-778298,TRUE,8/31/2023 6:00,2023-LCS-NWA-300823-006A,8/31/2023,6:00,,
1693476060,3.41,16.922,0.041,0.949,7450-064567,TRUE,8/31/2023 6:01,2023-LCS-NWA-300823-001A,8/31/2023,6:01,,
1693476180,3.42,17.029,0.743,0.902,7450-049711,TRUE,8/31/2023 6:03,2023-LCS-NWA-300823-002A,8/31/2023,6:03,,
1693476360,3.42,17.255,0.041,0.933,7450-770855,TRUE,8/31/2023 6:06,2023-LCS-NWA-300823-005A,8/31/2023,6:06,,
1693476600,3.44,17.191,0.019,0.96,7450-778298,TRUE,8/31/2023 6:10,2023-LCS-NWA-300823-006A,8/31/2023,6:10,,
1693476660,3.41,16.888,0.047,0.949,7450-064567,TRUE,8/31/2023 6:11,2023-LCS-NWA-300823-001A,8/31/2023,6:11,,
1693476780,3.42,17.046,0.618,0.901,7450-049711,TRUE,8/31/2023 6:13,2023-LCS-NWA-300823-002A,8/31/2023,6:13,,
1693476960,3.42,17.238,0.042,0.933,7450-770855,TRUE,8/31/2023 6:16,2023-LCS-NWA-300823-005A,8/31/2023,6:16,,
1693477200,3.44,17.158,0.019,0.959,7450-778298,TRUE,8/31/2023 6:20,2023-LCS-NWA-300823-006A,8/31/2023,6:20,,
1693477260,3.41,16.855,0.034,0.948,7450-064567,TRUE,8/31/2023 6:21,2023-LCS-NWA-300823-001A,8/31/2023,6:21,,
1693477380,3.42,17.004,0.644,0.901,7450-049711,TRUE,8/31/2023 6:23,2023-LCS-NWA-300823-002A,8/31/2023,6:23,,
1693477560,3.42,17.204,0.042,0.933,7450-770855,TRUE,8/31/2023 6:26,2023-LCS-NWA-300823-005A,8/31/2023,6:26,,
1693477800,3.44,17.132,0.019,0.96,7450-778298,TRUE,8/31/2023 6:30,2023-LCS-NWA-300823-006A,8/31/2023,6:30,,
1693477860,3.41,16.829,0.033,0.948,7450-064567,TRUE,8/31/2023 6:31,2023-LCS-NWA-300823-001A,8/31/2023,6:31,,
1693477980,3.42,16.996,0.673,0.901,7450-049711,TRUE,8/31/2023 6:33,2023-LCS-NWA-300823-002A,8/31/2023,6:33,,
1693478160,3.42,17.179,0.049,0.933,7450-770855,TRUE,8/31/2023 6:36,2023-LCS-NWA-300823-005A,8/31/2023,6:36,,
1693478400,3.44,17.09,0.019,0.959,7450-778298,TRUE,8/31/2023 6:40,2023-LCS-NWA-300823-006A,8/31/2023,6:40,,
1693478460,3.41,16.804,0.032,0.948,7450-064567,TRUE,8/31/2023 6:41,2023-LCS-NWA-300823-001A,8/31/2023,6:41,,
1693478580,3.42,16.962,0.704,0.902,7450-049711,TRUE,8/31/2023 6:43,2023-LCS-NWA-300823-002A,8/31/2023,6:43,,
1693478760,3.42,17.153,0.041,0.933,7450-770855,TRUE,8/31/2023 6:46,2023-LCS-NWA-300823-005A,8/31/2023,6:46,,
1693479000,3.44,17.073,0.018,0.959,7450-778298,TRUE,8/31/2023 6:50,2023-LCS-NWA-300823-006A,8/31/2023,6:50,,
1693479060,3.41,16.778,0.037,0.948,7450-064567,TRUE,8/31/2023 6:51,2023-LCS-NWA-300823-001A,8/31/2023,6:51,,
1693479180,3.42,16.919,0.655,0.901,7450-049711,TRUE,8/31/2023 6:53,2023-LCS-NWA-300823-002A,8/31/2023,6:53,,
1693479360,3.42,17.137,0.045,0.933,7450-770855,TRUE,8/31/2023 6:56,2023-LCS-NWA-300823-005A,8/31/2023,6:56,,
1693479600,3.45,17.03,0.019,0.959,7450-778298,TRUE,8/31/2023 7:00,2023-LCS-NWA-300823-006A,8/31/2023,7:00,,
1693479660,3.41,16.744,0.049,0.949,7450-064567,TRUE,8/31/2023 7:01,2023-LCS-NWA-300823-001A,8/31/2023,7:01,,
1693479780,3.42,16.902,0.663,0.901,7450-049711,TRUE,8/31/2023 7:03,2023-LCS-NWA-300823-002A,8/31/2023,7:03,,
1693479960,3.42,17.111,0.042,0.933,7450-770855,TRUE,8/31/2023 7:06,2023-LCS-NWA-300823-005A,8/31/2023,7:06,,
1693480200,3.45,17.013,0.018,0.959,7450-778298,TRUE,8/31/2023 7:10,2023-LCS-NWA-300823-006A,8/31/2023,7:10,,
1693480260,3.41,16.71,0.032,0.948,7450-064567,TRUE,8/31/2023 7:11,2023-LCS-NWA-300823-001A,8/31/2023,7:11,,
1693480380,3.42,16.885,0.617,0.9,7450-049711,TRUE,8/31/2023 7:13,2023-LCS-NWA-300823-002A,8/31/2023,7:13,,
1693480560,3.42,17.069,0.043,0.933,7450-770855,TRUE,8/31/2023 7:16,2023-LCS-NWA-300823-005A,8/31/2023,7:16,,
1693480800,3.45,16.963,0.019,0.959,7450-778298,TRUE,8/31/2023 7:20,2023-LCS-NWA-300823-006A,8/31/2023,7:20,,
1693480860,3.41,16.676,0.031,0.948,7450-064567,TRUE,8/31/2023 7:21,2023-LCS-NWA-300823-001A,8/31/2023,7:21,,
1693480980,3.42,16.843,0.581,0.9,7450-049711,TRUE,8/31/2023 7:23,2023-LCS-NWA-300823-002A,8/31/2023,7:23,,
1693481160,3.42,17.06,0.042,0.933,7450-770855,TRUE,8/31/2023 7:26,2023-LCS-NWA-300823-005A,8/31/2023,7:26,,
1693481400,3.44,16.92,0.018,0.959,7450-778298,TRUE,8/31/2023 7:30,2023-LCS-NWA-300823-006A,8/31/2023,7:30,,
1693481460,3.41,16.651,0.028,0.948,7450-064567,TRUE,8/31/2023 7:31,2023-LCS-NWA-300823-001A,8/31/2023,7:31,,
1693481580,3.42,16.834,0.601,0.9,7450-049711,TRUE,8/31/2023 7:33,2023-LCS-NWA-300823-002A,8/31/2023,7:33,,
1693481760,3.42,17.026,0.052,0.933,7450-770855,TRUE,8/31/2023 7:36,2023-LCS-NWA-300823-005A,8/31/2023,7:36,,
1693482000,3.45,16.895,0.018,0.959,7450-778298,TRUE,8/31/2023 7:40,2023-LCS-NWA-300823-006A,8/31/2023,7:40,,
1693482060,3.41,16.642,0.027,0.948,7450-064567,TRUE,8/31/2023 7:41,2023-LCS-NWA-300823-001A,8/31/2023,7:41,,
1693482180,3.42,16.809,0.612,0.9,7450-049711,TRUE,8/31/2023 7:43,2023-LCS-NWA-300823-002A,8/31/2023,7:43,,
1693482360,3.42,17.009,0.04,0.932,7450-770855,TRUE,8/31/2023 7:46,2023-LCS-NWA-300823-005A,8/31/2023,7:46,,
1693482600,3.45,16.869,0.019,0.959,7450-778298,TRUE,8/31/2023 7:50,2023-LCS-NWA-300823-006A,8/31/2023,7:50,,
1693482660,3.41,16.608,0.057,0.949,7450-064567,TRUE,8/31/2023 7:51,2023-LCS-NWA-300823-001A,8/31/2023,7:51,,
1693482780,3.42,16.792,0.585,0.9,7450-049711,TRUE,8/31/2023 7:53,2023-LCS-NWA-300823-002A,8/31/2023,7:53,,
1693482960,3.42,16.984,0.059,0.933,7450-770855,TRUE,8/31/2023 7:56,2023-LCS-NWA-300823-005A,8/31/2023,7:56,,
,,,,,,FISH,8/31/2023 7:58,2023-LCS-NWA-300823-001A,8/31/2023,7:58,,
1693483200,3.45,16.852,0.018,0.959,7450-778298,TRUE,8/31/2023 8:00,2023-LCS-NWA-300823-006A,8/31/2023,8:00,,
1693483260,3.41,16.191,6.441,0.969,7450-064567,FALSE,8/31/2023 8:01,2023-LCS-NWA-300823-001A,8/31/2023,8:01,,
1693483380,3.42,16.8,0.575,0.9,7450-049711,TRUE,8/31/2023 8:03,2023-LCS-NWA-300823-002A,8/31/2023,8:03,,
1693483560,3.42,16.959,0.041,0.933,7450-770855,TRUE,8/31/2023 8:06,2023-LCS-NWA-300823-005A,8/31/2023,8:06,,
1693483800,3.44,16.81,0.018,0.959,7450-778298,TRUE,8/31/2023 8:10,2023-LCS-NWA-300823-006A,8/31/2023,8:10,,
1693483980,3.42,16.809,0.486,0.898,7450-049711,TRUE,8/31/2023 8:13,2023-LCS-NWA-300823-002A,8/31/2023,8:13,,
1693484160,3.42,16.95,0.041,0.933,7450-770855,TRUE,8/31/2023 8:16,2023-LCS-NWA-300823-005A,8/31/2023,8:16,,
1693484400,3.44,16.784,0.019,0.959,7450-778298,TRUE,8/31/2023 8:20,2023-LCS-NWA-300823-006A,8/31/2023,8:20,,
1693484580,3.42,16.784,0.467,0.898,7450-049711,TRUE,8/31/2023 8:23,2023-LCS-NWA-300823-002A,8/31/2023,8:23,,
1693484760,3.42,16.933,0.04,0.932,7450-770855,TRUE,8/31/2023 8:26,2023-LCS-NWA-300823-005A,8/31/2023,8:26,,
1693485000,3.44,16.784,0.019,0.959,7450-778298,TRUE,8/31/2023 8:30,2023-LCS-NWA-300823-006A,8/31/2023,8:30,,
1693485180,3.42,16.877,2.917,0.91,7450-049711,TRUE,8/31/2023 8:33,2023-LCS-NWA-300823-002A,8/31/2023,8:33,,
,,,,,,FISH,8/31/2023 8:34,2023-LCS-NWA-300823-002A,8/31/2023,8:34,,
1693485360,3.42,16.933,0.041,0.933,7450-770855,TRUE,8/31/2023 8:36,2023-LCS-NWA-300823-005A,8/31/2023,8:36,,
1693485600,3.44,16.767,0.018,0.959,7450-778298,TRUE,8/31/2023 8:40,2023-LCS-NWA-300823-006A,8/31/2023,8:40,,
1693485780,3.42,16.214,10.579,0.911,7450-049711,FALSE,8/31/2023 8:43,2023-LCS-NWA-300823-002A,8/31/2023,8:43,,
1693485960,3.42,16.942,0.04,0.933,7450-770855,TRUE,8/31/2023 8:46,2023-LCS-NWA-300823-005A,8/31/2023,8:46,,
1693486200,3.44,16.75,0.018,0.959,7450-778298,TRUE,8/31/2023 8:50,2023-LCS-NWA-300823-006A,8/31/2023,8:50,,
1693486380,3.42,15.05,9.37,0.906,7450-049711,FALSE,8/31/2023 8:53,2023-LCS-NWA-300823-002A,8/31/2023,8:53,,
1693486560,3.42,16.942,0.04,0.932,7450-770855,TRUE,8/31/2023 8:56,2023-LCS-NWA-300823-005A,8/31/2023,8:56,,
1693486800,3.44,16.725,0.018,0.959,7450-778298,TRUE,8/31/2023 9:00,2023-LCS-NWA-300823-006A,8/31/2023,9:00,,
1693487160,3.42,16.959,0.04,0.932,7450-770855,TRUE,8/31/2023 9:06,2023-LCS-NWA-300823-005A,8/31/2023,9:06,,
1693487400,3.44,16.725,0.018,0.958,7450-778298,TRUE,8/31/2023 9:10,2023-LCS-NWA-300823-006A,8/31/2023,9:10,,
1693487760,3.42,16.976,0.047,0.933,7450-770855,TRUE,8/31/2023 9:16,2023-LCS-NWA-300823-005A,8/31/2023,9:16,,
1693488000,3.44,16.742,0.018,0.958,7450-778298,TRUE,8/31/2023 9:20,2023-LCS-NWA-300823-006A,8/31/2023,9:20,,
1693488360,3.42,17.001,0.055,0.933,7450-770855,TRUE,8/31/2023 9:26,2023-LCS-NWA-300823-005A,8/31/2023,9:26,,
1693488600,3.44,16.75,0.019,0.959,7450-778298,TRUE,8/31/2023 9:30,2023-LCS-NWA-300823-006A,8/31/2023,9:30,,
1693488960,3.42,17.018,0.082,0.934,7450-770855,TRUE,8/31/2023 9:36,2023-LCS-NWA-300823-005A,8/31/2023,9:36,,
1693489200,3.44,16.75,0.018,0.958,7450-778298,TRUE,8/31/2023 9:40,2023-LCS-NWA-300823-006A,8/31/2023,9:40,,
1693489560,3.42,17.043,0.135,0.935,7450-770855,TRUE,8/31/2023 9:46,2023-LCS-NWA-300823-005A,8/31/2023,9:46,,
1693489800,3.44,16.742,0.019,0.959,7450-778298,TRUE,8/31/2023 9:50,2023-LCS-NWA-300823-006A,8/31/2023,9:50,,
1693490160,3.42,17.077,0.174,0.936,7450-770855,TRUE,8/31/2023 9:56,2023-LCS-NWA-300823-005A,8/31/2023,9:56,,
1693490400,3.44,16.767,0.019,0.958,7450-778298,TRUE,8/31/2023 10:00,2023-LCS-NWA-300823-006A,8/31/2023,10:00,,
,,,,,,FISH,8/31/2023 10:01,2023-LCS-NWA-300823-005A,8/31/2023,10:01,,
1693490760,3.42,17.137,0.254,0.938,7450-770855,FALSE,8/31/2023 10:06,2023-LCS-NWA-300823-005A,8/31/2023,10:06,,
1693491000,3.44,16.793,0.019,0.959,7450-778298,TRUE,8/31/2023 10:10,2023-LCS-NWA-300823-006A,8/31/2023,10:10,,
1693491360,3.42,17.314,9.156,0.954,7450-770855,FALSE,8/31/2023 10:16,2023-LCS-NWA-300823-005A,8/31/2023,10:16,,
,,,,,,FISH,8/31/2023 10:16,2023-LCS-NWA-300823-006A,8/31/2023,10:16,,
1693491600,3.44,16.81,0.018,0.958,7450-778298,FALSE,8/31/2023 10:20,2023-LCS-NWA-300823-006A,8/31/2023,10:20,,
1693492200,3.44,16.844,0.018,0.958,7450-778298,FALSE,8/31/2023 10:30,2023-LCS-NWA-300823-006A,8/31/2023,10:30,,
1693492800,3.44,17.174,8.402,0.975,7450-778298,FALSE,8/31/2023 10:40,2023-LCS-NWA-300823-006A,8/31/2023,10:40,,
1693493400,3.44,17.648,8.782,0.975,7450-778298,FALSE,8/31/2023 10:50,2023-LCS-NWA-300823-006A,8/31/2023,10:50,,
1693494000,3.44,17.174,8.886,0.976,7450-778298,FALSE,8/31/2023 11:00,2023-LCS-NWA-300823-006A,8/31/2023,11:00,,
1693494600,3.44,16.886,8.934,0.975,7450-778298,FALSE,8/31/2023 11:10,2023-LCS-NWA-300823-006A,8/31/2023,11:10,,
1693495200,3.44,16.963,8.929,0.975,7450-778298,FALSE,8/31/2023 11:20,2023-LCS-NWA-300823-006A,8/31/2023,11:20,,
