Field.Number,Date,Year,Cell,ObsDepth,Fullness_veg,Fullness_alg,PHOTO,SampleKept,RakeNotes,SciName,ComName,Leaf Description (if ID unkn),DOM,Present_Site,Present_Rake,Present_Lab,Kept,Weight_g,Volume_mL,LabNotes
2024-LCS-NWA-070824-001A,7-Aug-24,2024,East,0.76,3,0,TRUE,TRUE,,Ceratophyllum demersum,Coontail,,0,1,1,1,1,2.5,2,
2024-LCS-NWA-070824-001A,7-Aug-24,2024,East,0.76,3,0,TRUE,TRUE,,Elodea canadensis,Common waterweed,,0,1,0,0,0,,,
2024-LCS-NWA-070824-001A,7-Aug-24,2024,East,0.76,3,0,TRUE,TRUE,,Hydrocharis morsus-ranae,European frog-bit,,0,1,0,0,0,,,
2024-LCS-NWA-070824-001A,7-Aug-24,2024,East,0.76,3,0,TRUE,TRUE,,Juncus sp.,Rush sp.,,0,1,0,0,0,,,
2024-LCS-NWA-070824-001A,7-Aug-24,2024,East,0.76,3,0,TRUE,TRUE,,Lemna sp.,Duckweed sp.,round leaves,0,1,0,1,1,0,0,
2024-LCS-NWA-070824-001A,7-Aug-24,2024,East,0.76,3,0,TRUE,TRUE,,Nitellopsis obtusa,Starry stonewort,,1,1,1,1,1,166,175,
2024-LCS-NWA-070824-001A,7-Aug-24,2024,East,0.76,3,0,TRUE,TRUE,,Nymphaea sp.,White water lily,,0,1,0,0,0,,,
2024-LCS-NWA-070824-001A,7-Aug-24,2024,East,0.76,3,0,TRUE,TRUE,,Pontederia cordata,Pickerelweed,,0,1,0,0,0,,,
2024-LCS-NWA-070824-001A,7-Aug-24,2024,East,0.76,3,0,TRUE,TRUE,,Potamogeton pusillus,Slender pondweed,,0,1,0,1,1,0.1,0,
2024-LCS-NWA-070824-001A,7-Aug-24,2024,East,0.76,3,0,TRUE,TRUE,,Utricularia sp.,Bladderwort sp.,,0,1,1,1,1,0.6,1,
2024-LCS-NWA-070824-001A,7-Aug-24,2024,East,0.76,3,0,TRUE,TRUE,,Utricularia vulgaris,Common bladderwort,,0,1,0,1,1,32.7,34,
2024-LCS-NWA-070824-002A,7-Aug-24,2024,East,0.95,1,0,TRUE,TRUE,,Ceratophyllum demersum,Coontail,,0,1,1,1,1,11.5,12,
2024-LCS-NWA-070824-002A,7-Aug-24,2024,East,0.95,1,0,TRUE,TRUE,,Hydrocharis morsus-ranae,European frog-bit,,0,1,0,0,0,,,
2024-LCS-NWA-070824-002A,7-Aug-24,2024,East,0.95,1,0,TRUE,TRUE,,Lemna minor,Lesser duckweed,,0,1,0,1,1,0,0,
2024-LCS-NWA-070824-002A,7-Aug-24,2024,East,0.95,1,0,TRUE,TRUE,,Nymphaea sp.,White water lily,,1,1,1,1,1,55.9,70,"Leaves: 45mL, Stems: 25mL"
2024-LCS-NWA-070824-002A,7-Aug-24,2024,East,0.95,1,0,TRUE,TRUE,,Spirodela polyrhiza,Greater duckweed,,0,1,0,1,1,0,0,
2024-LCS-NWA-070824-003A,7-Aug-24,2024,East,0.9,2,0,TRUE,TRUE,,Ceratophyllum demersum,Coontail,,0,1,1,1,1,9.9,9,
2024-LCS-NWA-070824-003A,7-Aug-24,2024,East,0.9,2,0,TRUE,TRUE,,Lemna minor,Lesser duckweed,,0,1,0,0,0,,,
2024-LCS-NWA-070824-003A,7-Aug-24,2024,East,0.9,2,0,TRUE,TRUE,,Nitellopsis obtusa,Starry stonewort,,1,1,1,1,1,136,140,
2024-LCS-NWA-070824-003A,7-Aug-24,2024,East,0.9,2,0,TRUE,TRUE,,Nymphaea sp.,White water lily,,0,1,0,0,0,,,
2024-LCS-NWA-070824-003A,7-Aug-24,2024,East,0.9,2,0,TRUE,TRUE,,Spirodela polyrhiza,Greater duckweed,,0,1,0,1,1,0,0,
2024-LCS-NWA-070824-003A,7-Aug-24,2024,East,0.9,2,0,TRUE,TRUE,,Stuckenia pectinatus,Sago pondweed,,0,1,0,1,1,10.5,10,
2024-LCS-NWA-070824-003A,7-Aug-24,2024,East,0.9,2,0,TRUE,TRUE,,Utricularia sp.,Bladderwort sp.,,0,1,0,0,0,,,
2024-LCS-NWA-070824-004A,7-Aug-24,2024,East,0.64,2,0,TRUE,TRUE,,Ceratophyllum demersum,Coontail,,0,1,1,1,1,8.8,10,
2024-LCS-NWA-070824-004A,7-Aug-24,2024,East,0.64,2,0,TRUE,TRUE,,Hydrocharis morsus-ranae,European frog-bit,,1,1,1,1,1,54,76,
2024-LCS-NWA-070824-004A,7-Aug-24,2024,East,0.64,2,0,TRUE,TRUE,,Lemna minor,Lesser duckweed,,0,1,0,1,1,0,0,
2024-LCS-NWA-070824-004A,7-Aug-24,2024,East,0.64,2,0,TRUE,TRUE,,Nymphaea sp.,White water lily,,0,1,1,1,1,100.8,125,"Leaves: 50mL, Stems: 75mL"
2024-LCS-NWA-070824-004A,7-Aug-24,2024,East,0.64,2,0,TRUE,TRUE,,Riccia fluitans,Floating slender liverwort/Floating crystalwort,,0,1,0,1,1,0,0,
2024-LCS-NWA-070824-004A,7-Aug-24,2024,East,0.64,2,0,TRUE,TRUE,,Spirodela polyrhiza,Greater duckweed,,0,1,0,1,1,0,0,
2024-LCS-NWA-070824-004A,7-Aug-24,2024,East,0.64,2,0,TRUE,TRUE,,Typha sp.,Cattail sp.,,0,1,0,0,0,,,
2024-LCS-NWA-070824-005A,7-Aug-24,2024,East,0.81,1,0,TRUE,TRUE,,Ceratophyllum demersum,Coontail,,0,1,1,1,1,3.6,4,
2024-LCS-NWA-070824-005A,7-Aug-24,2024,East,0.81,1,0,TRUE,TRUE,,Decodon verticillatus,Swamp loosestrife,,0,1,0,0,0,,,"swamp loosestrife into site classed as ""emergent"" veg but is technically riparian and not in the list of aqua veg!"
2024-LCS-NWA-070824-005A,7-Aug-24,2024,East,0.81,1,0,TRUE,TRUE,,Hydrocharis morsus-ranae,European frog-bit,,0,1,0,0,0,,,
2024-LCS-NWA-070824-005A,7-Aug-24,2024,East,0.81,1,0,TRUE,TRUE,,Lemna minor,Lesser duckweed,,0,1,0,0,0,,,
2024-LCS-NWA-070824-005A,7-Aug-24,2024,East,0.81,1,0,TRUE,TRUE,,Lemna sp.,Duckweed sp.,round leaves,0,1,0,1,1,0,0,
2024-LCS-NWA-070824-005A,7-Aug-24,2024,East,0.81,1,0,TRUE,TRUE,,Nymphaea sp.,White water lily,,1,1,1,1,1,56.7,65,"Leaf: 55mL, Stem: 10mL"
2024-LCS-NWA-070824-005A,7-Aug-24,2024,East,0.81,1,0,TRUE,TRUE,,Spirodela polyrhiza,Greater duckweed,,0,1,0,0,0,,,
2024-LCS-NWA-070824-005A,7-Aug-24,2024,East,0.81,1,0,TRUE,TRUE,,Utricularia vulgaris,Common bladderwort,,0,1,0,1,1,0,0,
2024-LCS-NWA-080824-001A,8-Aug-24,2024,East,1,1,0,TRUE,TRUE,,Ceratophyllum demersum,Coontail,,0,1,1,1,1,20.3,21,
2024-LCS-NWA-080824-001A,8-Aug-24,2024,East,1,1,0,TRUE,TRUE,,Elodea canadensis,Common waterweed,,0,1,1,1,1,1.8,2,
2024-LCS-NWA-080824-001A,8-Aug-24,2024,East,1,1,0,TRUE,TRUE,,Hydrocharis morsus-ranae,European frog-bit,,0,1,0,0,0,,,
2024-LCS-NWA-080824-001A,8-Aug-24,2024,East,1,1,0,TRUE,TRUE,,Lemna minor,Lesser duckweed,,0,1,0,0,0,,,
2024-LCS-NWA-080824-001A,8-Aug-24,2024,East,1,1,0,TRUE,TRUE,,Lemna trisulca,Star duckweed,,0,1,0,1,1,0,0,
2024-LCS-NWA-080824-001A,8-Aug-24,2024,East,1,1,0,TRUE,TRUE,,Nymphaea sp.,White water lily,,1,1,1,1,1,354.9,420,"Leaves: 200 mL, Stems: 220 mL"
2024-LCS-NWA-080824-001A,8-Aug-24,2024,East,1,1,0,TRUE,TRUE,,Potamogeton zosteriformis,Flat-stemmed pondweed,,0,1,0,1,1,0.9,1,
2024-LCS-NWA-080824-001A,8-Aug-24,2024,East,1,1,0,TRUE,TRUE,,Spirodela polyrhiza,Greater duckweed,,0,1,0,1,1,0,0,
2024-LCS-NWA-080824-002A,8-Aug-24,2024,East,1.7,3,0,TRUE,TRUE,,Ceratophyllum demersum,Coontail,,0,1,1,1,1,207.2,215,
2024-LCS-NWA-080824-002A,8-Aug-24,2024,East,1.7,3,0,TRUE,TRUE,,Decodon verticillatus,Swamp loosestrife,,0,1,0,0,0,,,
2024-LCS-NWA-080824-002A,8-Aug-24,2024,East,1.7,3,0,TRUE,TRUE,,Elodea canadensis,Common waterweed,,1,1,1,1,1,452.1,450,
2024-LCS-NWA-080824-002A,8-Aug-24,2024,East,1.7,3,0,TRUE,TRUE,,Hydrocharis morsus-ranae,European frog-bit,,0,1,0,0,0,,,
2024-LCS-NWA-080824-002A,8-Aug-24,2024,East,1.7,3,0,TRUE,TRUE,,Lemna trisulca,Star duckweed,,0,1,0,1,1,0.1,0,
2024-LCS-NWA-080824-002A,8-Aug-24,2024,East,1.7,3,0,TRUE,TRUE,,Nitella sp.,Stonewort sp.,,0,1,1,0,0,,,
2024-LCS-NWA-080824-002A,8-Aug-24,2024,East,1.7,3,0,TRUE,TRUE,,Nymphaea sp.,White water lily,,0,1,0,1,1,1.1,1,
2024-LCS-NWA-080824-002A,8-Aug-24,2024,East,1.7,3,0,TRUE,TRUE,,Potamogeton pusillus,Slender pondweed,,0,1,1,1,1,6.2,6,
2024-LCS-NWA-080824-002A,8-Aug-24,2024,East,1.7,3,0,TRUE,TRUE,,Potamogeton zosteriformis,Flat-stemmed pondweed,,0,1,0,1,1,66.2,70,
2024-LCS-NWA-080824-002A,8-Aug-24,2024,East,1.7,3,0,TRUE,TRUE,,Typha sp.,Cattail sp.,,0,1,0,0,0,,,
2024-LCS-NWA-080824-003A,8-Aug-24,2024,East,1.5,3,0,TRUE,TRUE,,Ceratophyllum demersum,Coontail,,1,1,1,1,1,269.1,275,
2024-LCS-NWA-080824-003A,8-Aug-24,2024,East,1.5,3,0,TRUE,TRUE,,Elodea canadensis,Common waterweed,,0,1,1,1,1,43.5,45,
2024-LCS-NWA-080824-003A,8-Aug-24,2024,East,1.5,3,0,TRUE,TRUE,,Hydrocharis morsus-ranae,European frog-bit,,0,1,0,1,1,0.6,1,
2024-LCS-NWA-080824-003A,8-Aug-24,2024,East,1.5,3,0,TRUE,TRUE,,Lemna minor,Lesser duckweed,,0,1,0,0,0,,,
2024-LCS-NWA-080824-003A,8-Aug-24,2024,East,1.5,3,0,TRUE,TRUE,,Lemna sp.,Duckweed sp.,round leaves,0,1,0,1,1,0,0,
2024-LCS-NWA-080824-003A,8-Aug-24,2024,East,1.5,3,0,TRUE,TRUE,,Lemna trisulca,Star duckweed,,0,1,0,1,1,2.9,2,
2024-LCS-NWA-080824-003A,8-Aug-24,2024,East,1.5,3,0,TRUE,TRUE,,Nitella sp.,Stonewort sp.,,0,1,1,0,0,,,
2024-LCS-NWA-080824-003A,8-Aug-24,2024,East,1.5,3,0,TRUE,TRUE,,Nymphaea sp.,White water lily,,0,1,0,0,0,,,
2024-LCS-NWA-080824-003A,8-Aug-24,2024,East,1.5,3,0,TRUE,TRUE,,Potamogeton pusillus,Slender pondweed,,0,1,1,1,1,0.9,0,
2024-LCS-NWA-080824-003A,8-Aug-24,2024,East,1.5,3,0,TRUE,TRUE,,Potamogeton zosteriformis,Flat-stemmed pondweed,,0,1,0,1,1,13.2,14,
2024-LCS-NWA-080824-003A,8-Aug-24,2024,East,1.5,3,0,TRUE,TRUE,,Ranunculus sp.,Crowfoot sp.,,0,1,0,1,1,1.3,1,
2024-LCS-NWA-080824-003A,8-Aug-24,2024,East,1.5,3,0,TRUE,TRUE,,Spirodela polyrhiza,Greater duckweed,,0,1,0,0,0,,,
2024-LCS-NWA-080824-003A,8-Aug-24,2024,East,1.5,3,0,TRUE,TRUE,,Stuckenia pectinatus,Sago pondweed,,0,1,0,0,0,,,
2024-LCS-NWA-080824-003A,8-Aug-24,2024,East,1.5,3,0,TRUE,TRUE,,Typha sp.,Cattail sp.,,0,1,0,0,0,,,
2024-LCS-NWA-080824-003A,8-Aug-24,2024,East,1.5,3,0,TRUE,TRUE,,Utricularia sp.,Bladderwort sp.,,0,1,0,0,0,,,
2024-LCS-NWA-080824-004A,8-Aug-24,2024,East,0.66,1,0,TRUE,TRUE,,Ceratophyllum demersum,Coontail,,0,1,1,1,1,25.6,26,
2024-LCS-NWA-080824-004A,8-Aug-24,2024,East,0.66,1,0,TRUE,TRUE,,Elodea canadensis,Common waterweed,,1,1,0,0,0,,,
2024-LCS-NWA-080824-004A,8-Aug-24,2024,East,0.66,1,0,TRUE,TRUE,,Hydrocharis morsus-ranae,European frog-bit,,0,1,0,1,1,0.3,0,
2024-LCS-NWA-080824-004A,8-Aug-24,2024,East,0.66,1,0,TRUE,TRUE,,Lemna minor,Lesser duckweed,,0,1,0,0,0,,,
2024-LCS-NWA-080824-004A,8-Aug-24,2024,East,0.66,1,0,TRUE,TRUE,,Lemna sp.,Duckweed sp.,round leaves,0,1,0,1,1,0,0,
2024-LCS-NWA-080824-004A,8-Aug-24,2024,East,0.66,1,0,TRUE,TRUE,,Lemna trisulca,Star duckweed,,0,1,1,1,1,5.8,6,
2024-LCS-NWA-080824-004A,8-Aug-24,2024,East,0.66,1,0,TRUE,TRUE,,Myriophyllum sibiricum,Northern water milfoil,,0,1,0,1,1,8.1,8,
2024-LCS-NWA-080824-004A,8-Aug-24,2024,East,0.66,1,0,TRUE,TRUE,,Myriophyllum spicatum,Eurasian water milfoil,,0,1,0,0,0,,,
2024-LCS-NWA-080824-004A,8-Aug-24,2024,East,0.66,1,0,TRUE,TRUE,,Nymphaea sp.,White water lily,,0,1,1,1,1,43.7,55,
2024-LCS-NWA-080824-004A,8-Aug-24,2024,East,0.66,1,0,TRUE,TRUE,,Potamogeton zosteriformis,Flat-stemmed pondweed,,0,1,1,1,1,0.5,0,
2024-LCS-NWA-080824-004A,8-Aug-24,2024,East,0.66,1,0,TRUE,TRUE,,Riccia fluitans,Floating slender liverwort/Floating crystalwort,,0,1,0,1,1,0,0,
2024-LCS-NWA-080824-004A,8-Aug-24,2024,East,0.66,1,0,TRUE,TRUE,,Spirodela polyrhiza,Greater duckweed,,0,1,0,0,0,,,
2024-LCS-NWA-080824-004A,8-Aug-24,2024,East,0.66,1,0,TRUE,TRUE,,Utricularia gibba,Humped bladderwort,,0,1,0,1,1,0.2,0,
2024-LCS-NWA-080824-004A,8-Aug-24,2024,East,0.66,1,0,TRUE,TRUE,,Utricularia vulgaris,Common bladderwort,,0,1,1,1,1,30,30,
2024-LCS-NWA-080824-005A,8-Aug-24,2024,East,0.78,2,0,TRUE,TRUE,,Ceratophyllum demersum,Coontail,,0,1,1,1,1,64.3,70,
2024-LCS-NWA-080824-005A,8-Aug-24,2024,East,0.78,2,0,TRUE,TRUE,,Decodon verticillatus,Swamp loosestrife,,0,1,0,0,0,,,
2024-LCS-NWA-080824-005A,8-Aug-24,2024,East,0.78,2,0,TRUE,TRUE,,Elodea canadensis,Common waterweed,,0,1,1,1,1,68.7,70,
2024-LCS-NWA-080824-005A,8-Aug-24,2024,East,0.78,2,0,TRUE,TRUE,,Hydrocharis morsus-ranae,European frog-bit,,0,1,1,1,1,2.8,4,
2024-LCS-NWA-080824-005A,8-Aug-24,2024,East,0.78,2,0,TRUE,TRUE,,Lemna trisulca,Star duckweed,,0,1,1,1,1,0.8,1,
2024-LCS-NWA-080824-005A,8-Aug-24,2024,East,0.78,2,0,TRUE,TRUE,,Myriophyllum sibiricum,Northern water milfoil,,0,1,0,1,1,12.6,15,
2024-LCS-NWA-080824-005A,8-Aug-24,2024,East,0.78,2,0,TRUE,TRUE,,Nitella sp.,Stonewort sp.,,0,1,1,1,1,7.5,8,
2024-LCS-NWA-080824-005A,8-Aug-24,2024,East,0.78,2,0,TRUE,TRUE,,Nymphaea sp.,White water lily,,1,1,1,1,1,33.3,40,
2024-LCS-NWA-080824-005A,8-Aug-24,2024,East,0.78,2,0,TRUE,TRUE,,Potamogeton pusillus,Slender pondweed,,0,1,0,1,1,0,0,measured with flat-stemmed pondweed
2024-LCS-NWA-080824-005A,8-Aug-24,2024,East,0.78,2,0,TRUE,TRUE,,Potamogeton zosteriformis,Flat-stemmed pondweed,,0,1,0,1,1,17.8,17,measures include slender pondweed
2024-LCS-NWA-080824-005A,8-Aug-24,2024,East,0.78,2,0,TRUE,TRUE,,Ranunculus sp.,Crowfoot sp.,,0,1,0,1,1,3.3,4,
2024-LCS-NWA-080824-005A,8-Aug-24,2024,East,0.78,2,0,TRUE,TRUE,,Spirodela polyrhiza,Greater duckweed,,0,1,0,1,1,0,0,
2024-LCS-NWA-080824-005A,8-Aug-24,2024,East,0.78,2,0,TRUE,TRUE,,Typha sp.,Cattail sp.,,0,1,0,0,0,,,
2024-LCS-NWA-080824-005A,8-Aug-24,2024,East,0.78,2,0,TRUE,TRUE,,Utricularia gibba,Humped bladderwort,,0,1,0,1,1,0,0,
2024-LCS-NWA-080824-005A,8-Aug-24,2024,East,0.78,2,0,TRUE,TRUE,,Utricularia vulgaris,Common bladderwort,,0,1,0,1,1,6.8,7,
2024-LCS-NWA-120824-001A,12-Aug-24,2024,East,0.76,1,0,TRUE,TRUE,,Algae,Algae,Filamentous,0,1,0,0,0,,,
2024-LCS-NWA-120824-001A,12-Aug-24,2024,East,0.76,1,0,TRUE,TRUE,,Ceratophyllum demersum,Coontail,,0,1,1,1,1,13.5,14,
2024-LCS-NWA-120824-001A,12-Aug-24,2024,East,0.76,1,0,TRUE,TRUE,,Elodea canadensis,Common waterweed,,0,1,0,1,1,0.3,0,
2024-LCS-NWA-120824-001A,12-Aug-24,2024,East,0.76,1,0,TRUE,TRUE,,Hydrocharis morsus-ranae,European frog-bit,,0,1,0,0,0,,,
2024-LCS-NWA-120824-001A,12-Aug-24,2024,East,0.76,1,0,TRUE,TRUE,,Lemna minor,Lesser duckweed,,0,1,0,1,1,0,0,
2024-LCS-NWA-120824-001A,12-Aug-24,2024,East,0.76,1,0,TRUE,TRUE,,Najas sp.,Naiad sp./ water nymph sp.,,0,1,0,0,0,,,
2024-LCS-NWA-120824-001A,12-Aug-24,2024,East,0.76,1,0,TRUE,TRUE,,Nitella sp.,Stonewort sp.,,0,1,0,1,1,0.5,0,
2024-LCS-NWA-120824-001A,12-Aug-24,2024,East,0.76,1,0,TRUE,TRUE,,Nymphaea sp.,White water lily,,0,1,1,1,1,120.1,145,"Leaves: 85mL, Stems: 60mL"
2024-LCS-NWA-120824-001A,12-Aug-24,2024,East,0.76,1,0,TRUE,TRUE,,Potamogeton zosteriformis,Flat-stemmed pondweed,,0,1,0,1,1,0,0,
2024-LCS-NWA-120824-001A,12-Aug-24,2024,East,0.76,1,0,TRUE,TRUE,,Spirodela polyrhiza,Greater duckweed,,0,1,0,1,1,0,0,
2024-LCS-NWA-120824-001A,12-Aug-24,2024,East,0.76,1,0,TRUE,TRUE,,Utricularia sp.,Bladderwort sp.,,1,1,0,0,0,,,
2024-LCS-NWA-120824-002A,12-Aug-24,2024,East,0.62,2,0,TRUE,TRUE,lots of detritus with rake,Ceratophyllum demersum,Coontail,,0,1,1,1,1,36.8,39,
2024-LCS-NWA-120824-002A,12-Aug-24,2024,East,0.62,2,0,TRUE,TRUE,lots of detritus with rake,Elodea canadensis,Common waterweed,,0,1,0,1,1,0.8,1,
2024-LCS-NWA-120824-002A,12-Aug-24,2024,East,0.62,2,0,TRUE,TRUE,lots of detritus with rake,Hydrocharis morsus-ranae,European frog-bit,,0,1,1,0,0,,,
2024-LCS-NWA-120824-002A,12-Aug-24,2024,East,0.62,2,0,TRUE,TRUE,lots of detritus with rake,Lemna minor,Lesser duckweed,,0,1,0,1,1,0,0,
2024-LCS-NWA-120824-002A,12-Aug-24,2024,East,0.62,2,0,TRUE,TRUE,lots of detritus with rake,Lemna trisulca,Star duckweed,,0,1,0,1,1,0,0,
2024-LCS-NWA-120824-002A,12-Aug-24,2024,East,0.62,2,0,TRUE,TRUE,lots of detritus with rake,Myriophyllum sibiricum,Northern water milfoil,,0,1,0,1,1,3.2,3,
2024-LCS-NWA-120824-002A,12-Aug-24,2024,East,0.62,2,0,TRUE,TRUE,lots of detritus with rake,Najas flexilis,Slender naiad/ water nymph,,0,1,0,1,1,0.2,0,
2024-LCS-NWA-120824-002A,12-Aug-24,2024,East,0.62,2,0,TRUE,TRUE,lots of detritus with rake,Nitella sp.,Stonewort sp.,,0,1,0,1,1,1.6,2,
2024-LCS-NWA-120824-002A,12-Aug-24,2024,East,0.62,2,0,TRUE,TRUE,lots of detritus with rake,Nitellopsis obtusa,Starry stonewort,,0,1,0,1,1,15.3,16,
2024-LCS-NWA-120824-002A,12-Aug-24,2024,East,0.62,2,0,TRUE,TRUE,lots of detritus with rake,Nymphaea sp.,White water lily,,1,1,1,1,1,44.3,50,
2024-LCS-NWA-120824-002A,12-Aug-24,2024,East,0.62,2,0,TRUE,TRUE,lots of detritus with rake,Potamogeton zosteriformis,Flat-stemmed pondweed,,0,1,0,1,1,0.6,0,
2024-LCS-NWA-120824-002A,12-Aug-24,2024,East,0.62,2,0,TRUE,TRUE,lots of detritus with rake,Spirodela polyrhiza,Greater duckweed,,0,1,0,1,1,0,0,
2024-LCS-NWA-120824-002A,12-Aug-24,2024,East,0.62,2,0,TRUE,TRUE,lots of detritus with rake,Utricularia gibba,Humped bladderwort,,0,1,0,1,1,1,1,
2024-LCS-NWA-120824-002A,12-Aug-24,2024,East,0.62,2,0,TRUE,TRUE,lots of detritus with rake,Utricularia vulgaris,Common bladderwort,,0,1,1,1,1,114.7,120,
2024-LCS-NWA-120824-003A,12-Aug-24,2024,East,0.6,1,0,TRUE,TRUE,,Ceratophyllum demersum,Coontail,,0,1,0,0,0,,,
2024-LCS-NWA-120824-003A,12-Aug-24,2024,East,0.6,1,0,TRUE,TRUE,,Hydrocharis morsus-ranae,European frog-bit,,0,1,0,0,0,,,
2024-LCS-NWA-120824-003A,12-Aug-24,2024,East,0.6,1,0,TRUE,TRUE,,Lemna minor,Lesser duckweed,,0,1,0,0,0,,,
2024-LCS-NWA-120824-003A,12-Aug-24,2024,East,0.6,1,0,TRUE,TRUE,,Nymphaea sp.,White water lily,,1,1,1,1,1,68.8,90,"Leaves: 45mL, Stems: 45mL"
2024-LCS-NWA-120824-003A,12-Aug-24,2024,East,0.6,1,0,TRUE,TRUE,,Sagittaria sp.,Arrowhead sp.,,0,1,0,0,0,,,
2024-LCS-NWA-120824-003A,12-Aug-24,2024,East,0.6,1,0,TRUE,TRUE,,Spirodela polyrhiza,Greater duckweed,,0,1,0,0,0,,,
2024-LCS-NWA-120824-003A,12-Aug-24,2024,East,0.6,1,0,TRUE,TRUE,,Utricularia sp.,Bladderwort sp.,,0,1,0,0,0,,,
2024-LCS-NWA-120824-004A,12-Aug-24,2024,East,0.9,2,0,TRUE,TRUE,very mucky sample,Ceratophyllum demersum,Coontail,,1,1,1,1,1,21.5,22,
2024-LCS-NWA-120824-004A,12-Aug-24,2024,East,0.9,2,0,TRUE,TRUE,very mucky sample,Elodea canadensis,Common waterweed,,0,1,1,1,1,81.5,85,
2024-LCS-NWA-120824-004A,12-Aug-24,2024,East,0.9,2,0,TRUE,TRUE,very mucky sample,Hydrocharis morsus-ranae,European frog-bit,,0,1,0,0,0,,,
2024-LCS-NWA-120824-004A,12-Aug-24,2024,East,0.9,2,0,TRUE,TRUE,very mucky sample,Lemna minor,Lesser duckweed,,0,1,0,0,0,,,
2024-LCS-NWA-120824-004A,12-Aug-24,2024,East,0.9,2,0,TRUE,TRUE,very mucky sample,Lemna trisulca,Star duckweed,,0,1,0,1,1,0,0,
2024-LCS-NWA-120824-004A,12-Aug-24,2024,East,0.9,2,0,TRUE,TRUE,very mucky sample,Najas sp.,Naiad sp./ water nymph sp.,,0,1,0,0,0,,,
2024-LCS-NWA-120824-004A,12-Aug-24,2024,East,0.9,2,0,TRUE,TRUE,very mucky sample,Nitella sp.,Stonewort sp.,,0,1,0,0,0,,,
2024-LCS-NWA-120824-004A,12-Aug-24,2024,East,0.9,2,0,TRUE,TRUE,very mucky sample,Nymphaea sp.,White water lily,,0,1,0,0,0,,,
2024-LCS-NWA-120824-004A,12-Aug-24,2024,East,0.9,2,0,TRUE,TRUE,very mucky sample,Potamogeton pusillus,Slender pondweed,,0,1,0,1,1,0.5,1,
2024-LCS-NWA-120824-004A,12-Aug-24,2024,East,0.9,2,0,TRUE,TRUE,very mucky sample,Spirodela polyrhiza,Greater duckweed,,0,1,0,1,1,0,0,
2024-LCS-NWA-120824-004A,12-Aug-24,2024,East,0.9,2,0,TRUE,TRUE,very mucky sample,Utricularia sp.,Bladderwort sp.,,0,1,0,0,0,,,
2024-LCS-NWA-120824-005A,12-Aug-24,2024,East,0.52,2,0,TRUE,TRUE,detritus in sample,Ceratophyllum demersum,Coontail,,0,1,0,1,1,35.8,39,
2024-LCS-NWA-120824-005A,12-Aug-24,2024,East,0.52,2,0,TRUE,TRUE,detritus in sample,Hydrocharis morsus-ranae,European frog-bit,,0,1,1,1,1,62.7,90,
2024-LCS-NWA-120824-005A,12-Aug-24,2024,East,0.52,2,0,TRUE,TRUE,detritus in sample,Lemna minor,Lesser duckweed,,0,1,0,1,1,0,0,
2024-LCS-NWA-120824-005A,12-Aug-24,2024,East,0.52,2,0,TRUE,TRUE,detritus in sample,Lemna trisulca,Star duckweed,,0,1,0,1,1,0,0,
2024-LCS-NWA-120824-005A,12-Aug-24,2024,East,0.52,2,0,TRUE,TRUE,detritus in sample,Nymphaea sp.,White water lily,,1,1,1,1,1,106.2,130,"Leaves: 60 mL, Stems: 70 mL"
2024-LCS-NWA-120824-005A,12-Aug-24,2024,East,0.52,2,0,TRUE,TRUE,detritus in sample,Riccia fluitans,Floating slender liverwort/Floating crystalwort,,0,1,0,1,1,0,0,
2024-LCS-NWA-120824-005A,12-Aug-24,2024,East,0.52,2,0,TRUE,TRUE,detritus in sample,Spirodela polyrhiza,Greater duckweed,,0,1,0,1,1,0.4,0,measurement includes all duckweed sp.
2024-LCS-NWA-120824-005A,12-Aug-24,2024,East,0.52,2,0,TRUE,TRUE,detritus in sample,Utricularia vulgaris,Common bladderwort,,0,1,0,1,1,7.4,8,
2024-LCS-NWA-130824-001A,13-Aug-24,2024,East,0.82,1,0,TRUE,TRUE,mucky sample,Algae,Algae,filamentous,0,1,0,0,0,,,
2024-LCS-NWA-130824-001A,13-Aug-24,2024,East,0.82,1,0,TRUE,TRUE,mucky sample,Ceratophyllum demersum,Coontail,,0,1,1,1,1,53,57,
2024-LCS-NWA-130824-001A,13-Aug-24,2024,East,0.82,1,0,TRUE,TRUE,mucky sample,Elodea canadensis,Common waterweed,,0,1,0,1,1,0.9,1,
2024-LCS-NWA-130824-001A,13-Aug-24,2024,East,0.82,1,0,TRUE,TRUE,mucky sample,Hydrocharis morsus-ranae,European frog-bit,,0,1,1,1,1,13.2,18,
2024-LCS-NWA-130824-001A,13-Aug-24,2024,East,0.82,1,0,TRUE,TRUE,mucky sample,Lemna minor,Lesser duckweed,,0,1,0,1,1,0,0,
2024-LCS-NWA-130824-001A,13-Aug-24,2024,East,0.82,1,0,TRUE,TRUE,mucky sample,Lemna trisulca,Star duckweed,,0,1,0,1,1,0.1,0,
2024-LCS-NWA-130824-001A,13-Aug-24,2024,East,0.82,1,0,TRUE,TRUE,mucky sample,Nymphaea sp.,White water lily,,1,1,0,0,0,,,
2024-LCS-NWA-130824-001A,13-Aug-24,2024,East,0.82,1,0,TRUE,TRUE,mucky sample,Riccia fluitans,Floating slender liverwort/Floating crystalwort,,0,1,0,1,1,0,0,
2024-LCS-NWA-130824-001A,13-Aug-24,2024,East,0.82,1,0,TRUE,TRUE,mucky sample,Spirodela polyrhiza,Greater duckweed,,0,1,0,1,1,0,0,
2024-LCS-NWA-130824-001A,13-Aug-24,2024,East,0.82,1,0,TRUE,TRUE,mucky sample,Stuckenia pectinatus,Sago pondweed,,0,1,1,1,1,8.3,11,
2024-LCS-NWA-130824-001A,13-Aug-24,2024,East,0.82,1,0,TRUE,TRUE,mucky sample,Typha sp.,Cattail sp.,,0,1,0,0,0,,,
2024-LCS-NWA-130824-001A,13-Aug-24,2024,East,0.82,1,0,TRUE,TRUE,mucky sample,Utricularia vulgaris,Common bladderwort,,0,1,1,1,1,12.8,13,
2024-LCS-NWA-130824-002A,13-Aug-24,2024,East,0.37,3,0,TRUE,TRUE,mucky sample,Algae,Algae,filamentous,0,1,0,0,0,,,
2024-LCS-NWA-130824-002A,13-Aug-24,2024,East,0.37,3,0,TRUE,TRUE,mucky sample,Ceratophyllum demersum,Coontail,,0,1,1,1,1,20.9,20,
2024-LCS-NWA-130824-002A,13-Aug-24,2024,East,0.37,3,0,TRUE,TRUE,mucky sample,Decodon verticillatus,Swamp loosestrife,,0,1,0,0,0,,,
2024-LCS-NWA-130824-002A,13-Aug-24,2024,East,0.37,3,0,TRUE,TRUE,mucky sample,Elodea canadensis,Common waterweed,,0,1,0,1,1,1.8,2,
2024-LCS-NWA-130824-002A,13-Aug-24,2024,East,0.37,3,0,TRUE,TRUE,mucky sample,Hydrocharis morsus-ranae,European frog-bit,,0,1,0,0,0,,,
2024-LCS-NWA-130824-002A,13-Aug-24,2024,East,0.37,3,0,TRUE,TRUE,mucky sample,Lemna minor,Lesser duckweed,,0,1,0,1,1,0,0,
2024-LCS-NWA-130824-002A,13-Aug-24,2024,East,0.37,3,0,TRUE,TRUE,mucky sample,Lemna trisulca,Star duckweed,,0,1,0,1,1,0,0,
2024-LCS-NWA-130824-002A,13-Aug-24,2024,East,0.37,3,0,TRUE,TRUE,mucky sample,Najas minor,Brittle naiad/Brittle water nymph,,0,1,1,1,1,13.7,15,
2024-LCS-NWA-130824-002A,13-Aug-24,2024,East,0.37,3,0,TRUE,TRUE,mucky sample,Nitellopsis obtusa,Starry stonewort,,0,1,1,1,1,101.9,100,
2024-LCS-NWA-130824-002A,13-Aug-24,2024,East,0.37,3,0,TRUE,TRUE,mucky sample,Nymphaea sp.,White water lily,,1,1,0,1,1,4.9,6,
2024-LCS-NWA-130824-002A,13-Aug-24,2024,East,0.37,3,0,TRUE,TRUE,mucky sample,Spirodela polyrhiza,Greater duckweed,,0,1,0,1,1,0,0,
2024-LCS-NWA-130824-002A,13-Aug-24,2024,East,0.37,3,0,TRUE,TRUE,mucky sample,Utricularia vulgaris,Common bladderwort,,0,1,1,1,1,10,10,
2024-LCS-NWA-130824-003A,13-Aug-24,2024,East,0.72,2,0,TRUE,TRUE,,Ceratophyllum demersum,Coontail,,0,1,1,1,1,39.9,46,
2024-LCS-NWA-130824-003A,13-Aug-24,2024,East,0.72,2,0,TRUE,TRUE,,Hydrocharis morsus-ranae,European frog-bit,,0,1,0,0,0,,,
2024-LCS-NWA-130824-003A,13-Aug-24,2024,East,0.72,2,0,TRUE,TRUE,,Lemna minor,Lesser duckweed,,0,1,0,1,1,0,0,
2024-LCS-NWA-130824-003A,13-Aug-24,2024,East,0.72,2,0,TRUE,TRUE,,Nitella sp.,Stonewort sp.,,0,1,0,0,0,,,
2024-LCS-NWA-130824-003A,13-Aug-24,2024,East,0.72,2,0,TRUE,TRUE,,Nymphaea sp.,White water lily,,1,1,1,1,1,82.6,100,"Leaves: 60 mL, Stems: 40 mL"
2024-LCS-NWA-130824-003A,13-Aug-24,2024,East,0.72,2,0,TRUE,TRUE,,Riccia fluitans,Floating slender liverwort/Floating crystalwort,,0,1,0,1,1,0,0,
2024-LCS-NWA-130824-003A,13-Aug-24,2024,East,0.72,2,0,TRUE,TRUE,,Spirodela polyrhiza,Greater duckweed,,0,1,0,1,1,0,0,
2024-LCS-NWA-130824-003A,13-Aug-24,2024,East,0.72,2,0,TRUE,TRUE,,Typha sp.,Cattail sp.,,0,1,0,0,0,,,
2024-LCS-NWA-130824-003A,13-Aug-24,2024,East,0.72,2,0,TRUE,TRUE,,Unknown Submerged,Unknown Submerged,,0,1,0,1,1,2.1,2,stem plus fragment of leaf
2024-LCS-NWA-130824-003A,13-Aug-24,2024,East,0.72,2,0,TRUE,TRUE,,Utricularia sp.,Bladderwort sp.,,0,1,0,0,0,,,
2024-LCS-NWA-130824-004A,13-Aug-24,2024,East,0.68,2,0,TRUE,TRUE,,Ceratophyllum demersum,Coontail,,0,1,0,1,1,24.9,26,
2024-LCS-NWA-130824-004A,13-Aug-24,2024,East,0.68,2,0,TRUE,TRUE,,Elodea canadensis,Common waterweed,,0,1,0,0,0,,,
2024-LCS-NWA-130824-004A,13-Aug-24,2024,East,0.68,2,0,TRUE,TRUE,,Hydrocharis morsus-ranae,European frog-bit,,0,1,0,0,0,,,
2024-LCS-NWA-130824-004A,13-Aug-24,2024,East,0.68,2,0,TRUE,TRUE,,Lemna minor,Lesser duckweed,,0,1,0,1,1,0,0,
2024-LCS-NWA-130824-004A,13-Aug-24,2024,East,0.68,2,0,TRUE,TRUE,,Najas minor,Brittle naiad/Brittle water nymph,,0,1,1,1,1,17.1,18,
2024-LCS-NWA-130824-004A,13-Aug-24,2024,East,0.68,2,0,TRUE,TRUE,,Nymphaea sp.,White water lily,,0,1,1,1,1,11.2,14,
2024-LCS-NWA-130824-004A,13-Aug-24,2024,East,0.68,2,0,TRUE,TRUE,,Potamogeton crispus,Curly-leaved pondweed,,0,1,1,1,1,4.2,6,
2024-LCS-NWA-130824-004A,13-Aug-24,2024,East,0.68,2,0,TRUE,TRUE,,Potamogeton pusillus,Slender pondweed,,0,1,0,1,1,8.7,10,
2024-LCS-NWA-130824-004A,13-Aug-24,2024,East,0.68,2,0,TRUE,TRUE,,Utricularia vulgaris,Common bladderwort,,0,1,0,1,1,2.7,3,
2024-LCS-NWA-130824-005A,13-Aug-24,2024,East,0.68,1,0,TRUE,TRUE,,Ceratophyllum demersum,Coontail,,0,1,1,1,1,7.2,7,
2024-LCS-NWA-130824-005A,13-Aug-24,2024,East,0.68,1,0,TRUE,TRUE,,Hydrocharis morsus-ranae,European frog-bit,,0,1,0,1,1,0.7,1,
2024-LCS-NWA-130824-005A,13-Aug-24,2024,East,0.68,1,0,TRUE,TRUE,,Lemna minor,Lesser duckweed,,0,1,0,1,1,0,0,
2024-LCS-NWA-130824-005A,13-Aug-24,2024,East,0.68,1,0,TRUE,TRUE,,Nymphaea sp.,White water lily,,1,1,1,1,1,250.9,330,
2024-LCS-NWA-130824-005A,13-Aug-24,2024,East,0.68,1,0,TRUE,TRUE,,Spirodela polyrhiza,Greater duckweed,,0,1,0,1,1,0,0,
2024-LCS-NWA-130824-005A,13-Aug-24,2024,East,0.68,1,0,TRUE,TRUE,,Utricularia sp.,Bladderwort sp.,,0,1,0,0,0,,,
2024-LCS-NWA-140824-001A,14-Aug-24,2024,East,0.85,1,0,TRUE,TRUE,mucky sample,Ceratophyllum demersum,Coontail,,1,1,1,1,1,38.3,39,
2024-LCS-NWA-140824-001A,14-Aug-24,2024,East,0.85,1,0,TRUE,TRUE,mucky sample,Lemna minor,Lesser duckweed,,0,1,0,1,1,0,0,
2024-LCS-NWA-140824-001A,14-Aug-24,2024,East,0.85,1,0,TRUE,TRUE,mucky sample,Najas minor,Brittle naiad/Brittle water nymph,,0,1,0,1,1,0,0,
2024-LCS-NWA-140824-001A,14-Aug-24,2024,East,0.85,1,0,TRUE,TRUE,mucky sample,Nymphaea sp.,White water lily,,0,1,0,0,0,,,
2024-LCS-NWA-140824-001A,14-Aug-24,2024,East,0.85,1,0,TRUE,TRUE,mucky sample,Spirodela polyrhiza,Greater duckweed,,0,1,0,0,0,,,
2024-LCS-NWA-140824-002A,14-Aug-24,2024,East,0.97,1,0,TRUE,TRUE,,Ceratophyllum demersum,Coontail,,0,1,1,1,1,1.5,2,
2024-LCS-NWA-140824-002A,14-Aug-24,2024,East,0.97,1,0,TRUE,TRUE,,Hydrocharis morsus-ranae,European frog-bit,,0,1,0,0,0,,,
2024-LCS-NWA-140824-002A,14-Aug-24,2024,East,0.97,1,0,TRUE,TRUE,,Lemna minor,Lesser duckweed,,0,1,0,1,1,0,0,
2024-LCS-NWA-140824-002A,14-Aug-24,2024,East,0.97,1,0,TRUE,TRUE,,Lemna trisulca,Star duckweed,,0,1,0,1,1,0,0,
2024-LCS-NWA-140824-002A,14-Aug-24,2024,East,0.97,1,0,TRUE,TRUE,,Spirodela polyrhiza,Greater duckweed,,1,1,1,1,1,0,0,
2024-LCS-NWA-140824-002A,14-Aug-24,2024,East,0.97,1,0,TRUE,TRUE,,Wolffia sp.,Watermeal sp.,,0,1,1,1,1,0,0,
2024-LCS-NWA-140824-003A,14-Aug-24,2024,East,0.31,1,0,TRUE,TRUE,,Ceratophyllum demersum,Coontail,,0,1,0,0,0,,,
2024-LCS-NWA-140824-003A,14-Aug-24,2024,East,0.31,1,0,TRUE,TRUE,,Hydrocharis morsus-ranae,European frog-bit,,0,1,1,1,1,9,13,
2024-LCS-NWA-140824-003A,14-Aug-24,2024,East,0.31,1,0,TRUE,TRUE,,Lemna minor,Lesser duckweed,,0,1,1,1,1,0,0,
2024-LCS-NWA-140824-003A,14-Aug-24,2024,East,0.31,1,0,TRUE,TRUE,,Lemna trisulca,Star duckweed,,0,1,0,1,1,0.2,0,measurement includes all duckweed sp.
2024-LCS-NWA-140824-003A,14-Aug-24,2024,East,0.31,1,0,TRUE,TRUE,,Najas minor,Brittle naiad/Brittle water nymph,,0,1,0,1,1,0.1,0,
2024-LCS-NWA-140824-003A,14-Aug-24,2024,East,0.31,1,0,TRUE,TRUE,,Nymphaea sp.,White water lily,,1,1,1,1,1,5.5,8,
2024-LCS-NWA-140824-003A,14-Aug-24,2024,East,0.31,1,0,TRUE,TRUE,,Riccia fluitans,Floating slender liverwort/Floating crystalwort,,0,1,0,1,1,0.4,0,
2024-LCS-NWA-140824-003A,14-Aug-24,2024,East,0.31,1,0,TRUE,TRUE,,Spirodela polyrhiza,Greater duckweed,,0,1,0,1,1,0,0,
2024-LCS-NWA-140824-003A,14-Aug-24,2024,East,0.31,1,0,TRUE,TRUE,,Utricularia sp.,Bladderwort sp.,,0,1,1,1,1,0.2,0,
2024-LCS-NWA-140824-003A,14-Aug-24,2024,East,0.31,1,0,TRUE,TRUE,,Wolffia sp.,Watermeal sp.,,0,1,0,0,0,,,
2024-LCS-NWA-140824-004A,14-Aug-24,2024,East,0.55,2,0,TRUE,TRUE,mucky sample,Ceratophyllum demersum,Coontail,,0,1,0,1,1,30.6,33,
2024-LCS-NWA-140824-004A,14-Aug-24,2024,East,0.55,2,0,TRUE,TRUE,mucky sample,Lemna minor,Lesser duckweed,,0,1,0,1,1,0,0,
2024-LCS-NWA-140824-004A,14-Aug-24,2024,East,0.55,2,0,TRUE,TRUE,mucky sample,Najas minor,Brittle naiad/Brittle water nymph,,1,1,1,1,1,40.8,40,
2024-LCS-NWA-140824-004A,14-Aug-24,2024,East,0.55,2,0,TRUE,TRUE,mucky sample,Nymphaea sp.,White water lily,,0,1,0,1,1,30.6,40,
2024-LCS-NWA-140824-004A,14-Aug-24,2024,East,0.55,2,0,TRUE,TRUE,mucky sample,Spirodela polyrhiza,Greater duckweed,,0,1,0,1,1,0,0,
2024-LCS-NWA-140824-005A,14-Aug-24,2024,East,0.3,1,0,TRUE,TRUE,,Algae,Algae,,0,1,0,0,0,,,
2024-LCS-NWA-140824-005A,14-Aug-24,2024,East,0.3,1,0,TRUE,TRUE,,Ceratophyllum demersum,Coontail,,0,1,1,1,1,15.2,15,
2024-LCS-NWA-140824-005A,14-Aug-24,2024,East,0.3,1,0,TRUE,TRUE,,Hydrocharis morsus-ranae,European frog-bit,,1,1,1,1,1,90.9,125,
2024-LCS-NWA-140824-005A,14-Aug-24,2024,East,0.3,1,0,TRUE,TRUE,,Lemna minor,Lesser duckweed,,0,1,0,1,1,0,0,
2024-LCS-NWA-140824-005A,14-Aug-24,2024,East,0.3,1,0,TRUE,TRUE,,Lemna trisulca,Star duckweed,,0,1,0,1,1,0,0,
2024-LCS-NWA-140824-005A,14-Aug-24,2024,East,0.3,1,0,TRUE,TRUE,,Najas minor,Brittle naiad/Brittle water nymph,,0,1,0,1,1,1.5,1,
2024-LCS-NWA-140824-005A,14-Aug-24,2024,East,0.3,1,0,TRUE,TRUE,,Nitella sp.,Stonewort sp.,,0,1,0,1,1,0.1,0,
2024-LCS-NWA-140824-005A,14-Aug-24,2024,East,0.3,1,0,TRUE,TRUE,,Nymphaea sp.,White water lily,,0,1,0,0,0,,,
2024-LCS-NWA-140824-005A,14-Aug-24,2024,East,0.3,1,0,TRUE,TRUE,,Potamogeton pusillus,Slender pondweed,,0,1,0,1,1,0.1,0,
2024-LCS-NWA-140824-005A,14-Aug-24,2024,East,0.3,1,0,TRUE,TRUE,,Spirodela polyrhiza,Greater duckweed,,0,1,0,1,1,0,0,
2024-LCS-NWA-140824-005A,14-Aug-24,2024,East,0.3,1,0,TRUE,TRUE,,Stuckenia pectinatus,Sago pondweed,,0,1,0,0,0,,,
2024-LCS-NWA-140824-005A,14-Aug-24,2024,East,0.3,1,0,TRUE,TRUE,,Typha sp.,Cattail sp.,,0,1,0,0,0,,,
2024-LCS-NWA-140824-005A,14-Aug-24,2024,East,0.3,1,0,TRUE,TRUE,,Utricularia vulgaris,Common bladderwort,,0,1,0,1,1,27.1,29,
2024-LCS-NWA-150824-001A,15-Aug-24,2024,East,0.79,2,0,TRUE,TRUE,mucky sample,Ceratophyllum demersum,Coontail,,0,1,1,1,1,39.9,42,
2024-LCS-NWA-150824-001A,15-Aug-24,2024,East,0.79,2,0,TRUE,TRUE,mucky sample,Elodea canadensis,Common waterweed,,0,1,1,1,1,55,60,
2024-LCS-NWA-150824-001A,15-Aug-24,2024,East,0.79,2,0,TRUE,TRUE,mucky sample,Hydrocharis morsus-ranae,European frog-bit,,0,1,1,1,1,19.4,28,
2024-LCS-NWA-150824-001A,15-Aug-24,2024,East,0.79,2,0,TRUE,TRUE,mucky sample,Lemna trisulca,Star duckweed,,0,1,0,1,1,0.4,0,
2024-LCS-NWA-150824-001A,15-Aug-24,2024,East,0.79,2,0,TRUE,TRUE,mucky sample,Myriophyllum sibiricum,Northern water milfoil,,0,1,0,1,1,16.6,19,
2024-LCS-NWA-150824-001A,15-Aug-24,2024,East,0.79,2,0,TRUE,TRUE,mucky sample,Nitella sp.,Stonewort sp.,,0,1,0,1,1,6.9,6,
2024-LCS-NWA-150824-001A,15-Aug-24,2024,East,0.79,2,0,TRUE,TRUE,mucky sample,Nymphaea sp.,White water lily,,0,1,1,1,1,379.7,475,"Leaves: 215mL, Stems: 260mL"
2024-LCS-NWA-150824-001A,15-Aug-24,2024,East,0.79,2,0,TRUE,TRUE,mucky sample,Pontederia cordata,Pickerelweed,,0,1,0,0,0,,,
2024-LCS-NWA-150824-001A,15-Aug-24,2024,East,0.79,2,0,TRUE,TRUE,mucky sample,Potamogeton pusillus,Slender pondweed,,0,1,0,1,1,1.4,1,
2024-LCS-NWA-150824-001A,15-Aug-24,2024,East,0.79,2,0,TRUE,TRUE,mucky sample,Sagittaria sp.,Arrowhead sp.,,1,1,0,0,0,,,
2024-LCS-NWA-150824-001A,15-Aug-24,2024,East,0.79,2,0,TRUE,TRUE,mucky sample,Utricularia gibba,Humped bladderwort,,0,1,0,1,1,1.1,1,
2024-LCS-NWA-150824-001A,15-Aug-24,2024,East,0.79,2,0,TRUE,TRUE,mucky sample,Utricularia sp.,Bladderwort sp.,,0,1,0,0,0,,,
2024-LCS-NWA-150824-002A,15-Aug-24,2024,East,0.73,2,0,TRUE,TRUE,,Ceratophyllum demersum,Coontail,,0,1,1,1,1,7.8,8,
2024-LCS-NWA-150824-002A,15-Aug-24,2024,East,0.73,2,0,TRUE,TRUE,,Elodea canadensis,Common waterweed,,0,1,0,1,1,8,8,
2024-LCS-NWA-150824-002A,15-Aug-24,2024,East,0.73,2,0,TRUE,TRUE,,Hydrocharis morsus-ranae,European frog-bit,,0,1,1,1,1,0.8,1,
2024-LCS-NWA-150824-002A,15-Aug-24,2024,East,0.73,2,0,TRUE,TRUE,,Lemna trisulca,Star duckweed,,0,1,0,1,1,0.3,0,
2024-LCS-NWA-150824-002A,15-Aug-24,2024,East,0.73,2,0,TRUE,TRUE,,Myriophyllum sibiricum,Northern water milfoil,,0,1,1,1,1,14.8,15,
2024-LCS-NWA-150824-002A,15-Aug-24,2024,East,0.73,2,0,TRUE,TRUE,,Najas sp.,Naiad sp./ water nymph sp.,,0,1,0,0,0,,,
2024-LCS-NWA-150824-002A,15-Aug-24,2024,East,0.73,2,0,TRUE,TRUE,,Nitella sp.,Stonewort sp.,whorled thin leaves,0,1,0,1,1,1.3,1,
2024-LCS-NWA-150824-002A,15-Aug-24,2024,East,0.73,2,0,TRUE,TRUE,,Nitella sp.,Stonewort sp.,whorled flat leaves,0,1,0,1,1,0.1,0,
2024-LCS-NWA-150824-002A,15-Aug-24,2024,East,0.73,2,0,TRUE,TRUE,,Nymphaea sp.,White water lily,,1,1,1,1,1,84.3,105,"Leaves: 65mL, Stems: 40mL"
2024-LCS-NWA-150824-002A,15-Aug-24,2024,East,0.73,2,0,TRUE,TRUE,,Pontederia cordata,Pickerelweed,,0,1,0,0,0,,,
2024-LCS-NWA-150824-002A,15-Aug-24,2024,East,0.73,2,0,TRUE,TRUE,,Potamogeton pusillus,Slender pondweed,,0,1,0,1,1,0.1,0,
2024-LCS-NWA-150824-002A,15-Aug-24,2024,East,0.73,2,0,TRUE,TRUE,,Typha sp.,Cattail sp.,,0,1,0,0,0,,,
2024-LCS-NWA-150824-002A,15-Aug-24,2024,East,0.73,2,0,TRUE,TRUE,,Utricularia gibba,Humped bladderwort,,0,1,0,1,1,1.1,1,
2024-LCS-NWA-150824-002A,15-Aug-24,2024,East,0.73,2,0,TRUE,TRUE,,Utricularia vulgaris,Common bladderwort,,0,1,1,1,1,65.4,65,
2024-LCS-NWA-150824-003A,15-Aug-24,2024,East,0.57,1,0,TRUE,TRUE,,Ceratophyllum demersum,Coontail,,0,1,1,1,1,6.7,7,
2024-LCS-NWA-150824-003A,15-Aug-24,2024,East,0.57,1,0,TRUE,TRUE,,Elodea canadensis,Common waterweed,,0,1,1,1,1,0.8,1,
2024-LCS-NWA-150824-003A,15-Aug-24,2024,East,0.57,1,0,TRUE,TRUE,,Hydrocharis morsus-ranae,European frog-bit,,0,1,0,1,1,0.2,0,
2024-LCS-NWA-150824-003A,15-Aug-24,2024,East,0.57,1,0,TRUE,TRUE,,Lemna minor,Lesser duckweed,,0,1,0,0,0,,,
2024-LCS-NWA-150824-003A,15-Aug-24,2024,East,0.57,1,0,TRUE,TRUE,,Lemna trisulca,Star duckweed,,0,1,0,1,1,0,0,
2024-LCS-NWA-150824-003A,15-Aug-24,2024,East,0.57,1,0,TRUE,TRUE,,Myriophyllum sibiricum,Northern water milfoil,,0,1,1,1,1,3.9,4,
2024-LCS-NWA-150824-003A,15-Aug-24,2024,East,0.57,1,0,TRUE,TRUE,,Nitella sp.,Stonewort sp.,,0,1,0,1,1,0.2,0,
2024-LCS-NWA-150824-003A,15-Aug-24,2024,East,0.57,1,0,TRUE,TRUE,,Nymphaea sp.,White water lily,,1,1,1,1,1,79.1,95,"Leaves: 40mL, Stems: 50mL"
2024-LCS-NWA-150824-003A,15-Aug-24,2024,East,0.57,1,0,TRUE,TRUE,,Spirodela polyrhiza,Greater duckweed,,0,1,0,1,1,0,0,
2024-LCS-NWA-150824-003A,15-Aug-24,2024,East,0.57,1,0,TRUE,TRUE,,Utricularia vulgaris,Common bladderwort,,0,1,1,1,1,19.9,21,
2024-LCS-NWA-150824-004A,15-Aug-24,2024,East,0.86,2,0,TRUE,TRUE,,Ceratophyllum demersum,Coontail,,0,1,1,1,1,2.7,2,
2024-LCS-NWA-150824-004A,15-Aug-24,2024,East,0.86,2,0,TRUE,TRUE,,Elodea canadensis,Common waterweed,,0,1,1,1,1,14,13,
2024-LCS-NWA-150824-004A,15-Aug-24,2024,East,0.86,2,0,TRUE,TRUE,,Najas minor,Brittle naiad/Brittle water nymph,,0,1,0,1,1,0.1,0,
2024-LCS-NWA-150824-004A,15-Aug-24,2024,East,0.86,2,0,TRUE,TRUE,,Nymphaea sp.,White water lily,,0,1,1,1,1,124.7,160,"Leaves: 105mL, Stems: 55mL"
2024-LCS-NWA-150824-004A,15-Aug-24,2024,East,0.86,2,0,TRUE,TRUE,,Potamogeton pusillus,Slender pondweed,,0,1,0,1,1,0.1,0,
2024-LCS-NWA-150824-004A,15-Aug-24,2024,East,0.86,2,0,TRUE,TRUE,,Sagittaria sp.,Arrowhead sp.,,0,1,0,0,0,,,
2024-LCS-NWA-150824-004A,15-Aug-24,2024,East,0.86,2,0,TRUE,TRUE,,Spirodela polyrhiza,Greater duckweed,,0,1,0,1,1,0,0,
2024-LCS-NWA-150824-004A,15-Aug-24,2024,East,0.86,2,0,TRUE,TRUE,,Utricularia vulgaris,Common bladderwort,,0,1,1,1,1,17,18,
2024-LCS-NWA-150824-005A,15-Aug-24,2024,East,1.32,3,0,TRUE,TRUE,mucky sample,Ceratophyllum demersum,Coontail,,0,1,1,1,1,116.1,130,
2024-LCS-NWA-150824-005A,15-Aug-24,2024,East,1.32,3,0,TRUE,TRUE,mucky sample,Elodea canadensis,Common waterweed,,0,1,1,1,1,137.2,140,
2024-LCS-NWA-150824-005A,15-Aug-24,2024,East,1.32,3,0,TRUE,TRUE,mucky sample,Hydrocharis morsus-ranae,European frog-bit,,1,1,1,0,0,,,
2024-LCS-NWA-150824-005A,15-Aug-24,2024,East,1.32,3,0,TRUE,TRUE,mucky sample,Lemna trisulca,Star duckweed,,0,1,0,1,1,0,0,
2024-LCS-NWA-150824-005A,15-Aug-24,2024,East,1.32,3,0,TRUE,TRUE,mucky sample,Najas flexilis,Slender naiad/ water nymph,,0,1,1,1,1,12,14,
2024-LCS-NWA-150824-005A,15-Aug-24,2024,East,1.32,3,0,TRUE,TRUE,mucky sample,Najas minor,Brittle naiad/Brittle water nymph,,0,1,0,1,1,32,34,
2024-LCS-NWA-150824-005A,15-Aug-24,2024,East,1.32,3,0,TRUE,TRUE,mucky sample,Nitellopsis obtusa,Starry stonewort,,0,1,1,1,1,12.1,12,
2024-LCS-NWA-150824-005A,15-Aug-24,2024,East,1.32,3,0,TRUE,TRUE,mucky sample,Nymphaea sp.,White water lily,,0,1,1,1,1,119.8,140,
2024-LCS-NWA-150824-005A,15-Aug-24,2024,East,1.32,3,0,TRUE,TRUE,mucky sample,Potamogeton pusillus,Slender pondweed,,0,1,0,1,1,8,9,
2024-LCS-NWA-150824-005A,15-Aug-24,2024,East,1.32,3,0,TRUE,TRUE,mucky sample,Potamogeton robbinsii,Fern pondweed,,0,1,1,0,0,,,
2024-LCS-NWA-150824-005A,15-Aug-24,2024,East,1.32,3,0,TRUE,TRUE,mucky sample,Spirodela polyrhiza,Greater duckweed,,0,1,0,1,1,0,0,
2024-LCS-NWA-150824-005A,15-Aug-24,2024,East,1.32,3,0,TRUE,TRUE,mucky sample,Stuckenia pectinatus,Sago pondweed,,0,1,1,1,1,9.4,10,
2024-LCS-NWA-150824-005A,15-Aug-24,2024,East,1.32,3,0,TRUE,TRUE,mucky sample,Utricularia sp.,Bladderwort sp.,,0,1,0,0,0,,,
2024-LCS-NWA-190824-001A,19-Aug-24,2024,East,0.3,1,1,TRUE,TRUE,,Algae,Algae,filamentous,0,1,1,1,1,0,0,
2024-LCS-NWA-190824-001A,19-Aug-24,2024,East,0.3,1,1,TRUE,TRUE,,Ceratophyllum demersum,Coontail,,0,1,1,1,1,5.5,4,
2024-LCS-NWA-190824-001A,19-Aug-24,2024,East,0.3,1,1,TRUE,TRUE,,Hydrocharis morsus-ranae,European frog-bit,,1,1,1,1,1,35.7,44,
2024-LCS-NWA-190824-001A,19-Aug-24,2024,East,0.3,1,1,TRUE,TRUE,,Lemna minor,Lesser duckweed,,0,1,1,1,1,0,0,
2024-LCS-NWA-190824-001A,19-Aug-24,2024,East,0.3,1,1,TRUE,TRUE,,Lemna trisulca,Star duckweed,,0,1,0,1,1,0,0,
2024-LCS-NWA-190824-001A,19-Aug-24,2024,East,0.3,1,1,TRUE,TRUE,,Nymphaea sp.,White water lily,,0,1,0,0,0,,,
2024-LCS-NWA-190824-001A,19-Aug-24,2024,East,0.3,1,1,TRUE,TRUE,,Potamogeton crispus,Curly-leaved pondweed,,0,1,0,0,0,,,
2024-LCS-NWA-190824-001A,19-Aug-24,2024,East,0.3,1,1,TRUE,TRUE,,Potamogeton zosteriformis,Flat-stemmed pondweed,,0,1,0,1,1,0.1,0,
2024-LCS-NWA-190824-001A,19-Aug-24,2024,East,0.3,1,1,TRUE,TRUE,,Spirodela polyrhiza,Greater duckweed,,0,1,1,1,1,0,0,
2024-LCS-NWA-190824-001A,19-Aug-24,2024,East,0.3,1,1,TRUE,TRUE,,Utricularia sp.,Bladderwort sp.,,0,1,0,0,0,,,
2024-LCS-NWA-190824-002A,19-Aug-24,2024,East,0.64,1,0,TRUE,TRUE,,Algae,Algae,,0,1,0,0,0,,,
2024-LCS-NWA-190824-002A,19-Aug-24,2024,East,0.64,1,0,TRUE,TRUE,,Ceratophyllum demersum,Coontail,,0,1,1,1,1,0.8,1,
2024-LCS-NWA-190824-002A,19-Aug-24,2024,East,0.64,1,0,TRUE,TRUE,,Elodea canadensis,Common waterweed,,1,1,1,1,1,5.5,6,
2024-LCS-NWA-190824-002A,19-Aug-24,2024,East,0.64,1,0,TRUE,TRUE,,Hydrocharis morsus-ranae,European frog-bit,,0,1,0,0,0,,,
2024-LCS-NWA-190824-002A,19-Aug-24,2024,East,0.64,1,0,TRUE,TRUE,,Lemna minor,Lesser duckweed,,0,1,0,0,0,,,
2024-LCS-NWA-190824-002A,19-Aug-24,2024,East,0.64,1,0,TRUE,TRUE,,Nymphaea sp.,White water lily,,0,1,0,0,0,,,
2024-LCS-NWA-190824-002A,19-Aug-24,2024,East,0.64,1,0,TRUE,TRUE,,Spirodela polyrhiza,Greater duckweed,,0,1,0,0,0,,,
2024-LCS-NWA-190824-002A,19-Aug-24,2024,East,0.64,1,0,TRUE,TRUE,,Wolffia sp.,Watermeal sp.,,0,1,0,0,0,,,
2024-LCS-NWA-190824-003A,19-Aug-24,2024,East,0.43,1,0,TRUE,TRUE,,Ceratophyllum demersum,Coontail,,0,1,0,0,0,,,
2024-LCS-NWA-190824-003A,19-Aug-24,2024,East,0.43,1,0,TRUE,TRUE,,Lemna minor,Lesser duckweed,,0,1,0,0,0,,,
2024-LCS-NWA-190824-003A,19-Aug-24,2024,East,0.43,1,0,TRUE,TRUE,,Lemna trisulca,Star duckweed,,0,1,0,0,0,,,
2024-LCS-NWA-190824-003A,19-Aug-24,2024,East,0.43,1,0,TRUE,TRUE,,Najas flexilis,Slender naiad/ water nymph,,0,1,0,1,1,0.4,1,
2024-LCS-NWA-190824-003A,19-Aug-24,2024,East,0.43,1,0,TRUE,TRUE,,Najas minor,Brittle naiad/Brittle water nymph,,1,1,1,1,1,14.5,16,
2024-LCS-NWA-190824-003A,19-Aug-24,2024,East,0.43,1,0,TRUE,TRUE,,Nitella sp.,Stonewort sp.,,0,1,1,1,1,16.3,14,
2024-LCS-NWA-190824-003A,19-Aug-24,2024,East,0.43,1,0,TRUE,TRUE,,Nymphaea sp.,White water lily,,0,1,0,0,0,,,
2024-LCS-NWA-190824-003A,19-Aug-24,2024,East,0.43,1,0,TRUE,TRUE,,Potamogeton crispus,Curly-leaved pondweed,,0,1,0,0,0,,,
2024-LCS-NWA-190824-003A,19-Aug-24,2024,East,0.43,1,0,TRUE,TRUE,,Sparganium sp.,Burreed sp.,,0,1,0,0,0,,,
2024-LCS-NWA-190824-003A,19-Aug-24,2024,East,0.43,1,0,TRUE,TRUE,,Spirodela polyrhiza,Greater duckweed,,0,1,0,0,0,,,
2024-LCS-NWA-190824-003A,19-Aug-24,2024,East,0.43,1,0,TRUE,TRUE,,Typha sp.,Cattail sp.,,0,1,0,0,0,,,
2024-LCS-NWA-190824-003A,19-Aug-24,2024,East,0.43,1,0,TRUE,TRUE,,Utricularia vulgaris,Common bladderwort,,0,1,0,1,1,0,0,
2024-LCS-NWA-190824-004A,19-Aug-24,2024,East,1.01,1,0,TRUE,TRUE,mucky sample,Ceratophyllum demersum,Coontail,,1,1,1,1,1,17.2,19,
2024-LCS-NWA-190824-004A,19-Aug-24,2024,East,1.01,1,0,TRUE,TRUE,mucky sample,Elodea canadensis,Common waterweed,,0,1,0,1,1,3.3,4,
2024-LCS-NWA-190824-004A,19-Aug-24,2024,East,1.01,1,0,TRUE,TRUE,mucky sample,Hydrocharis morsus-ranae,European frog-bit,,0,1,0,0,0,,,
2024-LCS-NWA-190824-004A,19-Aug-24,2024,East,1.01,1,0,TRUE,TRUE,mucky sample,Lemna minor,Lesser duckweed,,0,1,0,0,0,,,
2024-LCS-NWA-190824-004A,19-Aug-24,2024,East,1.01,1,0,TRUE,TRUE,mucky sample,Nymphaea sp.,White water lily,,0,1,0,0,0,,,
2024-LCS-NWA-190824-004A,19-Aug-24,2024,East,1.01,1,0,TRUE,TRUE,mucky sample,Spirodela polyrhiza,Greater duckweed,,0,1,0,0,0,,,
2024-LCS-NWA-190824-004A,19-Aug-24,2024,East,1.01,1,0,TRUE,TRUE,mucky sample,Unknown Submerged,Unknown Submerged,,0,1,0,1,1,0.3,0,one leaf
2024-LCS-NWA-190824-004A,19-Aug-24,2024,East,1.01,1,0,TRUE,TRUE,mucky sample,Utricularia vulgaris,Common bladderwort,,0,1,1,1,1,21,22,
2024-LCS-NWA-190824-005A,19-Aug-24,2024,East,0.92,3,0,TRUE,TRUE,mucky sample,Ceratophyllum demersum,Coontail,,0,1,1,1,1,33.1,35,
2024-LCS-NWA-190824-005A,19-Aug-24,2024,East,0.92,3,0,TRUE,TRUE,mucky sample,Elodea canadensis,Common waterweed,,0,1,0,1,1,0.9,1,
2024-LCS-NWA-190824-005A,19-Aug-24,2024,East,0.92,3,0,TRUE,TRUE,mucky sample,Hydrocharis morsus-ranae,European frog-bit,,0,1,0,0,0,,,
2024-LCS-NWA-190824-005A,19-Aug-24,2024,East,0.92,3,0,TRUE,TRUE,mucky sample,Lemna sp.,Duckweed sp.,round leaves,0,1,0,1,1,0,0,
2024-LCS-NWA-190824-005A,19-Aug-24,2024,East,0.92,3,0,TRUE,TRUE,mucky sample,Lemna trisulca,Star duckweed,,0,1,0,1,1,0.5,0,
2024-LCS-NWA-190824-005A,19-Aug-24,2024,East,0.92,3,0,TRUE,TRUE,mucky sample,Nitellopsis obtusa,Starry stonewort,,1,1,1,1,1,172.4,180,quite mixed with detritus
2024-LCS-NWA-190824-005A,19-Aug-24,2024,East,0.92,3,0,TRUE,TRUE,mucky sample,Nymphaea sp.,White water lily,,0,1,0,1,1,2.4,3,
2024-LCS-NWA-200824-001A,20-Aug-24,2024,East,0.89,2,0,TRUE,TRUE,very mucky sample,Ceratophyllum demersum,Coontail,,1,1,1,1,1,26.7,28,
2024-LCS-NWA-200824-001A,20-Aug-24,2024,East,0.89,2,0,TRUE,TRUE,very mucky sample,Elodea canadensis,Common waterweed,,0,1,1,1,1,77.9,80,
2024-LCS-NWA-200824-001A,20-Aug-24,2024,East,0.89,2,0,TRUE,TRUE,very mucky sample,Hydrocharis morsus-ranae,European frog-bit,,0,1,1,1,1,59.7,80,
2024-LCS-NWA-200824-001A,20-Aug-24,2024,East,0.89,2,0,TRUE,TRUE,very mucky sample,Lemna trisulca,Star duckweed,,0,1,1,1,1,1.1,1,
2024-LCS-NWA-200824-001A,20-Aug-24,2024,East,0.89,2,0,TRUE,TRUE,very mucky sample,Myriophyllum sibiricum,Northern water milfoil,,0,1,1,1,1,36.7,49,
2024-LCS-NWA-200824-001A,20-Aug-24,2024,East,0.89,2,0,TRUE,TRUE,very mucky sample,Nitella sp.,Stonewort sp.,,0,1,0,1,1,5.2,5,
2024-LCS-NWA-200824-001A,20-Aug-24,2024,East,0.89,2,0,TRUE,TRUE,very mucky sample,Nymphaea sp.,White water lily,,0,1,0,1,1,8.2,9,
2024-LCS-NWA-200824-001A,20-Aug-24,2024,East,0.89,2,0,TRUE,TRUE,very mucky sample,Potamogeton pusillus,Slender pondweed,,0,1,0,1,1,2,2,
2024-LCS-NWA-200824-001A,20-Aug-24,2024,East,0.89,2,0,TRUE,TRUE,very mucky sample,Potamogeton zosteriformis,Flat-stemmed pondweed,,0,1,0,1,1,0,0,
2024-LCS-NWA-200824-001A,20-Aug-24,2024,East,0.89,2,0,TRUE,TRUE,very mucky sample,Ranunculus sp.,Crowfoot sp.,,0,1,0,1,1,1.1,2,
2024-LCS-NWA-200824-001A,20-Aug-24,2024,East,0.89,2,0,TRUE,TRUE,very mucky sample,Spirodela polyrhiza,Greater duckweed,,0,1,0,1,1,0,0,
2024-LCS-NWA-200824-001A,20-Aug-24,2024,East,0.89,2,0,TRUE,TRUE,very mucky sample,Stuckenia pectinatus,Sago pondweed,,0,1,0,0,0,,,
2024-LCS-NWA-200824-001A,20-Aug-24,2024,East,0.89,2,0,TRUE,TRUE,very mucky sample,Utricularia gibba,Humped bladderwort,,0,1,0,1,1,7.2,8,"more present than measured, but impossible to separate from muck"
2024-LCS-NWA-200824-001A,20-Aug-24,2024,East,0.89,2,0,TRUE,TRUE,very mucky sample,Utricularia sp.,Bladderwort sp.,,0,1,0,0,0,,,
2024-LCS-NWA-200824-001A,20-Aug-24,2024,East,0.89,2,0,TRUE,TRUE,very mucky sample,Wolffia sp.,Watermeal sp.,,0,1,0,0,0,,,
2024-LCS-NWA-200824-002A,20-Aug-24,2024,East,1.12,2,0,TRUE,TRUE,,Ceratophyllum demersum,Coontail,,1,1,1,1,1,196,200,
2024-LCS-NWA-200824-002A,20-Aug-24,2024,East,1.12,2,0,TRUE,TRUE,,Elodea canadensis,Common waterweed,,0,1,1,1,1,10,10,
2024-LCS-NWA-200824-002A,20-Aug-24,2024,East,1.12,2,0,TRUE,TRUE,,Hydrocharis morsus-ranae,European frog-bit,,0,1,0,1,1,0.7,1,
2024-LCS-NWA-200824-002A,20-Aug-24,2024,East,1.12,2,0,TRUE,TRUE,,Lemna minor,Lesser duckweed,,0,1,0,1,1,0,0,
2024-LCS-NWA-200824-002A,20-Aug-24,2024,East,1.12,2,0,TRUE,TRUE,,Lemna trisulca,Star duckweed,,0,1,0,1,1,0.3,0,measurement includes all duckweed sp.
2024-LCS-NWA-200824-002A,20-Aug-24,2024,East,1.12,2,0,TRUE,TRUE,,Myriophyllum sibiricum,Northern water milfoil,,0,1,1,1,1,95,115,
2024-LCS-NWA-200824-002A,20-Aug-24,2024,East,1.12,2,0,TRUE,TRUE,,Myriophyllum sp.,Milfoil sp.,~12-13 leaflet pairs per leaf,0,1,1,1,1,11.5,13,
2024-LCS-NWA-200824-002A,20-Aug-24,2024,East,1.12,2,0,TRUE,TRUE,,Nitella sp.,Stonewort sp.,,0,1,0,0,0,,,
2024-LCS-NWA-200824-002A,20-Aug-24,2024,East,1.12,2,0,TRUE,TRUE,,Nymphaea sp.,White water lily,,0,1,1,1,1,115.2,130,"Leaves: 60mL, Stems: 70mL"
2024-LCS-NWA-200824-002A,20-Aug-24,2024,East,1.12,2,0,TRUE,TRUE,,Potamogeton pusillus,Slender pondweed,,0,1,0,1,1,0.8,0,
2024-LCS-NWA-200824-002A,20-Aug-24,2024,East,1.12,2,0,TRUE,TRUE,,Potamogeton zosteriformis,Flat-stemmed pondweed,,0,1,0,1,1,0,0,
2024-LCS-NWA-200824-002A,20-Aug-24,2024,East,1.12,2,0,TRUE,TRUE,,Spirodela polyrhiza,Greater duckweed,,0,1,0,1,1,0,0,
2024-LCS-NWA-200824-002A,20-Aug-24,2024,East,1.12,2,0,TRUE,TRUE,,Utricularia sp.,Bladderwort sp.,,0,1,0,0,0,,,
2024-LCS-NWA-200824-002A,20-Aug-24,2024,East,1.12,2,0,TRUE,TRUE,,Wolffia sp.,Watermeal sp.,,0,1,0,0,0,,,
2024-LCS-NWA-200824-003A,20-Aug-24,2024,East,1.01,3,0,TRUE,TRUE,,Ceratophyllum demersum,Coontail,,0,1,1,1,1,96.7,100,
2024-LCS-NWA-200824-003A,20-Aug-24,2024,East,1.01,3,0,TRUE,TRUE,,Elodea canadensis,Common waterweed,,1,1,1,1,1,164.5,165,
2024-LCS-NWA-200824-003A,20-Aug-24,2024,East,1.01,3,0,TRUE,TRUE,,Hydrocharis morsus-ranae,European frog-bit,,0,1,1,1,1,11.3,13,
2024-LCS-NWA-200824-003A,20-Aug-24,2024,East,1.01,3,0,TRUE,TRUE,,Lemna minor,Lesser duckweed,,0,1,0,0,0,,,
2024-LCS-NWA-200824-003A,20-Aug-24,2024,East,1.01,3,0,TRUE,TRUE,,Lemna trisulca,Star duckweed,,0,1,0,1,1,11.4,12,not all measured - very hard to separate from detritus
2024-LCS-NWA-200824-003A,20-Aug-24,2024,East,1.01,3,0,TRUE,TRUE,,Myriophyllum sibiricum,Northern water milfoil,,0,1,1,1,1,118.6,140,
2024-LCS-NWA-200824-003A,20-Aug-24,2024,East,1.01,3,0,TRUE,TRUE,,Nymphaea sp.,White water lily,,0,1,1,1,1,301,360,
2024-LCS-NWA-200824-003A,20-Aug-24,2024,East,1.01,3,0,TRUE,TRUE,,Potamogeton pusillus,Slender pondweed,,0,1,0,1,1,13.6,13,
2024-LCS-NWA-200824-003A,20-Aug-24,2024,East,1.01,3,0,TRUE,TRUE,,Potamogeton robbinsii,Fern pondweed,,0,1,0,0,0,,,
2024-LCS-NWA-200824-003A,20-Aug-24,2024,East,1.01,3,0,TRUE,TRUE,,Ranunculus sp.,Crowfoot sp.,,0,1,0,1,1,0.1,0,
2024-LCS-NWA-200824-003A,20-Aug-24,2024,East,1.01,3,0,TRUE,TRUE,,Riccia fluitans,Floating slender liverwort/Floating crystalwort,,0,1,0,1,1,0,0,
2024-LCS-NWA-200824-003A,20-Aug-24,2024,East,1.01,3,0,TRUE,TRUE,,Spirodela polyrhiza,Greater duckweed,,0,1,0,1,1,0,0,
2024-LCS-NWA-200824-003A,20-Aug-24,2024,East,1.01,3,0,TRUE,TRUE,,Utricularia gibba,Humped bladderwort,,0,1,0,1,1,0.9,1,
2024-LCS-NWA-200824-003A,20-Aug-24,2024,East,1.01,3,0,TRUE,TRUE,,Utricularia vulgaris,Common bladderwort,,0,1,1,1,1,30.2,32,
2024-LCS-NWA-200824-004A,20-Aug-24,2024,East,0.92,3,0,TRUE,TRUE,,Ceratophyllum demersum,Coontail,,0,1,1,1,1,263.7,275,
2024-LCS-NWA-200824-004A,20-Aug-24,2024,East,0.92,3,0,TRUE,TRUE,,Elodea canadensis,Common waterweed,,0,1,1,1,1,77.8,75,
2024-LCS-NWA-200824-004A,20-Aug-24,2024,East,0.92,3,0,TRUE,TRUE,,Hydrocharis morsus-ranae,European frog-bit,,1,1,1,1,1,309.1,425,
2024-LCS-NWA-200824-004A,20-Aug-24,2024,East,0.92,3,0,TRUE,TRUE,,Lemna minor,Lesser duckweed,,0,1,0,0,0,,,
2024-LCS-NWA-200824-004A,20-Aug-24,2024,East,0.92,3,0,TRUE,TRUE,,Lemna trisulca,Star duckweed,,0,1,1,1,1,4.8,5,
2024-LCS-NWA-200824-004A,20-Aug-24,2024,East,0.92,3,0,TRUE,TRUE,,Myriophyllum sibiricum,Northern water milfoil,,0,1,0,1,1,7.6,9,
2024-LCS-NWA-200824-004A,20-Aug-24,2024,East,0.92,3,0,TRUE,TRUE,,Myriophyllum spicatum,Eurasian water milfoil,,0,1,0,0,0,,,
2024-LCS-NWA-200824-004A,20-Aug-24,2024,East,0.92,3,0,TRUE,TRUE,,Nitella sp.,Stonewort sp.,,0,1,0,1,1,0.1,0,
2024-LCS-NWA-200824-004A,20-Aug-24,2024,East,0.92,3,0,TRUE,TRUE,,Nymphaea sp.,White water lily,,0,1,0,1,1,12.9,20,
2024-LCS-NWA-200824-004A,20-Aug-24,2024,East,0.92,3,0,TRUE,TRUE,,Potamogeton pusillus,Slender pondweed,,0,1,0,0,0,,,
2024-LCS-NWA-200824-004A,20-Aug-24,2024,East,0.92,3,0,TRUE,TRUE,,Potamogeton robbinsii,Fern pondweed,,0,1,0,0,0,,,
2024-LCS-NWA-200824-004A,20-Aug-24,2024,East,0.92,3,0,TRUE,TRUE,,Potamogeton zosteriformis,Flat-stemmed pondweed,,0,1,0,1,1,5,5,
2024-LCS-NWA-200824-004A,20-Aug-24,2024,East,0.92,3,0,TRUE,TRUE,,Ranunculus sp.,Crowfoot sp.,,0,1,0,1,1,4.4,4,
2024-LCS-NWA-200824-004A,20-Aug-24,2024,East,0.92,3,0,TRUE,TRUE,,Riccia fluitans,Floating slender liverwort/Floating crystalwort,,0,1,0,1,1,0,0,
2024-LCS-NWA-200824-004A,20-Aug-24,2024,East,0.92,3,0,TRUE,TRUE,,Spirodela polyrhiza,Greater duckweed,,0,1,0,1,1,0,0,
2024-LCS-NWA-200824-004A,20-Aug-24,2024,East,0.92,3,0,TRUE,TRUE,,Stuckenia pectinatus,Sago pondweed,,0,1,0,1,1,5.3,6,
2024-LCS-NWA-200824-004A,20-Aug-24,2024,East,0.92,3,0,TRUE,TRUE,,Utricularia gibba,Humped bladderwort,,0,1,0,1,1,0.1,0,
2024-LCS-NWA-200824-004A,20-Aug-24,2024,East,0.92,3,0,TRUE,TRUE,,Utricularia sp.,Bladderwort sp.,many leaves have no bladders,0,1,1,1,1,6.7,6,
2024-LCS-NWA-200824-004A,20-Aug-24,2024,East,0.92,3,0,TRUE,TRUE,,Wolffia sp.,Watermeal sp.,,0,1,1,0,0,,,
2024-LCS-NWA-200824-005A,20-Aug-24,2024,East,0.74,3,0,TRUE,TRUE,,Ceratophyllum demersum,Coontail,,0,1,1,1,1,310.8,320,
2024-LCS-NWA-200824-005A,20-Aug-24,2024,East,0.74,3,0,TRUE,TRUE,,Elodea canadensis,Common waterweed,,0,1,1,0,0,,,
2024-LCS-NWA-200824-005A,20-Aug-24,2024,East,0.74,3,0,TRUE,TRUE,,Hydrocharis morsus-ranae,European frog-bit,,0,1,1,1,1,1.1,1,
2024-LCS-NWA-200824-005A,20-Aug-24,2024,East,0.74,3,0,TRUE,TRUE,,Lemna minor,Lesser duckweed,,0,1,0,0,0,,,
2024-LCS-NWA-200824-005A,20-Aug-24,2024,East,0.74,3,0,TRUE,TRUE,,Lemna sp.,Duckweed sp.,"round leaves, maybe L. minor",0,1,0,1,1,0,0,
2024-LCS-NWA-200824-005A,20-Aug-24,2024,East,0.74,3,0,TRUE,TRUE,,Lemna trisulca,Star duckweed,,0,1,0,1,1,3.8,4,
2024-LCS-NWA-200824-005A,20-Aug-24,2024,East,0.74,3,0,TRUE,TRUE,,Myriophyllum sibiricum,Northern water milfoil,,0,1,0,1,1,0.1,0,
2024-LCS-NWA-200824-005A,20-Aug-24,2024,East,0.74,3,0,TRUE,TRUE,,Nymphaea sp.,White water lily,,1,1,1,1,1,55.3,70,
2024-LCS-NWA-200824-005A,20-Aug-24,2024,East,0.74,3,0,TRUE,TRUE,,Potamogeton robbinsii,Fern pondweed,,0,1,0,0,0,,,
2024-LCS-NWA-200824-005A,20-Aug-24,2024,East,0.74,3,0,TRUE,TRUE,,Potamogeton zosteriformis,Flat-stemmed pondweed,,0,1,1,1,1,10.2,10,
2024-LCS-NWA-200824-005A,20-Aug-24,2024,East,0.74,3,0,TRUE,TRUE,,Ranunculus sp.,Crowfoot sp.,,0,1,0,1,1,0.2,0,
2024-LCS-NWA-200824-005A,20-Aug-24,2024,East,0.74,3,0,TRUE,TRUE,,Spirodela polyrhiza,Greater duckweed,,0,1,0,1,1,0,0,
2024-LCS-NWA-200824-005A,20-Aug-24,2024,East,0.74,3,0,TRUE,TRUE,,Utricularia gibba,Humped bladderwort,,1,1,0,1,1,0,0,
2024-LCS-NWA-200824-005A,20-Aug-24,2024,East,0.74,3,0,TRUE,TRUE,,Utricularia sp.,Bladderwort sp.,"small, bladders amoung leafles",0,1,0,1,1,0,0,
2024-LCS-NWA-200824-005A,20-Aug-24,2024,East,0.74,3,0,TRUE,TRUE,,Utricularia vulgaris,Common bladderwort,,0,1,1,1,1,14.2,14,
2024-LCS-NWA-200824-005A,20-Aug-24,2024,East,0.74,3,0,TRUE,TRUE,,Wolffia sp.,Watermeal sp.,,0,1,0,0,0,,,
2024-LCS-NWA-210824-001A,21-Aug-24,2024,West,0.9,0,0,FALSE,FALSE,no veg on rake,Elodea canadensis,Common waterweed,,0,1,0,0,0,,,
2024-LCS-NWA-210824-001A,21-Aug-24,2024,West,0.9,0,0,FALSE,FALSE,no veg on rake,Hydrocharis morsus-ranae,European frog-bit,,0,1,0,0,0,,,
2024-LCS-NWA-210824-001A,21-Aug-24,2024,West,0.9,0,0,FALSE,FALSE,no veg on rake,Lemna minor,Lesser duckweed,,0,1,0,0,0,,,
2024-LCS-NWA-210824-001A,21-Aug-24,2024,West,0.9,0,0,FALSE,FALSE,no veg on rake,Myriophyllum spicatum,Eurasian water milfoil,,0,1,0,0,0,,,
2024-LCS-NWA-210824-001A,21-Aug-24,2024,West,0.9,0,0,FALSE,FALSE,no veg on rake,Nymphaea sp.,White water lily,,1,1,0,0,0,,,
2024-LCS-NWA-210824-001A,21-Aug-24,2024,West,0.9,0,0,FALSE,FALSE,no veg on rake,Spirodela polyrhiza,Greater duckweed,,0,1,0,0,0,,,
2024-LCS-NWA-210824-001A,21-Aug-24,2024,West,0.9,0,0,FALSE,FALSE,no veg on rake,Wolffia sp.,Watermeal sp.,,0,1,0,0,0,,,
2024-LCS-NWA-210824-002A,21-Aug-24,2024,West,0.86,1,1,TRUE,TRUE,,Ceratophyllum demersum,Coontail,,0,1,1,1,1,1.7,2,
2024-LCS-NWA-210824-002A,21-Aug-24,2024,West,0.86,1,1,TRUE,TRUE,,Hydrocharis morsus-ranae,European frog-bit,,0,1,0,0,0,,,
2024-LCS-NWA-210824-002A,21-Aug-24,2024,West,0.86,1,1,TRUE,TRUE,,Lemna minor,Lesser duckweed,,0,1,0,1,1,0,0,
2024-LCS-NWA-210824-002A,21-Aug-24,2024,West,0.86,1,1,TRUE,TRUE,,Lemna trisulca,Star duckweed,,0,1,0,0,0,,,
2024-LCS-NWA-210824-002A,21-Aug-24,2024,West,0.86,1,1,TRUE,TRUE,,Nymphaea sp.,White water lily,,1,1,0,0,0,,,
2024-LCS-NWA-210824-002A,21-Aug-24,2024,West,0.86,1,1,TRUE,TRUE,,Spirodela polyrhiza,Greater duckweed,,0,1,0,1,1,0,0,
2024-LCS-NWA-210824-002A,21-Aug-24,2024,West,0.86,1,1,TRUE,TRUE,,Stuckenia pectinatus,Sago pondweed,,0,1,0,0,0,,,
2024-LCS-NWA-210824-002A,21-Aug-24,2024,West,0.86,1,1,TRUE,TRUE,,Wolffia sp.,Watermeal sp.,,0,1,0,1,1,0,0,
2024-LCS-NWA-210824-003A,21-Aug-24,2024,West,1.01,2,0,TRUE,TRUE,mucky sample,Ceratophyllum demersum,Coontail,,0,1,1,1,1,93.1,95,
2024-LCS-NWA-210824-003A,21-Aug-24,2024,West,1.01,2,0,TRUE,TRUE,mucky sample,Elodea canadensis,Common waterweed,,0,1,0,1,1,0.9,1,
2024-LCS-NWA-210824-003A,21-Aug-24,2024,West,1.01,2,0,TRUE,TRUE,mucky sample,Lemna minor,Lesser duckweed,,0,1,1,1,1,0,0,
2024-LCS-NWA-210824-003A,21-Aug-24,2024,West,1.01,2,0,TRUE,TRUE,mucky sample,Lemna trisulca,Star duckweed,,0,1,1,1,1,1,1,
2024-LCS-NWA-210824-003A,21-Aug-24,2024,West,1.01,2,0,TRUE,TRUE,mucky sample,Nymphaea sp.,White water lily,,1,1,0,0,0,,,
2024-LCS-NWA-210824-003A,21-Aug-24,2024,West,1.01,2,0,TRUE,TRUE,mucky sample,Potamogeton pusillus,Slender pondweed,,0,1,0,1,1,1.1,1,
2024-LCS-NWA-210824-003A,21-Aug-24,2024,West,1.01,2,0,TRUE,TRUE,mucky sample,Spirodela polyrhiza,Greater duckweed,,0,1,1,1,1,0,0,
2024-LCS-NWA-210824-003A,21-Aug-24,2024,West,1.01,2,0,TRUE,TRUE,mucky sample,Stuckenia pectinatus,Sago pondweed,,0,1,0,0,0,,,
2024-LCS-NWA-210824-003A,21-Aug-24,2024,West,1.01,2,0,TRUE,TRUE,mucky sample,Wolffia sp.,Watermeal sp.,,0,1,1,0,0,,,
2024-LCS-NWA-210824-004A,21-Aug-24,2024,West,0.87,1,0,TRUE,TRUE,mucky sample,Ceratophyllum demersum,Coontail,,0,1,1,1,1,7.5,8,
2024-LCS-NWA-210824-004A,21-Aug-24,2024,West,0.87,1,0,TRUE,TRUE,mucky sample,Hydrocharis morsus-ranae,European frog-bit,,0,1,1,1,1,5.5,7,
2024-LCS-NWA-210824-004A,21-Aug-24,2024,West,0.87,1,0,TRUE,TRUE,mucky sample,Lemna minor,Lesser duckweed,,0,1,1,1,1,0,0,
2024-LCS-NWA-210824-004A,21-Aug-24,2024,West,0.87,1,0,TRUE,TRUE,mucky sample,Lemna trisulca,Star duckweed,,0,1,1,1,1,0.4,0,measurement includes all duckweed sp.
2024-LCS-NWA-210824-004A,21-Aug-24,2024,West,0.87,1,0,TRUE,TRUE,mucky sample,Nymphaea sp.,White water lily,,1,1,1,1,1,20.6,24,Leaves: 14 mL Stems: 10 mL
2024-LCS-NWA-210824-004A,21-Aug-24,2024,West,0.87,1,0,TRUE,TRUE,mucky sample,Potamogeton zosteriformis,Flat-stemmed pondweed,,0,1,0,0,0,,,
2024-LCS-NWA-210824-004A,21-Aug-24,2024,West,0.87,1,0,TRUE,TRUE,mucky sample,Spirodela polyrhiza,Greater duckweed,,0,1,1,1,1,0,0,
2024-LCS-NWA-210824-004A,21-Aug-24,2024,West,0.87,1,0,TRUE,TRUE,mucky sample,Stuckenia pectinatus,Sago pondweed,,0,1,0,1,1,0.1,0,
2024-LCS-NWA-210824-004A,21-Aug-24,2024,West,0.87,1,0,TRUE,TRUE,mucky sample,Utricularia sp.,Bladderwort sp.,,0,1,0,0,0,,,
2024-LCS-NWA-210824-004A,21-Aug-24,2024,West,0.87,1,0,TRUE,TRUE,mucky sample,Wolffia sp.,Watermeal sp.,,0,1,0,0,0,,,
2024-LCS-NWA-210824-005A,21-Aug-24,2024,West,0.85,1,0,TRUE,TRUE,mucky sample,Ceratophyllum demersum,Coontail,,0,1,1,1,1,23.3,24,
2024-LCS-NWA-210824-005A,21-Aug-24,2024,West,0.85,1,0,TRUE,TRUE,mucky sample,Hydrocharis morsus-ranae,European frog-bit,,0,1,0,0,0,,,
2024-LCS-NWA-210824-005A,21-Aug-24,2024,West,0.85,1,0,TRUE,TRUE,mucky sample,Lemna minor,Lesser duckweed,,0,1,0,0,0,,,
2024-LCS-NWA-210824-005A,21-Aug-24,2024,West,0.85,1,0,TRUE,TRUE,mucky sample,Lemna trisulca,Star duckweed,,0,1,0,1,1,0,0,
2024-LCS-NWA-210824-005A,21-Aug-24,2024,West,0.85,1,0,TRUE,TRUE,mucky sample,Nelumbo lutea,American lotus,,0,1,0,0,0,,,
2024-LCS-NWA-210824-005A,21-Aug-24,2024,West,0.85,1,0,TRUE,TRUE,mucky sample,Nymphaea sp.,White water lily,,0,1,0,0,0,,,
2024-LCS-NWA-210824-005A,21-Aug-24,2024,West,0.85,1,0,TRUE,TRUE,mucky sample,Spirodela polyrhiza,Greater duckweed,,0,1,0,0,0,,,
2024-LCS-NWA-210824-005A,21-Aug-24,2024,West,0.85,1,0,TRUE,TRUE,mucky sample,Utricularia sp.,Bladderwort sp.,,0,1,0,0,0,,,
2024-LCS-NWA-210824-005A,21-Aug-24,2024,West,0.85,1,0,TRUE,TRUE,mucky sample,Wolffia sp.,Watermeal sp.,,1,1,0,0,0,,,
2024-LCS-NWA-220824-001A,22-Aug-24,2024,West,0.69,1,0,TRUE,TRUE,,Ceratophyllum demersum,Coontail,,0,1,1,1,1,37.4,38,
2024-LCS-NWA-220824-001A,22-Aug-24,2024,West,0.69,1,0,TRUE,TRUE,,Elodea canadensis,Common waterweed,,0,1,0,1,1,0,0,
2024-LCS-NWA-220824-001A,22-Aug-24,2024,West,0.69,1,0,TRUE,TRUE,,Hydrocharis morsus-ranae,European frog-bit,,0,1,0,0,0,,,
2024-LCS-NWA-220824-001A,22-Aug-24,2024,West,0.69,1,0,TRUE,TRUE,,Lemna minor,Lesser duckweed,,0,1,0,1,1,0,0,
2024-LCS-NWA-220824-001A,22-Aug-24,2024,West,0.69,1,0,TRUE,TRUE,,Lemna trisulca,Star duckweed,,0,1,0,1,1,0.2,0,
2024-LCS-NWA-220824-001A,22-Aug-24,2024,West,0.69,1,0,TRUE,TRUE,,Myriophyllum sp.,Milfoil sp.,,0,1,0,0,0,,,
2024-LCS-NWA-220824-001A,22-Aug-24,2024,West,0.69,1,0,TRUE,TRUE,,Nymphaea sp.,White water lily,,1,1,1,1,1,195.6,235,"Leaves: 150mL, Stems: 85mL"
2024-LCS-NWA-220824-001A,22-Aug-24,2024,West,0.69,1,0,TRUE,TRUE,,Spirodela polyrhiza,Greater duckweed,,0,1,0,1,1,0,0,
2024-LCS-NWA-220824-001A,22-Aug-24,2024,West,0.69,1,0,TRUE,TRUE,,Utricularia sp.,Bladderwort sp.,,0,1,0,0,0,,,
2024-LCS-NWA-220824-001A,22-Aug-24,2024,West,0.69,1,0,TRUE,TRUE,,Wolffia sp.,Watermeal sp.,,0,1,0,0,0,,,
2024-LCS-NWA-220824-002A,22-Aug-24,2024,West,0.92,3,0,TRUE,TRUE,,Ceratophyllum demersum,Coontail,,0,1,1,1,1,418.1,435,
2024-LCS-NWA-220824-002A,22-Aug-24,2024,West,0.92,3,0,TRUE,TRUE,,Elodea canadensis,Common waterweed,,0,1,0,1,1,4.4,4,
2024-LCS-NWA-220824-002A,22-Aug-24,2024,West,0.92,3,0,TRUE,TRUE,,Hydrocharis morsus-ranae,European frog-bit,,0,1,0,0,0,,,
2024-LCS-NWA-220824-002A,22-Aug-24,2024,West,0.92,3,0,TRUE,TRUE,,Lemna minor,Lesser duckweed,,0,1,0,1,1,0,0,
2024-LCS-NWA-220824-002A,22-Aug-24,2024,West,0.92,3,0,TRUE,TRUE,,Lemna trisulca,Star duckweed,,0,1,1,1,1,0.4,0,
2024-LCS-NWA-220824-002A,22-Aug-24,2024,West,0.92,3,0,TRUE,TRUE,,Myriophyllum spicatum,Eurasian water milfoil,,0,1,1,1,1,2.1,2,
2024-LCS-NWA-220824-002A,22-Aug-24,2024,West,0.92,3,0,TRUE,TRUE,,Nelumbo lutea,American lotus,,0,1,0,1,1,15.4,19,
2024-LCS-NWA-220824-002A,22-Aug-24,2024,West,0.92,3,0,TRUE,TRUE,,Nymphaea sp.,White water lily,,1,1,1,0,0,,,
2024-LCS-NWA-220824-002A,22-Aug-24,2024,West,0.92,3,0,TRUE,TRUE,,Pontederia cordata,Pickerelweed,,0,1,0,0,0,,,
2024-LCS-NWA-220824-002A,22-Aug-24,2024,West,0.92,3,0,TRUE,TRUE,,Potamogeton zosteriformis,Flat-stemmed pondweed,,0,1,0,1,1,0.3,0,
2024-LCS-NWA-220824-002A,22-Aug-24,2024,West,0.92,3,0,TRUE,TRUE,,Sagittaria sp.,Arrowhead sp.,,0,1,0,1,1,6.9,8,
2024-LCS-NWA-220824-002A,22-Aug-24,2024,West,0.92,3,0,TRUE,TRUE,,Sparganium sp.,Burreed sp.,,0,1,0,0,0,,,
2024-LCS-NWA-220824-002A,22-Aug-24,2024,West,0.92,3,0,TRUE,TRUE,,Spirodela polyrhiza,Greater duckweed,,0,1,0,1,1,0,0,
2024-LCS-NWA-220824-002A,22-Aug-24,2024,West,0.92,3,0,TRUE,TRUE,,Stuckenia pectinatus,Sago pondweed,,0,1,0,0,0,,,
2024-LCS-NWA-220824-002A,22-Aug-24,2024,West,0.92,3,0,TRUE,TRUE,,Utricularia sp.,Bladderwort sp.,,0,1,0,0,0,,,
2024-LCS-NWA-220824-002A,22-Aug-24,2024,West,0.92,3,0,TRUE,TRUE,,Wolffia sp.,Watermeal sp.,,0,1,0,0,0,,,
2024-LCS-NWA-220824-003A,22-Aug-24,2024,West,0.84,3,0,TRUE,TRUE,,Ceratophyllum demersum,Coontail,,0,1,1,1,1,76.7,77,
2024-LCS-NWA-220824-003A,22-Aug-24,2024,West,0.84,3,0,TRUE,TRUE,,Elodea canadensis,Common waterweed,,0,1,0,1,1,0.2,0,
2024-LCS-NWA-220824-003A,22-Aug-24,2024,West,0.84,3,0,TRUE,TRUE,,Lemna minor,Lesser duckweed,,0,1,0,1,1,0,0,
2024-LCS-NWA-220824-003A,22-Aug-24,2024,West,0.84,3,0,TRUE,TRUE,,Lemna trisulca,Star duckweed,,0,1,0,1,1,0,0,
2024-LCS-NWA-220824-003A,22-Aug-24,2024,West,0.84,3,0,TRUE,TRUE,,Myriophyllum spicatum,Eurasian water milfoil,,0,1,0,0,0,,,
2024-LCS-NWA-220824-003A,22-Aug-24,2024,West,0.84,3,0,TRUE,TRUE,,Nelumbo lutea,American lotus,,0,1,0,0,0,,,
2024-LCS-NWA-220824-003A,22-Aug-24,2024,West,0.84,3,0,TRUE,TRUE,,Nitellopsis obtusa,Starry stonewort,,0,1,1,1,1,153.7,160,
2024-LCS-NWA-220824-003A,22-Aug-24,2024,West,0.84,3,0,TRUE,TRUE,,Nymphaea sp.,White water lily,,1,1,0,0,0,,,
2024-LCS-NWA-220824-003A,22-Aug-24,2024,West,0.84,3,0,TRUE,TRUE,,Potamogeton pusillus,Slender pondweed,,0,1,1,1,1,3.3,4,
2024-LCS-NWA-220824-003A,22-Aug-24,2024,West,0.84,3,0,TRUE,TRUE,,Potamogeton robbinsii,Fern pondweed,,0,1,0,0,0,,,
2024-LCS-NWA-220824-003A,22-Aug-24,2024,West,0.84,3,0,TRUE,TRUE,,Sparganium sp.,Burreed sp.,,0,1,0,0,0,,,
2024-LCS-NWA-220824-003A,22-Aug-24,2024,West,0.84,3,0,TRUE,TRUE,,Spirodela polyrhiza,Greater duckweed,,0,1,0,1,1,0,0,
2024-LCS-NWA-220824-003A,22-Aug-24,2024,West,0.84,3,0,TRUE,TRUE,,Utricularia vulgaris,Common bladderwort,,0,1,1,1,1,18.9,20,
2024-LCS-NWA-220824-003A,22-Aug-24,2024,West,0.84,3,0,TRUE,TRUE,,Wolffia sp.,Watermeal sp.,,0,1,0,0,0,,,
2024-LCS-NWA-220824-004A,22-Aug-24,2024,West,0.99,1,0,FALSE,TRUE,no photo - veg flung off as roots ripped out,Ceratophyllum demersum,Coontail,,0,1,0,1,1,1.1,1,
2024-LCS-NWA-220824-004A,22-Aug-24,2024,West,0.99,1,0,FALSE,TRUE,no photo - veg flung off as roots ripped out,Hydrocharis morsus-ranae,European frog-bit,,0,1,1,1,1,2.9,3,
2024-LCS-NWA-220824-004A,22-Aug-24,2024,West,0.99,1,0,FALSE,TRUE,no photo - veg flung off as roots ripped out,Lemna minor,Lesser duckweed,,0,1,0,0,0,,,
2024-LCS-NWA-220824-004A,22-Aug-24,2024,West,0.99,1,0,FALSE,TRUE,no photo - veg flung off as roots ripped out,Nymphaea sp.,White water lily,,1,1,1,1,1,353.4,430,
2024-LCS-NWA-220824-004A,22-Aug-24,2024,West,0.99,1,0,FALSE,TRUE,no photo - veg flung off as roots ripped out,Sagittaria sp.,Arrowhead sp.,,0,1,1,1,1,43.3,75,"Leaves: 5mL, Stems: 70mL"
2024-LCS-NWA-220824-004A,22-Aug-24,2024,West,0.99,1,0,FALSE,TRUE,no photo - veg flung off as roots ripped out,Spirodela polyrhiza,Greater duckweed,,0,1,0,0,0,,,
2024-LCS-NWA-220824-004A,22-Aug-24,2024,West,0.99,1,0,FALSE,TRUE,no photo - veg flung off as roots ripped out,Utricularia sp.,Bladderwort sp.,,0,1,0,0,0,,,
2024-LCS-NWA-220824-005A,22-Aug-24,2024,West,1.04,1,0,TRUE,TRUE,,Ceratophyllum demersum,Coontail,,1,1,1,1,1,73,80,
2024-LCS-NWA-220824-005A,22-Aug-24,2024,West,1.04,1,0,TRUE,TRUE,,Hydrocharis morsus-ranae,European frog-bit,,0,1,0,0,0,,,
2024-LCS-NWA-220824-005A,22-Aug-24,2024,West,1.04,1,0,TRUE,TRUE,,Lemna minor,Lesser duckweed,,0,1,0,0,0,,,
2024-LCS-NWA-220824-005A,22-Aug-24,2024,West,1.04,1,0,TRUE,TRUE,,Lemna sp.,Duckweed sp.,round leaves,0,1,0,1,1,0,0,
2024-LCS-NWA-220824-005A,22-Aug-24,2024,West,1.04,1,0,TRUE,TRUE,,Lemna trisulca,Star duckweed,,0,1,0,1,1,0,0,
2024-LCS-NWA-220824-005A,22-Aug-24,2024,West,1.04,1,0,TRUE,TRUE,,Nymphaea sp.,White water lily,,0,1,0,0,0,,,
2024-LCS-NWA-220824-005A,22-Aug-24,2024,West,1.04,1,0,TRUE,TRUE,,Spirodela polyrhiza,Greater duckweed,,0,1,0,0,0,,,
2024-LCS-NWA-220824-005A,22-Aug-24,2024,West,1.04,1,0,TRUE,TRUE,,Unknown Submerged,Unknown Submerged,,0,1,0,1,1,0.2,0,1 small leaf fragment
2024-LCS-NWA-220824-005A,22-Aug-24,2024,West,1.04,1,0,TRUE,TRUE,,Utricularia gibba,Humped bladderwort,,0,1,0,1,1,0,0,
2024-LCS-NWA-220824-005A,22-Aug-24,2024,West,1.04,1,0,TRUE,TRUE,,Wolffia sp.,Watermeal sp.,,0,1,0,0,0,,,
2024-LCS-NWA-260824-001A,26-Aug-24,2024,West,0.57,2,0,TRUE,TRUE,,Ceratophyllum demersum,Coontail,,0,1,1,1,1,26.8,28,
2024-LCS-NWA-260824-001A,26-Aug-24,2024,West,0.57,2,0,TRUE,TRUE,,Hydrocharis morsus-ranae,European frog-bit,,0,1,0,0,0,,,
2024-LCS-NWA-260824-001A,26-Aug-24,2024,West,0.57,2,0,TRUE,TRUE,,Lemna minor,Lesser duckweed,,0,1,0,0,0,,,
2024-LCS-NWA-260824-001A,26-Aug-24,2024,West,0.57,2,0,TRUE,TRUE,,Lemna sp.,Duckweed sp.,round leaves,0,1,0,1,1,0,0,
2024-LCS-NWA-260824-001A,26-Aug-24,2024,West,0.57,2,0,TRUE,TRUE,,Lemna trisulca,Star duckweed,,0,1,1,1,1,0.2,0,measurement includes all duckweed sp.
2024-LCS-NWA-260824-001A,26-Aug-24,2024,West,0.57,2,0,TRUE,TRUE,,Nymphaea sp.,White water lily,,1,1,1,1,1,124.3,150,"Leaves: 85 mL, Stems: 55mL"
2024-LCS-NWA-260824-001A,26-Aug-24,2024,West,0.57,2,0,TRUE,TRUE,,Spirodela polyrhiza,Greater duckweed,,0,1,0,0,0,,,
2024-LCS-NWA-260824-001A,26-Aug-24,2024,West,0.57,2,0,TRUE,TRUE,,Utricularia sp.,Bladderwort sp.,,0,1,0,0,0,,,
2024-LCS-NWA-260824-001A,26-Aug-24,2024,West,0.57,2,0,TRUE,TRUE,,Wolffia sp.,Watermeal sp.,,0,1,0,1,1,0,0,
2024-LCS-NWA-260824-002A,26-Aug-24,2024,West,0.62,1,0,TRUE,TRUE,,Ceratophyllum demersum,Coontail,,0,1,0,0,0,,,
2024-LCS-NWA-260824-002A,26-Aug-24,2024,West,0.62,1,0,TRUE,TRUE,,Hydrocharis morsus-ranae,European frog-bit,,0,1,1,1,1,2.5,4,
2024-LCS-NWA-260824-002A,26-Aug-24,2024,West,0.62,1,0,TRUE,TRUE,,Lemna minor,Lesser duckweed,,0,1,1,1,1,0,0,
2024-LCS-NWA-260824-002A,26-Aug-24,2024,West,0.62,1,0,TRUE,TRUE,,Nelumbo lutea,American lotus,,0,1,0,0,0,,,
2024-LCS-NWA-260824-002A,26-Aug-24,2024,West,0.62,1,0,TRUE,TRUE,,Nymphaea sp.,White water lily,,1,1,1,1,1,220.1,265,"Leaves: 190mL, Stems: 65mL"
2024-LCS-NWA-260824-002A,26-Aug-24,2024,West,0.62,1,0,TRUE,TRUE,,Sparganium sp.,Burreed sp.,,0,1,0,0,0,,,
2024-LCS-NWA-260824-002A,26-Aug-24,2024,West,0.62,1,0,TRUE,TRUE,,Spirodela polyrhiza,Greater duckweed,,0,1,1,1,1,0,0,
2024-LCS-NWA-260824-003A,26-Aug-24,2024,West,0.34,1,0,TRUE,TRUE,,Hydrocharis morsus-ranae,European frog-bit,,0,1,0,1,1,0,0,
2024-LCS-NWA-260824-003A,26-Aug-24,2024,West,0.34,1,0,TRUE,TRUE,,Lemna minor,Lesser duckweed,,0,1,0,0,0,,,
2024-LCS-NWA-260824-003A,26-Aug-24,2024,West,0.34,1,0,TRUE,TRUE,,Lemna trisulca,Star duckweed,,0,1,0,0,0,,,
2024-LCS-NWA-260824-003A,26-Aug-24,2024,West,0.34,1,0,TRUE,TRUE,,Nymphaea sp.,White water lily,,1,1,0,0,0,,,
2024-LCS-NWA-260824-003A,26-Aug-24,2024,West,0.34,1,0,TRUE,TRUE,,Sagittaria sp.,Arrowhead sp.,,0,1,0,0,0,,,
2024-LCS-NWA-260824-003A,26-Aug-24,2024,West,0.34,1,0,TRUE,TRUE,,Spirodela polyrhiza,Greater duckweed,,0,1,0,0,0,,,
2024-LCS-NWA-260824-003A,26-Aug-24,2024,West,0.34,1,0,TRUE,TRUE,,Utricularia vulgaris,Common bladderwort,,0,1,1,1,1,8.7,7,
2024-LCS-NWA-260824-004A,26-Aug-24,2024,West,0.8,1,1,TRUE,TRUE,,Algae,Algae,filamentous,0,1,1,1,1,0,0,
2024-LCS-NWA-260824-004A,26-Aug-24,2024,West,0.8,1,1,TRUE,TRUE,,Ceratophyllum demersum,Coontail,,0,1,1,1,1,9.2,10,
2024-LCS-NWA-260824-004A,26-Aug-24,2024,West,0.8,1,1,TRUE,TRUE,,Lemna minor,Lesser duckweed,,0,1,1,1,1,0,0,
2024-LCS-NWA-260824-004A,26-Aug-24,2024,West,0.8,1,1,TRUE,TRUE,,Lemna trisulca,Star duckweed,,0,1,1,1,1,0.4,0,measurement is for all duckweed sp.
2024-LCS-NWA-260824-004A,26-Aug-24,2024,West,0.8,1,1,TRUE,TRUE,,Nitella sp.,Stonewort sp.,,0,1,0,1,1,0,0,
2024-LCS-NWA-260824-004A,26-Aug-24,2024,West,0.8,1,1,TRUE,TRUE,,Nymphaea sp.,White water lily,,1,1,0,0,0,,,
2024-LCS-NWA-260824-004A,26-Aug-24,2024,West,0.8,1,1,TRUE,TRUE,,Potamogeton sp.,Pondweed sp.,,0,1,0,1,1,0,0,
2024-LCS-NWA-260824-004A,26-Aug-24,2024,West,0.8,1,1,TRUE,TRUE,,Spirodela polyrhiza,Greater duckweed,,0,1,1,1,1,0,0,
2024-LCS-NWA-260824-004A,26-Aug-24,2024,West,0.8,1,1,TRUE,TRUE,,Utricularia vulgaris,Common bladderwort,,0,1,1,1,1,47.9,48,
2024-LCS-NWA-260824-004A,26-Aug-24,2024,West,0.8,1,1,TRUE,TRUE,,Wolffia sp.,Watermeal sp.,,0,1,0,0,0,,,
2024-LCS-NWA-260824-005A,26-Aug-24,2024,West,0.76,2,0,TRUE,TRUE,mucky sample,Algae,Algae,,0,1,0,0,0,,,
2024-LCS-NWA-260824-005A,26-Aug-24,2024,West,0.76,2,0,TRUE,TRUE,mucky sample,Ceratophyllum demersum,Coontail,,0,1,1,1,1,79.4,80,
2024-LCS-NWA-260824-005A,26-Aug-24,2024,West,0.76,2,0,TRUE,TRUE,mucky sample,Elodea canadensis,Common waterweed,,0,1,0,1,1,0.3,0,
2024-LCS-NWA-260824-005A,26-Aug-24,2024,West,0.76,2,0,TRUE,TRUE,mucky sample,Hydrocharis morsus-ranae,European frog-bit,,0,1,0,0,0,,,
2024-LCS-NWA-260824-005A,26-Aug-24,2024,West,0.76,2,0,TRUE,TRUE,mucky sample,Lemna minor,Lesser duckweed,,0,1,1,1,1,0,0,
2024-LCS-NWA-260824-005A,26-Aug-24,2024,West,0.76,2,0,TRUE,TRUE,mucky sample,Lemna trisulca,Star duckweed,,0,1,1,1,1,0.3,1,measurement includes all duckweed sp.
2024-LCS-NWA-260824-005A,26-Aug-24,2024,West,0.76,2,0,TRUE,TRUE,mucky sample,Myriophyllum spicatum,Eurasian water milfoil,,0,1,0,0,0,,,
2024-LCS-NWA-260824-005A,26-Aug-24,2024,West,0.76,2,0,TRUE,TRUE,mucky sample,Nitella sp.,Stonewort sp.,,0,1,0,0,0,,,
2024-LCS-NWA-260824-005A,26-Aug-24,2024,West,0.76,2,0,TRUE,TRUE,mucky sample,Nymphaea sp.,White water lily,,1,1,0,0,0,,,
2024-LCS-NWA-260824-005A,26-Aug-24,2024,West,0.76,2,0,TRUE,TRUE,mucky sample,Spirodela polyrhiza,Greater duckweed,,0,1,1,1,1,0,0,
2024-LCS-NWA-260824-005A,26-Aug-24,2024,West,0.76,2,0,TRUE,TRUE,mucky sample,Wolffia sp.,Watermeal sp.,,0,1,0,0,0,,,
2024-LCS-NWA-270824-001A,27-Aug-24,2024,West,0.86,1,0,TRUE,TRUE,,Ceratophyllum demersum,Coontail,,0,1,1,1,1,29.2,32,
2024-LCS-NWA-270824-001A,27-Aug-24,2024,West,0.86,1,0,TRUE,TRUE,,Elodea canadensis,Common waterweed,,0,1,0,1,1,1.5,2,
2024-LCS-NWA-270824-001A,27-Aug-24,2024,West,0.86,1,0,TRUE,TRUE,,Hydrocharis morsus-ranae,European frog-bit,,1,1,1,1,1,7.8,10,
2024-LCS-NWA-270824-001A,27-Aug-24,2024,West,0.86,1,0,TRUE,TRUE,,Lemna minor,Lesser duckweed,,0,1,1,0,0,,,
2024-LCS-NWA-270824-001A,27-Aug-24,2024,West,0.86,1,0,TRUE,TRUE,,Lemna sp.,Duckweed sp.,round leaves,0,1,0,1,1,0,0,
2024-LCS-NWA-270824-001A,27-Aug-24,2024,West,0.86,1,0,TRUE,TRUE,,Lemna trisulca,Star duckweed,,0,1,0,1,1,0.2,0,
2024-LCS-NWA-270824-001A,27-Aug-24,2024,West,0.86,1,0,TRUE,TRUE,,Nymphaea sp.,White water lily,,0,1,1,1,1,111.3,130,"Leaves: 70mL, Stems: 60mL"
2024-LCS-NWA-270824-001A,27-Aug-24,2024,West,0.86,1,0,TRUE,TRUE,,Riccia fluitans,Floating slender liverwort/Floating crystalwort,,0,1,0,1,1,0,0,
2024-LCS-NWA-270824-001A,27-Aug-24,2024,West,0.86,1,0,TRUE,TRUE,,Spirodela polyrhiza,Greater duckweed,,0,1,1,0,0,,,
2024-LCS-NWA-270824-001A,27-Aug-24,2024,West,0.86,1,0,TRUE,TRUE,,Typha sp.,Cattail sp.,,0,1,0,0,0,,,
2024-LCS-NWA-270824-001A,27-Aug-24,2024,West,0.86,1,0,TRUE,TRUE,,Utricularia gibba,Humped bladderwort,,0,1,0,1,1,0.1,0,
2024-LCS-NWA-270824-001A,27-Aug-24,2024,West,0.86,1,0,TRUE,TRUE,,Utricularia sp.,Bladderwort sp.,,0,1,0,0,0,,,
2024-LCS-NWA-270824-002A,27-Aug-24,2024,West,0.54,2,0,TRUE,TRUE,,Ceratophyllum demersum,Coontail,,0,1,1,1,1,17.4,18,
2024-LCS-NWA-270824-002A,27-Aug-24,2024,West,0.54,2,0,TRUE,TRUE,,Elodea canadensis,Common waterweed,,0,1,1,1,1,1,1,
2024-LCS-NWA-270824-002A,27-Aug-24,2024,West,0.54,2,0,TRUE,TRUE,,Hydrocharis morsus-ranae,European frog-bit,,0,1,1,1,1,12.2,16,
2024-LCS-NWA-270824-002A,27-Aug-24,2024,West,0.54,2,0,TRUE,TRUE,,Lemna minor,Lesser duckweed,,0,1,1,0,0,,,
2024-LCS-NWA-270824-002A,27-Aug-24,2024,West,0.54,2,0,TRUE,TRUE,,Lemna sp.,Duckweed sp.,,0,1,0,1,1,0,0,
2024-LCS-NWA-270824-002A,27-Aug-24,2024,West,0.54,2,0,TRUE,TRUE,,Lemna trisulca,Star duckweed,,0,1,0,1,1,0,0,
2024-LCS-NWA-270824-002A,27-Aug-24,2024,West,0.54,2,0,TRUE,TRUE,,Nitella sp.,Stonewort sp.,,0,1,0,1,1,2.7,2,
2024-LCS-NWA-270824-002A,27-Aug-24,2024,West,0.54,2,0,TRUE,TRUE,,Nymphaea sp.,White water lily,,1,1,1,1,1,0,0,present but all dead/decomposing
2024-LCS-NWA-270824-002A,27-Aug-24,2024,West,0.54,2,0,TRUE,TRUE,,Potamogeton natans,Floating pondweed,,0,1,1,1,1,10.3,15,"Floating leaves: 6mL, Submerged: 10mL"
2024-LCS-NWA-270824-002A,27-Aug-24,2024,West,0.54,2,0,TRUE,TRUE,,Spirodela polyrhiza,Greater duckweed,,0,1,1,0,0,,,
2024-LCS-NWA-270824-002A,27-Aug-24,2024,West,0.54,2,0,TRUE,TRUE,,Utricularia gibba,Humped bladderwort,,0,1,0,1,1,0.5,0,
2024-LCS-NWA-270824-002A,27-Aug-24,2024,West,0.54,2,0,TRUE,TRUE,,Utricularia vulgaris,Common bladderwort,,0,1,1,1,1,66.8,75,
2024-LCS-NWA-270824-003A,27-Aug-24,2024,West,1,3,0,TRUE,TRUE,mucky sample,Ceratophyllum demersum,Coontail,,1,1,1,1,1,721.2,710,
2024-LCS-NWA-270824-003A,27-Aug-24,2024,West,1,3,0,TRUE,TRUE,mucky sample,Elodea canadensis,Common waterweed,,0,1,1,1,1,1.1,2,
2024-LCS-NWA-270824-003A,27-Aug-24,2024,West,1,3,0,TRUE,TRUE,mucky sample,Hydrocharis morsus-ranae,European frog-bit,,0,1,0,0,0,,,
2024-LCS-NWA-270824-003A,27-Aug-24,2024,West,1,3,0,TRUE,TRUE,mucky sample,Lemna minor,Lesser duckweed,,0,1,0,0,0,,,
2024-LCS-NWA-270824-003A,27-Aug-24,2024,West,1,3,0,TRUE,TRUE,mucky sample,Lemna trisulca,Star duckweed,,0,1,0,1,1,0.4,1,Measurement includes all duckweed sp.
2024-LCS-NWA-270824-003A,27-Aug-24,2024,West,1,3,0,TRUE,TRUE,mucky sample,Myriophyllum sibiricum,Northern water milfoil,,0,1,0,0,0,,,
2024-LCS-NWA-270824-003A,27-Aug-24,2024,West,1,3,0,TRUE,TRUE,mucky sample,Nymphaea sp.,White water lily,,0,1,0,0,0,,,
2024-LCS-NWA-270824-003A,27-Aug-24,2024,West,1,3,0,TRUE,TRUE,mucky sample,Potamogeton pusillus,Slender pondweed,,0,1,0,1,1,0.2,0,
2024-LCS-NWA-270824-003A,27-Aug-24,2024,West,1,3,0,TRUE,TRUE,mucky sample,Potamogeton robbinsii,Fern pondweed,,0,1,0,0,0,,,
2024-LCS-NWA-270824-003A,27-Aug-24,2024,West,1,3,0,TRUE,TRUE,mucky sample,Potamogeton zosteriformis,Flat-stemmed pondweed,,0,1,0,1,1,0,0,
2024-LCS-NWA-270824-003A,27-Aug-24,2024,West,1,3,0,TRUE,TRUE,mucky sample,Spirodela polyrhiza,Greater duckweed,,0,1,0,1,1,0,0,
2024-LCS-NWA-270824-003A,27-Aug-24,2024,West,1,3,0,TRUE,TRUE,mucky sample,Unknown Submerged,Unknown Submerged,very small alternate leaves,0,1,0,1,1,0,0,"likely a pondweed, very small alternate leaves with a midvein"
2024-LCS-NWA-270824-003A,27-Aug-24,2024,West,1,3,0,TRUE,TRUE,mucky sample,Utricularia gibba,Humped bladderwort,,0,1,0,1,1,0,0,
2024-LCS-NWA-270824-003A,27-Aug-24,2024,West,1,3,0,TRUE,TRUE,mucky sample,Wolffia sp.,Watermeal sp.,,0,1,0,0,0,,,
2024-LCS-NWA-270824-004A,27-Aug-24,2024,West,0.72,1,1,TRUE,TRUE,,Algae,Algae,filamentous,0,1,1,1,1,0,0,
2024-LCS-NWA-270824-004A,27-Aug-24,2024,West,0.72,1,1,TRUE,TRUE,,Ceratophyllum demersum,Coontail,,1,1,1,1,1,22.9,25,
2024-LCS-NWA-270824-004A,27-Aug-24,2024,West,0.72,1,1,TRUE,TRUE,,Hydrocharis morsus-ranae,European frog-bit,,0,1,1,1,1,79.9,115,
2024-LCS-NWA-270824-004A,27-Aug-24,2024,West,0.72,1,1,TRUE,TRUE,,Lemna minor,Lesser duckweed,,0,1,1,0,0,,,
2024-LCS-NWA-270824-004A,27-Aug-24,2024,West,0.72,1,1,TRUE,TRUE,,Lemna sp.,Duckweed sp.,round leaves,0,1,0,1,1,0,0,
2024-LCS-NWA-270824-004A,27-Aug-24,2024,West,0.72,1,1,TRUE,TRUE,,Lemna trisulca,Star duckweed,,0,1,0,1,1,0,0,
2024-LCS-NWA-270824-004A,27-Aug-24,2024,West,0.72,1,1,TRUE,TRUE,,Nymphaea sp.,White water lily,,0,1,0,0,0,,,
2024-LCS-NWA-270824-004A,27-Aug-24,2024,West,0.72,1,1,TRUE,TRUE,,Spirodela polyrhiza,Greater duckweed,,0,1,1,0,0,,,
2024-LCS-NWA-270824-004A,27-Aug-24,2024,West,0.72,1,1,TRUE,TRUE,,Utricularia vulgaris,Common bladderwort,,0,1,1,1,1,39.4,50,
2024-LCS-NWA-270824-004A,27-Aug-24,2024,West,0.72,1,1,TRUE,TRUE,,Wolffia sp.,Watermeal sp.,,0,1,0,0,0,,,
2024-LCS-NWA-270824-005A,27-Aug-24,2024,West,0.58,3,0,TRUE,TRUE,mucky sample,Ceratophyllum demersum,Coontail,,0,1,1,1,1,85.4,90,
2024-LCS-NWA-270824-005A,27-Aug-24,2024,West,0.58,3,0,TRUE,TRUE,mucky sample,Elodea canadensis,Common waterweed,,0,1,1,1,1,78.2,80,
2024-LCS-NWA-270824-005A,27-Aug-24,2024,West,0.58,3,0,TRUE,TRUE,mucky sample,Hydrocharis morsus-ranae,European frog-bit,,1,1,1,1,1,451.5,610,
2024-LCS-NWA-270824-005A,27-Aug-24,2024,West,0.58,3,0,TRUE,TRUE,mucky sample,Lemna minor,Lesser duckweed,,0,1,1,1,1,0,0,
2024-LCS-NWA-270824-005A,27-Aug-24,2024,West,0.58,3,0,TRUE,TRUE,mucky sample,Lemna trisulca,Star duckweed,,0,1,1,1,1,4,4,
2024-LCS-NWA-270824-005A,27-Aug-24,2024,West,0.58,3,0,TRUE,TRUE,mucky sample,Myriophyllum sibiricum,Northern water milfoil,,0,1,0,1,1,3.3,3,
2024-LCS-NWA-270824-005A,27-Aug-24,2024,West,0.58,3,0,TRUE,TRUE,mucky sample,Nitella sp.,Stonewort sp.,,0,1,0,1,1,2.8,2,
2024-LCS-NWA-270824-005A,27-Aug-24,2024,West,0.58,3,0,TRUE,TRUE,mucky sample,Nymphaea sp.,White water lily,,0,1,0,1,1,21.9,25,
2024-LCS-NWA-270824-005A,27-Aug-24,2024,West,0.58,3,0,TRUE,TRUE,mucky sample,Potamogeton pusillus,Slender pondweed,,0,1,0,1,1,3.8,4,
2024-LCS-NWA-270824-005A,27-Aug-24,2024,West,0.58,3,0,TRUE,TRUE,mucky sample,Ranunculus sp.,Crowfoot sp.,,0,1,0,1,1,1,1,
2024-LCS-NWA-270824-005A,27-Aug-24,2024,West,0.58,3,0,TRUE,TRUE,mucky sample,Riccia fluitans,Floating slender liverwort/Floating crystalwort,,0,1,0,1,1,0,0,
2024-LCS-NWA-270824-005A,27-Aug-24,2024,West,0.58,3,0,TRUE,TRUE,mucky sample,Spirodela polyrhiza,Greater duckweed,,0,1,1,1,1,0,0,
2024-LCS-NWA-270824-005A,27-Aug-24,2024,West,0.58,3,0,TRUE,TRUE,mucky sample,Utricularia gibba,Humped bladderwort,,0,1,0,1,1,2.3,4,
2024-LCS-NWA-270824-005A,27-Aug-24,2024,West,0.58,3,0,TRUE,TRUE,mucky sample,Utricularia vulgaris,Common bladderwort,,0,1,0,1,1,4.5,5,
2024-LCS-NWA-270824-005A,27-Aug-24,2024,West,0.58,3,0,TRUE,TRUE,mucky sample,Wolffia sp.,Watermeal sp.,,0,1,1,0,0,,,
2024-LCS-NWA-280824-001A,28-Aug-24,2024,West,0.6,2,0,TRUE,TRUE,,Ceratophyllum demersum,Coontail,,0,1,1,1,1,189.3,205,
2024-LCS-NWA-280824-001A,28-Aug-24,2024,West,0.6,2,0,TRUE,TRUE,,Hydrocharis morsus-ranae,European frog-bit,,0,1,1,1,1,73.3,95,
2024-LCS-NWA-280824-001A,28-Aug-24,2024,West,0.6,2,0,TRUE,TRUE,,Lemna minor,Lesser duckweed,,0,1,1,0,0,,,
2024-LCS-NWA-280824-001A,28-Aug-24,2024,West,0.6,2,0,TRUE,TRUE,,Lemna sp.,Duckweed sp.,round leaves,0,1,0,1,1,0,0,
2024-LCS-NWA-280824-001A,28-Aug-24,2024,West,0.6,2,0,TRUE,TRUE,,Lemna trisulca,Star duckweed,,0,1,1,1,1,2.1,2,
2024-LCS-NWA-280824-001A,28-Aug-24,2024,West,0.6,2,0,TRUE,TRUE,,Nitella sp.,Stonewort sp.,,0,1,0,1,1,0.6,0,
2024-LCS-NWA-280824-001A,28-Aug-24,2024,West,0.6,2,0,TRUE,TRUE,,Nymphaea sp.,White water lily,,1,1,1,1,1,92.8,100,"Leaves: 55mL, Stems: 45mL"
2024-LCS-NWA-280824-001A,28-Aug-24,2024,West,0.6,2,0,TRUE,TRUE,,Riccia fluitans,Floating slender liverwort/Floating crystalwort,,0,1,0,1,1,0,0,
2024-LCS-NWA-280824-001A,28-Aug-24,2024,West,0.6,2,0,TRUE,TRUE,,Spirodela polyrhiza,Greater duckweed,,0,1,1,0,0,,,
2024-LCS-NWA-280824-001A,28-Aug-24,2024,West,0.6,2,0,TRUE,TRUE,,Utricularia vulgaris,Common bladderwort,,0,1,1,1,1,43.3,43,
2024-LCS-NWA-280824-001A,28-Aug-24,2024,West,0.6,2,0,TRUE,TRUE,,Wolffia sp.,Watermeal sp.,,0,1,0,0,0,,,
2024-LCS-NWA-280824-002A,28-Aug-24,2024,West,0.48,1,0,TRUE,TRUE,,Ceratophyllum demersum,Coontail,,0,1,1,1,1,30.8,32,
2024-LCS-NWA-280824-002A,28-Aug-24,2024,West,0.48,1,0,TRUE,TRUE,,Hydrocharis morsus-ranae,European frog-bit,,0,1,0,0,0,,,
2024-LCS-NWA-280824-002A,28-Aug-24,2024,West,0.48,1,0,TRUE,TRUE,,Lemna minor,Lesser duckweed,,0,1,0,1,1,0,0,
2024-LCS-NWA-280824-002A,28-Aug-24,2024,West,0.48,1,0,TRUE,TRUE,,Lemna trisulca,Star duckweed,,0,1,0,1,1,0.3,0,measurement includes all duckweed sp.
2024-LCS-NWA-280824-002A,28-Aug-24,2024,West,0.48,1,0,TRUE,TRUE,,Nymphaea sp.,White water lily,,1,1,1,1,1,154.5,185,"Leaves: 85mL, Stems: 100mL"
2024-LCS-NWA-280824-002A,28-Aug-24,2024,West,0.48,1,0,TRUE,TRUE,,Pontederia cordata,Pickerelweed,,0,1,0,0,0,,,
2024-LCS-NWA-280824-002A,28-Aug-24,2024,West,0.48,1,0,TRUE,TRUE,,Spirodela polyrhiza,Greater duckweed,,0,1,0,1,1,0,0,
2024-LCS-NWA-280824-002A,28-Aug-24,2024,West,0.48,1,0,TRUE,TRUE,,Utricularia sp.,Bladderwort sp.,,0,1,0,0,0,,,
2024-LCS-NWA-280824-002A,28-Aug-24,2024,West,0.48,1,0,TRUE,TRUE,,Wolffia sp.,Watermeal sp.,,0,1,0,0,0,,,
2024-LCS-NWA-280824-003A,28-Aug-24,2024,West,0.93,1,0,TRUE,TRUE,lots of detritus in sample,Ceratophyllum demersum,Coontail,,0,1,1,1,1,91.7,98,
2024-LCS-NWA-280824-003A,28-Aug-24,2024,West,0.93,1,0,TRUE,TRUE,lots of detritus in sample,Hydrocharis morsus-ranae,European frog-bit,,0,1,0,0,0,,,
2024-LCS-NWA-280824-003A,28-Aug-24,2024,West,0.93,1,0,TRUE,TRUE,lots of detritus in sample,Lemna minor,Lesser duckweed,,0,1,0,1,1,0,0,
2024-LCS-NWA-280824-003A,28-Aug-24,2024,West,0.93,1,0,TRUE,TRUE,lots of detritus in sample,Lemna trisulca,Star duckweed,,0,1,1,1,1,2.2,2,measurement includes all duckweed sp.
2024-LCS-NWA-280824-003A,28-Aug-24,2024,West,0.93,1,0,TRUE,TRUE,lots of detritus in sample,Nymphaea sp.,White water lily,,0,1,0,0,0,,,
2024-LCS-NWA-280824-003A,28-Aug-24,2024,West,0.93,1,0,TRUE,TRUE,lots of detritus in sample,Spirodela polyrhiza,Greater duckweed,,0,1,0,1,1,0,0,
2024-LCS-NWA-280824-003A,28-Aug-24,2024,West,0.93,1,0,TRUE,TRUE,lots of detritus in sample,Utricularia sp.,Bladderwort sp.,,0,1,0,0,0,,,
2024-LCS-NWA-280824-003A,28-Aug-24,2024,West,0.93,1,0,TRUE,TRUE,lots of detritus in sample,Wolffia sp.,Watermeal sp.,,1,1,1,1,1,0,0,
2024-LCS-NWA-280824-004A,28-Aug-24,2024,West,0.8,2,1,TRUE,TRUE,,Algae,Algae,filamentous,0,1,1,1,1,0,0,
2024-LCS-NWA-280824-004A,28-Aug-24,2024,West,0.8,2,1,TRUE,TRUE,,Ceratophyllum demersum,Coontail,,0,1,1,1,1,13.2,14,
2024-LCS-NWA-280824-004A,28-Aug-24,2024,West,0.8,2,1,TRUE,TRUE,,Hydrocharis morsus-ranae,European frog-bit,,1,1,1,1,1,124,150,
2024-LCS-NWA-280824-004A,28-Aug-24,2024,West,0.8,2,1,TRUE,TRUE,,Lemna minor,Lesser duckweed,,0,1,1,1,1,0,0,
2024-LCS-NWA-280824-004A,28-Aug-24,2024,West,0.8,2,1,TRUE,TRUE,,Lemna trisulca,Star duckweed,,0,1,0,1,1,0,0,
2024-LCS-NWA-280824-004A,28-Aug-24,2024,West,0.8,2,1,TRUE,TRUE,,Nymphaea sp.,White water lily,,0,1,0,0,0,,,
2024-LCS-NWA-280824-004A,28-Aug-24,2024,West,0.8,2,1,TRUE,TRUE,,Spirodela polyrhiza,Greater duckweed,,0,1,1,1,1,0.5,1,measurement includes all duckweed sp.
2024-LCS-NWA-280824-004A,28-Aug-24,2024,West,0.8,2,1,TRUE,TRUE,,Wolffia sp.,Watermeal sp.,,0,1,1,1,1,0,0,
2024-LCS-NWA-280824-005A,28-Aug-24,2024,West,0.95,2,0,TRUE,TRUE,,Ceratophyllum demersum,Coontail,,0,1,1,1,1,281.3,295,
2024-LCS-NWA-280824-005A,28-Aug-24,2024,West,0.95,2,0,TRUE,TRUE,,Elodea canadensis,Common waterweed,,0,1,0,1,1,0.1,0,
2024-LCS-NWA-280824-005A,28-Aug-24,2024,West,0.95,2,0,TRUE,TRUE,,Hydrocharis morsus-ranae,European frog-bit,,0,1,1,1,1,9,12,
2024-LCS-NWA-280824-005A,28-Aug-24,2024,West,0.95,2,0,TRUE,TRUE,,Lemna minor,Lesser duckweed,,0,1,1,1,1,0,0,
2024-LCS-NWA-280824-005A,28-Aug-24,2024,West,0.95,2,0,TRUE,TRUE,,Lemna trisulca,Star duckweed,,0,1,1,1,1,2.5,3,measurement includes all duckweed sp.
2024-LCS-NWA-280824-005A,28-Aug-24,2024,West,0.95,2,0,TRUE,TRUE,,Nymphaea sp.,White water lily,,1,1,1,1,1,47.5,60,"Leaves: 30mL, Stems: 30mL"
2024-LCS-NWA-280824-005A,28-Aug-24,2024,West,0.95,2,0,TRUE,TRUE,,Potamogeton zosteriformis,Flat-stemmed pondweed,,0,1,0,1,1,2,2,
2024-LCS-NWA-280824-005A,28-Aug-24,2024,West,0.95,2,0,TRUE,TRUE,,Spirodela polyrhiza,Greater duckweed,,0,1,1,1,1,0,0,
2024-LCS-NWA-280824-005A,28-Aug-24,2024,West,0.95,2,0,TRUE,TRUE,,Utricularia vulgaris,Common bladderwort,,0,1,0,1,1,7.7,7,
2024-LCS-NWA-280824-005A,28-Aug-24,2024,West,0.95,2,0,TRUE,TRUE,,Wolffia sp.,Watermeal sp.,,0,1,1,1,1,0,0,
2024-LCS-NWA-280824-006A,28-Aug-24,2024,West,0.81,3,0,TRUE,TRUE,,Ceratophyllum demersum,Coontail,,1,1,1,1,1,1047.6,1095,
2024-LCS-NWA-280824-006A,28-Aug-24,2024,West,0.81,3,0,TRUE,TRUE,,Hydrocharis morsus-ranae,European frog-bit,,0,1,1,1,1,7.7,9,
2024-LCS-NWA-280824-006A,28-Aug-24,2024,West,0.81,3,0,TRUE,TRUE,,Lemna minor,Lesser duckweed,,0,1,1,1,1,0,0,
2024-LCS-NWA-280824-006A,28-Aug-24,2024,West,0.81,3,0,TRUE,TRUE,,Lemna trisulca,Star duckweed,,0,1,1,1,1,1.3,1,measurement includes all duckweed sp.
2024-LCS-NWA-280824-006A,28-Aug-24,2024,West,0.81,3,0,TRUE,TRUE,,Nymphaea sp.,White water lily,,0,1,1,1,1,738.7,850,
2024-LCS-NWA-280824-006A,28-Aug-24,2024,West,0.81,3,0,TRUE,TRUE,,Potamogeton pusillus,Slender pondweed,,0,1,0,1,1,0.2,0,
2024-LCS-NWA-280824-006A,28-Aug-24,2024,West,0.81,3,0,TRUE,TRUE,,Spirodela polyrhiza,Greater duckweed,,0,1,1,1,1,0,0,
2024-LCS-NWA-280824-006A,28-Aug-24,2024,West,0.81,3,0,TRUE,TRUE,,Wolffia sp.,Watermeal sp.,,0,1,1,1,1,0,0,
2024-LCS-NWA-290824-001A,29-Aug-24,2024,West,1,2,0,TRUE,TRUE,,Ceratophyllum demersum,Coontail,,0,1,1,1,1,240,255,
2024-LCS-NWA-290824-001A,29-Aug-24,2024,West,1,2,0,TRUE,TRUE,,Elodea canadensis,Common waterweed,,0,1,1,1,1,3.2,4,
2024-LCS-NWA-290824-001A,29-Aug-24,2024,West,1,2,0,TRUE,TRUE,,Hydrocharis morsus-ranae,European frog-bit,,1,1,1,1,1,98.9,150,
2024-LCS-NWA-290824-001A,29-Aug-24,2024,West,1,2,0,TRUE,TRUE,,Lemna minor,Lesser duckweed,,0,1,1,1,1,0,0,
2024-LCS-NWA-290824-001A,29-Aug-24,2024,West,1,2,0,TRUE,TRUE,,Lemna trisulca,Star duckweed,,0,1,1,1,1,2.8,2,
2024-LCS-NWA-290824-001A,29-Aug-24,2024,West,1,2,0,TRUE,TRUE,,Nymphaea sp.,White water lily,,0,1,1,1,1,3.8,5,"Leaves: 2mL, Stems: 3mL"
2024-LCS-NWA-290824-001A,29-Aug-24,2024,West,1,2,0,TRUE,TRUE,,Potamogeton pusillus,Slender pondweed,,0,1,0,1,1,0.2,1,
2024-LCS-NWA-290824-001A,29-Aug-24,2024,West,1,2,0,TRUE,TRUE,,Ranunculus sp.,Crowfoot sp.,,0,1,0,1,1,0.9,1,
2024-LCS-NWA-290824-001A,29-Aug-24,2024,West,1,2,0,TRUE,TRUE,,Spirodela polyrhiza,Greater duckweed,,0,1,1,1,1,0,0,
2024-LCS-NWA-290824-001A,29-Aug-24,2024,West,1,2,0,TRUE,TRUE,,Utricularia vulgaris,Common bladderwort,,0,1,1,1,1,10,11,
2024-LCS-NWA-290824-001A,29-Aug-24,2024,West,1,2,0,TRUE,TRUE,,Wolffia sp.,Watermeal sp.,,0,1,1,1,1,0,0,
2024-LCS-NWA-290824-002A,29-Aug-24,2024,West,0.89,2,0,TRUE,TRUE,,Ceratophyllum demersum,Coontail,,0,1,1,1,1,66.4,70,
2024-LCS-NWA-290824-002A,29-Aug-24,2024,West,0.89,2,0,TRUE,TRUE,,Elodea canadensis,Common waterweed,,0,1,1,1,1,103.9,110,
2024-LCS-NWA-290824-002A,29-Aug-24,2024,West,0.89,2,0,TRUE,TRUE,,Hydrocharis morsus-ranae,European frog-bit,,1,1,1,1,1,213.6,295,
2024-LCS-NWA-290824-002A,29-Aug-24,2024,West,0.89,2,0,TRUE,TRUE,,Lemna minor,Lesser duckweed,,0,1,0,0,0,,,
2024-LCS-NWA-290824-002A,29-Aug-24,2024,West,0.89,2,0,TRUE,TRUE,,Lemna sp.,Duckweed sp.,,0,1,0,1,1,0,0,
2024-LCS-NWA-290824-002A,29-Aug-24,2024,West,0.89,2,0,TRUE,TRUE,,Lemna trisulca,Star duckweed,,0,1,0,1,1,0,0,
2024-LCS-NWA-290824-002A,29-Aug-24,2024,West,0.89,2,0,TRUE,TRUE,,Nymphaea sp.,White water lily,,0,1,1,1,1,56,65,"Leaves: 50mL, Stems: 10mL"
2024-LCS-NWA-290824-002A,29-Aug-24,2024,West,0.89,2,0,TRUE,TRUE,,Potamogeton zosteriformis,Flat-stemmed pondweed,,0,1,0,1,1,0.8,1,
2024-LCS-NWA-290824-002A,29-Aug-24,2024,West,0.89,2,0,TRUE,TRUE,,Ranunculus sp.,Crowfoot sp.,,0,1,0,1,1,2,2,
2024-LCS-NWA-290824-002A,29-Aug-24,2024,West,0.89,2,0,TRUE,TRUE,,Riccia fluitans,Floating slender liverwort/Floating crystalwort,,0,1,0,1,1,0,0,
2024-LCS-NWA-290824-002A,29-Aug-24,2024,West,0.89,2,0,TRUE,TRUE,,Spirodela polyrhiza,Greater duckweed,,0,1,0,0,0,,,
2024-LCS-NWA-290824-002A,29-Aug-24,2024,West,0.89,2,0,TRUE,TRUE,,Utricularia sp.,Bladderwort sp.,,0,1,0,0,0,,,
2024-LCS-NWA-290824-002A,29-Aug-24,2024,West,0.89,2,0,TRUE,TRUE,,Wolffia sp.,Watermeal sp.,,0,1,0,0,0,,,
2024-LCS-NWA-290824-003A,29-Aug-24,2024,West,0.69,2,0,TRUE,TRUE,,Algae,Algae,filamentous,0,1,0,1,1,0,0,
2024-LCS-NWA-290824-003A,29-Aug-24,2024,West,0.69,2,0,TRUE,TRUE,,Ceratophyllum demersum,Coontail,,0,1,1,1,1,55.5,64,
2024-LCS-NWA-290824-003A,29-Aug-24,2024,West,0.69,2,0,TRUE,TRUE,,Hydrocharis morsus-ranae,European frog-bit,,0,1,1,1,1,33.9,47,
2024-LCS-NWA-290824-003A,29-Aug-24,2024,West,0.69,2,0,TRUE,TRUE,,Lemna minor,Lesser duckweed,,0,1,1,0,0,,,
2024-LCS-NWA-290824-003A,29-Aug-24,2024,West,0.69,2,0,TRUE,TRUE,,Lemna sp.,Duckweed sp.,,0,1,0,1,1,0,0,
2024-LCS-NWA-290824-003A,29-Aug-24,2024,West,0.69,2,0,TRUE,TRUE,,Lemna trisulca,Star duckweed,,0,1,1,1,1,0.8,1,measurement includes all duckweed sp.
2024-LCS-NWA-290824-003A,29-Aug-24,2024,West,0.69,2,0,TRUE,TRUE,,Nymphaea sp.,White water lily,,1,1,1,1,1,136.3,185,"Leaves: 160mL, Stems: 40mL"
2024-LCS-NWA-290824-003A,29-Aug-24,2024,West,0.69,2,0,TRUE,TRUE,,Riccia fluitans,Floating slender liverwort/Floating crystalwort,,0,1,0,1,1,0.1,0,
2024-LCS-NWA-290824-003A,29-Aug-24,2024,West,0.69,2,0,TRUE,TRUE,,Spirodela polyrhiza,Greater duckweed,,0,1,1,0,0,,,
2024-LCS-NWA-290824-003A,29-Aug-24,2024,West,0.69,2,0,TRUE,TRUE,,Wolffia sp.,Watermeal sp.,,0,1,1,0,0,,,
2024-LCS-NWA-290824-004A,29-Aug-24,2024,West,0.97,1,0,TRUE,TRUE,,Ceratophyllum demersum,Coontail,,0,1,1,1,1,108.2,110,
2024-LCS-NWA-290824-004A,29-Aug-24,2024,West,0.97,1,0,TRUE,TRUE,,Elodea canadensis,Common waterweed,,0,1,0,0,0,,,
2024-LCS-NWA-290824-004A,29-Aug-24,2024,West,0.97,1,0,TRUE,TRUE,,Hydrocharis morsus-ranae,European frog-bit,,0,1,0,0,0,,,
2024-LCS-NWA-290824-004A,29-Aug-24,2024,West,0.97,1,0,TRUE,TRUE,,Lemna minor,Lesser duckweed,,0,1,0,0,0,,,
2024-LCS-NWA-290824-004A,29-Aug-24,2024,West,0.97,1,0,TRUE,TRUE,,Lemna sp.,Duckweed sp.,,0,1,0,1,1,0,0,
2024-LCS-NWA-290824-004A,29-Aug-24,2024,West,0.97,1,0,TRUE,TRUE,,Lemna trisulca,Star duckweed,,0,1,0,1,1,1,2,
2024-LCS-NWA-290824-004A,29-Aug-24,2024,West,0.97,1,0,TRUE,TRUE,,Nymphaea sp.,White water lily,,1,1,1,1,1,42.7,60,"Leaves: 20mL, Stems: 40mL"
2024-LCS-NWA-290824-004A,29-Aug-24,2024,West,0.97,1,0,TRUE,TRUE,,Spirodela polyrhiza,Greater duckweed,,0,1,0,0,0,,,
2024-LCS-NWA-290824-004A,29-Aug-24,2024,West,0.97,1,0,TRUE,TRUE,,Unknown Submerged,Unknown Submerged,,0,1,0,1,1,0.2,0,"1 stem, no leaves"
2024-LCS-NWA-290824-004A,29-Aug-24,2024,West,0.97,1,0,TRUE,TRUE,,Utricularia vulgaris,Common bladderwort,,0,1,1,1,1,0.4,0,
2024-LCS-NWA-290824-004A,29-Aug-24,2024,West,0.97,1,0,TRUE,TRUE,,Wolffia sp.,Watermeal sp.,,0,1,0,0,0,,,
2024-LCS-NWA-290824-005A,29-Aug-24,2024,West,1,1,0,TRUE,TRUE,,Algae,Algae,filamentous,0,1,0,1,1,0,0,
2024-LCS-NWA-290824-005A,29-Aug-24,2024,West,1,1,0,TRUE,TRUE,,Ceratophyllum demersum,Coontail,,0,1,1,1,1,50.3,54,
2024-LCS-NWA-290824-005A,29-Aug-24,2024,West,1,1,0,TRUE,TRUE,,Hydrocharis morsus-ranae,European frog-bit,,1,1,0,0,0,,,
2024-LCS-NWA-290824-005A,29-Aug-24,2024,West,1,1,0,TRUE,TRUE,,Lemna minor,Lesser duckweed,,0,1,1,1,1,0,0,
2024-LCS-NWA-290824-005A,29-Aug-24,2024,West,1,1,0,TRUE,TRUE,,Lemna trisulca,Star duckweed,,0,1,1,1,1,0.9,2,
2024-LCS-NWA-290824-005A,29-Aug-24,2024,West,1,1,0,TRUE,TRUE,,Nymphaea sp.,White water lily,,0,1,0,0,0,,,
2024-LCS-NWA-290824-005A,29-Aug-24,2024,West,1,1,0,TRUE,TRUE,,Potamogeton sp.,Pondweed sp.,,0,1,0,1,1,0,0,
2024-LCS-NWA-290824-005A,29-Aug-24,2024,West,1,1,0,TRUE,TRUE,,Spirodela polyrhiza,Greater duckweed,,0,1,1,1,1,0,0,
2024-LCS-NWA-290824-005A,29-Aug-24,2024,West,1,1,0,TRUE,TRUE,,Stuckenia pectinatus,Sago pondweed,,0,1,0,1,1,11.6,14,
2024-LCS-NWA-290824-005A,29-Aug-24,2024,West,1,1,0,TRUE,TRUE,,Unknown Submerged,Unknown Submerged,,0,1,0,1,1,6.8,8,round stem + some roots
2024-LCS-NWA-290824-005A,29-Aug-24,2024,West,1,1,0,TRUE,TRUE,,Unknown Submerged,Unknown Submerged,,0,1,0,1,1,0.8,1,
2024-LCS-NWA-290824-005A,29-Aug-24,2024,West,1,1,0,TRUE,TRUE,,Utricularia vulgaris,Common bladderwort,,0,1,1,1,1,1.8,2,
2024-LCS-NWA-290824-005A,29-Aug-24,2024,West,1,1,0,TRUE,TRUE,,Wolffia sp.,Watermeal sp.,,0,1,1,0,0,,,
2024-LCS-NWA-290824-006A,29-Aug-24,2024,West,0.9,1,0,TRUE,TRUE,,Algae,Algae,filamentous,0,1,0,1,1,0,0,
2024-LCS-NWA-290824-006A,29-Aug-24,2024,West,0.9,1,0,TRUE,TRUE,,Ceratophyllum demersum,Coontail,,0,1,1,1,1,41.8,46,
2024-LCS-NWA-290824-006A,29-Aug-24,2024,West,0.9,1,0,TRUE,TRUE,,Hydrocharis morsus-ranae,European frog-bit,,1,1,0,0,0,,,
2024-LCS-NWA-290824-006A,29-Aug-24,2024,West,0.9,1,0,TRUE,TRUE,,Lemna minor,Lesser duckweed,,0,1,1,1,1,0,0,
2024-LCS-NWA-290824-006A,29-Aug-24,2024,West,0.9,1,0,TRUE,TRUE,,Lemna trisulca,Star duckweed,,0,1,0,1,1,0,0,
2024-LCS-NWA-290824-006A,29-Aug-24,2024,West,0.9,1,0,TRUE,TRUE,,Nymphaea sp.,White water lily,,0,1,1,1,1,0.9,1,"Leaves: 1mL, Stems: 0mL"
2024-LCS-NWA-290824-006A,29-Aug-24,2024,West,0.9,1,0,TRUE,TRUE,,Spirodela polyrhiza,Greater duckweed,,0,1,1,1,1,0.3,0,measurement includes all duckweed sp.
2024-LCS-NWA-290824-006A,29-Aug-24,2024,West,0.9,1,0,TRUE,TRUE,,Typha sp.,Cattail sp.,,0,1,0,0,0,,,
2024-LCS-NWA-290824-006A,29-Aug-24,2024,West,0.9,1,0,TRUE,TRUE,,Utricularia vulgaris,Common bladderwort,,0,1,1,1,1,8.2,9,
2024-LCS-NWA-290824-006A,29-Aug-24,2024,West,0.9,1,0,TRUE,TRUE,,Wolffia sp.,Watermeal sp.,,0,1,1,1,1,0,0,
2024-LCS-NWA-030924-001A,3-Sep-24,2024,West,1,2,0,TRUE,TRUE,,Ceratophyllum demersum,Coontail,,0,1,1,1,1,45.6,48,
2024-LCS-NWA-030924-001A,3-Sep-24,2024,West,1,2,0,TRUE,TRUE,,Hydrocharis morsus-ranae,European frog-bit,,1,1,1,1,1,130.5,170,
2024-LCS-NWA-030924-001A,3-Sep-24,2024,West,1,2,0,TRUE,TRUE,,Lemna minor,Lesser duckweed,,0,1,1,1,1,0,0,
2024-LCS-NWA-030924-001A,3-Sep-24,2024,West,1,2,0,TRUE,TRUE,,Lemna trisulca,Star duckweed,,0,1,0,1,1,0.3,0,measurement includes all duckweed sp.
2024-LCS-NWA-030924-001A,3-Sep-24,2024,West,1,2,0,TRUE,TRUE,,Nymphaea sp.,White water lily,,0,1,1,1,1,105.6,125,"Leaves: 60mL, Stems: 65mL"
2024-LCS-NWA-030924-001A,3-Sep-24,2024,West,1,2,0,TRUE,TRUE,,Spirodela polyrhiza,Greater duckweed,,0,1,1,1,1,0,0,
2024-LCS-NWA-030924-001A,3-Sep-24,2024,West,1,2,0,TRUE,TRUE,,Typha sp.,Cattail sp.,,0,1,0,0,0,,,
2024-LCS-NWA-030924-001A,3-Sep-24,2024,West,1,2,0,TRUE,TRUE,,Wolffia sp.,Watermeal sp.,,0,1,1,1,1,0,0,
2024-LCS-NWA-030924-002A,3-Sep-24,2024,West,0.95,1,1,TRUE,TRUE,,Algae,Algae,filamentous,0,1,1,1,1,0,0,
2024-LCS-NWA-030924-002A,3-Sep-24,2024,West,0.95,1,1,TRUE,TRUE,,Ceratophyllum demersum,Coontail,,0,1,1,1,1,31.9,35,
2024-LCS-NWA-030924-002A,3-Sep-24,2024,West,0.95,1,1,TRUE,TRUE,,Hydrocharis morsus-ranae,European frog-bit,,1,1,1,1,1,113.2,150,
2024-LCS-NWA-030924-002A,3-Sep-24,2024,West,0.95,1,1,TRUE,TRUE,,Lemna minor,Lesser duckweed,,0,1,1,1,1,0,0,
2024-LCS-NWA-030924-002A,3-Sep-24,2024,West,0.95,1,1,TRUE,TRUE,,Lemna trisulca,Star duckweed,,0,1,0,1,1,0.7,2,measurement includes all duckweed sp.
2024-LCS-NWA-030924-002A,3-Sep-24,2024,West,0.95,1,1,TRUE,TRUE,,Nymphaea sp.,White water lily,,0,1,1,1,1,142.9,180,"Leaves: 100mL, Stems: 80mL"
2024-LCS-NWA-030924-002A,3-Sep-24,2024,West,0.95,1,1,TRUE,TRUE,,Spirodela polyrhiza,Greater duckweed,,0,1,1,1,1,0,0,
2024-LCS-NWA-030924-002A,3-Sep-24,2024,West,0.95,1,1,TRUE,TRUE,,Wolffia sp.,Watermeal sp.,,0,1,1,0,0,,,
2024-LCS-NWA-030924-003A,3-Sep-24,2024,West,0.85,1,0,TRUE,TRUE,,Algae,Algae,filamentous,0,1,1,1,1,0,0,
2024-LCS-NWA-030924-003A,3-Sep-24,2024,West,0.85,1,0,TRUE,TRUE,,Ceratophyllum demersum,Coontail,,0,1,1,1,1,15.3,16,
2024-LCS-NWA-030924-003A,3-Sep-24,2024,West,0.85,1,0,TRUE,TRUE,,Hydrocharis morsus-ranae,European frog-bit,,0,1,0,0,0,,,
2024-LCS-NWA-030924-003A,3-Sep-24,2024,West,0.85,1,0,TRUE,TRUE,,Lemna minor,Lesser duckweed,,0,1,0,1,1,0,0,
2024-LCS-NWA-030924-003A,3-Sep-24,2024,West,0.85,1,0,TRUE,TRUE,,Lemna trisulca,Star duckweed,,0,1,0,1,1,0,0,
2024-LCS-NWA-030924-003A,3-Sep-24,2024,West,0.85,1,0,TRUE,TRUE,,Nelumbo lutea,American lotus,,0,1,0,0,0,,,
2024-LCS-NWA-030924-003A,3-Sep-24,2024,West,0.85,1,0,TRUE,TRUE,,Nymphaea sp.,White water lily,,0,1,1,1,1,1,1,
2024-LCS-NWA-030924-003A,3-Sep-24,2024,West,0.85,1,0,TRUE,TRUE,,Spirodela polyrhiza,Greater duckweed,,1,1,0,1,1,0,0,
2024-LCS-NWA-030924-003A,3-Sep-24,2024,West,0.85,1,0,TRUE,TRUE,,Wolffia sp.,Watermeal sp.,,0,1,0,1,1,0,0,
2024-LCS-NWA-030924-004A,3-Sep-24,2024,West,0.8,3,0,TRUE,TRUE,very mucky sample,Ceratophyllum demersum,Coontail,,1,1,1,1,1,388.7,385,
2024-LCS-NWA-030924-004A,3-Sep-24,2024,West,0.8,3,0,TRUE,TRUE,very mucky sample,Elodea canadensis,Common waterweed,,0,1,0,1,1,0.1,0,
2024-LCS-NWA-030924-004A,3-Sep-24,2024,West,0.8,3,0,TRUE,TRUE,very mucky sample,Hydrocharis morsus-ranae,European frog-bit,,0,1,0,0,0,,,
2024-LCS-NWA-030924-004A,3-Sep-24,2024,West,0.8,3,0,TRUE,TRUE,very mucky sample,Lemna minor,Lesser duckweed,,0,1,0,1,1,0,0,
2024-LCS-NWA-030924-004A,3-Sep-24,2024,West,0.8,3,0,TRUE,TRUE,very mucky sample,Lemna trisulca,Star duckweed,,0,1,0,1,1,0.3,0,
2024-LCS-NWA-030924-004A,3-Sep-24,2024,West,0.8,3,0,TRUE,TRUE,very mucky sample,Najas minor,Brittle naiad/Brittle water nymph,,0,1,1,1,1,52.7,55,
2024-LCS-NWA-030924-004A,3-Sep-24,2024,West,0.8,3,0,TRUE,TRUE,very mucky sample,Nitellopsis obtusa,Starry stonewort,,0,1,0,1,1,0.2,0,
2024-LCS-NWA-030924-004A,3-Sep-24,2024,West,0.8,3,0,TRUE,TRUE,very mucky sample,Nymphaea sp.,White water lily,,0,1,0,0,0,,,
2024-LCS-NWA-030924-004A,3-Sep-24,2024,West,0.8,3,0,TRUE,TRUE,very mucky sample,Potamogeton pusillus,Slender pondweed,,0,1,0,1,1,1.5,1,
2024-LCS-NWA-030924-004A,3-Sep-24,2024,West,0.8,3,0,TRUE,TRUE,very mucky sample,Potamogeton zosteriformis,Flat-stemmed pondweed,,0,1,1,1,1,2.9,3,
2024-LCS-NWA-030924-004A,3-Sep-24,2024,West,0.8,3,0,TRUE,TRUE,very mucky sample,Schoenplectus sp.,Bulrush sp.,,0,1,0,0,0,,,
2024-LCS-NWA-030924-004A,3-Sep-24,2024,West,0.8,3,0,TRUE,TRUE,very mucky sample,Spirodela polyrhiza,Greater duckweed,,0,1,0,0,0,,,
2024-LCS-NWA-030924-004A,3-Sep-24,2024,West,0.8,3,0,TRUE,TRUE,very mucky sample,Stuckenia pectinatus,Sago pondweed,,0,1,0,0,0,,,
2024-LCS-NWA-030924-004A,3-Sep-24,2024,West,0.8,3,0,TRUE,TRUE,very mucky sample,Wolffia sp.,Watermeal sp.,,0,1,0,0,0,,,
2024-LCS-NWA-030924-005A,3-Sep-24,2024,West,0.6,2,1,TRUE,TRUE,mucky sample,Ceratophyllum demersum,Coontail,,0,1,1,1,1,31,33,
2024-LCS-NWA-030924-005A,3-Sep-24,2024,West,0.6,2,1,TRUE,TRUE,mucky sample,Hydrocharis morsus-ranae,European frog-bit,,0,1,0,1,1,0,0,
2024-LCS-NWA-030924-005A,3-Sep-24,2024,West,0.6,2,1,TRUE,TRUE,mucky sample,Lemna minor,Lesser duckweed,,0,1,0,0,0,,,
2024-LCS-NWA-030924-005A,3-Sep-24,2024,West,0.6,2,1,TRUE,TRUE,mucky sample,Lemna trisulca,Star duckweed,,0,1,0,1,1,0,0,
2024-LCS-NWA-030924-005A,3-Sep-24,2024,West,0.6,2,1,TRUE,TRUE,mucky sample,Najas minor,Brittle naiad/Brittle water nymph,,1,1,1,1,1,5.2,6,
2024-LCS-NWA-030924-005A,3-Sep-24,2024,West,0.6,2,1,TRUE,TRUE,mucky sample,Nelumbo lutea,American lotus,,0,1,0,0,0,,,
2024-LCS-NWA-030924-005A,3-Sep-24,2024,West,0.6,2,1,TRUE,TRUE,mucky sample,Nitellopsis obtusa,Starry stonewort,,0,1,0,1,1,50,50,
2024-LCS-NWA-030924-005A,3-Sep-24,2024,West,0.6,2,1,TRUE,TRUE,mucky sample,Nymphaea sp.,White water lily,,0,1,1,1,1,46.5,55,
2024-LCS-NWA-030924-005A,3-Sep-24,2024,West,0.6,2,1,TRUE,TRUE,mucky sample,Potamogeton zosteriformis,Flat-stemmed pondweed,,0,1,0,1,1,0.1,0,
2024-LCS-NWA-030924-005A,3-Sep-24,2024,West,0.6,2,1,TRUE,TRUE,mucky sample,Spirodela polyrhiza,Greater duckweed,,0,1,0,1,1,0,0,
2024-LCS-NWA-030924-005A,3-Sep-24,2024,West,0.6,2,1,TRUE,TRUE,mucky sample,Wolffia sp.,Watermeal sp.,,0,1,0,0,0,,,
2024-LCS-NWA-040924-001A,4-Sep-24,2024,West,0.91,1,1,TRUE,TRUE,,Algae,Algae,filamentous,0,1,1,1,1,0,0,
2024-LCS-NWA-040924-001A,4-Sep-24,2024,West,0.91,1,1,TRUE,TRUE,,Ceratophyllum demersum,Coontail,,0,1,0,0,0,,,
2024-LCS-NWA-040924-001A,4-Sep-24,2024,West,0.91,1,1,TRUE,TRUE,,Hydrocharis morsus-ranae,European frog-bit,,1,1,1,1,1,37.8,50,
2024-LCS-NWA-040924-001A,4-Sep-24,2024,West,0.91,1,1,TRUE,TRUE,,Lemna minor,Lesser duckweed,,0,1,0,1,1,0,0,
2024-LCS-NWA-040924-001A,4-Sep-24,2024,West,0.91,1,1,TRUE,TRUE,,Nymphaea sp.,White water lily,,0,1,0,0,0,,,
2024-LCS-NWA-040924-001A,4-Sep-24,2024,West,0.91,1,1,TRUE,TRUE,,Spirodela polyrhiza,Greater duckweed,,0,1,0,1,1,0,0,
2024-LCS-NWA-040924-001A,4-Sep-24,2024,West,0.91,1,1,TRUE,TRUE,,Utricularia sp.,Bladderwort sp.,,0,1,0,0,0,,,
2024-LCS-NWA-040924-001A,4-Sep-24,2024,West,0.91,1,1,TRUE,TRUE,,Wolffia sp.,Watermeal sp.,,0,1,0,0,0,,,
2024-LCS-NWA-040924-002A,4-Sep-24,2024,West,0.47,2,0,TRUE,TRUE,mucky sample,Ceratophyllum demersum,Coontail,,0,1,0,1,1,20.8,19,
2024-LCS-NWA-040924-002A,4-Sep-24,2024,West,0.47,2,0,TRUE,TRUE,mucky sample,Hydrocharis morsus-ranae,European frog-bit,,0,1,1,1,1,70.7,100,
2024-LCS-NWA-040924-002A,4-Sep-24,2024,West,0.47,2,0,TRUE,TRUE,mucky sample,Lemna minor,Lesser duckweed,,0,1,0,1,1,0,0,
2024-LCS-NWA-040924-002A,4-Sep-24,2024,West,0.47,2,0,TRUE,TRUE,mucky sample,Lemna trisulca,Star duckweed,,0,1,0,1,1,1.1,2,
2024-LCS-NWA-040924-002A,4-Sep-24,2024,West,0.47,2,0,TRUE,TRUE,mucky sample,Nymphaea sp.,White water lily,,1,1,1,1,1,24.1,80,"Leaves: 70mL, Stems: 10mL"
2024-LCS-NWA-040924-002A,4-Sep-24,2024,West,0.47,2,0,TRUE,TRUE,mucky sample,Riccia fluitans,Floating slender liverwort/Floating crystalwort,,0,1,0,1,1,0,0,
2024-LCS-NWA-040924-002A,4-Sep-24,2024,West,0.47,2,0,TRUE,TRUE,mucky sample,Spirodela polyrhiza,Greater duckweed,,0,1,0,1,1,0,0,
2024-LCS-NWA-040924-002A,4-Sep-24,2024,West,0.47,2,0,TRUE,TRUE,mucky sample,Utricularia sp.,Bladderwort sp.,,0,1,0,0,0,,,
2024-LCS-NWA-040924-002A,4-Sep-24,2024,West,0.47,2,0,TRUE,TRUE,mucky sample,Wolffia sp.,Watermeal sp.,,0,1,0,0,0,,,
2024-LCS-NWA-040924-003A,4-Sep-24,2024,West,0.85,2,0,TRUE,TRUE,very mucky sample,Ceratophyllum demersum,Coontail,,1,1,1,1,1,73.1,75,
2024-LCS-NWA-040924-003A,4-Sep-24,2024,West,0.85,2,0,TRUE,TRUE,very mucky sample,Elodea canadensis,Common waterweed,,0,1,0,0,0,,,
2024-LCS-NWA-040924-003A,4-Sep-24,2024,West,0.85,2,0,TRUE,TRUE,very mucky sample,Hydrocharis morsus-ranae,European frog-bit,,0,1,1,1,1,0,0,
2024-LCS-NWA-040924-003A,4-Sep-24,2024,West,0.85,2,0,TRUE,TRUE,very mucky sample,Lemna minor,Lesser duckweed,,0,1,0,0,0,,,
2024-LCS-NWA-040924-003A,4-Sep-24,2024,West,0.85,2,0,TRUE,TRUE,very mucky sample,Lemna trisulca,Star duckweed,,0,1,0,1,1,0.2,0,
2024-LCS-NWA-040924-003A,4-Sep-24,2024,West,0.85,2,0,TRUE,TRUE,very mucky sample,Najas minor,Brittle naiad/Brittle water nymph,,0,1,0,1,1,0,0,
2024-LCS-NWA-040924-003A,4-Sep-24,2024,West,0.85,2,0,TRUE,TRUE,very mucky sample,Nitella sp.,Stonewort sp.,,0,1,1,0,0,,,
2024-LCS-NWA-040924-003A,4-Sep-24,2024,West,0.85,2,0,TRUE,TRUE,very mucky sample,Nymphaea sp.,White water lily,,0,1,1,1,1,133.9,150,
2024-LCS-NWA-040924-003A,4-Sep-24,2024,West,0.85,2,0,TRUE,TRUE,very mucky sample,Potamogeton zosteriformis,Flat-stemmed pondweed,,0,1,0,1,1,0.1,0,
2024-LCS-NWA-040924-003A,4-Sep-24,2024,West,0.85,2,0,TRUE,TRUE,very mucky sample,Spirodela polyrhiza,Greater duckweed,,0,1,0,1,1,0,0,
2024-LCS-NWA-040924-003A,4-Sep-24,2024,West,0.85,2,0,TRUE,TRUE,very mucky sample,Wolffia sp.,Watermeal sp.,,0,1,0,0,0,,,
